lead_day,rainfall_forecast,previous_forecast,historical_mae,weather_variability,forecast_revision,forecast_stability,weather_regime_Normal,weather_regime_Heavy Rain,weather_regime_Monsoon,weather_regime_Cyclonic,weather_regime_Heat Wave,bust
3,89.94984854856321,107.8840518601284,1.11792964180331,0.592325331782003,17.9342033115652,0.0528144746068713,1,0,0,0,0,0
4,51.96579382456519,58.3043570939843,4.218352443200841,0.1480061467046651,6.338563269419112,0.1362664547932903,1,0,0,0,0,0
7,29.50643116453971,26.592824944220425,6.311960135447167,0.4587396964466103,2.9136062203192843,0.25551880892054,1,0,0,0,0,0
3,12.301667436298054,13.450458964701088,13.438177706600174,0.3436603591795593,1.1487915284030343,0.4653778585692733,1,0,0,0,0,0
9,51.198182389375134,51.25875605501895,1.8976665983011851,0.9994016105480038,0.0605736656438153,0.9428859421970992,0,0,1,0,0,0
8,44.78683784377991,42.32786378280641,5.901795078080495,0.3775195635690792,2.458974060973496,0.289103064195445,1,0,0,0,0,0
4,21.253393296837658,16.15260754731946,2.8132343103849378,0.8960468813144771,5.100785749518199,0.1639133123268545,1,0,0,0,0,0
1,67.05821612500547,70.39521065771466,4.957174595230748,0.7086103615364298,3.336994532709184,0.2305744202484229,0,1,0,0,0,1
1,30.511523058221197,14.691015406766809,29.72036943006861,0.4068247682728814,15.820507651454385,0.0594512377819664,1,0,0,0,0,0
1,47.98853547253583,65.24163936734196,3.492847245272968,0.5891809405367113,17.25310389480613,0.0547852028763473,1,0,0,0,0,0
1,109.66785876462914,142.21909543817583,2.90745088510256,0.8564822919542744,32.55123667354668,0.0298051606779801,0,0,1,0,0,0
8,64.81547496866865,48.21446827232909,42.619431549163295,0.8950314682278206,16.60100669633956,0.0568149320804455,0,0,1,0,0,0
3,15.74750643345314,10.08269550680958,12.28163359303763,0.2443544875055307,5.664810926643559,0.1500417657764833,0,0,0,0,1,0
6,64.98240594722381,83.97719043700992,11.644674640502624,0.4056158270873526,18.994784489786117,0.0500130421766149,0,0,0,1,0,1
3,26.913298239880845,25.795573661987486,3.6503757877406575,0.4017008621922145,1.1177245778933589,0.4722049365809251,0,0,1,0,0,1
5,58.93228101827864,59.8138804975908,29.336315413430064,0.1378403164683502,0.8815994793121575,0.5314627321036264,1,0,0,0,0,0
7,75.90917183170677,76.36243397691578,2.036650819320219,0.6384139838667069,0.4532621452090097,0.6881070998076393,0,0,1,0,0,0
2,48.00866875508877,32.23729024674878,16.975300804572157,0.8693380476929692,15.771378508339993,0.0596253909303117,0,0,1,0,0,0
6,16.74261995167388,20.03027947507026,18.60011216108279,0.443416949042966,3.2876595233963783,0.2332274739967858,0,0,1,0,0,0
6,8.061639242946269,8.966309430325342,21.46670449660373,0.7660323504857594,0.9046701873790736,0.5250252808209556,0,1,0,0,0,0
3,85.72135556513035,86.12366134538615,23.17611688723012,0.6649303722406659,0.4023057802558014,0.7131112301466697,1,0,0,0,0,0
6,101.8660919858464,44.08515389910061,6.540136090725193,0.4380838619437007,57.78093808674579,0.0170123178116731,0,0,1,0,0,1
10,25.79227345297996,29.03958476592036,10.063225953716126,0.2269538195430673,3.2473113129404005,0.23544306652382,0,0,1,0,0,0
10,6.936036830792567,7.591844994840483,8.388457724562958,0.7383914674983706,0.6558081640479161,0.6039346958861002,0,0,0,0,1,1
5,14.298307461260496,13.960860613466693,3.1655054811530965,0.8691086520471164,0.3374468477938031,0.7476932647077217,1,0,0,0,0,0
2,31.425693054363308,39.00912223148039,6.204724473772609,0.7172690431613427,7.583429177117082,0.1165035534592562,1,0,0,0,0,1
9,75.5228379814033,96.8383002279505,18.62644582073983,0.1160906356313362,21.3154622465472,0.0448119778542668,1,0,0,0,0,0
8,7.007729697447921,7.595829116782871,2.178323387495914,0.2946096049518921,0.5880994193349496,0.629683499549903,0,0,1,0,0,0
3,92.5088088440374,57.53858331539275,14.464026301454458,0.1625319863951787,34.970225528644654,0.0278007709238202,1,0,0,0,0,0
8,85.95097734301089,58.76192125594451,14.95124837832335,0.6133474896186041,27.189056087066383,0.0354747600242924,1,0,0,0,0,0
9,91.4106158315146,75.4660559051341,8.67579365919214,0.7808299109563711,15.944559926380506,0.0590159912293224,0,0,0,0,1,0
3,19.996383575479367,18.75367677616609,15.539576974772665,0.1995212683617935,1.2427067993132788,0.4458897615623237,1,0,0,0,0,0
3,79.45292166632501,96.16859438558345,3.257004327252546,0.8545040385340467,16.71567271925842,0.0564471931631992,0,0,1,0,0,1
2,44.16285516841476,47.800185248782725,2.7565690498551843,0.5999580805559349,3.637330080367967,0.215641324354606,1,0,0,0,0,0
8,19.004054604510344,18.21654698903802,5.679288645612644,0.7209721109275524,0.7875076154723253,0.5594381760078617,0,0,1,0,0,1
10,47.59824203383842,55.08281188335632,10.334706371041673,0.9742616637477816,7.484569849517904,0.1178610133142837,0,1,0,0,0,0
1,43.14542080642924,34.78175770804161,27.89874185736177,0.1753128894229276,8.363663098387633,0.1067958115849121,0,0,0,0,1,0
8,14.24923596650379,16.482533531375246,8.646913544375078,0.9111016206800104,2.2332975648714566,0.3092817719175055,0,0,0,0,1,0
7,63.10007347553123,66.69266682489577,5.735583081149449,0.2134924263886684,3.5925933493645346,0.2177418996041457,1,0,0,0,0,0
7,41.745938712162165,47.2064222699053,18.147069870634,0.453662925973014,5.460483557743139,0.1547871751490585,1,0,0,0,0,0
3,33.12078822264732,40.12789029364774,2.34122964921656,0.866294826698003,7.007102071000418,0.1248891285677164,1,0,0,0,0,0
1,32.23483938570578,31.85141810411559,1.895834402484722,0.9156288130640814,0.3834212815901914,0.7228456098713019,0,0,1,0,0,0
4,53.3760968970408,26.807233230690343,28.258477480356945,0.5557345061906308,26.56886366635045,0.0362728044253983,0,0,0,1,0,0
9,30.57595487343402,25.537724374982755,4.124608054442987,0.6346941744478827,5.0382304984512665,0.1656114320671408,0,1,0,0,0,1
5,8.398118458759932,10.039212829473255,21.80253245174532,0.7373326011387015,1.6410943707133256,0.3786309232600094,0,1,0,0,0,0
1,18.232493326241148,15.657785612310684,20.023439280995827,0.8494828016074427,2.5747077139304637,0.2797431510562523,1,0,0,0,0,0
5,42.07636985347152,35.08702168974936,16.03488403195416,0.2093600525838995,6.989348163722163,0.1251666568420156,0,0,1,0,0,1
8,29.33058174168306,29.78699761786899,18.09413863156089,0.8290623774063048,0.4564158761859325,0.6866170688957359,0,0,0,0,1,0
8,32.81108646327316,41.77987022976261,17.648437746756095,0.5331485354604552,8.968783766489445,0.1003131398397414,1,0,0,0,0,0
5,20.62722534190119,22.98911040988767,0.7505765336547179,0.5055610825973521,2.361885067986478,0.2974521673933745,0,1,0,0,0,0
9,20.81046203870543,29.867071673382902,10.593675274446992,0.4815097767972984,9.056609634677477,0.0994370902646725,1,0,0,0,0,0
1,59.19995179690747,65.1422985094698,8.95242660704994,0.5582904267214384,5.942346712562326,0.144043511712038,0,1,0,0,0,0
4,47.09219588653456,51.364186268490776,5.1049059224720095,0.9505454980551432,4.271990381956222,0.1896816814049157,0,1,0,0,0,0
3,22.97398889718786,21.631734164104717,6.340935554156859,0.5933833955129365,1.342254733083145,0.4269390454742235,1,0,0,0,0,0
2,32.012671127310064,19.59664771433099,7.511764777807084,0.9578597844368252,12.416023412979072,0.0745377351557518,1,0,0,0,0,0
8,68.72872906745879,71.2596313273961,6.474252006842391,0.2622611175540765,2.5309022599373066,0.2832137301976055,1,0,0,0,0,0
7,17.592564657688488,17.775156610877975,19.62317102656969,0.7517223809493698,0.1825919531894868,0.8456002066502899,0,1,0,0,0,0
9,74.54582436138529,86.9122994025207,6.51838325902518,0.8310155847478725,12.366475041135416,0.0748140401207119,0,1,0,0,0,1
2,37.89855449702494,40.78706488085102,41.55322392773461,0.7112159482013757,2.8885103838260804,0.2571678872607394,1,0,0,0,0,0
4,32.32001564031655,34.4954906390627,4.608614680771885,0.6462300522038863,2.1754749987461537,0.3149135169997726,0,0,1,0,0,0
6,14.90153784346398,19.131949389062303,5.767405093152197,0.608331502977564,4.230411545598328,0.1911895443182771,0,0,1,0,0,0
3,171.2101594926418,160.03321036106271,7.034151833354042,0.8748374343208264,11.17694913157908,0.0821223764010519,1,0,0,0,0,0
8,55.73464800419057,67.41945865187841,4.068073778032443,0.83948193744805,11.684810647687849,0.0788344444213108,1,0,0,0,0,0
3,8.217574699806573,10.864653269625247,7.003183211779563,0.2100598490625395,2.6470785698186745,0.2741920638276016,0,0,1,0,0,0
2,48.75442505390573,42.006806569600464,4.982114534902829,0.8637288913277903,6.747618484305271,0.1290719208781058,0,0,0,0,1,0
3,85.21605515795734,76.52171163852165,14.52574453592077,0.4726617574963982,8.69434351943569,0.103152936348413,1,0,0,0,0,0
6,50.97327817349528,41.185128523538005,5.606384111341899,0.3283271469962297,9.788149649957267,0.0926943018447988,1,0,0,0,0,0
2,69.8802904926855,46.1647514731486,3.598977165950344,0.8827917112125333,23.715539019536905,0.0404603759282583,1,0,0,0,0,0
8,28.41772621667673,41.51719065131751,6.1546297215250405,0.4888223196703675,13.099464434640776,0.0709246797731631,0,1,0,0,0,0
1,25.783957753423884,46.31504314559213,7.958012841943812,0.827528221159135,20.531085392168244,0.0464444769869215,1,0,0,0,0,0
7,34.49654140012949,36.31174185244824,6.704636394597124,0.33706325076026,1.8152004523187488,0.3552144925155673,1,0,0,0,0,0
2,43.74300031987077,40.12730710190372,42.639607556702416,0.103536389279996,3.615693217967056,0.2166521804584841,0,0,1,0,0,0
10,28.888348710626275,41.43949498380898,11.924498618213306,0.54591327361265,12.551146273182702,0.0737944953025094,0,1,0,0,0,1
6,37.33217885789888,42.94156816544957,2.625379765656826,0.1902054309785958,5.6093893075506855,0.1512999088822899,1,0,0,0,0,1
2,18.40863130567597,14.93779023712582,13.32169790991886,0.7789383599724187,3.470841068550156,0.2236715608243012,1,0,0,0,0,0
2,11.18824156731867,8.731802767606212,10.340034977881585,0.3484676224624693,2.4564387997124584,0.2893151182318605,0,1,0,0,0,0
10,23.351423435451828,28.1318999581881,12.245252735217116,0.4992810819431308,4.780476522736272,0.1729961182381267,1,0,0,0,0,0
8,119.57232822564934,131.0253487377221,13.255712268755884,0.1783302085823988,11.453020512072769,0.0803018030067913,1,0,0,0,0,0
2,89.34000712391473,114.4071197545212,21.149303828288133,0.3579933236025274,25.067112630606477,0.0383625150269178,0,0,0,1,0,0
7,49.55429211009162,58.27296160159113,7.426272928684342,0.8033412189327148,8.718669491499504,0.1028947430380934,1,0,0,0,0,1
3,13.162713456523218,9.146040921940903,8.020612141942307,0.2364291207120875,4.016672534582314,0.1993353150133925,0,0,1,0,0,0
8,39.50562615506063,31.86496222995244,4.5159485615006165,0.6824436050142616,7.640663925108189,0.1157318475371068,0,0,0,0,1,0
7,46.1730625905048,36.03996128596684,9.81527941586071,0.9256832675240512,10.13310130453796,0.0898222312584536,1,0,0,0,0,0
8,27.638324662221077,29.13783714938334,4.12382072604322,0.7118530837819482,1.4995124871622671,0.4000780172678051,1,0,0,0,0,0
7,92.69736800513888,89.8409210697286,3.3229544477990047,0.8299195203630042,2.8564469354102897,0.2593060443326467,0,1,0,0,0,1
6,17.719248836408358,15.700717171115569,26.49849994748015,0.1980744663735242,2.018531665292789,0.3312869006802361,0,0,0,1,0,0
7,59.296265630786,54.68630519140957,7.877624404472293,0.325658643401849,4.609960439376422,0.1782543764446145,0,0,0,0,1,1
5,17.342676932694676,20.26503399784964,12.062851758445849,0.905084967016532,2.922357065154962,0.2549487421437733,0,0,1,0,0,0
7,19.12942713503045,18.2642607633607,5.104403730281646,0.7435950522562803,0.8651663716697549,0.5361452014089064,1,0,0,0,0,0
1,39.53232410803117,32.8015558264754,30.19952239635562,0.67559844373958,6.730768281555768,0.1293532497133333,0,0,1,0,0,0
1,6.231906837595121,4.19836675695823,6.939080553817955,0.69739006250953,2.0335400806368904,0.3296478613824843,1,0,0,0,0,0
9,47.57318178438875,36.83464179927273,23.246280864649258,0.472780498874179,10.73853998511602,0.0851894700080213,0,1,0,0,0,0
5,29.93813169809826,37.93297834550295,12.048697722487823,0.1401009684558879,7.994846647404685,0.1111747691983757,1,0,0,0,0,0
5,37.53377274008764,31.2638184605279,8.829497639135035,0.8059973878636562,6.269954279559741,0.1375524468993715,1,0,0,0,0,0
3,25.24560076311207,36.69287651142236,10.703383653693772,0.7108419125938185,11.447275748310291,0.0803388645210779,0,0,1,0,0,0
5,91.1783755295484,105.52909123860049,7.82095656720868,0.5255240177014523,14.350715709052096,0.0651435424219546,0,1,0,0,0,1
3,72.90746034338957,58.025300048369246,7.419724613054056,0.9097836538314316,14.882160295020327,0.0629637266860692,1,0,0,0,0,0
9,58.93908962600855,49.91212250428666,10.158911155189138,0.402543698486589,9.026967121721889,0.0997310540525911,1,0,0,0,0,0
9,19.93814583388503,9.426970809530983,1.185388884112645,0.3648895698081124,10.511175024354046,0.0868721045318408,0,0,0,1,0,1
6,63.47622150886687,56.49754579479565,5.100457571494436,0.8855166925714986,6.978675714071223,0.1253340824764185,0,0,1,0,0,0
1,51.589149001279,76.71984908543138,14.534457959296862,0.817288889283087,25.13070008415238,0.0382691622030622,1,0,0,0,0,0
7,157.13766689042222,221.29746403627,15.39577682133099,0.5634818295835103,64.15979714584776,0.0153468863287233,1,0,0,0,0,0
7,12.994648448392985,18.21980478363457,36.31094048551959,0.217661265512065,5.225156335241588,0.1606385359896655,1,0,0,0,0,0
10,35.70918407722821,41.14822137289134,16.993446815388445,0.2935643243185472,5.439037295663134,0.1553027190374448,0,0,0,0,1,0
10,25.532225429066397,24.39657783302889,16.13859399190587,0.690605191367926,1.135647596037508,0.4682420460451459,0,1,0,0,0,0
4,52.68984283994057,53.978194470958215,10.939275389482985,0.4465371140563705,1.2883516310176475,0.4369957774169926,0,1,0,0,0,0
8,11.74193941687502,13.340943518772448,19.271714881186146,0.8528258724993741,1.5990041018974264,0.3847627632714935,0,1,0,0,0,0
6,66.47075986832503,66.20016142086293,9.48304151360898,0.9549595083989836,0.2705984474621061,0.787030711392258,1,0,0,0,0,0
4,11.64972716458297,9.360310338985938,8.799144939140257,0.8250732327474264,2.289416825597032,0.3040052547364529,0,0,1,0,0,1
4,53.26880211555781,52.31060336733647,8.988860818877614,0.4397908806960015,0.958198748221342,0.5106733935502273,0,1,0,0,0,0
2,32.25563311695539,21.34713600436548,18.98422120249353,0.8098177863082816,10.908497112589906,0.0839736526402462,1,0,0,0,0,0
2,21.77842485205108,25.016602817512123,8.907994083523862,0.4162975061236151,3.238177965461041,0.2359504504410817,1,0,0,0,0,0
4,17.490227833904044,13.516214138771094,11.905593484868955,0.2503900789890705,3.9740136951329497,0.2010448827228794,0,1,0,0,0,0
5,25.318324242812466,28.9241256701984,5.488949063732489,0.1300538843792716,3.6058014273859342,0.21711748015319,0,0,0,0,1,0
8,33.06434232641219,24.13554112463025,28.75257240080396,0.447145041484918,8.928801201781933,0.1007170936024511,1,0,0,0,0,0
6,41.23654252719213,39.522399111365154,6.598368607803694,0.9132033733275536,1.7141434158269746,0.3684403683934694,0,0,0,1,0,0
4,44.863947803496046,47.94829185915633,8.630899567181459,0.3150879289801088,3.084344055660281,0.2448373561022979,0,0,1,0,0,1
7,36.10404654918191,34.62375430317284,16.038298556475503,0.2858618484368056,1.4802922460090713,0.4031782954645993,1,0,0,0,0,0
8,31.45882634237724,36.49066630747952,21.03720498522656,0.9728387067169364,5.031839965102286,0.1657868918581367,1,0,0,0,0,1
2,107.1150372388908,119.10373062685284,9.206289185724822,0.1225037015655329,11.98869338796203,0.0769900381917401,1,0,0,0,0,0
7,63.74596527778398,57.02433074131369,14.515911695505991,0.8072039353543788,6.72163453647029,0.1295062587172274,0,0,1,0,0,0
2,13.369213488124782,11.397397413134696,4.220214009379661,0.3892329601667833,1.9718160749900857,0.3364945793300267,1,0,0,0,0,0
2,27.64541751815536,23.07585658770768,10.358035067608284,0.1337391611826934,4.569560930447686,0.1795473669267532,1,0,0,0,0,0
8,38.54241097066241,30.786729240901412,14.380908282216936,0.9260222861886253,7.755681729760994,0.1142115520943333,0,1,0,0,0,1
2,22.36411577165955,34.08914443071949,23.00415277075792,0.2256780971886252,11.725028659059944,0.078585284700952,0,0,1,0,0,0
9,33.153818167055526,27.92689776588173,2.686818075571836,0.5966013553531259,5.226920401173796,0.1605930276242966,1,0,0,0,0,0
1,14.263212715722272,18.15744576454041,3.6095566393768177,0.346648786686593,3.894233048818141,0.2043221052257575,1,0,0,0,0,0
9,43.50198160301427,45.28268758614323,1.7565110918255966,0.1586735219662219,1.780705983128961,0.3596209042118003,0,1,0,0,0,0
1,129.22586942857217,117.74506321504634,3.0128756734333475,0.1449302370970412,11.480806213525824,0.0801230291450459,0,1,0,0,0,0
10,45.23013494675723,47.42552965367776,19.784760895715586,0.2040010289527049,2.195394706920524,0.3129503838240137,0,0,1,0,0,0
10,45.12206693773548,47.99437642876789,5.358578399935789,0.164230312500442,2.8723094910324107,0.2582438212430655,1,0,0,0,0,1
2,36.10822560773401,20.240260932358694,8.97458560181777,0.7845023039679306,15.867964675375315,0.0592839752302688,0,0,1,0,0,1
6,16.834962529480954,16.507927160196488,3.738358871354813,0.5370095820550863,0.3270353692844665,0.7535594175905025,0,0,1,0,0,0
6,113.47343285402584,113.65477661175449,5.894333263893357,0.4086028822140817,0.1813437577286407,0.8464936589860103,0,1,0,0,0,1
1,48.36311187074397,44.38432986612718,26.959639183105807,0.4765320191188065,3.9787820046167823,0.2008523367909477,0,0,1,0,0,0
7,58.84046272645733,27.612383601843035,11.020960057595952,0.936052062015361,31.228079124614297,0.0310288427719617,1,0,0,0,0,1
8,31.38690304203808,28.78121006706017,12.946319447417594,0.9196766314643324,2.6056929749779094,0.2773391985783611,1,0,0,0,0,0
2,60.04922894138137,84.2718178471249,7.809668888489078,0.7441088321103192,24.22258890574352,0.0396470006999276,0,0,1,0,0,0
8,113.03510877531323,128.5926962404098,18.252851646821988,0.896214139679519,15.55758746509656,0.0603952720834483,0,1,0,0,0,1
9,90.6099047234062,66.76538376205005,17.92210480474035,0.3876832248288623,23.844520961356157,0.0402503232626391,0,1,0,0,0,0
6,0.7076126355041202,0.865620330787264,7.139343216639535,0.4429983934074546,0.1580076952831437,0.8635521197944117,1,0,0,0,0,0
5,87.08707601767776,62.98243051043993,8.553884387111916,0.6523409636688052,24.104645507237827,0.039833265110702,0,0,0,0,1,0
9,19.931441077799622,21.271325953154268,20.336361831287228,0.6612633525675378,1.3398848753546415,0.4273714534132523,0,1,0,0,0,0
9,20.96730272557767,22.420805964180847,8.944258627238616,0.5335298542111069,1.453503238603176,0.4075804687216627,1,0,0,0,0,1
1,14.437090258739396,13.112275804578283,6.492316673870837,0.4605920635941579,1.324814454161114,0.4301418542069586,1,0,0,0,0,1
3,19.354618997025625,24.39768923431333,6.870691393281811,0.9875622804478256,5.043070237287704,0.1654787981496021,0,0,1,0,0,0
9,53.56803478037762,63.66123916658903,5.858629444558838,0.8390112635059519,10.093204386211404,0.0901452786034463,0,0,1,0,0,1
2,44.82473744481668,36.136306893351886,8.860443351792119,0.4914821780992406,8.68843055146479,0.1032158918503895,0,1,0,0,0,0
4,61.84357554880401,57.358746435026106,6.015571604281687,0.7545632295156116,4.484829113777906,0.1823210859000141,0,0,0,1,0,0
4,41.40867741793368,32.53976684809754,8.842826593432303,0.3426055239272135,8.868910569836132,0.1013283070024419,1,0,0,0,0,0
2,19.975071890267984,17.11130690683039,4.749220411759313,0.1901523936135969,2.8637649834375942,0.2588149135070579,1,0,0,0,0,0
3,65.29259569611183,75.90469883558991,11.183351359156868,0.4171879229974665,10.61210313947808,0.0861170442587841,0,0,0,1,0,1
3,33.54119205515596,33.42809687950636,12.390788987301107,0.4626755201110548,0.1130951756496045,0.898395772325936,0,0,0,1,0,1
1,66.37377773686234,83.45559203234302,13.949263188083243,0.1148834121046037,17.081814295480683,0.0553041848377978,0,0,1,0,0,0
6,48.72379575661262,29.46937187275921,12.553232494168231,0.8333128014723065,19.25442388385341,0.0493719300896624,0,0,0,1,0,0
8,43.92482736008211,46.95564838071581,17.30977293372417,0.4232740621502634,3.0308210206337023,0.2480884154570539,1,0,0,0,0,0
3,125.92506349948684,152.0917578625545,9.38909023214878,0.6223763492021324,26.16669436306765,0.0368097784233723,0,0,0,1,0,0
5,8.63122243204051,8.850024846343576,8.784573612380008,0.1665668685438603,0.2188024143030666,0.8204775345574107,1,0,0,0,0,1
1,9.314500590313145,6.140740055730738,5.292391160117304,0.2574971458755256,3.1737605345824065,0.2395920876903044,1,0,0,0,0,0
10,25.41518589464541,18.74372289859885,14.88170639913232,0.900724352794804,6.671462996046564,0.1303532325601183,1,0,0,0,0,0
7,66.89793746845379,82.09277051382232,5.578568388558343,0.6478187750945207,15.194833045368526,0.061748089480057,1,0,0,0,0,0
10,28.14512790758663,24.39506683119607,1.6050713317747742,0.955255645153437,3.750061076390562,0.2105236088374408,1,0,0,0,0,0
1,34.250681530866814,27.5758058471934,5.083308906557277,0.9988750309521852,6.674875683673417,0.1302952700754849,1,0,0,0,0,0
9,9.831884324992,8.999076928821744,15.67573964602931,0.434674103799785,0.8328073961702565,0.5456110675292726,1,0,0,0,0,0
8,65.12968816346812,61.00627235228993,13.560701897957902,0.3689227576749472,4.123415811178184,0.1951822840180601,1,0,0,0,0,0
7,10.362873383902972,13.435992734012633,10.34733316390751,0.8725204496431871,3.0731193501096605,0.2455120790833386,0,1,0,0,0,1
10,31.506726589419166,17.760594245356696,34.286341674282035,0.9987502843337088,13.74613234406247,0.0678143920499025,1,0,0,0,0,0
7,6.125399110346893,7.007196815531875,11.222158336084776,0.6666771108092115,0.8817977051849821,0.5314067485812453,1,0,0,0,0,0
5,74.29739570189976,101.42930375979964,4.393294131920177,0.8156266502603701,27.13190805789988,0.0355468245503235,0,0,1,0,0,0
5,9.601226933441138,11.870300236568292,4.058736316460489,0.803571272933747,2.269073303127154,0.3058970868115477,0,0,0,1,0,1
5,29.999509359494688,47.42764245804626,12.540400811155475,0.4198057373975923,17.42813309855157,0.0542648566000751,0,0,1,0,0,0
1,25.762100133636917,22.81682335871125,22.427385429315624,0.6168433422313785,2.945276774925663,0.2534676417014728,1,0,0,0,0,0
8,59.11882962052756,72.30498111941625,8.696057943557635,0.8497512471377923,13.186151498888693,0.0704912815909471,0,0,1,0,0,0
1,45.606425426372105,44.62588093709642,11.468814852877626,0.7193024886349499,0.9805444892756868,0.5049116570795712,1,0,0,0,0,0
4,121.5683128913834,105.79823670533456,11.903860881358286,0.1190474325838344,15.770076186048826,0.0596300212894625,1,0,0,0,0,0
9,12.951917711892468,5.763404241573613,35.148058109765074,0.4030351020077801,7.188513470318854,0.1221222879616342,1,0,0,0,0,0
9,86.97433885701558,76.86868355889985,16.632296638588755,0.2300281269351448,10.105655298115735,0.0900442137952604,0,0,1,0,0,0
5,98.38882224601228,124.58695160409832,19.46222715418056,0.3096749908702352,26.198129358086035,0.0367672344974232,1,0,0,0,0,0
4,118.8213785235656,67.85700753352229,4.241070476993729,0.9149405297421932,50.96437099004332,0.0192439546740901,1,0,0,0,0,0
3,41.442762010038976,63.17578488537469,5.5621937561987655,0.1332039600196913,21.733022875335717,0.0439888705291786,1,0,0,0,0,0
3,15.155434471480945,16.70812785469949,5.214356643089938,0.2978206407657314,1.5526933832185463,0.3917430924426798,0,0,0,1,0,0
5,55.22684314159196,39.96410542718639,7.251878501180917,0.3786124170144083,15.262737714405567,0.0614902618219193,0,1,0,0,0,0
10,10.986984294656034,11.614992818364604,9.213034833275003,0.6551956647697553,0.6280085237085711,0.6142473982396726,1,0,0,0,0,0
1,80.90502242756187,94.79582655619568,10.898724818814763,0.580691521077279,13.890804128633818,0.0671555405175923,0,1,0,0,0,0
5,38.29236956424325,33.612256172623205,8.237361269458695,0.2964425345680475,4.680113391620047,0.1760528234304819,0,1,0,0,0,0
6,51.176361687957865,43.19342804158123,5.115397415588165,0.247816960500839,7.982933646376637,0.111322207128109,0,0,1,0,0,0
7,118.54303753634264,177.04905911640844,3.5003797853043874,0.3131182311365069,58.506021580065806,0.0168050219699949,1,0,0,0,0,0
9,45.28028937678564,41.43277749468102,11.718333606580234,0.55227666403149,3.84751188210462,0.2062913973850509,0,0,0,1,0,0
3,15.32812130843418,14.777734220270297,14.236618646990973,0.3440600071400831,0.5503870881638839,0.6450002116466896,1,0,0,0,0,0
2,38.5261986878335,51.27239387371464,7.500802131485864,0.95284225144695,12.746195185881136,0.0727474029342396,0,0,1,0,0,0
3,26.352621285420184,25.872641846074583,1.898637902945546,0.5174786992859628,0.4799794393456018,0.6756850625182786,1,0,0,0,0,0
9,48.55141359856008,57.831141580505445,16.51531107727904,0.1529164148901733,9.27972798194537,0.0972788386770869,1,0,0,0,0,0
7,30.952130992398175,27.301364866725965,7.255686710109548,0.7563397652529701,3.650766125672213,0.2150183374046704,1,0,0,0,0,1
9,23.915461940745736,19.74385553515421,2.599471381723579,0.3959607593880907,4.171606405591522,0.1933635163957573,0,1,0,0,0,0
2,39.43453585077116,43.189484311712526,8.614151791371064,0.6881400388524228,3.754948460941371,0.2103072216690279,1,0,0,0,0,0
5,14.815624005107344,11.182131574746537,17.29743495611058,0.3516349334709088,3.6334924303608087,0.2158199274153406,0,0,1,0,0,0
4,37.085463332983664,40.86016984752195,6.28285354770826,0.6136693675599879,3.774706514538288,0.2094369563773491,1,0,0,0,0,0
2,57.4273368463339,44.25200780770143,0.6103636131958635,0.7949372543267182,13.17532903863247,0.0705450996780863,0,0,1,0,0,0
9,102.05643238122578,112.20052599317704,6.964162491755718,0.9352078675970984,10.144093611951265,0.089733632435353,0,0,1,0,0,1
9,26.827890898418776,35.11125390084327,4.90383229736067,0.3350144299897694,8.283363002424498,0.107719583920055,0,1,0,0,0,0
6,134.33035776275884,67.3850699002844,9.817170823244153,0.401371255899083,66.94528786247443,0.0147177240903602,0,0,1,0,0,0
6,51.72930560538228,46.4119634361079,8.767604978924421,0.5178397782573457,5.317342169274383,0.1582944176846544,0,0,1,0,0,0
8,32.28160604418499,16.465914775189425,5.855309991985408,0.93445735396239,15.815691268995565,0.059468265919212,1,0,0,0,0,0
6,35.14238268838264,32.565360529480614,5.5705199999579005,0.9112481711295914,2.577022158902025,0.2795621485070566,0,0,1,0,0,1
1,40.51280902450199,43.91836338709821,20.793639772587262,0.1808904520905742,3.40555436259622,0.2269861900899785,1,0,0,0,0,0
4,29.68487775311668,27.16158828800619,12.490525243968229,0.2187368431784297,2.5232894651104907,0.2838256719757313,0,1,0,0,0,0
7,24.367280272947305,11.325111662255347,12.210186183899784,0.5459582595975745,13.042168610691958,0.0712140715386783,0,0,1,0,0,1
2,47.69421705251204,58.41133443211452,15.87734708295949,0.1959573455248811,10.717117379602485,0.0853452233687468,1,0,0,0,0,0
9,8.384247030652293,5.324557575285082,7.2086590852065875,0.4110227860138277,3.059689455367211,0.2463242597726103,1,0,0,0,0,0
8,21.386141138976438,25.853828162112755,24.531126312823535,0.2335468403957299,4.467687023136321,0.1828926922423569,0,1,0,0,0,0
8,65.85616010520938,53.560979966719096,10.978766803929611,0.6724363196186972,12.295180138490288,0.0752152275925125,0,0,1,0,0,0
7,6.896053219388438,5.395579825222313,9.463249697269717,0.9545458885652456,1.500473394166125,0.399924271273235,0,0,0,0,1,1
4,53.33243630414664,53.47701061483809,10.879942815997614,0.9970603932649432,0.1445743106914534,0.8736872657886983,0,1,0,0,0,0
2,43.74778963447916,55.40922538867013,6.945674235234399,0.4377170192472234,11.661435754190975,0.0789799845305061,0,0,1,0,0,0
3,25.82864856395572,38.45618119585914,5.098538000386319,0.639111373403151,12.627532631903415,0.0733808552884254,0,0,0,0,1,0
6,30.53362035196526,27.40258408210361,18.43897167415977,0.8706408881716732,3.131036269861653,0.2420700121409221,1,0,0,0,0,0
5,39.21065096503276,26.4477169785101,3.221754009152584,0.2057158655167456,12.762933986522654,0.0726589258496225,1,0,0,0,0,1
8,54.61424177336347,59.33593401681316,3.4812130377581987,0.7206079699467685,4.721692243449688,0.1747734686612725,0,0,1,0,0,0
6,51.49213107809902,34.25256315996715,8.004792440532283,0.4679592955525614,17.23956791813187,0.0548258601568025,0,0,1,0,0,1
6,83.44065222543179,98.95532014484078,4.277856628807353,0.2855315442521476,15.514667919408993,0.0605522318026596,0,0,0,1,0,0
1,49.53988442283048,55.03338483598802,1.9045025610251651,0.4624782568726978,5.493500413157541,0.1540001442016907,1,0,0,0,0,0
4,93.32693952878772,124.93604578285117,3.3733806137683557,0.1683642582684251,31.609106254063438,0.030666280523263,1,0,0,0,0,1
5,7.960690390191953,10.057403031016946,4.383528390367842,0.7258664337303752,2.096712640824993,0.3229230852151624,1,0,0,0,0,0
3,82.45538742560049,85.3325841546691,11.33489902196917,0.3274684018736078,2.877196729068615,0.2579183028043618,1,0,0,0,0,0
9,32.45759057338118,32.7105710554155,7.5391975400848334,0.3802650805403902,0.2529804820343173,0.7980970289149416,1,0,0,0,0,0
1,45.99365983359164,35.79153302912727,16.359411057387355,0.2089731684173164,10.202126804464363,0.0892687627497192,0,0,1,0,0,0
6,61.49526088600565,47.547780090327045,3.205473438387312,0.8781932025009025,13.947480795678608,0.0669009054883084,1,0,0,0,0,0
6,18.31555194417261,18.126587125005106,3.724650722694316,0.5440998513544647,0.1889648191675093,0.8410677791965124,0,0,1,0,0,0
10,34.9937439096994,25.569998374467406,10.122551063139383,0.6149321900077602,9.42374553523199,0.0959348054516513,1,0,0,0,0,0
5,87.83190604920927,81.95125817680972,4.920263728258563,0.6124894147853691,5.88064787239955,0.145335151361446,0,1,0,0,0,1
5,101.81350385807006,89.8368688563184,6.670366572216867,0.4694438030872075,11.97663500175166,0.0770615802837187,1,0,0,0,0,0
10,25.682159834751324,29.48669191021165,3.4120362465063363,0.2732769238943255,3.804532075460326,0.2081368142191431,1,0,0,0,0,0
5,58.85306610306223,58.52309071957035,3.202253885493049,0.77061947364856,0.3299753834918775,0.75189361578594,1,0,0,0,0,1
6,30.07424987374937,37.55518285333774,4.76715403955528,0.2143506388219069,7.480932979588374,0.1179115555336619,0,0,0,0,1,0
8,11.66126361870988,10.781502099651364,17.01719991205185,0.1934864112509294,0.8797615190585173,0.5319823764138188,0,0,1,0,0,0
2,97.59122208955051,69.06232084903532,2.5399625851069136,0.739130533836853,28.5289012405152,0.0338651273156059,0,1,0,0,0,0
6,18.296337319454416,20.807796056383143,18.36725775152089,0.2879533184067854,2.511458736928727,0.2847819310770665,1,0,0,0,0,0
1,162.99858693587674,157.944548217725,15.936179339122706,0.3760954762175491,5.05403871815173,0.165178989853784,0,0,0,0,1,0
4,14.2389204434502,13.277542075179754,5.842216733594324,0.5277047203015662,0.9613783682704468,0.5098455332113226,1,0,0,0,0,0
10,81.0766725515176,72.52090934559726,8.742859347190496,0.5044161850565916,8.555763205920343,0.1046488886811723,1,0,0,0,0,0
3,78.53475525119075,78.30871051475135,10.722729735332786,0.7377212125584993,0.2260447364393911,0.8156309229825843,0,1,0,0,0,0
9,30.269724210429,28.22367723357419,13.727864187076744,0.6610886140990249,2.0460469768548077,0.3282943459501563,0,0,0,0,1,0
3,50.23636589686717,56.72709215465728,3.720794834707956,0.6799565460536792,6.490726257790108,0.1334984039711814,1,0,0,0,0,0
6,30.873987901787167,36.58517617320356,14.84618246977465,0.7426488975899116,5.71118827141639,0.1490049093480357,1,0,0,0,0,1
1,21.684611904824944,19.67657196313594,9.273326276696352,0.3633514546811188,2.0080399416890025,0.3324423941786172,0,0,0,0,1,0
6,56.03199595126004,84.04328165192072,3.964972425149372,0.3900999806204263,28.01128570066068,0.034469344458499,1,0,0,0,0,0
4,70.89174298588537,60.78383778732003,9.348036415524286,0.4941979731059988,10.10790519856534,0.0900259753863542,1,0,0,0,0,0
8,24.248042485002905,24.357260295619543,3.92709120342828,0.3767159557301734,0.1092178106166379,0.9015361910246272,0,1,0,0,0,0
9,97.68977009885148,58.068608441186,8.512027506195354,0.9864440820737772,39.62116165766548,0.0246177105526299,0,0,0,1,0,1
4,49.26011989930727,47.97355309758287,6.056249263655237,0.8326467337792867,1.2865668017244047,0.4373368839457715,0,1,0,0,0,0
10,41.06348882798094,38.9737125561077,9.715549275382902,0.2481892194304266,2.089776271873241,0.3236480288567072,0,0,0,0,1,0
10,41.91029433775248,41.39044427795846,10.131637933477052,0.1050347402936825,0.5198500597940168,0.6579596411869265,0,0,1,0,0,0
6,95.963360053036,119.40171884749915,20.059288161994623,0.138504941422541,23.43835879446317,0.0409192781074383,1,0,0,0,0,0
1,33.24982000509496,47.20994089072323,13.182484667776604,0.3196571059386327,13.960120885628273,0.0668443796440621,0,0,0,0,1,0
4,34.39267285585193,43.91985229400104,11.608730543542505,0.2028621572531709,9.527179438149112,0.0949922062101584,1,0,0,0,0,0
7,94.62765292062318,92.19803754491078,1.7901123194664856,0.5800043034033149,2.4296153757124017,0.2915778856957915,1,0,0,0,0,0
1,99.24060417407888,104.1231299022018,16.647812316780904,0.8721957004546228,4.882525728122943,0.1699950066039219,0,1,0,0,0,0
8,77.54086259976734,107.0670662524445,6.261168672144511,0.7630751988219047,29.526203652677168,0.0327587410271469,1,0,0,0,0,0
10,15.600105993922016,11.695677670892536,3.4151375773137325,0.2940481567739714,3.90442832302948,0.2038973625742168,1,0,0,0,0,0
6,132.29295593789135,158.25196610317408,30.726271431730133,0.4593693304232072,25.95901016528273,0.0370933500105942,1,0,0,0,0,0
5,46.3132268603271,36.03137683725034,4.915854013570778,0.5571047885781498,10.281850023076757,0.0886379448365758,1,0,0,0,0,0
10,40.24672381609768,51.74837176448392,21.51415202853421,0.829185264553002,11.501647948386244,0.0799894545206005,0,0,1,0,0,0
9,77.76084382928383,75.15867771830723,10.821495413771148,0.8552094427955483,2.602166110976597,0.2776107400912964,0,1,0,0,0,0
2,53.52238415946316,41.75220694430242,12.544566518953047,0.9187464807169984,11.770177215160736,0.0783074489219148,0,0,0,0,1,0
5,31.04753018483989,25.9422854505946,8.56684864857365,0.5583207254525877,5.105244734245286,0.1637935977227647,1,0,0,0,0,1
6,107.95420870781358,94.4878138773604,4.05866427257749,0.7248472717922767,13.466394830453185,0.0691257228715271,1,0,0,0,0,1
7,40.06817872508024,49.61386036778094,14.25959535812014,0.2006203341105434,9.5456816427007,0.094825544130868,1,0,0,0,0,0
5,45.4735107015485,60.7008701758902,10.273217041341535,0.6087600639585838,15.227359474341696,0.0616243204312553,1,0,0,0,0,0
9,107.41275387395255,96.61988548983604,10.165736904394551,0.3238226285240216,10.792868384116533,0.0847970118403823,1,0,0,0,0,1
1,74.62417927207362,58.34764571234276,9.140291219044554,0.48854519652395,16.276533559730858,0.0578819817379834,0,0,1,0,0,0
7,63.09937859620906,95.11900970661831,7.092465557788249,0.6706454574760474,32.01963111040926,0.0302850142891134,0,0,0,0,1,0
10,30.056917640687107,36.21116616304068,14.33008391289783,0.331287344068403,6.154248522353573,0.139777084466032,0,0,0,0,1,0
7,55.36417869317497,44.63280750168609,12.310715554693916,0.1469665520170849,10.731371191488885,0.0852415274972716,1,0,0,0,0,0
4,57.6219202215752,62.80069040423861,15.437391653527415,0.1092104707678817,5.178770182663413,0.1618445047213167,0,0,0,1,0,0
9,56.73032953847781,50.88344548189569,7.339732695160276,0.1199435819900694,5.84688405658212,0.1460518378485859,1,0,0,0,0,0
5,40.91540227765429,27.769567015418275,6.891095823639138,0.1075147637623927,13.145835262236012,0.070692184764064,1,0,0,0,0,0
4,24.27057716182936,22.389313912942256,5.637299035555192,0.1993195509020879,1.8812632488871015,0.3470699875779325,0,0,0,1,0,0
7,81.49957936797907,53.57236057384348,9.331811019700572,0.3155398431131169,27.92721879413559,0.0345695176268632,0,1,0,0,0,0
4,29.15327497136809,25.65093092101108,1.88035806509661,0.2990993627640693,3.5023440503570136,0.2221065269147312,1,0,0,0,0,0
3,43.90975901395852,39.66408618563745,40.55536419276304,0.9881169347619072,4.245672828321069,0.1906333148726052,1,0,0,0,0,0
9,4.753395270133576,4.112013654688735,5.171934008762076,0.3754054946880489,0.6413816154448408,0.6092428418780503,1,0,0,0,0,0
8,73.31554418512398,90.01231630049423,19.602933635286664,0.2146787050234592,16.69677211537025,0.056507480204905,0,0,1,0,0,0
1,21.127112510733845,23.26268185118352,6.151248296435698,0.5910062897509821,2.1355693404496776,0.3189213477436886,0,1,0,0,0,0
7,57.6514451996817,48.43804592772154,13.054715601968883,0.8721617098577575,9.213399271960164,0.097910595030334,0,0,0,0,1,0
9,16.283114158282544,17.596713613180867,25.932091551771457,0.7102543391089077,1.3135994548983234,0.4322269344777086,1,0,0,0,0,0
8,37.477380191887725,49.71333243092384,12.551938562550944,0.3664738802219053,12.235952239036116,0.0755517987629746,1,0,0,0,0,0
8,34.984735164513694,27.726005054193955,24.958169179374337,0.6054545438123095,7.258730110319739,0.1210839907155271,0,1,0,0,0,0
6,21.328487458499676,14.321646798658016,18.83695694014497,0.7433703767803682,7.006840659841657,0.1248932060076459,0,1,0,0,0,1
4,49.97708940181866,36.42647742694249,3.823038339602557,0.755294043130968,13.550611974876167,0.0687256317278373,1,0,0,0,0,0
8,13.47756531188774,14.7462017221266,14.415778916742754,0.69988460976792,1.2686364102388603,0.4407934191158961,0,0,1,0,0,0
3,68.18380546265546,93.57932993171092,11.20240612164354,0.8837293822980562,25.39552446905546,0.0378852104709016,0,0,0,1,0,0
9,70.61100214326542,85.57728506971202,4.8298197461443575,0.883094912509694,14.966282926446596,0.0626319854537712,0,0,0,0,1,1
2,23.068945974130635,30.47940931667337,17.760270396595327,0.621042903466303,7.410463342542734,0.1188995135311618,0,0,1,0,0,0
2,95.15348693890743,42.83481046503468,3.1132076593743223,0.486870732200091,52.31867647387277,0.0187551542186164,0,0,0,1,0,1
7,38.04159458742784,30.11621325545307,16.993767067889674,0.6774132660085899,7.925381331974769,0.1120400308743723,0,1,0,0,0,0
10,19.761425836162417,14.238988897810176,14.546917349135173,0.8363908012334168,5.522436938352241,0.1533169288490858,0,0,1,0,0,0
4,10.080161705150177,11.487902638236603,9.476720327946966,0.1050868943570662,1.407740933086428,0.4153270753752244,1,0,0,0,0,0
10,1.8160732106300743,1.7255682600041249,5.3846889575662935,0.992797308113366,0.0905049506259498,0.9170063826175204,1,0,0,0,0,0
8,91.9074385726796,22.987746983052645,14.27576392341792,0.2646043950962793,68.91969158962696,0.0143021225818501,1,0,0,0,0,0
9,25.434190556445955,30.264715790047894,1.3320927643467138,0.5232240870939786,4.830525233601943,0.1715111349208974,0,1,0,0,0,0
7,33.2180334929665,42.918371791030175,4.566495184552485,0.8848267613585801,9.700338298063675,0.0934549891923472,1,0,0,0,0,0
5,31.03705496791841,46.62878154227027,8.666319097023713,0.3025363591397794,15.591726574351853,0.0602710028711441,0,0,0,0,1,0
8,79.11059766457542,82.37483778546859,9.482370923220168,0.5291157015103449,3.264240120893163,0.2345083699907935,1,0,0,0,0,1
4,59.92446029276992,69.19813784757729,4.663588163933525,0.2193239621630612,9.27367755480737,0.0973361286321536,1,0,0,0,0,0
2,46.366077190350936,33.13690101411511,4.7619906024915,0.4555686928493734,13.229176176235825,0.0702781375122828,0,1,0,0,0,1
6,14.57002429489872,8.5902264353914,12.833672919230889,0.2594219093137023,5.97979785950732,0.143270624755684,1,0,0,0,0,0
9,110.46387399928976,144.80448777279483,3.921503985959252,0.4272649738940413,34.340613773505055,0.0282960563845583,1,0,0,0,0,1
1,60.89500552773519,69.22355509766436,6.575307305145123,0.4361177951134498,8.328549569929173,0.1071978009554161,1,0,0,0,0,0
10,61.81802870970324,81.11576073833074,3.0990292106945665,0.9938537106384996,19.2977320286275,0.0492665879414321,0,1,0,0,0,1
7,16.124928747382416,15.093978761017782,9.026529653662395,0.9953317263733952,1.030949986364634,0.4923804164129038,1,0,0,0,0,0
10,18.885485996113204,30.075462108526185,7.433846243174385,0.2033076507945511,11.189976112412982,0.0820346152263338,0,0,1,0,0,0
9,45.34822009532435,48.89768892773318,1.205911357020434,0.7533719013955125,3.5494688324088277,0.2198058799472037,0,0,1,0,0,0
10,46.14598738870398,37.45205506918244,2.5447893366143965,0.146570931702191,8.693932319521537,0.1031573119183234,1,0,0,0,0,0
9,21.317441032468395,19.62296769289217,20.43264599638939,0.1271728138034697,1.6944733395762237,0.3711300406324585,1,0,0,0,0,0
10,16.34979781330735,9.794062697032851,4.995683150280178,0.1948005048204679,6.555735116274498,0.1323497958320525,1,0,0,0,0,0
3,28.566915279842128,21.836979216425902,11.4100416502296,0.9689370913071406,6.729936063416222,0.1293671761054713,0,0,1,0,0,0
5,34.490328375923724,31.15250968071237,3.691539403586173,0.9467771931052276,3.33781869521135,0.230530612333782,1,0,0,0,0,0
8,14.730980137977683,20.43845099056396,22.45288365904905,0.2745350382526124,5.707470852586276,0.1490874909451777,1,0,0,0,0,0
8,62.12750947966433,61.10514338170583,1.7515412379428064,0.2455051019983403,1.0223660979585034,0.4944703142568793,0,0,1,0,0,0
4,64.49203988067397,81.97531091758366,19.0869831747786,0.3164815778643523,17.483271036909684,0.0541029776603435,0,1,0,0,0,0
1,58.214556879738,56.76123866188565,9.458483969969333,0.5639922946676279,1.453318217852349,0.4076112070269492,1,0,0,0,0,0
1,15.444812263399236,11.482866978687856,14.019979922041044,0.6127341688318689,3.9619452847113816,0.2015338627536209,1,0,0,0,0,0
4,28.26076192260401,32.114843941467306,20.63519664569985,0.2994340873955026,3.8540820188632914,0.2060121761671789,0,0,0,0,1,0
6,69.69473371583173,54.97519447659049,10.52249841414622,0.7809605092809507,14.719539239241245,0.0636150961412192,0,0,0,1,0,0
8,48.525404051046735,43.708736759597,26.422110591419543,0.3785978524623857,4.816667291449733,0.171919752307298,0,0,1,0,0,0
6,96.086453900477,144.88864076012672,20.41072604763038,0.9299181929764692,48.80218685964971,0.0200794395398369,0,1,0,0,0,0
9,87.75613622753731,101.01855429951134,13.712733671505791,0.6910504358110575,13.262418071974023,0.0701143379021417,0,1,0,0,0,0
9,42.078581485507975,33.44922528049704,18.27409889050603,0.4927160748732505,8.629356205010936,0.1038491025474391,0,0,0,0,1,0
2,27.81667191438435,32.90786756745585,8.786731950258774,0.8109208015325609,5.091195653071502,0.1641713806214297,0,0,0,0,1,0
10,67.70108912969403,51.82891833014714,4.091540350316152,0.8361231634419983,15.872170799546886,0.0592691961147557,1,0,0,0,0,0
1,71.97901787160092,40.41497734149255,36.87265003961961,0.3614334450480493,31.56404053010837,0.0307087199168484,0,0,1,0,0,0
2,77.5428484280115,98.72163717918887,9.24325908087114,0.4057430894524759,21.178788751177397,0.045088125019763,1,0,0,0,0,0
5,48.047094848035606,51.58857776743125,10.89453332381153,0.942359638355743,3.541482919395648,0.2201923948077016,1,0,0,0,0,0
4,25.357182860141982,24.10677572070509,2.6713115512870678,0.2482669345269447,1.250407139436888,0.4443640363895338,0,0,1,0,0,0
4,57.65764938629901,33.65147847708784,21.49090300022941,0.1379353752666408,24.00617090921117,0.0399901289817884,1,0,0,0,0,0
9,59.30892105010732,54.63348634487462,10.682663576809876,0.5086497903485943,4.675434705232696,0.1761979569737644,0,0,0,0,1,0
8,66.35576906001523,69.54460511022731,12.825208234810656,0.821088910219266,3.1888360502120747,0.2387298017904929,1,0,0,0,0,1
6,29.9882149772739,21.24983708439911,14.067679230759143,0.7945012956796712,8.738377892874787,0.1026865060075008,0,1,0,0,0,1
1,8.027012377220876,8.111816510527749,4.879637567910776,0.9275775660215492,0.0848041333068732,0.921825396213822,0,0,0,0,1,0
2,57.29373290887619,79.49963435650947,21.10522990804224,0.5798805979321362,22.205901447633288,0.0430924867218199,0,0,0,0,1,0
6,12.790913057340838,13.515574042297663,11.526845391960066,0.1900582044098799,0.7246609849568273,0.57982409802413,1,0,0,0,0,0
2,70.36936693427386,80.64924560595942,1.2981843440353824,0.6298200769024145,10.279878671685566,0.0886534358308455,1,0,0,0,0,0
10,46.89926641324375,41.74232046087428,18.323469557752176,0.8005560529178904,5.156945952369476,0.1624181871557852,0,1,0,0,0,1
5,27.13270396698432,20.00296081564844,8.174684442788786,0.1839953082428437,7.12974315133588,0.1230051160762292,1,0,0,0,0,1
5,93.73982500075856,80.58020224811818,5.324628741278562,0.2553916609878308,13.159622752640374,0.0706233504570966,0,0,0,0,1,0
6,32.984201463916406,41.68323010983596,1.9562624056348952,0.1110615950401038,8.699028645919554,0.1031031082087489,0,0,0,0,1,0
6,47.222401799679886,46.07405022498399,6.579120976898927,0.6342873215021293,1.1483515746959014,0.4654731617386924,1,0,0,0,0,1
6,29.35137788312001,27.8673571060234,6.011816861753916,0.8980609527513139,1.4840207770966105,0.4025731222622166,1,0,0,0,0,0
2,44.02682338355504,38.46183298747537,19.683424202608425,0.7035969844018896,5.564990396079672,0.152323147433263,1,0,0,0,0,0
10,59.97807317445493,40.91324520394174,5.633442586505395,0.9838360788318838,19.064827970513186,0.0498384537096244,0,0,0,0,1,0
3,31.057103811247405,41.6737500370589,2.3922091819926763,0.1567302872497854,10.616646225811497,0.0860833652468523,1,0,0,0,0,0
6,37.80295394619727,35.83653596007671,12.921970750792278,0.9127009766363466,1.966417986120561,0.3371069096394556,1,0,0,0,0,0
8,69.56431305588323,60.32030985671987,20.355395537513683,0.8326614586480127,9.244003199163366,0.0976180874369182,1,0,0,0,0,0
1,8.547044474332468,8.71739115392928,6.93105148158165,0.3828173684495545,0.1703466795968111,0.8544476755763547,0,1,0,0,0,0
1,72.27426775485591,62.705944373164414,29.87865133019907,0.9761738966535266,9.5683233816915,0.0946223884227837,1,0,0,0,0,0
2,81.10656399527306,87.45088239021388,18.16818245216868,0.3591439733542735,6.344318394940814,0.1361596742168554,1,0,0,0,0,0
6,19.71729238040343,16.34277697599307,21.571786073045644,0.9003742514453966,3.37451540441036,0.2285967490231731,0,0,0,0,1,0
9,10.536015486595566,10.861567379461444,12.662269595180195,0.8926737193667704,0.325551892865878,0.7544027550954446,0,0,0,0,1,0
4,15.87318885501551,15.664579391374811,11.679175865169151,0.7818918549426752,0.2086094636406965,0.827397128752987,0,0,1,0,0,0
3,21.988126686193983,32.18770523701764,5.429361294951008,0.6071234264315667,10.199578550823652,0.0892890741791758,1,0,0,0,0,0
8,17.390561045962922,25.696570804733437,25.589349307729883,0.2080024746551992,8.30600975877051,0.1074574415804306,1,0,0,0,0,0
10,62.94388663262601,75.33555847536377,22.8313276698513,0.5787745610468484,12.391671842737756,0.0746732754314238,0,1,0,0,0,1
9,39.41777146265398,38.54767162908263,25.955691965121964,0.4211166300894411,0.8700998335713521,0.5347308106489096,1,0,0,0,0,0
5,52.42542172262878,62.95068016961292,8.822912680551232,0.8129953298398166,10.52525844698414,0.0867659501606815,0,0,0,0,1,0
9,77.00783197331363,91.85513331078388,7.0238891929725895,0.7823162858471604,14.847301337470242,0.063102226600282,0,1,0,0,0,0
2,67.22379504584833,59.321605584769344,15.26519594551522,0.9195512566353448,7.90218946107899,0.112331916139515,1,0,0,0,0,0
3,106.5754357666866,62.62259304251032,6.251884962562064,0.113347146188537,43.95284272417629,0.0222455341953754,0,0,0,0,1,0
7,86.24017723213699,45.21095403217168,8.896426499340377,0.8281928951407415,41.02922319996531,0.0237929688883906,0,0,0,0,1,0
7,36.61608390283383,35.52659596985407,1.4819545529309357,0.944615847812202,1.0894879329797575,0.4785861570274441,1,0,0,0,0,1
6,57.65944331743499,50.38045106793545,10.936351421268096,0.8103704041973351,7.278992249499545,0.1207876478034447,0,1,0,0,0,1
6,108.89292282272818,94.08007339197634,13.683420978574407,0.21717501388333,14.81284943075184,0.0632397092237697,1,0,0,0,0,0
2,32.97782472185024,26.34384628141394,21.896502761358377,0.173151194356799,6.633978440436302,0.1309932963267377,1,0,0,0,0,0
10,60.76427840849383,47.88091330468667,15.671338714861028,0.1187607158269307,12.883365103807158,0.0720286466950131,1,0,0,0,0,0
6,128.13017854274958,149.10637815681014,17.537773094487594,0.6658707032452639,20.97619961406056,0.0455037730618442,0,1,0,0,0,0
4,65.24503046113063,15.835633653065564,28.59172970594594,0.6667053866738986,49.40939680806506,0.0198375712331477,0,0,0,0,1,0
3,20.34165772868949,23.333241561436573,4.631668593824704,0.9882223427963912,2.9915838327470787,0.2505271195348494,0,1,0,0,0,0
2,11.025903312408571,10.26500546022008,3.954934179677222,0.4582388566936861,0.7608978521884939,0.5678921118321381,1,0,0,0,0,0
1,23.539013556654087,32.01742901090023,10.395251161203069,0.3987156564077471,8.478415454246143,0.1055028664682576,0,1,0,0,0,0
5,38.366758438345855,40.92121096633795,3.539218358696383,0.6619824344659532,2.554452527992097,0.2813372782797855,1,0,0,0,0,1
2,121.61221570271712,68.92086983219576,11.464755957206002,0.8430478052568345,52.69134587052136,0.0186249754739159,0,0,0,1,0,1
2,79.53585822926865,42.32195998371248,3.661041084249072,0.9430965545707016,37.21389824555618,0.0261684896310281,1,0,0,0,0,0
7,32.57420033648127,23.270865253350568,4.365311008882506,0.8228117495611347,9.3033350831307,0.0970559524592445,1,0,0,0,0,1
8,21.197105559369515,22.599504468486384,1.9824140694339196,0.4840065825542242,1.4023989091168687,0.4162506052617231,1,0,0,0,0,0
10,21.023416392621836,12.02081082144651,10.817947408113868,0.6714228117808577,9.002605571175323,0.0999739510754794,0,0,1,0,0,0
8,142.9681675270527,146.9129811044882,2.8117670016927345,0.8706693940445053,3.9448135774354967,0.202232093149733,1,0,0,0,0,1
4,19.05942673508857,22.406324618043215,13.089354655086574,0.5415487194805655,3.3468978829546465,0.2300491124765706,0,0,1,0,0,0
1,71.68760346640097,62.22590217326688,14.634268694609906,0.2950179793348534,9.461701293134093,0.0955867475069556,1,0,0,0,0,0
7,69.21479677297887,53.84860852837485,5.089892685871238,0.2527510957730857,15.366188244604023,0.0611015824243438,1,0,0,0,0,0
1,36.062895777677,16.670416693660297,16.05821254402145,0.100141970120251,19.392479084016703,0.0490376866824291,0,1,0,0,0,0
4,17.805085784537958,24.526933874156764,14.834779898396889,0.7464141954831558,6.721848089618806,0.1295026771304129,0,0,0,0,1,0
8,58.32159489726261,84.9566298763707,18.831123077458308,0.1999874879613914,26.635034979108084,0.036185950217034,0,0,0,0,1,0
2,116.05557663706294,151.44744329658883,4.73004170999326,0.3194551897263464,35.39186665952589,0.0274786673999378,1,0,0,0,0,0
6,16.032266795638765,14.923520634196812,4.566581346815259,0.368088698370514,1.1087461614419531,0.4742154453128695,1,0,0,0,0,0
6,45.48094846278421,44.87081190217759,14.101053301996672,0.6043418741230915,0.6101365606066196,0.621065333503917,1,0,0,0,0,0
9,66.96629193974661,78.44437378097625,10.289396374793649,0.4581615495661923,11.478081841229638,0.0801405226158907,0,1,0,0,0,0
5,111.55273658605633,115.64218345172932,11.006673730492563,0.7072065928208456,4.089446865673011,0.196485006405065,0,1,0,0,0,0
10,8.793964698289827,1.943578522093826,22.390381893648367,0.1500747933958324,6.850386176196,0.1273822685350445,0,0,0,0,1,0
4,61.96829770985933,76.1919522941262,16.81865562880033,0.2115452748379955,14.223654584266868,0.0656872496984703,0,0,0,0,1,0
5,110.13782945647137,143.70072188434963,14.848378169609235,0.54929035317994,33.56289242787828,0.0289327637172346,1,0,0,0,0,0
10,71.9727707303208,91.25759998344752,13.703280270111676,0.4032683090621468,19.28482925312673,0.0492979254358701,0,1,0,0,0,1
5,27.751168662186075,30.888990580149137,17.82271171993123,0.3662320264762237,3.137821917963062,0.24167303954257,0,0,0,1,0,0
8,46.82128484928708,58.035775250240285,7.87534240687992,0.1603252711337704,11.214490400953204,0.08186997305446,0,0,1,0,0,0
10,78.61114583926063,50.844517894398194,3.432957772576051,0.9061472572732012,27.766627944862435,0.0347625033395196,1,0,0,0,0,1
8,82.09064947695678,80.1705156067724,5.616247104223896,0.7226367275125457,1.9201338701843864,0.3424500534754103,1,0,0,0,0,0
2,71.18035528551468,59.28168918204071,5.0449465862931575,0.2094563411376844,11.898666103473971,0.0775273963972656,1,0,0,0,0,0
7,49.91380727095664,68.02497203246662,0.4796956392421523,0.1585413619634265,18.111164761509983,0.052325434502768,1,0,0,0,0,1
8,40.80461332546069,42.68129623663578,13.719678917276124,0.9773852800881188,1.876682911175088,0.3476226024478703,1,0,0,0,0,0
6,85.81628744575352,82.40446303220824,7.090896425698503,0.7130552953955543,3.4118244135452755,0.2266635990611455,1,0,0,0,0,0
5,58.82630658038933,43.8564636397544,7.984918611677867,0.4757104639843673,14.969842940634926,0.0626180234656861,0,1,0,0,0,1
9,47.92250154733939,35.23149595923338,5.900560595624381,0.7315579366802064,12.691005588106009,0.0730406538485927,1,0,0,0,0,0
3,25.87175187577086,18.57204936367964,8.928166451579155,0.7806986078321432,7.299702512091223,0.1204862461688444,1,0,0,0,0,0
10,24.680546206575915,29.27823079701512,24.600192077789416,0.8019659821499014,4.597684590439201,0.1786452923246143,1,0,0,0,0,0
4,41.686574681067256,47.91827139676126,1.948048948790385,0.5300895750877519,6.231696715694007,0.1382801352592443,0,0,1,0,0,0
9,64.61660712248937,68.65683092052119,27.610259922927376,0.4868944823123632,4.040223798031818,0.1984038884127516,0,0,0,1,0,0
6,61.68388737417237,73.88417814417207,10.73293368833241,0.1099252758420103,12.200290769999697,0.0757559070041623,0,1,0,0,0,0
8,59.30980146412483,47.365999630317816,6.219352491638501,0.9339014036276542,11.943801833807017,0.0772570542132505,1,0,0,0,0,1
7,46.1148628299495,24.85973834007244,6.834474796048733,0.6429770905500487,21.255124489877065,0.0449334714103647,0,0,0,0,1,0
2,81.09124329266706,94.94384765467228,4.298668585061552,0.2828385434709713,13.852604362005223,0.0673282594504518,1,0,0,0,0,0
3,90.94171618317674,89.66280730397476,1.3058639080372196,0.927643077479293,1.2789088792019785,0.4388064872300542,1,0,0,0,0,0
1,19.05205896332732,23.018924879633907,3.68256788146935,0.9234387115932668,3.966865916306588,0.2013342048789612,1,0,0,0,0,1
9,29.21166161377197,32.32334775547975,8.954313231689648,0.9902657479294864,3.111686141707782,0.2432092250077851,1,0,0,0,0,0
7,140.91784034434644,138.3274597902685,7.478643460499539,0.886650906825081,2.5903805540779103,0.2785220076084169,1,0,0,0,0,1
1,39.89023361387088,41.94045421541218,12.524834234081082,0.9980059490380584,2.050220601541305,0.3278451399530547,0,0,0,0,1,0
3,40.67604820545274,55.005090928534784,5.945929145920291,0.3202175693109453,14.32904272308204,0.0652356456997949,0,1,0,0,0,0
4,24.314878900890584,22.55132449187964,5.307412733011578,0.8580246266793107,1.763554409010947,0.3618528358766389,1,0,0,0,0,0
4,82.3982913957285,97.5752716184836,33.86794656418899,0.840725477916188,15.176980222755091,0.0618162343175375,0,0,0,0,1,0
5,162.51976359671784,175.07790926464884,4.395583824252849,0.3078463232986603,12.558145667931,0.0737563988831668,1,0,0,0,0,0
3,24.36341001991788,14.163265089707687,4.637323763763032,0.1885937941008917,10.200144930210191,0.0892845589259025,1,0,0,0,0,0
3,85.64017636288754,57.506292337229546,17.622624683716147,0.9814784623098396,28.133884025658,0.0343242939773944,0,1,0,0,0,0
1,21.83019778012848,21.614005381537872,14.810191483397762,0.3664220963685494,0.2161923985906071,0.8222383244286486,0,1,0,0,0,0
7,77.85806690857268,68.17065868473414,6.575466442730801,0.8838026114210255,9.687408223838544,0.0935680549536298,1,0,0,0,0,0
10,22.19434733729255,16.922728350363542,15.659647750914052,0.1037144392071435,5.27161898692901,0.1594484617264137,1,0,0,0,0,0
1,8.22857994542839,10.43124704355415,9.768265299418175,0.1189223264976419,2.20266709812576,0.3122397581019933,0,1,0,0,0,0
2,139.92609837967674,87.6145078646105,5.998200096243091,0.5192841778267315,52.31159051506624,0.0187576470770909,0,0,1,0,0,0
4,31.879990061160303,30.29682472324848,14.128357542449866,0.3148432155415572,1.5831653379118258,0.3871219489219292,0,1,0,0,0,0
4,13.900139748861678,10.862947865873087,9.07102729885034,0.7208571550923678,3.0371918829885907,0.2476969212718557,1,0,0,0,0,0
5,49.944656342851495,68.4589042756181,1.4003851040452275,0.6090078930111589,18.5142479327666,0.0512446087312895,1,0,0,0,0,0
2,65.20893519362292,106.25008523007445,14.139248624395124,0.1697372177054423,41.04115003645151,0.0237862189576868,1,0,0,0,0,0
4,87.83743311136024,81.0031602797421,8.107436467161799,0.2463654666841453,6.8342728316181365,0.1276442653317007,1,0,0,0,0,0
1,38.43926763711713,46.59434721095753,23.3313893022752,0.4492443430525729,8.155079573840396,0.1092289795991928,0,0,0,0,1,0
2,36.87389279316999,48.579051848905934,16.152222055906826,0.2670436575598898,11.70515905573594,0.078708184259097,0,1,0,0,0,0
1,32.189756785141135,39.42219353330509,10.33343304365316,0.8130001125195357,7.232436748163948,0.1214707176733579,1,0,0,0,0,0
10,46.7611252159505,56.00867636686658,6.724868533632545,0.474463211997952,9.24755115091608,0.0975842896778909,0,0,1,0,0,0
10,69.7694348602007,38.8470145925038,8.887464688246194,0.1840886801582493,30.922420267696907,0.0313259455772507,0,1,0,0,0,1
4,55.18522878375397,71.41389835908818,4.206430863501668,0.5359086120449124,16.22866957533421,0.0580427870897049,1,0,0,0,0,0
4,31.314910579585906,34.12757608875072,10.331663102059087,0.1817543629552727,2.812665509164816,0.2622836956444823,0,0,1,0,0,0
7,45.21655840678995,42.62741263411359,24.49727774612832,0.2160435748778355,2.5891457726763605,0.2786178281230183,0,0,0,1,0,0
10,17.171149314320473,16.83587542798822,29.8287734507176,0.3156488488253848,0.3352738863322528,0.7489100253033575,0,0,1,0,0,0
9,39.19957543068611,41.72649592842445,19.93290681545322,0.8735749347227408,2.526920497738338,0.2835334679761726,1,0,0,0,0,0
9,35.58551631816475,33.32579164645898,9.905303272575283,0.9321512790996748,2.2597246717057686,0.3067743753575095,0,1,0,0,0,1
5,88.27077388443227,80.43867058943457,2.391691648037809,0.8436319563988621,7.832103294997708,0.1132233134735161,0,0,1,0,0,1
10,49.99315512462948,37.77374621785109,8.485196941691623,0.4006694956760626,12.21940890677839,0.0756463475070537,1,0,0,0,0,1
1,39.57020001272515,44.617069755171805,16.877863475873628,0.3452017969979485,5.046869742446653,0.1653748207903987,1,0,0,0,0,0
1,43.30910382667263,41.559707099581054,15.614685490205575,0.5942401217112153,1.749396727091579,0.3637161527641155,0,0,0,1,0,0
6,39.18407982231942,31.416761480050507,7.88565767015331,0.7496678444798011,7.767318342268911,0.1140599623466173,1,0,0,0,0,0
2,19.956785206966835,20.44459227758554,7.409683529887852,0.9940355093441572,0.4878070706187039,0.672130157026442,0,0,1,0,0,0
8,68.96179599299946,69.70017201809758,11.836568372785614,0.2184136406910335,0.7383760250981197,0.5752495349465928,0,1,0,0,0,0
9,5.626565814893589,6.3380728142219285,9.298052239165566,0.144362799121424,0.7115069993283392,0.5842804034061434,1,0,0,0,0,0
4,31.682281962866693,31.445604976551525,8.450835588750918,0.7249203000957439,0.2366769863151674,0.8086185892240334,1,0,0,0,0,0
5,25.448153360723666,29.372405473882925,8.144310081839928,0.849003205153515,3.924252113159259,0.2030765235044857,0,0,1,0,0,0
8,32.20036432004327,30.00193743549989,21.7987520145385,0.8617139018797809,2.1984268845433803,0.3126537001150689,1,0,0,0,0,0
3,67.99349192539398,64.57442537317796,3.7265461881813184,0.7106171941694446,3.419066552216023,0.2262921339119754,0,1,0,0,0,0
5,39.81540555535778,42.57820496278456,7.0771764192293,0.9586142237072685,2.762799407426776,0.2657595826198609,0,0,1,0,0,1
3,43.7491543864051,47.9834891006979,7.394357753457497,0.5599042871901282,4.2343347142928,0.1910462464827505,0,0,1,0,0,0
10,65.55694948793524,85.4144277592773,10.102467518571206,0.9224333185025912,19.85747827134206,0.0479444344608997,0,0,0,0,1,0
3,62.58012197241114,78.97175699730836,9.081750009641596,0.9710309232923708,16.39163502489722,0.0574989067197211,0,1,0,0,0,0
3,59.73033851953697,59.07925034081008,8.638309197744592,0.862441711302797,0.6510881787268872,0.6056611711502138,1,0,0,0,0,0
7,44.2338238866196,28.63981176554153,3.938800201922549,0.3787827069327586,15.594012121078071,0.0602627015518313,0,0,0,0,1,0
7,84.97653983039639,99.50796642341751,9.072400613809233,0.2765940860532657,14.531426593021123,0.064385585832105,0,1,0,0,0,1
7,24.8335763873709,28.110460388976197,13.884752809296014,0.5933080584836365,3.2768840016052927,0.2338150858486361,1,0,0,0,0,0
10,39.59601295211738,41.744333511531735,10.355753890514062,0.5077132753421696,2.1483205594143584,0.3176296635390956,1,0,0,0,0,0
8,32.788412077865424,39.126413908958064,3.66485493007273,0.8899825079734597,6.33800183109264,0.1362768806847106,0,0,1,0,0,0
5,34.00058671835986,30.86759765081915,9.640824482204764,0.1900285039604383,3.132989067540713,0.2419556363828076,1,0,0,0,0,0
5,22.526880305547145,13.544149501777229,9.197146345639029,0.3319660551803667,8.982730803769917,0.100172990703341,0,0,1,0,0,0
4,74.44432682324046,58.17155059485079,6.863874097576874,0.7766190500668377,16.272776228389674,0.0578945727529539,0,1,0,0,0,0
7,63.715179463481775,17.570661177261584,10.437131951296896,0.1854879804795809,46.14451828622019,0.0212113738002131,1,0,0,0,0,0
10,38.83498970825016,43.14408177828479,5.443643429153746,0.3886879726195301,4.30909207003463,0.1883561231955574,0,1,0,0,0,0
4,57.47965663902886,56.53087667335152,14.30346272060695,0.4484398546485848,0.948779965677346,0.5131415642670698,1,0,0,0,0,0
2,77.27195824142774,93.89899735764064,28.651586156692005,0.660334416906421,16.6270391162129,0.0567310251827957,1,0,0,0,0,0
4,108.5700876215658,129.02361061939834,15.156780953103276,0.2423193811474281,20.45352299783255,0.0466123908926766,0,1,0,0,0,0
8,15.834268404564115,13.89533265454406,4.743777332426762,0.8745440413147386,1.938935750020056,0.3402592247867875,1,0,0,0,0,1
9,40.59212165680292,32.224922745786714,13.772351770686711,0.5027880119196468,8.367198911016203,0.1067554996429038,0,0,1,0,0,0
3,90.96520485338462,73.05076106467065,16.185513029159026,0.9253195406925008,17.914443788713967,0.0528696487811441,0,0,1,0,0,0
7,145.6478500935469,215.37986696530075,11.703731721879226,0.5210829222705384,69.73201687175384,0.0141378691606253,0,0,1,0,0,0
9,54.24776422944187,52.19536051058402,12.563704034022123,0.34753623304666,2.052403718857846,0.3276106610085581,1,0,0,0,0,0
4,73.1508473537903,68.14992387783447,8.463278898712247,0.2276459458189074,5.00092347595583,0.1666410185043594,1,0,0,0,0,1
10,3.4356281701636027,3.685954751929031,3.165639120872204,0.1033705852401563,0.2503265817654281,0.7997910422635552,0,1,0,0,0,0
3,56.09261982230685,33.844925810503305,8.035194769185035,0.578941736486352,22.247694011803542,0.0430150190161772,0,0,0,0,1,0
5,37.87855653468634,34.117144400132744,4.163623882871095,0.196441027234231,3.761412134553595,0.2100217271138942,0,0,1,0,0,0
1,68.7536090170778,54.02921527175749,7.514925659720872,0.4525549872680604,14.724393745320311,0.0635954566005196,0,0,1,0,0,0
3,112.598934304586,82.58182891677104,5.849351783288447,0.630344585113378,30.017105387814965,0.0322402747611918,1,0,0,0,0,0
8,43.92488373341753,41.046221666500834,3.925680739997413,0.3481173072124303,2.8786620669166965,0.2578208626447676,1,0,0,0,0,0
8,42.49519598560546,42.99706688092957,21.232636013681425,0.2577018631295037,0.5018708953241102,0.6658361934526973,0,1,0,0,0,0
4,29.34732243831365,20.14004726521981,8.94399007010086,0.7972494603484075,9.207275173093844,0.0979693388335388,1,0,0,0,0,0
2,5.872203785562061,5.335494453861107,6.010406197108637,0.9521120550534584,0.5367093317009539,0.6507411514792582,1,0,0,0,0,0
8,31.07195052493044,31.69322836449867,2.054052168062995,0.1903963760757694,0.6212778395682328,0.6167974270630338,0,0,0,0,1,1
8,14.899319354415343,16.581421017007475,15.623648918777835,0.240031291946507,1.6821016625921317,0.372841944788008,1,0,0,0,0,0
10,16.26536813577469,15.155899213415417,10.601797515560229,0.9640113915274467,1.1094689223592749,0.4740529663179767,1,0,0,0,0,0
4,56.70891198128706,61.38784456704973,31.313809362098684,0.1340057996310216,4.678932585762674,0.1760894296415919,1,0,0,0,0,0
3,18.224097449466196,16.619222663297425,5.090264094941778,0.979869102895425,1.604874786168768,0.3838956119156856,0,0,0,0,1,0
2,46.467850432429564,61.35468658724478,20.109649319603754,0.1041800347764899,14.886836154815214,0.0629451950190161,0,1,0,0,0,0
9,135.59097784776992,154.03196121026315,8.033247654086138,0.8863017900861982,18.440983362493228,0.0514377272668862,0,0,1,0,0,0
1,33.88494539004493,28.199307301419537,4.355718473213493,0.3765926628889746,5.685638088625396,0.1495743542716362,0,0,0,0,1,0
7,16.33723114377018,14.314165594390834,6.567827153984388,0.9447299723595668,2.023065549379345,0.3307900485999407,1,0,0,0,0,0
5,116.25123093983736,127.65207795613242,9.74820681688162,0.3852507597720269,11.400847016295046,0.0806396529757986,0,1,0,0,0,0
8,21.92174669210745,19.04433900666264,6.016141671336875,0.6888756893806504,2.8774076854448154,0.2579042703592517,1,0,0,0,0,0
4,31.968699487699656,16.543348590080544,3.270717435605393,0.1720293127893429,15.425350897619111,0.0608814999590025,1,0,0,0,0,0
7,81.71031952715033,87.75121029797307,4.225609844870848,0.3180968303083651,6.040890770822742,0.1420274838155383,0,0,1,0,0,0
5,19.421222613829222,17.560154464594753,12.942254065786988,0.7963114118313257,1.8610681492344696,0.3495198114269204,0,0,1,0,0,0
5,30.03752632950528,35.14287893235868,3.773572892719304,0.5758172683109377,5.105352602853401,0.1637907038379142,1,0,0,0,0,0
9,18.568530079007324,18.758115131217696,5.392240345655561,0.9351721556083402,0.1895850522103721,0.8406292581954493,1,0,0,0,0,0
9,80.99566999459135,94.07432359269662,3.897873110534948,0.4858762675072189,13.078653598105262,0.0710295194800859,0,1,0,0,0,0
9,17.953483812685683,29.259846967591635,10.795312011508786,0.8828311292325307,11.306363154905952,0.0812587754328823,1,0,0,0,0,0
6,61.53992998196736,81.26470434651857,41.40740210245845,0.5040598937304138,19.72477436455121,0.0482514300233084,1,0,0,0,0,0
6,41.00311481133402,37.408169303079,12.570284022799935,0.9813234508317868,3.594945508255023,0.2176304372279183,1,0,0,0,0,0
5,28.83564653041704,31.88621990844346,4.892848001780282,0.9638509432589892,3.050573378026421,0.2468786284491986,1,0,0,0,0,0
9,40.37600401010926,41.5631621613646,10.786905574782136,0.3962230350004723,1.187158151255339,0.4572143077198332,0,0,1,0,0,0
10,32.297026140026446,34.464152885447355,5.14391702555289,0.8973313033751229,2.1671267454209087,0.3157435999193334,1,0,0,0,0,0
8,24.75627188919551,15.054380732697984,10.076791733905267,0.8628502367940843,9.701891156497526,0.0934414287509233,1,0,0,0,0,0
7,9.341687086120595,11.804188521630785,22.919355558463025,0.2896123575948065,2.4625014355101857,0.2888085445234347,0,1,0,0,0,0
7,19.10187701615766,8.093087615515984,8.592886742226524,0.6618613607049427,11.008789400641676,0.083272340503079,0,0,0,1,0,1
6,49.89057335534382,49.67693081138509,11.328908943196282,0.1654140840308333,0.2136425439587341,0.8239658414891573,1,0,0,0,0,0
5,35.53455583574328,19.92910613720469,8.868165023495404,0.8530396485251155,15.605449698538584,0.060221193533109,1,0,0,0,0,0
4,60.77033878091847,50.082687125346936,16.55711525384017,0.2570912951531469,10.687651655571528,0.0855603871050775,1,0,0,0,0,0
3,46.36933069197482,48.79963286077686,14.046288213939764,0.163733231247188,2.4303021688020365,0.2915195078424329,0,0,1,0,0,0
3,3.772548814328036,4.59178083969249,6.79683640510012,0.4601971859849301,0.8192320253644536,0.549682495722153,0,1,0,0,0,1
6,56.69455324015538,71.17988804556587,14.051862829187078,0.6192299247396791,14.485334805410496,0.0645772282334254,0,0,1,0,0,1
4,16.82072148301711,16.00898913501939,10.13798084763392,0.8694252627037939,0.8117323479977188,0.5519579098453339,0,0,0,0,1,0
6,43.41649922487535,54.16768883946687,6.375160260619391,0.9768182729695628,10.751189614591516,0.0850977673578081,0,0,1,0,0,1
3,11.952739204256137,11.765627852440486,6.459393258753487,0.4955432613128773,0.1871113518156484,0.8423809598573313,0,1,0,0,0,0
4,78.86123596949533,64.82019394087348,9.918895567799252,0.1544022306867432,14.041042028621844,0.0664847553844397,0,1,0,0,0,0
9,69.77289852125358,76.28454301670305,11.21205861246598,0.7742040211232836,6.511644495449474,0.133126640991303,1,0,0,0,0,0
5,36.75235568889738,28.322291063535392,7.886738045660671,0.6086559306015437,8.43006462536199,0.1060438119703355,0,0,0,0,1,0
7,68.07509849913367,65.80833677716187,11.404526069868258,0.5031022103600168,2.266761721971804,0.306113541515481,1,0,0,0,0,1
10,20.19404470076637,17.777303957780315,4.781997829451745,0.3783419909129707,2.4167407429860503,0.2926765813451953,1,0,0,0,0,0
2,27.24200363209157,16.685443202279053,3.6302750489340263,0.5521586750591821,10.556560429812516,0.0865309367846418,0,0,1,0,0,0
5,77.47083955936955,83.85382373148234,2.360571556462568,0.4048116440113278,6.382984172112785,0.1354465859180936,1,0,0,0,0,1
9,2.17373540032146,2.251988188983064,12.797076647413515,0.7813106809726242,0.0782527886616044,0.9274263053298136,0,1,0,0,0,0
3,37.73364982965151,48.58690001172936,2.154044248089161,0.589504326843377,10.853250182077858,0.0843650462648634,0,1,0,0,0,0
9,54.008176984522,28.78006284694959,11.32257315819298,0.8891629967387008,25.228114137572405,0.0381270263944549,1,0,0,0,0,1
6,30.755186660750663,25.27080304850131,6.084098802479944,0.5891895231844979,5.484383612249353,0.1542166626463841,0,0,1,0,0,1
4,90.8959867640465,116.52863208628148,6.968053431897227,0.314436172005937,25.63264532223498,0.0375479036310795,1,0,0,0,0,0
7,106.858981370186,121.00631155336336,7.045142203422298,0.86598269400893,14.147330183177374,0.0660182347586639,1,0,0,0,0,0
8,56.58320710281474,66.83003743930013,36.791585241048594,0.6014971404370395,10.246830336485388,0.0889139402019732,0,1,0,0,0,0
6,16.937025044948392,23.084093540506373,5.519464952731974,0.2861569343292051,6.147068495557981,0.1399175061245762,0,0,1,0,0,0
5,68.87693058054312,55.71384761215825,4.123823087554664,0.6611570289605999,13.16308296838487,0.0706060963020707,0,0,1,0,0,1
6,131.67738248076282,103.22840024669236,27.625775570381204,0.4219450884481848,28.44898223407044,0.0339570309103269,1,0,0,0,0,0
5,44.859475168115296,54.458785652310254,2.608323088829614,0.8599650510628593,9.59931048419496,0.0943457597068355,0,1,0,0,0,0
8,39.04959316445501,45.23664538462443,3.2151761803602312,0.5079697647818886,6.18705222016942,0.1391391031212553,1,0,0,0,0,0
1,21.28370091333243,20.61748056643468,15.824812691179336,0.753797222296675,0.6662203468977559,0.600160718155822,0,0,0,0,1,0
7,52.183889732835326,50.17870904044612,11.594839049148485,0.1859825868726134,2.005180692389203,0.3327586931902493,1,0,0,0,0,1
10,39.92700626795209,30.235039713527645,6.438800425280936,0.4564219116721115,9.691966554424445,0.0935281638704892,0,0,1,0,0,0
10,5.045615079494406,7.036698568626377,3.7138259542033687,0.9849172928251588,1.991083489131971,0.3343270101397957,1,0,0,0,0,0
2,66.18552070887569,99.71603426633996,1.2264394460460084,0.8276142605294334,33.53051355746429,0.0289598936411947,1,0,0,0,0,0
9,15.329070201126502,19.610110811692486,23.73996475104089,0.2439467221302358,4.281040610565984,0.1893566199811569,0,1,0,0,0,0
1,145.60177946440274,169.36807626749595,14.078602212437303,0.3499876445295296,23.76629680309321,0.0403774535995669,0,0,0,1,0,0
10,46.85278853301195,53.76218135579784,22.066761876557848,0.396834227970725,6.90939282278589,0.1264319553226811,0,1,0,0,0,0
6,36.85813732684559,39.90822406801029,17.829709769794032,0.6853290044459012,3.050086741164698,0.2469082920709067,0,0,0,0,1,1
9,45.42408103913813,25.40786644726614,12.010663980986036,0.78129528354069,20.01621459187199,0.0475823082043875,0,1,0,0,0,0
1,43.5260579298093,38.348688066120566,5.398393756945089,0.7745739479271188,5.177369863688732,0.1618811924923115,0,1,0,0,0,0
4,32.3566598949646,38.98804356893219,3.72696141242651,0.5588866506757626,6.631383673967591,0.1310378356956721,1,0,0,0,0,0
4,10.91588541360396,8.60452281411285,19.001363686277603,0.8297384840543361,2.311362599491112,0.3019904857757587,0,0,1,0,0,0
9,92.14515672826516,95.7256095815559,6.094996525962087,0.4933702744817275,3.580452853290737,0.2183190247841039,1,0,0,0,0,1
5,44.99547019455601,58.00991377035458,3.9144802340157607,0.2114925087660057,13.014443575798566,0.0713549556635193,0,0,0,1,0,0
5,81.49455345291918,105.39260260429238,5.089727240409059,0.6079976574884319,23.8980491513732,0.0401637892961122,0,0,0,0,1,0
6,12.314711137999735,15.199962594787891,19.78550226765021,0.957071246140996,2.885251456788154,0.2573835982360525,0,0,0,0,1,0
1,23.964566762060265,25.664184021536997,4.263007570643619,0.8136942862532602,1.699617259476728,0.3704228799432968,0,1,0,0,0,0
1,30.4259478793729,36.494300331960666,6.4666184372994895,0.6208305829230182,6.068352452587767,0.141475684285366,0,0,1,0,0,0
9,17.323984048412747,16.278501633863137,8.03889669784671,0.6821250943141872,1.0454824145496104,0.4888822279218604,0,0,1,0,0,0
3,66.10545068507062,94.2512469823054,10.321172454632796,0.9375058243320152,28.145796297234767,0.0343102651854763,1,0,0,0,0,0
4,35.82610427076009,21.578322380607908,3.9834126219515857,0.4855085149914644,14.247781890152185,0.0655833095727748,0,1,0,0,0,1
1,51.26683701492947,52.13765672980165,7.840487331752302,0.3982547250483736,0.8708197148721766,0.5345250491271014,1,0,0,0,0,0
9,26.87132726333463,23.706164707824712,16.029744358503436,0.979517408500404,3.1651625555099194,0.240086668088654,0,1,0,0,0,0
8,83.67250697284533,97.94725721397252,31.34614087165572,0.8770988201593001,14.274750241127208,0.0654675188932061,1,0,0,0,0,0
2,71.16761996574668,65.1274024927751,3.3848997549720683,0.3907392261567421,6.040217472971577,0.1420410667481716,1,0,0,0,0,0
8,64.778840654415,103.9397117716519,3.880967467678289,0.5174025376248306,39.160871117236894,0.0248998582994083,1,0,0,0,0,0
7,46.78500502248103,57.49551896173133,4.391134348094687,0.4735703161070191,10.710513939250298,0.0853933486768915,1,0,0,0,0,1
6,92.1810993155992,69.16820819197807,13.448302014349313,0.2341861108042905,23.012891123621145,0.0416442982584597,0,1,0,0,0,0
1,71.71417313451258,23.91586437044657,3.604451929337223,0.9620373914319332,47.79830876406601,0.0204925134769502,1,0,0,0,0,1
7,40.765681011486976,29.16836468378748,7.635012031627816,0.4638811880977829,11.5973163276995,0.0793819869237671,0,1,0,0,0,0
10,28.89700655488033,32.95322327188707,7.04906231624236,0.8877961743741172,4.056216717006734,0.1977763327739632,1,0,0,0,0,0
7,35.70677606875025,33.35661904327226,33.13163145398364,0.2704206049125985,2.3501570254779907,0.2984934713193997,0,1,0,0,0,0
9,58.30034793131607,49.938350748606055,5.481529284506516,0.5930837295734978,8.361997182710013,0.1068148153095823,0,1,0,0,0,0
1,12.228596889038538,10.01708815176129,5.2216174691256025,0.1215652466118428,2.2115087372772475,0.311380127474855,0,1,0,0,0,0
2,23.157131185374915,27.961230689021736,13.440279159029814,0.7877984354580777,4.804099503646821,0.1722920152164314,0,0,1,0,0,0
9,91.32485608690884,83.76505393649889,10.762841319721462,0.6228225084216505,7.559802150409951,0.1168251301173015,1,0,0,0,0,1
9,78.81413355158644,70.2405214724467,4.937626025318781,0.6630306251227774,8.573612079139735,0.1044537831419902,0,0,1,0,0,1
6,35.90679487580138,44.83410740175494,20.706200456020145,0.1465487942991881,8.92731252595356,0.1007321968947427,1,0,0,0,0,0
6,205.1331815223753,285.23832363812033,2.53350081304218,0.2899344971877539,80.105142115745,0.0123296744683943,0,1,0,0,0,0
4,69.22101027904938,49.94520649729068,8.232477576688972,0.1668977851182221,19.275803781758704,0.0493198696714385,0,1,0,0,0,0
4,45.30135290808276,58.6441990724661,6.702970207566535,0.3600228842234306,13.342846164383346,0.0697211689046233,1,0,0,0,0,0
5,79.71651571710959,77.51487500937422,7.707112148455383,0.6646951069139359,2.201640707735365,0.3123398567440554,0,0,1,0,0,1
3,28.00630155326676,34.43507884338318,4.900946933955003,0.6095673858856376,6.428777290116422,0.1346116542395805,0,1,0,0,0,0
1,24.829020530574123,28.898369329993557,7.83752106444826,0.6509348394520512,4.06934879941943,0.1972639957452771,1,0,0,0,0,0
1,39.70301657881358,39.90183735033431,9.91181288865932,0.5943261442401049,0.1988207715207295,0.8341530475247595,1,0,0,0,0,0
7,43.8333497020784,44.51670277852909,0.7196773846670204,0.3457259161082734,0.6833530764506932,0.5940524385463294,1,0,0,0,0,0
1,24.870411016049488,29.025455984030177,5.89996113691349,0.3200567476099827,4.15504496798069,0.1939847287872864,0,0,0,0,1,0
1,99.11645644057992,71.94648241232842,4.422770326498859,0.2233537151829231,27.169974028251488,0.0354987902721211,0,0,1,0,0,0
3,33.59364964636498,23.99595114180365,26.453941946796192,0.8641637874131429,9.597698504561327,0.0943601103173101,1,0,0,0,0,0
10,9.835457836098062,14.952142979664206,11.730557006467404,0.65483142268712,5.116685143566144,0.1634872445660953,1,0,0,0,0,0
4,46.86596978424514,60.54727479736003,4.213371601508289,0.2678599112536538,13.681305013114894,0.0681138358685889,0,1,0,0,0,1
4,37.56263629752803,46.88236443746249,5.652980212941171,0.2594884418391155,9.319728139934462,0.0969017774925949,0,0,1,0,0,0
2,74.12789923927578,71.23408696961695,6.901014371408242,0.885732041373523,2.893812269658824,0.256817722773168,1,0,0,0,0,0
1,28.254634099870557,16.678253336163746,5.553963276829592,0.7684577773869874,11.576380763706808,0.0795141319898505,1,0,0,0,0,0
3,66.5053698401758,57.68976293314509,12.358254212670472,0.6934591719148342,8.815606907030713,0.1018785704716558,0,0,0,1,0,1
4,51.6124641147784,56.90353106544479,23.53998533690011,0.4661776967853698,5.291066950666391,0.1589555488507515,1,0,0,0,0,0
3,82.71021462474748,106.5063579038723,0.2435577490344578,0.3357780078506658,23.79614327912482,0.0403288523034899,1,0,0,0,0,0
8,46.58523938218075,51.57369636281093,6.578374231386045,0.9815056868015414,4.988456980630176,0.16698792414048,0,0,0,0,1,0
10,23.917206628122653,26.645484731547736,31.239068278639262,0.8175156175205202,2.728278103425083,0.2682203344973979,0,1,0,0,0,0
1,53.36026291895375,51.07357579469752,6.784332237260097,0.3716013008226488,2.286687124256233,0.3042577410608553,1,0,0,0,0,0
2,19.11948142065893,22.225125446418826,10.32822404824927,0.8628083166506452,3.10564402575989,0.2435671465245737,1,0,0,0,0,0
7,6.5911218111256975,5.093150133244436,0.9740703538187244,0.7830387537532133,1.497971677881262,0.4003247950545954,1,0,0,0,0,0
4,25.360776220960236,26.14846406527343,20.54723998847168,0.3673724948901985,0.7876878443131972,0.5593817752808992,1,0,0,0,0,0
8,86.04931801540567,81.11455909778681,3.331147476974774,0.4838975688174757,4.934758917618865,0.168498841129206,0,0,0,1,0,0
3,124.0616335841702,168.8913847592148,11.526680973331164,0.267358100851924,44.82975117504459,0.02181988717723,1,0,0,0,0,0
6,12.057280337746445,3.449360440629348,3.9028199172842166,0.1999471999402984,8.607919897117096,0.1040808011211724,0,0,1,0,0,0
9,77.0899256054764,74.16646643283411,0.4659596628923562,0.7504858295557271,2.923459172642282,0.2548771265348845,0,0,0,0,1,1
1,111.7159867391805,118.6766389309682,10.779579467353416,0.34076067161848,6.960652191787716,0.125617848375741,1,0,0,0,0,0
1,18.676821263277184,10.022257411056913,14.301221137879851,0.8380534291716283,8.65456385222027,0.1035779570477467,1,0,0,0,0,0
8,99.75063846475064,118.21724227509118,8.046728901533006,0.9960478403629834,18.466603810340544,0.0513700288834566,0,1,0,0,0,0
3,15.645686377808056,15.13094105170966,2.9637647007910486,0.1689578325366838,0.5147453260983976,0.6601769833980925,0,0,0,0,1,0
5,39.84200042060681,30.340152460660622,35.29003837645541,0.5257316125753303,9.501847959946184,0.0952213366460815,0,0,1,0,0,0
1,55.68330125435253,69.86174607354407,13.923676422918794,0.8218563033797227,14.17844481919154,0.0658829024918024,1,0,0,0,0,0
5,19.933964916545285,16.227163508858112,9.611074272558028,0.8100558068871102,3.706801407687173,0.2124585070376656,0,0,1,0,0,1
6,96.06520230496912,115.48365607694886,18.36622211048825,0.7839974424978716,19.418453771979745,0.0489753049455831,0,1,0,0,0,0
8,42.66518015461508,44.655917228190624,5.550754088428445,0.4140954417717198,1.990737073575545,0.3343657350675966,0,0,0,0,1,0
3,72.66927173138389,65.22109095983565,28.17826230235915,0.5084679301165471,7.448180771548237,0.1183686792507799,1,0,0,0,0,0
3,20.887440732315493,15.616757368259403,14.10177326418314,0.6354715216073232,5.270683364056088,0.1594722523755634,0,1,0,0,0,0
10,128.51839959199447,105.59452633046554,17.19960354108445,0.9765465252159314,22.923873261528925,0.0417992516959225,0,0,0,1,0,0
9,60.08190958278385,73.29676211949929,6.474114993729822,0.3947925438446436,13.21485253671544,0.0703489534919273,1,0,0,0,0,0
4,58.45410488335021,75.30407744706957,3.251899096036833,0.930829498945172,16.849972563719362,0.0560224950727673,0,1,0,0,0,1
4,55.03393304594704,64.5947079724263,9.715345565351036,0.3424212263624447,9.560774926479269,0.0946900210412284,1,0,0,0,0,0
7,59.02640842442412,58.595822815394754,5.7490699074544445,0.990167018926334,0.4305856090293645,0.6990144411409872,1,0,0,0,0,0
2,68.29930950912723,80.13018082166003,30.356809316376776,0.7032373181448326,11.830871312532809,0.0779370298120931,1,0,0,0,0,0
8,33.66989253688354,36.33297917033379,2.457857000168145,0.5171603323226959,2.663086633450256,0.2729938164356494,0,0,0,0,1,0
6,14.891930232775756,12.650922066073267,21.743037372287244,0.6520513852572444,2.241008166702485,0.3085459673547921,1,0,0,0,0,0
3,15.491988464350827,11.944401443618997,1.710808841402098,0.3452780521361861,3.5475870207318323,0.2198968365951296,0,1,0,0,0,0
9,45.140364861680204,41.60143769560107,3.889085688662599,0.34675647176032,3.5389271660791337,0.2203163794901408,0,0,1,0,0,1
5,113.76774035590417,95.7175803208186,1.6701792647764966,0.2021990894591444,18.050160035085558,0.0524929973374635,1,0,0,0,0,0
8,39.63156232043626,40.9179717718958,5.562025832529709,0.2026452679348588,1.2864094514595408,0.4373669813871899,0,1,0,0,0,0
7,88.81582349951307,124.47984725405986,7.193740605572115,0.4129045673220202,35.66402375454679,0.0272746932168346,0,0,1,0,0,1
8,40.85226164285635,43.71062322002437,4.991480072667027,0.7865699301067345,2.8583615771680257,0.2591773684243413,0,0,0,1,0,1
7,105.7479647448906,144.58902648786778,11.518334475319636,0.6471740508383462,38.841061742977175,0.0250997326941536,0,1,0,0,0,0
3,58.08204243510051,58.089633442278455,7.236426985372222,0.1923261042979187,0.0075910071779432,0.9924661820879048,0,0,1,0,0,0
2,52.67806375806394,50.46859396780657,1.0119472223086958,0.8670128724783198,2.209469790257373,0.311577944442907,1,0,0,0,0,0
7,83.55382829099122,51.907198954033184,3.702680864702432,0.6412308642910598,31.64662933695804,0.0306310335954939,0,0,0,0,1,0
3,57.63719836197015,66.856129297473,6.4200171502159336,0.9647700191063018,9.218930935502854,0.0978575945283841,1,0,0,0,0,0
3,66.4435678274206,55.54529481850448,17.835456348197052,0.7031669206700868,10.898273008916114,0.084045810618956,0,0,1,0,0,0
2,44.56646049351568,34.97765057282646,9.254563982970751,0.2576573773337629,9.588809920689217,0.0944393191954579,1,0,0,0,0,0
4,55.001298826128455,41.070018462894616,5.796609726469097,0.5264050260770401,13.93128036323384,0.0669734929405222,0,0,0,0,1,0
8,16.679658880089754,18.155353920971496,2.171158392608956,0.6836478377924837,1.4756950408817424,0.40392697141076,0,0,1,0,0,0
1,95.29577852441749,81.52743421260492,9.5605157328275,0.1254382309449799,13.76834431181257,0.0677123974689662,0,0,1,0,0,0
1,97.26121875911828,137.30149959827077,20.722619313978868,0.1134192377393271,40.04028083915249,0.0243663049948234,1,0,0,0,0,0
5,34.87577377690965,44.63239346056768,6.6477762649417205,0.2164627005387111,9.75661968365803,0.0929660087842696,1,0,0,0,0,0
5,41.84764216977228,36.25947385834077,4.034004414027785,0.3264979915409237,5.5881683114315095,0.1517872575090169,0,1,0,0,0,0
1,126.7371133820122,51.51432106986858,12.790081667288089,0.486594211168608,75.22279231214364,0.013119435403322,0,0,1,0,0,0
6,35.59065911906095,36.64396748796933,18.32027672550864,0.5386964263838095,1.0533083689083824,0.4870189081884658,1,0,0,0,0,0
1,70.9672778871928,65.46645944804952,7.383744427431653,0.2242248480441071,5.5008184391432735,0.153826784944295,0,0,0,0,1,0
5,50.42819621481436,61.64752497745045,13.858630438797622,0.7060524212042477,11.219328762636088,0.0818375558449471,0,0,0,1,0,0
9,12.948054459287343,12.991627786184836,6.044005474915871,0.6365242555268813,0.0435733268974924,0.9582460323827608,1,0,0,0,0,0
5,59.5808521442114,76.72449134348166,14.324463268350115,0.3650176889570442,17.14363919927026,0.0551157344464951,0,0,1,0,0,0
6,14.027489648200833,15.757343136145105,21.427753135763588,0.1122938950917628,1.7298534879442702,0.3663200257509259,0,1,0,0,0,0
8,93.88599788924112,63.92037111811607,15.824279605342204,0.1698831238179616,29.96562677112505,0.0322938724086309,0,1,0,0,0,1
1,38.16520233714253,31.03840333930343,12.42217616148559,0.4525252979597555,7.126798997839103,0.1230496780178638,1,0,0,0,0,0
2,17.409951401883667,15.431956591023726,26.24998190788662,0.2385769160491155,1.9779948108599417,0.3357964212540836,0,1,0,0,0,0
9,74.84106601730619,71.68925410046472,6.912978003808837,0.4391376455331738,3.151811916841467,0.2408586949576367,0,0,1,0,0,0
3,13.462888417347278,12.555330492547949,12.418444295895323,0.6653643440593197,0.9075579247993292,0.5242304765687248,1,0,0,0,0,0
6,14.218370026489035,16.772095315987983,7.096566046807242,0.5925136850913552,2.5537252894989475,0.2813948514689478,0,1,0,0,0,1
5,130.6795539027938,147.1061576866868,12.4236975982246,0.3080582948236548,16.426603783893,0.0573835276454885,0,0,1,0,0,0
2,84.9985549595961,76.04949880653395,13.95136518262127,0.4094402421328772,8.949056153062159,0.1005120470339506,0,0,1,0,0,0
7,46.41923656235163,54.11035416893388,16.537200499598967,0.6526280786037856,7.691117606582253,0.1150600009419555,1,0,0,0,0,0
4,60.78606071567688,42.98893280449111,8.765651221311924,0.8747695252391038,17.79712791118577,0.0531996167034071,0,0,0,1,0,0
1,21.944341985192786,25.77989028767046,1.38036234252891,0.7778920948649896,3.83554830247768,0.2068017807799813,0,1,0,0,0,0
4,49.93910304292666,60.78791246475925,7.211452674937694,0.5980600241500734,10.848809421832591,0.0843966650486758,1,0,0,0,0,0
6,18.902690954378624,20.204603032979943,13.613883017057756,0.4260636984848376,1.3019120786013223,0.434421457403193,1,0,0,0,0,0
7,18.432466508837248,20.854906342842863,10.724671276243892,0.4285461497876249,2.4224398340056155,0.2921892125214083,0,1,0,0,0,0
7,77.19390544861113,89.87556699717213,11.89131640434477,0.8914755792379565,12.681661548560996,0.0730905377574683,0,0,0,1,0,0
7,31.989337893836527,40.36829632361013,14.569306032114635,0.1353192184364917,8.378958429773597,0.1066216475408921,1,0,0,0,0,0
3,28.37518508231568,33.63750353793307,3.247033954694583,0.9891843799782348,5.262318455617393,0.1596852678584215,0,0,1,0,0,1
6,57.036628845732,74.25457193049229,15.092445213462469,0.697937869766406,17.217943084760293,0.0548909388588727,1,0,0,0,0,0
8,27.557394530998828,16.720867024638668,27.109709309257436,0.7130239291651514,10.83652750636016,0.0844842374136052,0,1,0,0,0,0
4,37.4483963220808,38.68830621164589,6.419872903465302,0.1341980535742679,1.239909889565098,0.4464465310227995,0,0,0,0,1,0
8,119.25808554328002,117.88821641611634,16.77341409892376,0.6449763474021449,1.3698691271636818,0.4219642293905169,0,0,1,0,0,0
2,14.12542600829636,14.663075489855077,9.17036895113051,0.5363002540814024,0.5376494815587147,0.6503432752348086,1,0,0,0,0,0
10,107.7696680221411,132.04299310924156,11.65794569022643,0.1952010162046603,24.27332508710046,0.0395674093754446,0,1,0,0,0,0
9,216.7972909551426,223.78868713147136,15.678127701067954,0.3501298096924231,6.991396176328749,0.12513457948213,1,0,0,0,0,0
9,15.041001859624606,15.374016950154548,10.680146877849726,0.901283010592286,0.3330150905299422,0.7501790543139676,1,0,0,0,0,0
8,16.95273827128164,18.932117920717268,6.11372272708145,0.5949895742793576,1.9793796494356288,0.3356403404948496,0,0,1,0,0,0
10,64.09378495713787,39.95281408926776,11.031725545986424,0.4720749176565179,24.14097086787012,0.0397757113381006,0,0,1,0,0,0
10,5.972035160922866,8.295197802195315,4.017249643424702,0.1654139402567298,2.3231626412724484,0.3009181637938422,1,0,0,0,0,0
1,47.168112773212336,45.93286679880112,2.2144295804164837,0.7427093746620751,1.235245974411214,0.4473780565753664,0,0,0,0,1,1
2,24.824667407358007,33.99127099678738,22.350480762295376,0.7325657410564292,9.166603589429371,0.0983612660023196,0,1,0,0,0,0
6,95.74852430542138,75.29151192609453,12.089600696835666,0.6526392462753072,20.45701237932685,0.0466048106941238,1,0,0,0,0,0
10,33.78758554384047,26.08100960363248,14.058182233915332,0.5592363815985844,7.706575940207994,0.1148557144470402,0,1,0,0,0,0
5,52.39316962949512,49.41248765838344,10.23931698896008,0.4904059619866354,2.9806819711116788,0.2512132361382116,0,1,0,0,0,1
9,69.7438930328636,70.36832167105877,1.7195835992184354,0.633943983689193,0.6244286381951696,0.6156010651911773,0,1,0,0,0,1
5,60.47398399867454,52.79776006051472,21.32246433251105,0.310055906555566,7.676223938159822,0.1152575137672269,0,1,0,0,0,1
2,44.1653915245732,35.28245120436925,6.123800302262392,0.9471331577598828,8.882940320203943,0.1011844620730608,0,1,0,0,0,0
10,71.82264607213813,78.47528215606647,7.14228132552717,0.6299150762622066,6.652636083928343,0.1306739258253958,1,0,0,0,0,0
4,12.452682874747246,16.96615512075787,19.609883998733416,0.3800731999189389,4.513472246010622,0.1813739065656074,0,0,1,0,0,0
9,84.71995348456913,119.8620708626607,3.962648690027629,0.5047118657966415,35.14211737809157,0.0276685505040768,0,1,0,0,0,1
1,35.572448516524524,32.96353605401281,6.660155479814504,0.825116309989203,2.608912462511711,0.2770917860678797,1,0,0,0,0,0
1,66.37232978187237,48.46237905637459,6.288288302660909,0.2454544546572677,17.90995072549778,0.0528822107744374,0,0,1,0,0,0
7,42.90373109696149,40.08425987713034,3.856073825594619,0.3635520602142343,2.8194712198311507,0.2618163464114824,0,0,0,0,1,1
3,28.44388760669089,40.61426216255807,9.29288526096058,0.7115572204628998,12.170374555867184,0.0759279848692318,0,0,0,0,1,0
10,40.67471953347209,51.13578638753502,4.340693096623028,0.3839402858340015,10.461066854062928,0.0872519122986794,1,0,0,0,0,0
2,53.43613240510719,58.58856685621541,21.94636689073528,0.8132515136753193,5.1524344511082205,0.1625372863289706,1,0,0,0,0,0
9,59.21822440687008,52.303983558295,2.0486876595548265,0.2174081384596247,6.914240848575076,0.1263545069114298,0,1,0,0,0,1
3,54.05666562581143,66.38126278863851,2.8658026311532976,0.7864175534091477,12.324597162827075,0.0750491731779927,1,0,0,0,0,0
2,26.941825983783552,42.181690831543456,6.653324270759758,0.1615165433655096,15.239864847759904,0.0615768671337149,0,0,0,0,1,0
8,20.28886892071334,19.56492204176194,8.509995073075315,0.1113333514007453,0.7239468789514021,0.5800642770433009,1,0,0,0,0,0
10,21.849694933108385,11.08733381858234,4.931668707969522,0.908401166948946,10.762361114526046,0.0850169443246424,1,0,0,0,0,0
6,37.18406890461611,27.644885196875038,14.730140060314396,0.6232052952390688,9.539183707741078,0.0948840088313002,1,0,0,0,0,0
6,65.73361018399775,66.7608972956807,7.411475406818148,0.4166442073781303,1.027287111682952,0.4932700426284712,1,0,0,0,0,0
10,68.64110733344691,65.96953824037105,12.593739729336884,0.3093351732674654,2.67156909307586,0.2723631163269895,0,0,1,0,0,0
7,29.5367354457067,39.58337786143056,20.88548190177083,0.6551972049347345,10.046642415723865,0.0905252439941926,0,1,0,0,0,0
7,44.32567599475318,37.77004504883755,25.68384505937982,0.5581019651830644,6.555630945915631,0.1323516205540151,1,0,0,0,0,0
6,13.488650638910542,12.900417608912733,6.780271525754282,0.9924379979769866,0.5882330299978094,0.6296305272037941,1,0,0,0,0,0
4,33.73842914593433,28.27738883266033,9.235064501347509,0.9848943879883711,5.461040313274001,0.1547738369540168,0,1,0,0,0,0
9,29.387091591997056,35.11012232669073,10.639209886666748,0.6715221095274486,5.723030734693673,0.1487424406435595,1,0,0,0,0,1
6,24.496639431916485,19.226890794088227,6.958086103525039,0.4985834554953015,5.269748637828258,0.1594960273154402,0,1,0,0,0,1
4,47.55595355126598,44.764064864135726,3.637417225419459,0.5420268722211959,2.7918886871302533,0.2637208216037617,0,1,0,0,0,0
3,121.71669428302002,75.35907541068363,17.489347702594692,0.7142311596131757,46.35761887233639,0.0211159265142898,0,0,1,0,0,0
4,45.95237287685904,39.87939157368658,3.639177805964074,0.1914170898118432,6.072981303172462,0.1413830967645097,0,0,0,0,1,0
3,88.65087222271056,125.50231830279,18.68456835891489,0.3955168664296463,36.85144608007943,0.0264190699051332,0,0,0,0,1,0
2,77.18062167869303,111.44577436318558,11.933289354113832,0.1677450169032434,34.26515268449255,0.0283566048599511,0,0,0,0,1,1
5,30.492938225279147,35.6303768166367,10.347672935126903,0.1660246835652276,5.137438591357551,0.1629344204613554,1,0,0,0,0,0
2,72.20966139134131,80.17411045226571,4.652600176418557,0.2762553177048104,7.964449060924394,0.1115517521716925,1,0,0,0,0,0
6,126.01484592394434,106.19111477841858,1.2312189577696446,0.5367279291339042,19.823731145525755,0.0480221336422153,1,0,0,0,0,1
3,17.09896129558087,17.94977099833691,17.188172224600716,0.8062968890465104,0.8508097027560382,0.540304061790308,0,0,0,1,0,0
6,77.11362072231935,80.30808426084982,4.600408713794245,0.5369463020492853,3.1944635385304707,0.2384095107309836,0,0,0,0,1,1
10,42.131119924060656,42.31429821545351,12.468241302423298,0.4019289495047827,0.1831782913928492,0.8451811593185927,0,0,0,1,0,0
9,27.07992353279161,32.54043824641246,12.94855084040352,0.1741176913030823,5.460514713620846,0.1547864286868162,1,0,0,0,0,0
1,56.90665577229879,43.48464948569637,8.614817969339853,0.5952659708648166,13.422006286602418,0.0693384803838955,0,0,0,0,1,0
6,57.90725714857456,94.99750027740949,10.438180164338547,0.3441417278348591,37.09024312883493,0.0262534422953836,1,0,0,0,0,0
9,164.66698927502935,231.55407583427328,11.809548773151526,0.6534407601254327,66.88708655924393,0.0147303419646285,1,0,0,0,0,0
4,27.875774116177396,22.217144157572164,9.817706631093552,0.9794689652191764,5.658629958605228,0.150181044181267,1,0,0,0,0,1
2,45.90458441800629,47.13901417294058,4.2059980413349765,0.2001828893297951,1.2344297549342826,0.4475414802330231,1,0,0,0,0,1
4,45.34153213170558,38.55366791917181,2.069862551523621,0.2909128588497459,6.787864212533769,0.1284049095759274,0,1,0,0,0,0
1,27.745771378130577,32.15859283326309,4.968514554387116,0.5257850842894373,4.412821455132516,0.1847465334463943,1,0,0,0,0,0
3,22.215146950185364,21.719676205770853,6.331535953925906,0.9717524338113366,0.4954707444145114,0.6686857658265377,0,1,0,0,0,0
10,33.20031211292591,17.582023030870577,21.63866525899913,0.7946287986429961,15.61828908205533,0.060174666300625,0,1,0,0,0,0
9,41.10681956995062,31.642551133755788,2.985894373181721,0.9084062738465472,9.464268436194835,0.0955632977209474,0,0,0,1,0,1
10,21.10431106725055,28.10296852287736,23.749173149453444,0.4003433636282136,6.998657455626812,0.125020980776784,0,0,1,0,0,0
5,79.89673927228486,75.5251135273355,28.95939724027444,0.992834626400735,4.371625744949355,0.1861633791111089,1,0,0,0,0,0
6,61.65294114741475,58.13869703015892,5.120472078979931,0.1925495344577416,3.514244117255835,0.2215210285543641,0,0,1,0,0,0
3,17.483447930011643,20.408297159611223,28.28268427154383,0.1476756154414907,2.9248492295995803,0.2547868571506941,0,0,0,0,1,0
5,32.786304943908064,40.49071248621143,7.670563413233792,0.8700423643486253,7.704407542303365,0.1148843267206879,1,0,0,0,0,0
8,48.21983917890701,47.14590256333155,6.720164068039277,0.9345383831862876,1.0739366155754553,0.4821748131017639,0,1,0,0,0,0
6,69.62962009124415,31.92524056690328,21.65129162985533,0.1815268217914916,37.70437952434087,0.0258368694263941,1,0,0,0,0,0
4,41.32408425888272,33.027570358077014,10.092511411177048,0.2020846840712573,8.296513900805706,0.1075672032194059,1,0,0,0,0,0
2,67.16476332802037,31.16496556221148,9.015797437081137,0.1298567419801964,35.99979776580889,0.0270271747518601,0,0,1,0,0,0
9,54.84745634547677,35.65656905401843,4.908189440738123,0.1940568063784516,19.19088729145834,0.049527293454956,0,0,0,1,0,1
1,72.20658697759741,73.5980949915146,5.287813920457761,0.2884778351202528,1.3915080139171891,0.4181462048969019,1,0,0,0,0,0
1,25.20686834604245,25.49815825068077,9.25757097303488,0.9730689570190008,0.2912899046383188,0.774419436261366,0,0,1,0,0,0
4,62.86394768720516,82.90827354997813,21.644265611174585,0.7010742000157124,20.04432586277297,0.0475187471682797,0,0,0,1,0,0
7,42.24504384429614,41.89915322775433,3.002234512508992,0.8006977229666878,0.3458906165418085,0.7430024310366653,0,0,0,0,1,1
1,87.07093943137109,67.95607984676217,7.98800440607155,0.79852546332237,19.11485958460892,0.0497144907123865,1,0,0,0,0,0
9,24.78972911057288,32.24472766620404,2.452196205564355,0.5815663748012931,7.454998555631164,0.1182732313223145,0,0,0,0,1,0
4,55.516670378515656,79.82107387514775,4.688984694492672,0.8177400799417155,24.30440349663209,0.0395188134007227,1,0,0,0,0,0
3,46.154813681493245,56.73089209624398,13.785170816180589,0.6362267791509727,10.576078414750732,0.0863850402676745,0,1,0,0,0,0
1,39.371027613136064,38.709020129088096,3.9472505580833954,0.3830914878430218,0.6620074840479688,0.6016820078116676,1,0,0,0,0,0
10,33.86450489304613,31.25669791469816,18.05194155182972,0.6049990978915607,2.6078069783479734,0.2771766909930152,1,0,0,0,0,0
4,35.653724034438255,25.03273754808704,3.9294426266966944,0.5801577275210621,10.620986486351216,0.0860512144278366,0,0,1,0,0,0
9,116.47306192251015,93.4662585600204,5.429560518836035,0.8411077483833885,23.006803362489748,0.0416548586207226,1,0,0,0,0,1
10,38.60271338732857,34.27582624470639,1.388565101892231,0.9835544956434932,4.326887142622184,0.1877268981350608,1,0,0,0,0,1
6,111.27489299930102,74.43517795024486,18.0706637158891,0.4699383088788375,36.83971504905615,0.0264272603190478,1,0,0,0,0,0
6,39.3447092030022,36.050288574891695,16.300137008987086,0.7870516105972237,3.294420628110508,0.2328602823519846,0,0,1,0,0,1
1,49.37975292777861,45.90332925967148,2.520377231095314,0.1897867036343202,3.476423668107131,0.223392617442498,1,0,0,0,0,0
10,44.1651400092449,58.23604764424953,6.756386152750146,0.7991482325034597,14.07090763500463,0.0663530043590299,0,0,1,0,0,0
2,115.19387824903156,68.56809472286511,6.300102911556448,0.4342752207939089,46.62578352616646,0.0209970298850953,1,0,0,0,0,0
6,74.44883226442685,77.6578633513333,5.865512212386327,0.135451146600718,3.2090310869064496,0.237584370215469,1,0,0,0,0,0
2,31.671310338286524,20.895264748786843,29.10126052808646,0.4269215607059595,10.77604558949968,0.0849181495095151,1,0,0,0,0,0
3,14.07585100399177,7.192816951742495,5.80194150227763,0.6495784758294803,6.8830340522492754,0.126854710175287,0,1,0,0,0,0
4,32.2279294208345,28.24569715807412,4.129087339806541,0.2073251509133199,3.98223226276038,0.200713244036109,1,0,0,0,0,0
5,96.92375551385184,97.38097333730266,1.5712950409279347,0.9316310431872292,0.4572178234508328,0.6862392045356014,1,0,0,0,0,0
9,18.4377539124124,24.30198737493009,4.316323828812728,0.1699051719455547,5.864233462517685,0.145682690639898,0,0,0,0,1,0
4,14.661792206788284,13.67488009263013,21.59579995353617,0.9370060478498496,0.9869121141581534,0.5032935240941424,0,1,0,0,0,0
9,27.35402935782516,23.671541199807017,10.00955626157568,0.7364237661421178,3.6824881580181454,0.2135616719687014,1,0,0,0,0,1
10,20.981159326160764,17.299210823034137,10.026792568380516,0.3967409578727833,3.681948503126627,0.2135862877031209,1,0,0,0,0,0
3,23.60835604107504,20.553958439610483,4.546943065014911,0.4516753129381839,3.054397601464558,0.2466457654865356,0,0,0,1,0,1
8,9.217957438836455,1.101987400185548,19.35350988756879,0.7667284282594697,8.115970038650907,0.1096975961702472,1,0,0,0,0,0
1,49.95496020336367,39.72311711534529,12.61952292357932,0.6413239907930867,10.23184308801838,0.089032582823985,1,0,0,0,0,0
9,56.55203431968794,67.8844927094331,5.935371157547039,0.7044786293094507,11.332458389745163,0.0810868334923012,0,0,1,0,0,1
9,38.47952892098101,14.876474876014996,3.601617952102389,0.450248154862132,23.603054044966008,0.0406453604569717,0,1,0,0,0,1
10,14.25012810920807,12.771237446572623,8.003963874314486,0.5390321336268391,1.478890662635445,0.4034062554969024,0,1,0,0,0,0
2,27.47721376502848,25.494008665878667,3.87384427898792,0.990880735634104,1.9832050991498136,0.3352099392311279,1,0,0,0,0,0
4,55.40968935864907,65.33341425710078,7.29443296396398,0.2925305834497459,9.923724898451717,0.0915438652379222,1,0,0,0,0,0
8,60.30447333606662,62.063634603434565,9.339529095748048,0.4760705678699183,1.7591612673679435,0.3624289786272382,0,1,0,0,0,0
7,9.56950874462684,10.57850948369514,4.723323099080079,0.3626408688165705,1.0090007390682985,0.4977598965263515,1,0,0,0,0,0
1,45.068284771988765,36.66360914365088,0.6759605621018677,0.7886003593958648,8.404675628337884,0.1063300893639361,0,1,0,0,0,0
5,25.86869871729062,14.497477843249388,11.559507872519395,0.7876113630991486,11.371220874041231,0.0808327658346411,0,1,0,0,0,0
7,43.128762691677096,37.41400651003096,4.846178153021671,0.3632009148976562,5.714756181646138,0.1489257350450583,1,0,0,0,0,1
4,15.242204990918218,14.69853181776473,9.280342754125568,0.1732512849696846,0.5436731731534881,0.6478055182867194,0,0,0,0,1,0
1,11.020608197925243,14.210915772786189,7.54743286146336,0.1102894090049836,3.1903075748609417,0.2386459662291462,0,0,1,0,0,0
9,37.78769914916074,24.30039136999708,25.844648375886543,0.484705479918237,13.48730777916366,0.0690259374097268,0,0,1,0,0,0
5,40.21360721102801,61.21314337546364,8.540185857201676,0.4693038349021938,20.999536164435625,0.0454555038126938,1,0,0,0,0,0
2,22.74996419086456,23.73112451938921,16.187951914485637,0.9895508907758768,0.981160328524652,0.5047547064223161,1,0,0,0,0,0
8,105.46088289059163,85.39222828502693,6.192043440962024,0.5228218681279116,20.06865460556472,0.0474638755402956,0,1,0,0,0,1
2,25.32722437450178,20.17897678387809,3.934542277270161,0.3307765326178786,5.1482475906236935,0.1626479716797738,1,0,0,0,0,0
3,24.983206165427973,23.985848568503545,11.92818150311602,0.9021064969283208,0.9973575969244308,0.5006614747102968,0,0,0,0,1,0
10,44.06281698809176,43.31736107309613,4.557218089422818,0.5419611546882206,0.7454559149956239,0.5729162171377483,1,0,0,0,0,0
1,40.392780854279295,40.5263670868381,14.23375667603877,0.63925807168952,0.1335862325588053,0.8821560912421583,0,1,0,0,0,1
2,25.409121195714924,29.45917263144425,2.80553669746661,0.1861018393853914,4.05005143572933,0.19801778511105,1,0,0,0,0,0
7,56.2683314316364,46.96733805314148,10.818543031699368,0.4446247665967966,9.300993378494924,0.0970780159986968,0,1,0,0,0,0
10,55.99678077439594,57.485444088302216,8.366202545143809,0.949801307026408,1.4886633139062724,0.4018221325529058,1,0,0,0,0,0
2,44.67010989159172,40.929145914293485,22.588691144730024,0.6305548457578829,3.740963977298236,0.2109275676399204,1,0,0,0,0,0
6,49.666176905953925,70.11273275012255,11.629508465438311,0.4100516696282155,20.44655584416862,0.0466275334494747,1,0,0,0,0,0
3,42.17158672699144,23.110921188880653,7.640817892770117,0.6631004625684338,19.060665538110783,0.0498487948019582,0,0,0,1,0,0
4,40.54434438597576,62.28786256489148,15.009124422949014,0.9193699806203044,21.743518178915718,0.0439685712708707,1,0,0,0,0,0
8,15.450435315104322,12.037427883894033,0.6617500345271379,0.346591540425331,3.413007431210289,0.2266028361809817,0,0,0,0,1,0
3,46.29863342034794,33.73428716264599,12.694948116893643,0.554605046623607,12.56434625770195,0.0737226830546434,0,0,1,0,0,0
10,75.28295433067949,69.70881314198344,13.503756213632627,0.9628215885205798,5.574141188696046,0.1521111231562013,1,0,0,0,0,0
6,49.72788530971493,52.41413875867948,14.606284022322198,0.2551565289686074,2.6862534489645498,0.271278145641585,0,0,1,0,0,0
1,35.0407974282296,31.85851999830952,13.880868017891022,0.7476975330370403,3.1822774299200844,0.239104176314556,1,0,0,0,0,0
7,73.19599602574057,84.12939721899927,12.31957463322016,0.6530329073826842,10.933401193258703,0.0837984061547272,0,0,0,0,1,0
8,49.76989277483916,44.17737015897328,6.422784930899482,0.7117076180265713,5.5925226158658745,0.1516870033321316,0,1,0,0,0,0
8,25.17474451650821,21.123770868410784,9.494040012945767,0.4160976676008127,4.050973648097422,0.1979816308043253,1,0,0,0,0,0
3,73.07880407143807,56.18717465503732,5.083209054614844,0.3824914361353885,16.891629416400754,0.0558920586116839,1,0,0,0,0,0
10,30.534969889833803,40.15706624554085,4.2007967881080175,0.7157887035295334,9.622096355707043,0.0941433749527907,1,0,0,0,0,1
1,19.148150890659984,20.9882025077862,6.640622891925245,0.2939889565940908,1.8400516171262176,0.3521062765091138,0,0,0,0,1,0
9,23.00527412708048,16.351372251947257,7.319350046799259,0.4776892703731046,6.653901875133219,0.1306523151608335,1,0,0,0,0,0
6,28.56758969438812,25.33711213781603,11.208954316318122,0.2693571814476262,3.2304775565720867,0.2363799326736743,0,0,1,0,0,0
9,14.78520829191149,9.891863136983694,20.26360903711406,0.1074743570109967,4.893345154927795,0.1696829175470636,1,0,0,0,0,0
7,92.18835281284214,155.00910871338849,15.978974525051264,0.9730516240342624,62.820755900546345,0.0156688836709851,0,0,0,0,1,1
1,10.600245176752052,11.085485154283877,10.567641428915069,0.4885326807907771,0.4852399775318226,0.673291868740164,1,0,0,0,0,0
1,60.663676622280256,30.487363407027896,18.584132719950613,0.9724146529778428,30.17631321525236,0.0320756336099026,0,1,0,0,0,1
6,51.356518540860414,33.896130526016094,8.602953522347956,0.2262911677910435,17.46038801484432,0.0541700423195808,0,1,0,0,0,0
5,49.203178833257695,33.82201150789829,12.453463162660691,0.6286301015117375,15.381167325359408,0.0610457106101295,0,0,1,0,0,0
9,55.896193264910615,59.98568534078996,6.442312586135578,0.2808766295121156,4.089492075879349,0.1964832610191701,1,0,0,0,0,1
2,37.44170123851648,21.549280963832462,8.437278763828406,0.8110667142669472,15.892420274684014,0.0591981482664541,1,0,0,0,0,0
8,60.83854924427443,40.06844277965698,6.93017727374992,0.8053326898848777,20.77010646461745,0.0459345479832761,1,0,0,0,0,0
5,39.73217987373116,37.235946948218896,1.89596506432652,0.2013464341353806,2.49623292551226,0.28602213333755,0,0,1,0,0,0
2,32.642961726943454,31.96632083409989,1.941242390634788,0.9208580075887502,0.6766408928435688,0.5964306395414276,1,0,0,0,0,0
10,16.213943661947262,13.967646595600977,2.547768272092604,0.2751666824829021,2.246297066346287,0.3080432811792858,0,1,0,0,0,0
6,52.75018050829664,47.27400547507923,10.622641813738367,0.6516796074304243,5.476175033217416,0.1544121329134601,1,0,0,0,0,0
10,53.39015748947402,34.23511092117916,20.56781582892161,0.9870702580789336,19.155046568294864,0.0496153653930555,0,0,0,1,0,0
8,42.10352344897838,46.79955358652196,18.538376411861467,0.8941568812897275,4.6960301375435805,0.1755608688600182,0,0,0,0,1,0
4,68.93756803297464,34.44165800193508,12.547270967710295,0.960907535705052,34.49591003103956,0.0281722598216398,0,1,0,0,0,0
2,84.69652436425,81.21287935894077,5.585840930290741,0.4083388940963075,3.483645005309228,0.2230328223612413,1,0,0,0,0,0
5,29.51603233279169,42.654303136027366,4.0901115302907884,0.195018077997517,13.138270803235676,0.0707300075035442,1,0,0,0,0,0
2,62.25349108456687,56.55645142552818,9.273616915295712,0.2695121859605051,5.697039659038687,0.1493197070515098,1,0,0,0,0,0
2,15.979687508762105,10.390657878850556,5.4670062877041765,0.5504454055689525,5.589029629911549,0.1517674158665794,1,0,0,0,0,0
6,44.13767821926082,42.85036607965729,2.3285136559106543,0.81390671044599,1.2873121396035287,0.437194374429952,0,0,1,0,0,1
10,37.65449323361942,34.75318972737876,3.563637742004456,0.2351382797654877,2.9013035062406587,0.2563245844370646,0,1,0,0,0,0
9,70.15171112761405,73.3868786264878,6.403804059822081,0.6937583790346814,3.23516749887375,0.2361181701233606,0,0,0,0,1,0
4,31.187190247335373,32.49936812540201,20.10187104041709,0.3912198436355607,1.3121778780666349,0.4324926769198944,1,0,0,0,0,0
6,87.4207943545453,108.45036769162748,1.653780199757726,0.4070818651529382,21.0295733370822,0.0453935255439881,0,0,1,0,0,0
7,36.19661536756435,31.653629358969184,2.900644430742876,0.6957259571421337,4.5429860085951645,0.1804081768291246,0,1,0,0,0,1
6,16.20524619222395,12.81925231168332,6.836489952677709,0.5202994775798983,3.385993880540628,0.2279984941239219,0,1,0,0,0,0
8,11.557041240306964,9.215340270704084,4.485113166582631,0.8308299637233946,2.341700969602881,0.2992487984700909,1,0,0,0,0,0
4,66.15182428672205,55.2917366221847,11.5149706038222,0.2403266586965443,10.860087664537346,0.0843164088061577,0,1,0,0,0,0
1,14.770400584122347,15.828523469865598,6.98914887868372,0.8109534427903347,1.0581228857432503,0.4858796366956824,0,1,0,0,0,0
7,57.42848107415873,37.55799425151535,2.28581312299649,0.1578117232516788,19.87048682264338,0.0479145507480473,0,0,1,0,0,0
3,65.37904217433082,49.929039942735535,5.5634801956143685,0.2746484922210445,15.450002231595285,0.0607902653094669,0,0,0,0,1,0
6,24.877675480430483,25.190558118730404,9.568369552014143,0.6905347430528489,0.3128826382999214,0.7616827055424545,1,0,0,0,0,0
2,50.60384456801047,65.84629448004245,13.541046314335944,0.8694330908599641,15.242449912031972,0.061567066878207,1,0,0,0,0,0
9,105.0863199332346,81.85008016528234,2.8708810025268168,0.3274116649654142,23.236239767952256,0.0412605259551156,0,1,0,0,0,0
1,38.24854605311384,41.58788216960777,10.03398955020691,0.3944724452460216,3.339336116493925,0.2304499981457935,0,1,0,0,0,0
6,12.623733278235324,11.965857782893346,6.538497106186945,0.583408673458066,0.6578754953419779,0.6031816036907677,1,0,0,0,0,0
6,27.798553815293623,31.29830550204684,18.42643058012744,0.2904155258403721,3.499751686753214,0.222234485281464,0,0,1,0,0,0
5,113.19182542222237,114.87424207171313,5.622834639237172,0.8300406354287551,1.6824166494907615,0.3727981632494874,0,0,0,0,1,0
5,68.60978748195718,69.07374927231858,2.3433475091129985,0.7962729805051847,0.4639617903613953,0.6830779372685258,0,0,0,0,1,0
1,17.797251849663958,29.15435856876692,4.756118117060783,0.2307625407692034,11.357106719102962,0.0809250921539822,1,0,0,0,0,0
10,83.38153391607497,144.45399481583982,1.28339015421736,0.5174467586349689,61.07246089976485,0.0161102038730961,0,0,0,1,0,1
5,86.26567505904028,80.59335958314077,1.6456238651898711,0.7973449899891593,5.672315475899509,0.1498730093941171,0,0,1,0,0,1
2,31.45586511156239,24.240863177917284,11.586331072048845,0.4035965779930733,7.215001933645105,0.1217285166914485,0,1,0,0,0,0
7,15.740936073743866,16.693435440623063,10.659427038188197,0.6697961404459585,0.9524993668791968,0.5121640585207273,0,1,0,0,0,0
3,78.970643141604,90.89514410063256,12.051483787053588,0.1451918093118154,11.92450095902855,0.0773724264611887,0,0,1,0,0,0
4,122.08118726009188,162.38932649634918,5.14320180096373,0.6478198844763862,40.3081392362573,0.0242083041862672,0,1,0,0,0,0
3,25.35882132120477,11.126271092188402,3.6434067698623225,0.2373876820005463,14.23255022901637,0.0656488890543822,1,0,0,0,0,0
3,66.15210630636906,59.360888845140245,32.25619778108418,0.8475249926030062,6.791217461228818,0.1283496456075404,0,1,0,0,0,0
4,25.82447773253016,22.54471242535458,9.16933802726459,0.4199045172224306,3.2797653071755803,0.2336576723782892,0,1,0,0,0,0
5,25.02742005334077,19.978101803351795,3.2690938849503186,0.3533984764553761,5.049318249988975,0.1653078840746761,1,0,0,0,0,0
1,50.70296228774447,31.729109507966797,21.96224491297425,0.8568000790403365,18.97385277977768,0.0500654536220693,0,0,0,0,1,0
4,22.994446842056245,21.70361964498885,19.839817329166497,0.1451296207646292,1.29082719706739,0.4365235410510898,0,0,1,0,0,0
8,41.28131032274142,48.55245950801351,12.958530884483178,0.4569479194009103,7.271149185272087,0.1209021839166722,0,1,0,0,0,0
10,87.96572303548878,60.59604644560413,7.252554035632258,0.4330031865175282,27.369676589884648,0.035248903766374,1,0,0,0,0,0
7,13.467221930956256,13.762730894018592,4.126944322782174,0.3563203368245957,0.2955089630623355,0.7718973997958233,0,1,0,0,0,0
9,71.51179509105428,79.01741171872196,5.805205972370796,0.9205788988013294,7.505616627667678,0.1175693713665777,1,0,0,0,0,0
5,48.17359067662398,67.96610824823523,18.01690058072953,0.77583555416505,19.79251757161125,0.0480942241148005,1,0,0,0,0,0
10,56.37275930401276,65.3244428328535,4.581808748728361,0.1575308477727449,8.951683528840746,0.1004855105271307,0,1,0,0,0,0
4,45.26984857358487,44.30385020296,2.765035427650997,0.7432187044914587,0.9659983706248668,0.5086474205378732,1,0,0,0,0,0
8,95.38094360844802,102.80739626135136,12.805468447516182,0.5745692198159146,7.426452652903336,0.1186739000610713,0,1,0,0,0,0
9,54.3865486047803,64.75726335463806,8.00596342897029,0.9107811049614212,10.370714749857754,0.0879452191000139,1,0,0,0,0,0
7,33.355664535365186,34.363236704412806,4.73515906257691,0.3816510556135226,1.00757216904762,0.498114097922763,1,0,0,0,0,0
7,48.29223739271484,57.79063322676894,5.105531495732939,0.6167457996486246,9.4983958340541,0.0952526477194026,1,0,0,0,0,0
5,32.11313602409153,29.44419751133646,0.967231101561806,0.5506797472668874,2.668938512755073,0.2725583970741122,0,0,0,0,1,0
4,26.306366260524683,34.2011690205187,5.406233939399944,0.5406048156048452,7.894802759994015,0.1124252023324992,0,1,0,0,0,0
10,82.80812099707232,72.25769033886547,16.893408345468043,0.5104948595654913,10.55043065820685,0.0865768584385619,0,0,1,0,0,0
1,32.22932918347382,26.70391286491177,3.687285050878821,0.2850665279790532,5.525416318562048,0.1532469272735018,1,0,0,0,0,0
10,10.922593525393545,9.644267012525608,35.71997510459401,0.7801389302431535,1.2783265128679346,0.4389186511906978,1,0,0,0,0,0
10,56.75841569861311,42.9883875274417,8.133807983997121,0.5062024294653599,13.770028171171411,0.0677046779065615,0,0,0,0,1,0
7,33.51779881491868,39.839863330142855,2.147314944702111,0.9626646475023451,6.322064515224177,0.1365735029950611,1,0,0,0,0,1
1,106.5300236296078,64.65065512662672,9.796260986419716,0.3347275844734987,41.87936850298108,0.0233212389760468,1,0,0,0,0,0
1,62.74804212794089,55.94890391069941,3.676328084224656,0.714469455664337,6.7991382172414845,0.1282192945099125,0,1,0,0,0,0
5,103.3506431456427,111.73270743099305,13.018379618390616,0.9466453716751976,8.382064285350339,0.1065863513173165,1,0,0,0,0,0
9,70.50087968063401,70.71421112961322,18.83292633787813,0.6971124907144832,0.2133314489792042,0.8241771041551066,0,0,1,0,0,1
6,84.17336737376797,83.29082628229938,14.899980574562251,0.8841456168556552,0.882541091468596,0.5311969042969927,0,1,0,0,0,0
3,54.80832360816571,52.85438884516018,14.659353212599926,0.8447328637813055,1.9539347630055277,0.33853151143478,1,0,0,0,0,0
3,73.42632847786602,76.4452120035575,5.814645462758782,0.4241059439401035,3.0188835256914786,0.2488253251449835,1,0,0,0,0,0
7,23.728025471662335,17.78028733719367,3.7698280001546887,0.6401115459455469,5.947738134468668,0.143931734421432,1,0,0,0,0,0
6,70.29047891427123,61.86589415688074,11.95855889796363,0.24063520583022,8.424584757390491,0.1061054705053003,0,0,0,1,0,0
9,15.493683177942458,14.496265558882405,4.02987838799363,0.5819732944260396,0.9974176190600552,0.5006464298991115,0,0,1,0,0,0
6,41.37942610064803,46.0949369012347,5.979876199526356,0.3073797746329035,4.715510800586671,0.1749624897738544,1,0,0,0,0,0
5,28.67967732739036,35.440776753099684,4.167247710641233,0.769363133457201,6.761099425709322,0.128847724419998,1,0,0,0,0,0
10,50.89906830054181,49.21846879562112,4.612959707690319,0.5752525797029121,1.6805995049206928,0.373050878418925,0,0,1,0,0,0
7,31.652929500211165,37.463677682196895,12.63654997278808,0.4701046263684945,5.81074818198573,0.1468267469710562,0,1,0,0,0,0
1,15.9787579139193,16.337041332465372,4.380759225318186,0.3419173865502798,0.3582834185460726,0.7362233730795413,1,0,0,0,0,0
7,14.827012758733568,14.565199608127,12.802966308788662,0.998828633657158,0.2618131506065673,0.7925103645649034,1,0,0,0,0,0
3,17.098055666990025,20.45105428100447,18.76277393624911,0.1645394687964394,3.352998614014446,0.2297266984603458,1,0,0,0,0,0
9,51.77197703634741,33.03619053830188,5.265517511182958,0.139204612515178,18.735786498045528,0.0506693766726262,0,0,1,0,0,1
6,53.03267767609685,58.895386630993045,3.156404988262376,0.2955316604444781,5.862708954896192,0.1457150531331437,0,0,0,0,1,1
9,31.574801182511575,26.162428408775902,16.254336581764875,0.9739652127650376,5.412372773735672,0.1559485131768825,1,0,0,0,0,1
5,57.98218517847495,73.03734899058584,10.255412365730772,0.981314351487986,15.05516381211089,0.0622852567375033,0,1,0,0,0,1
7,38.67814887515596,32.31677870351189,4.273376060375712,0.6894349612949223,6.361370171644062,0.1358442758186501,1,0,0,0,0,1
4,55.35860156405913,51.06157484467808,6.237579494996668,0.8920960004857642,4.297026719381044,0.1887851530635378,1,0,0,0,0,1
7,43.11617466013211,26.249236042302726,10.895434116574464,0.2925655577567159,16.866938617829383,0.0559692973368197,1,0,0,0,0,0
1,71.9789890257569,78.58854977368374,1.8724572170094849,0.9748378847589612,6.609560747926835,0.1314136299223897,0,0,1,0,0,0
7,23.42406502815574,20.978522681161188,24.19104248858705,0.2285063651256082,2.4455423469945536,0.2902300709994961,0,1,0,0,0,0
8,9.322541634814428,8.070525164209903,15.346201847801916,0.1910126693634924,1.2520164706045254,0.4440464859173799,0,1,0,0,0,0
5,38.94064304357112,39.207356612186125,8.258614800222434,0.2009903853225456,0.2667135686150104,0.7894444527766229,1,0,0,0,0,1
2,46.10046969767132,26.85376934621412,23.38122972123,0.6158151309453082,19.246700351457196,0.0493907640574148,1,0,0,0,0,0
5,19.65838289046552,16.25153623389234,20.85681351607597,0.8028769606462471,3.40684665657318,0.2269196271008015,1,0,0,0,0,0
6,22.32628482348784,21.286528495490348,7.034441739051619,0.4300004600871698,1.039756327997491,0.490254637906548,0,0,1,0,0,0
2,61.69409676770936,84.28497891995036,6.6107581219699965,0.980106389007514,22.590882152241008,0.0423892584239375,1,0,0,0,0,0
6,62.71294296527343,65.5882382740472,6.822800118651858,0.4909781243064965,2.8752953087737723,0.2580448508623261,0,0,1,0,0,0
6,37.79455230354189,41.536653746695215,12.23180808216828,0.2354036956958946,3.742101443153331,0.2108769734236295,1,0,0,0,0,0
1,12.067561392991614,12.254475665812135,11.554168815842289,0.519370073367523,0.1869142728205233,0.8425208314528482,1,0,0,0,0,0
1,60.20398687542719,111.52388268676744,1.2763942040986462,0.7111334488801959,51.31989581134026,0.01911318790859,0,1,0,0,0,0
10,45.769459638219566,56.054251822723685,10.989806030567731,0.8490032024539408,10.28479218450412,0.0886148352269317,1,0,0,0,0,0
3,29.090046082754792,14.304481092283677,10.9402219911621,0.5128914609609336,14.785564990471116,0.0633490154203315,1,0,0,0,0,0
10,76.6998880451615,80.96248263460222,6.880859146612888,0.6342461434442507,4.262594589440724,0.1900203374978717,1,0,0,0,0,0
10,5.31941859994542,6.769349949269168,8.644863927990784,0.340610240942968,1.449931349323748,0.4081747026405572,0,0,1,0,0,0
3,41.46881899097696,26.42757138441104,1.58319188539073,0.6813248737649626,15.041247606565925,0.0623392908411116,0,0,1,0,0,0
4,60.69236864082988,62.28460804111928,2.688209161229976,0.9873747495553094,1.5922394002893938,0.3857668392388301,1,0,0,0,0,1
2,15.60476551072796,13.505717474076487,4.025303555819936,0.1441482153290144,2.0990480366514728,0.3226797352520233,0,1,0,0,0,0
9,14.370845929253516,11.300378203919546,12.348604084060252,0.897877603634651,3.0704677253339696,0.2456720130161339,1,0,0,0,0,0
10,112.34754751931932,149.87078551416178,19.38549806998126,0.6060542524907705,37.52323799484246,0.0259583579172104,1,0,0,0,0,0
7,62.25234634212501,51.93245797080208,11.774964622308037,0.3268887936060699,10.319888371322932,0.088340093753339,1,0,0,0,0,0
7,95.7931134906038,80.13296507823539,9.004658673336879,0.959400739008332,15.6601484123684,0.0600234748963944,0,0,0,1,0,1
6,73.35140583809896,56.82401528734896,13.690078607249488,0.5350188727530091,16.527390550749992,0.0570535583779303,1,0,0,0,0,0
3,52.37661497018861,38.12674976157616,0.4411246690564521,0.398521226506047,14.249865208612448,0.0655743500890253,1,0,0,0,0,0
6,121.33910728749676,104.76187935427616,18.31932700217781,0.263347865443757,16.577227933220612,0.056891792255252,1,0,0,0,0,1
8,48.80633160958886,41.534721171632896,7.419083964071804,0.3200069892309959,7.271610437955964,0.1208954420062261,1,0,0,0,0,0
8,39.27247309992631,27.60989012448565,16.770999536622725,0.8495641374322983,11.66258297544066,0.0789728289985953,0,1,0,0,0,0
9,73.40232242740231,72.89999633917112,13.074033166429132,0.6529690083854492,0.502326088231186,0.665634450359165,1,0,0,0,0,0
1,77.50986574661297,28.48879544278709,4.270620703040928,0.9219210575394844,49.02107030382588,0.0199915754286352,1,0,0,0,0,0
1,57.210101219470175,58.66279419235396,9.861593058281128,0.3087716069420072,1.4526929728837814,0.4077151160196943,0,1,0,0,0,0
3,29.06673570064696,36.161266992104274,4.606195193665736,0.2090247164640113,7.094531291457315,0.1235401981897784,1,0,0,0,0,0
3,73.20572860292597,63.49226545608172,11.46757371136938,0.105478777878031,9.713463146844257,0.0933404993598693,0,0,1,0,0,0
10,28.673534037865814,31.211795056349,26.14391144394896,0.5570758338543944,2.538261018483187,0.2826247116242116,0,1,0,0,0,0
8,44.03243122451704,41.2525445094456,11.50429147514865,0.9984762373437892,2.779886715071441,0.2645581932423336,1,0,0,0,0,0
10,22.26025874289084,35.348892107849075,4.100668412751663,0.725468741936775,13.088633364958238,0.0709792052994463,0,0,1,0,0,0
1,23.349234875638665,29.03026941407374,15.359940204297128,0.3775551327686315,5.681034538435075,0.1496774181075007,1,0,0,0,0,0
2,6.818989429582278,5.3419400923324645,3.90006663187746,0.8891727247235546,1.477049337249814,0.4037061292894016,0,1,0,0,0,0
2,38.50590562245727,50.9388323856629,18.85637172490856,0.8035500393891637,12.432926763205629,0.0744439404478194,1,0,0,0,0,0
3,53.42349178018562,85.62716282545692,3.286950413782661,0.1138736494688853,32.2036710452713,0.0301171517642298,1,0,0,0,0,0
6,118.62129784863058,112.20005040658523,17.17757865603209,0.8351744324869202,6.421247442045328,0.1347482357661956,0,1,0,0,0,0
1,26.95416203481691,30.23454899770216,5.39380071425261,0.3704740815146464,3.2803869628852453,0.2336237374496483,0,0,0,1,0,0
2,45.06281664308263,56.473843529009386,12.371726606768188,0.234706118125241,11.41102688592676,0.0805735100883497,0,0,0,0,1,0
1,39.88342209935193,28.72170736355034,15.469817595741969,0.3036977557633671,11.161714735801592,0.0822252471566534,0,1,0,0,0,0
5,54.74392808861104,29.64129364653086,9.77177725355438,0.5217218239376251,25.102634442080184,0.0383103093375086,1,0,0,0,0,0
7,34.74719070167629,36.13332752526805,5.9146066920794285,0.4823811343612099,1.3861368235917553,0.4190874513619635,1,0,0,0,0,1
8,62.99146505249058,50.04277761348525,10.050503545828416,0.3599985694368041,12.948687439005331,0.0716913332794063,1,0,0,0,0,0
10,21.19218735261729,20.03606450911292,7.418986337324656,0.2549964899863294,1.1561228435043702,0.4637954664840381,0,1,0,0,0,0
1,42.52097395392362,53.41530327640371,8.457906517433058,0.7860077106779524,10.89432932248009,0.084073676866338,1,0,0,0,0,0
7,52.87916346399818,60.34834949791685,1.875245443618537,0.9910988053614254,7.4691860339186675,0.1180751014318318,0,0,0,0,1,0
5,80.2764084848528,91.47771696411831,13.425998678881374,0.8000124223777214,11.201308479265537,0.0819584228772974,1,0,0,0,0,0
10,63.72177622296845,61.67272667429906,9.55792973520214,0.3663432709043871,2.049049548669388,0.3279710559103254,1,0,0,0,0,0
1,41.88935869198506,35.14096933971423,1.3951557512151496,0.32032806527092,6.748389352270827,0.1290590798340469,1,0,0,0,0,0
3,23.3732758339602,19.231648793853797,6.227106350357838,0.2958992884593444,4.141627040106407,0.1944909640858168,0,0,1,0,0,0
7,127.41566860233152,182.9605088392522,0.8403482995776358,0.2230255670401326,55.54484023692069,0.01768507959011,0,0,1,0,0,0
10,25.773688871876832,40.31089415412077,8.601982243328797,0.5961974947230712,14.537205282243937,0.0643616391644647,0,1,0,0,0,0
1,16.76512139931254,21.28676542615701,12.108305275160069,0.6448603347580097,4.5216440268444735,0.1811054814722424,1,0,0,0,0,0
7,27.731097011928515,25.78405564123561,4.751205368039177,0.7349523945968235,1.9470413706929044,0.3393233667991845,0,0,1,0,0,1
5,14.173789789535324,10.23050084384469,4.455383866200823,0.7121920338403012,3.943288945690634,0.2022944664951784,1,0,0,0,0,0
1,52.505895805816,88.22478438473958,5.965233400942648,0.3630999801550442,35.71888857892358,0.0272339397705516,0,0,0,1,0,0
1,41.7120324901697,46.43740613655019,4.43255107955527,0.3972799048571619,4.72537364638049,0.1746610896971218,0,1,0,0,0,0
1,36.11687459362264,40.016198654939664,3.7582302636367104,0.713363081898104,3.899324061317024,0.2041097889187559,1,0,0,0,0,0
9,39.07865828041077,33.239626835438244,1.1674076504237372,0.4145028767052655,5.83903144497252,0.1462195353312954,0,1,0,0,0,0
3,28.970055700057102,33.95401623561055,4.3073984252462125,0.2913608706573817,4.983960535553447,0.1671134015771899,0,0,1,0,0,0
5,8.497430735301068,8.056025767978255,1.939882331453524,0.4369025383270656,0.4414049673228124,0.6937675550385718,1,0,0,0,0,0
10,73.49264990998283,54.100440894901865,18.27203603365624,0.3448757418201799,19.392209015080965,0.0490383361243725,0,0,0,1,0,0
9,30.891171968194197,28.276368069790127,20.51706071254601,0.17948144909672,2.614803898404066,0.2766401796903836,1,0,0,0,0,0
6,14.675416804976187,16.15393638379221,11.607068301283327,0.8471250120489882,1.478519578816023,0.4034666534600042,1,0,0,0,0,0
9,10.620546849762668,14.691711519561476,17.654375578693475,0.8678002502413327,4.071164669798808,0.1971933599308014,1,0,0,0,0,0
8,90.0021125441142,54.568661074153205,3.996172435527912,0.2977752701501915,35.43345146996099,0.0274473034986676,1,0,0,0,0,1
8,33.25382999910416,22.955044289546336,12.029637812730831,0.1582949795726815,10.298785709557826,0.0885050859185765,0,1,0,0,0,0
1,32.69652481199842,29.209582647686435,11.803991355064332,0.7649446936160615,3.486942164311987,0.2228689301934286,1,0,0,0,0,0
9,56.37439929941532,43.18304739746415,10.165506082886996,0.2903757632770724,13.191351901951172,0.0704654501494329,0,0,1,0,0,1
6,29.088799344729548,29.10705118339685,5.822428166200369,0.4540919404931742,0.0182518386673038,0.9820753197055928,1,0,0,0,0,0
9,13.900838950673272,12.1917375133746,8.137411738259619,0.1577217270136449,1.7091014372986724,0.3691260822618478,0,0,0,0,1,0
3,27.05439341422592,27.89763244291043,9.868816801085764,0.3036426262825916,0.8432390286845148,0.5425232346092852,0,1,0,0,0,0
3,48.823517616495245,50.867708370162525,9.69802767246878,0.8136120504966722,2.04419075366728,0.3284945264337718,0,0,1,0,0,1
6,26.90959998960764,17.801390209468696,3.5526679576947906,0.8239568022236816,9.108209780138946,0.0989294862048514,1,0,0,0,0,0
9,22.63792059646995,21.45612170239092,19.66994836209525,0.2863763423989394,1.1817988940790336,0.4583373851337995,1,0,0,0,0,0
7,18.68009843155516,14.950153206127014,8.63961046982699,0.4023224605960206,3.729945225428148,0.2114189387699477,1,0,0,0,0,0
3,53.267482845905846,68.42443820178708,14.041290872178497,0.2208145771843692,15.156955355881236,0.0618928491150403,0,1,0,0,0,0
3,47.953591945225575,39.80558261377401,5.168025514991563,0.1667553672564301,8.148009331451568,0.1093133996444365,0,0,0,1,0,0
2,57.65283153369364,50.51779603798339,11.48255229769812,0.9929545430035686,7.135035495710255,0.122925093630792,1,0,0,0,0,0
9,36.25884286866702,28.03041263696344,9.092664200118762,0.6900345561203552,8.228430231703577,0.1083607910438088,1,0,0,0,0,0
3,30.644115716243245,30.415308048156582,3.902468676410504,0.5878868582784869,0.2288076680866595,0.8137970049918966,0,0,0,1,0,1
5,23.490640016065058,22.5971429040424,8.231903118467825,0.7889486503647696,0.8934971120226614,0.5281233299224762,1,0,0,0,0,0
9,33.441372695715465,45.829802850376936,6.413905900068995,0.8560694437189517,12.38843015466147,0.0746913557786928,0,0,1,0,0,1
8,11.199682420945416,11.114796464995171,6.95401321739536,0.8260432912402548,0.0848859559502432,0.9217558716797174,0,1,0,0,0,0
2,50.273711284071176,67.18282576059434,15.815768708012996,0.1148855043608889,16.909114476523165,0.0558374899725437,0,0,1,0,0,0
3,31.346242049414677,43.40100577237559,7.523299604922659,0.2681271083714486,12.054763722960915,0.0766003905716948,1,0,0,0,0,0
2,78.86730592684522,71.8929545167033,15.159833351289109,0.6894147719060479,6.974351410141921,0.1254020482127464,1,0,0,0,0,0
8,40.1339950131956,38.37802548222902,12.281307461341155,0.4381834130235666,1.7559695309665813,0.3628487139512305,0,1,0,0,0,0
6,8.281990863312515,7.093959900763043,8.923565681393622,0.9842343859549962,1.1880309625494725,0.4570319237323816,0,0,0,0,1,0
6,46.20480250948293,32.023273446653675,16.441239673959448,0.6988643133744287,14.181529062829256,0.0658695178767215,1,0,0,0,0,0
9,129.45741378108434,205.7900126578441,15.556738186188715,0.9608940178562858,76.33259887675976,0.0129311572936225,1,0,0,0,0,0
8,53.155872351440976,45.600849202315,8.937891699944092,0.2813018334812144,7.555023149125979,0.116890390893,0,1,0,0,0,1
4,67.01000766108854,51.90412791622628,9.45157386276177,0.8775613253035207,15.105879744862255,0.0620891261974682,0,0,0,0,1,0
4,83.97175711028687,61.702051140457485,16.56229505565689,0.3892170752337028,22.26970596982939,0.0429743289965314,0,0,1,0,0,0
9,21.991070139714456,18.55287379779477,12.83423257602622,0.9906083274140262,3.438196341919685,0.2253167554924942,0,0,0,0,1,0
1,37.274924193390746,34.44564751861913,19.532462558303347,0.2419198048658326,2.829276674771613,0.2611459251791051,1,0,0,0,0,0
2,22.820010721823284,29.90932547834064,7.402304437209894,0.564705836954494,7.089314756517357,0.1236198652295394,1,0,0,0,0,0
2,62.17233290401534,90.3477631420463,3.0078651160674665,0.8135600804534098,28.17543023803096,0.0342754157125152,0,1,0,0,0,0
6,23.029722670891797,11.045932125640718,4.6243058853180345,0.4893782325436323,11.983790545251075,0.0770191105990814,0,0,1,0,0,0
4,36.05965523181992,50.37192166322877,1.2848630832115262,0.521275654168882,14.312266431408844,0.0653071186084366,1,0,0,0,0,0
10,65.44447035897778,92.89226124798482,4.368002651199859,0.9877202159551668,27.44779088900704,0.035152114408519,1,0,0,0,0,0
3,61.73682456703652,52.16886274602889,12.736286738423878,0.482777335271038,9.567961821007628,0.0946256257296596,0,0,1,0,0,1
3,45.66381521946034,35.26441475794444,7.497026196219174,0.6436648905391572,10.399400461515905,0.0877239117421986,1,0,0,0,0,0
3,84.55753791692356,95.58997245032393,3.8744894340044422,0.1490856946076356,11.032434533400362,0.0831087006726809,1,0,0,0,0,0
6,65.22841449157139,54.82210245077616,5.271021641636645,0.857989072189234,10.40631204079522,0.0876707560185493,0,1,0,0,0,0
8,27.1433726095295,37.30810248014748,10.172569386073553,0.6833512440815891,10.164729870617975,0.0895677738367573,0,1,0,0,0,0
7,14.324192370942956,16.08197572467359,5.496525379187492,0.4636180925765322,1.7577833537306358,0.3626100645822065,0,0,1,0,0,0
4,21.176834740134154,17.183000206441022,6.85424437885774,0.1145525859590677,3.993834533693132,0.2002469231315242,1,0,0,0,0,0
4,67.796341412658,72.7512420230315,2.003553750200298,0.6325019385341535,4.9549006103735,0.1679289152631682,0,1,0,0,0,1
10,52.75893976020564,53.68597302963606,17.99445335499677,0.1113920456357459,0.9270332694304244,0.5189324003189479,0,1,0,0,0,0
2,85.10768586873026,44.249047849173344,19.746556152147697,0.1010832525181161,40.85863801955691,0.0238899316201541,0,1,0,0,0,0
1,56.273903736158,42.387704151635525,4.060959293170873,0.6544887059344192,13.886199584522473,0.0671763128206156,0,1,0,0,0,1
9,66.15467202747828,55.27597282565292,6.227381196135935,0.2701153606010988,10.878699201825365,0.084184301918036,1,0,0,0,0,0
2,49.816281486553095,54.542456642247394,1.1103473330834777,0.2726987947462858,4.7261751556943,0.1746366418787533,1,0,0,0,0,0
8,26.42129444110771,30.16240781762724,16.997315939885965,0.6879444092494693,3.741113376519529,0.2109209210124614,1,0,0,0,0,0
9,25.533357093732967,33.2351493852808,2.623830694234125,0.1483274691454368,7.701792291547832,0.1149188542423971,1,0,0,0,0,0
4,21.336602478176253,17.577729176560744,7.950247631862231,0.3820650053271007,3.758873301615509,0.2101337725592583,0,1,0,0,0,0
8,26.471687061016095,16.663355636306434,3.3630793808441544,0.2344887119278171,9.808331424709664,0.0925212191137877,0,0,1,0,0,0
9,86.4212081310495,68.12100922486603,8.091160265834395,0.6221587328168805,18.300198906183468,0.0518129375174271,0,0,1,0,0,1
10,61.01378322572462,50.24395070451081,14.83533568332769,0.6955886392546562,10.769832521213814,0.0849629761678945,0,0,1,0,0,1
10,36.62569630097243,29.28416654154144,12.223713941833246,0.7490222682391392,7.341529759430987,0.1198820874395842,1,0,0,0,0,0
5,53.79133236267418,53.50090056100657,12.8719852331683,0.3297080952267089,0.2904318016676157,0.7749344046757893,1,0,0,0,0,0
7,53.28698420906965,62.58851542796121,2.344983707103069,0.1803247764729256,9.301531218891569,0.0970729475794957,1,0,0,0,0,0
10,90.93757549154006,81.57436480781129,7.7940283655662785,0.170815291247708,9.363210683728768,0.0964951915500565,1,0,0,0,0,0
4,34.22224445819247,38.50940092461687,28.201383018652997,0.4835363936056513,4.287156466424399,0.1891375839452469,1,0,0,0,0,0
1,47.981820097827146,59.61803987895917,9.736007578538327,0.9512599681564436,11.636219781132027,0.0791375915677856,0,1,0,0,0,0
3,66.47148102832459,66.29625397005307,8.319709928280307,0.2959561308223222,0.1752270582715169,0.8508994010661779,0,0,0,0,1,0
5,26.237726221469583,18.77678214955427,6.653647039663253,0.3310674412073944,7.460944071915318,0.1181901205705084,1,0,0,0,0,0
3,95.5959887668424,88.9265012934377,9.082517402355975,0.190799921895273,6.6694874734047005,0.1303868092186963,1,0,0,0,0,0
7,64.50612086093487,80.96190812518067,8.06969716651375,0.6450132465045372,16.4557872642458,0.0572875909211079,0,0,1,0,0,0
9,21.19216600720136,24.531326556212825,25.030800450334493,0.7118855865524574,3.3391605490114635,0.2304593224207427,1,0,0,0,0,0
6,115.00668036356922,84.31952655695034,14.21018838820964,0.678638087344684,30.68715380661888,0.0315585301886948,0,0,1,0,0,1
10,84.66230195328352,109.58370561676428,7.352590566927168,0.8750172187403031,24.92140366348077,0.038578157764228,0,0,1,0,0,0
1,59.58831583527378,54.66326222043091,13.72215544455351,0.5377832515234646,4.925053614842874,0.1687748440781862,0,0,0,0,1,0
7,9.300696441804384,6.806426436177667,4.3497925152181125,0.221011336690358,2.494270005626718,0.2861828073931694,1,0,0,0,0,0
3,29.627343053154146,29.39100984415516,7.973883557018863,0.3604646176339714,0.2363332089989818,0.8088434353467436,0,0,1,0,0,0
5,45.8862847800707,28.39272346317592,5.495982081059783,0.6961869760792166,17.493561316894784,0.0540728734106205,0,1,0,0,0,0
10,48.15248748869031,55.97991914336944,13.08807864075028,0.6518097763674039,7.827431654679138,0.113283233347939,0,1,0,0,0,0
4,43.55343440953263,56.0167343867646,7.539156681475444,0.5779028167686663,12.46329997723197,0.074275994866869,1,0,0,0,0,0
10,16.872996059213772,12.649351293203145,8.985632245900394,0.7146679768198184,4.223644766010629,0.1914372138218185,1,0,0,0,0,0
5,35.35111495032322,33.86336179296691,7.105274958290007,0.6736517653359694,1.487753157356309,0.4019691411276037,0,1,0,0,0,0
5,37.74621360198465,45.97124952225791,10.511125254165067,0.8931924005184565,8.225035920273257,0.1084006619207157,0,1,0,0,0,1
6,7.722088974092581,5.1528404544989295,13.23126524594925,0.6274147397304669,2.569248519593652,0.2801710204572269,0,0,1,0,0,0
10,59.30717367681963,41.19795492697502,19.787472793122056,0.8007412228305009,18.109218749844608,0.0523307631301322,0,0,1,0,0,0
10,101.9804154089506,95.93748463792568,6.591632440250565,0.323836440369821,6.042930771024928,0.141986345246224,0,0,1,0,0,0
6,39.50757181390682,36.75281295140811,3.545750410211701,0.7103643261301612,2.7547588624987114,0.2663286875723682,1,0,0,0,0,1
8,59.97731679832491,60.70910016607008,10.92147769768169,0.9119747065444082,0.731783367745173,0.5774394295644645,0,0,1,0,0,0
8,21.5148757498391,20.94970270010438,2.7574950696099103,0.4471590951098499,0.5651730497347209,0.6389069886997407,0,1,0,0,0,1
9,51.8450424638536,34.60917935267308,6.439098766330183,0.801193768604782,17.23586311118052,0.0548369986056154,0,0,0,1,0,0
8,52.41763379652579,31.25383908511669,2.0869910281977195,0.7523103710758918,21.1637947114091,0.045118627609614,0,0,0,0,1,0
2,79.064086174752,53.01012041165447,43.087571107243605,0.1535735771846402,26.053965763097537,0.0369631575923716,1,0,0,0,0,0
10,88.34077568439321,99.44730443475936,18.10627677778585,0.623357478661665,11.106528750366166,0.0826000599031951,0,0,1,0,0,0
1,59.51962757081797,73.67152289691762,16.973013663187174,0.2171704142807221,14.151895326099648,0.0659983440010614,1,0,0,0,0,0
10,26.869565260186143,26.271800732270925,20.450757549918453,0.970587255007532,0.5977645279152171,0.6258744530427224,1,0,0,0,0,0
2,26.17033791324196,30.81906680528192,15.729027671442513,0.8302667524305906,4.648728892039959,0.1770309779619931,0,1,0,0,0,0
2,87.78845237941806,74.44068562352258,9.78021257296825,0.1987514211224081,13.347766755895478,0.0696972579087335,1,0,0,0,0,0
3,12.325199961893226,11.193952212680166,9.984738012767046,0.2095767978829105,1.1312477492130597,0.4692087066692454,0,0,1,0,0,0
10,18.14692163470396,22.33961355623137,19.141625404607264,0.6350264694213571,4.1926919215274125,0.1925783418527655,1,0,0,0,0,0
7,29.49097347882214,32.920858114206915,19.997523987179846,0.410400256755865,3.4298846353847736,0.2257395129462872,1,0,0,0,0,0
2,56.81931169146169,59.32706376739588,3.8300529341640734,0.1314152731657983,2.507752075934185,0.2850828617166964,0,1,0,0,0,0
1,100.04095721757665,96.3541042360834,7.379549117287492,0.5874773570497478,3.686852981493246,0.213362783929569,0,0,1,0,0,0
6,104.9025480891374,74.52794698777126,8.755282834149236,0.4490605897172622,30.37460110136614,0.0318729151892374,0,0,0,0,1,1
9,5.796566422376321,5.920476414127248,16.061312413198397,0.1909688431345684,0.1239099917509269,0.8897509652370925,0,0,1,0,0,0
3,50.76647045995243,54.7000936835658,4.380778245403607,0.8217283530303844,3.933623223613367,0.2026907922789458,0,0,1,0,0,1
6,41.279195498963446,64.06655537051493,3.977064169810276,0.9235690887509254,22.787359871551487,0.0420391336154942,1,0,0,0,0,0
3,23.701428842041302,23.233669654819504,2.550218697884735,0.7809345406127169,0.4677591872217981,0.6813106732398103,1,0,0,0,0,0
1,5.351154637979354,4.8566230527167615,5.5777069699306505,0.8401800790146495,0.4945315852625924,0.6691059659500591,1,0,0,0,0,0
5,41.09156874920514,43.98713801070882,6.37925268922069,0.2948415105395056,2.895569261503681,0.2567018920397791,0,1,0,0,0,0
10,17.853978881146087,24.318583881524315,22.93973720615551,0.3372156558267409,6.464605000378228,0.1339655614663241,0,0,1,0,0,0
4,55.49915162440197,60.38418075816021,14.82591776868871,0.287674786269269,4.885029133758245,0.1699226932053247,1,0,0,0,0,0
7,43.592369526006,41.64130621491344,16.055137164424234,0.7885570882290076,1.951063311092554,0.3388609103170261,0,0,1,0,0,0
6,9.446433111403788,7.592466543407251,3.4375303217834103,0.9531253710410472,1.8539665679965376,0.3503895284596807,0,1,0,0,0,0
10,36.69317797993,29.05612330248123,7.04714324043699,0.7451534860605123,7.63705467744877,0.115780209497919,1,0,0,0,0,0
7,13.992123712505633,16.72455846632496,13.575136562593906,0.8933200883916004,2.7324347538193283,0.2679216291662484,1,0,0,0,0,0
5,49.304923832276025,45.75748727025508,9.23260213631934,0.6748291853948553,3.547436562020941,0.2199041122094481,0,0,1,0,0,1
4,63.03443130281011,94.66142926581618,11.997378147962491,0.4488939105029191,31.62699796300607,0.0306494640154709,0,0,1,0,0,0
7,32.26687372629822,32.94451669381535,2.593649113590568,0.4831854534372747,0.67764296751713,0.5960743849330321,0,0,0,1,0,1
7,85.22153396982347,95.6201179797209,8.956141654516841,0.1677892889506643,10.398584009897434,0.0877301951831645,1,0,0,0,0,0
6,49.881874417408426,42.97120263985308,14.08385980914326,0.1283114757214234,6.910671777555351,0.1264115144856928,0,0,0,0,1,0
8,42.809652363959785,34.00805392748068,3.5466275478791243,0.7259280437701696,8.801598436479104,0.1020241755955079,1,0,0,0,0,0
4,43.285874879490976,51.55146641469828,1.5468280252604254,0.4945860028100626,8.2655915352073,0.1079261908103989,1,0,0,0,0,0
10,36.684712231516826,47.65012857848229,3.4156515323491683,0.5969935612491666,10.965416346965462,0.0835741917374742,0,0,0,0,1,0
5,35.761248272765926,26.876660810598292,18.97404063291945,0.6018951228601747,8.88458746216763,0.1011676009572893,1,0,0,0,0,0
4,17.43887492468483,14.234630090244185,2.9555355118080997,0.3496382319999713,3.2042448344406456,0.2378548441822716,0,0,1,0,0,0
1,96.4105830305455,80.52963907041361,8.435639436518859,0.5283032597465417,15.880943960131887,0.059238393443028,1,0,0,0,0,0
8,36.37770871312632,42.53135309013693,1.4839528786720435,0.523684199500932,6.153644377010615,0.1397888890330725,0,1,0,0,0,0
1,104.90766793974592,114.39506217424363,3.975596576605109,0.4495844991050713,9.487394234497714,0.0953525706805751,0,0,0,0,1,0
5,62.33640815155078,60.78943857396499,9.64801257042254,0.8386078450609634,1.5469695775857844,0.392623456832915,1,0,0,0,0,1
6,38.662464174425054,31.124288635376526,8.29208489804836,0.5060476033188364,7.538175539048527,0.1171210401363377,0,0,1,0,0,0
6,45.87162260307531,64.31102214689838,17.010803474163794,0.6432800720553891,18.439399543823072,0.0514419181387602,1,0,0,0,0,0
5,63.03290798926976,78.43817668161464,11.145083768912809,0.9059681083427434,15.405268692344876,0.0609560269175369,0,1,0,0,0,0
3,74.34605381723647,37.25887523094997,3.546196720502806,0.8796102605730303,37.0871785862865,0.0262555546805468,1,0,0,0,0,0
5,42.34345453171883,51.41256946298977,6.964166451296389,0.9013799834012486,9.069114931270946,0.0993135947723041,1,0,0,0,0,0
8,70.4945957307284,65.40715727865502,5.90626320677666,0.3430044968185126,5.0874384520733855,0.1642727081141,1,0,0,0,0,1
2,61.66613604126067,52.39302784125896,0.8338118750899295,0.1314842394772565,9.273108200001708,0.0973415231818383,1,0,0,0,0,0
6,63.37671294415024,75.51690406676835,23.33696703703472,0.3349601199057963,12.140191122618106,0.0761023938440825,0,0,0,0,1,0
9,70.61643035959412,76.81296446891159,8.581593066971703,0.3508366110586378,6.196534109317469,0.1389557785469652,1,0,0,0,0,0
8,28.532442550114805,29.167268627234662,9.748861181420423,0.9184242940524712,0.634826077119861,0.6116858630991134,1,0,0,0,0,0
8,90.11297435202783,69.8524911772724,13.276936209309088,0.6843184595541736,20.26048317475545,0.0470356196413914,1,0,0,0,0,0
8,52.83876443920111,66.24277072591063,13.401149362500448,0.1735335636420059,13.404006286709524,0.069425129376866,1,0,0,0,0,0
7,74.22416509619421,51.28130748580673,14.401642710883651,0.221840736409991,22.942857610387485,0.0417661089696392,0,0,1,0,0,0
8,42.26768054498539,50.44782667029735,6.174702810933328,0.2401085129877778,8.180146125311964,0.1089307279371892,0,0,0,0,1,0
6,48.90236790687106,49.99916959480952,5.601301244555542,0.6673795733520308,1.096801687938452,0.476916823251505,1,0,0,0,0,1
2,28.46407736779247,28.209887981285444,17.454525173072607,0.7618726229563028,0.2541893865070257,0.7973277487103007,0,0,0,1,0,0
2,19.92270084124111,17.177549853489282,23.72210676568844,0.8736795195088565,2.745150987751828,0.2670119317673461,0,1,0,0,0,0
8,37.695955037221566,39.24793648891171,1.4777160802514997,0.9465728957256188,1.5519814516901462,0.3918523778210505,1,0,0,0,0,0
1,64.72909081854597,42.46844460153011,17.027844304045527,0.2815341016477976,22.26064621701586,0.0429910670009017,0,0,1,0,0,0
6,29.041470289046394,38.0054309264168,6.967676046456784,0.3787952362516441,8.963960637370405,0.1003616971598063,0,1,0,0,0,0
6,12.569391105605376,11.303025005665235,7.892994312037665,0.3162905926703476,1.2663660999401412,0.4412349796559399,0,0,1,0,0,0
4,81.3588409790819,67.3290093664744,0.4442371726835825,0.422885410719524,14.02983161260751,0.0665343448798965,0,0,0,1,0,1
10,18.017982452800943,17.131522811886487,8.428295269139344,0.9231985966813744,0.8864596409144561,0.5300935033602164,1,0,0,0,0,0
3,51.81708871507276,46.97705994267243,5.239083553516436,0.6176013102454254,4.840028772400324,0.1712320330896225,0,0,0,0,1,0
3,112.38716949110815,147.32278693431715,0.7247582821388681,0.7643727075920491,34.935617443209,0.0278275446798807,0,0,1,0,0,0
1,208.43309128245767,118.11052026153028,18.62436119675493,0.5411073125141038,90.3225710209274,0.0109501954316511,0,1,0,0,0,0
3,38.89435962498448,38.17281829230822,9.668159143564928,0.1259721220025121,0.721541332676253,0.5808748131800193,0,1,0,0,0,0
4,82.08032161592058,114.55838567550698,10.760315027271048,0.1577759373980329,32.4780640595864,0.0298703054698783,1,0,0,0,0,0
5,52.27548510302177,53.167819826789945,18.51997599689353,0.5841307281410972,0.8923347237681725,0.5284477357201995,0,0,0,0,1,0
3,22.066294535395148,23.105886457379693,13.57295721942454,0.7469101313380231,1.0395919219845453,0.4902941560128308,0,0,1,0,0,0
6,36.80729153417858,36.54799097170112,2.482140103781842,0.2937974747758584,0.2593005624774633,0.7940916011604625,1,0,0,0,0,0
5,30.771259268019566,25.77805675881306,15.768253786978462,0.7497186165930736,4.993202509206505,0.1668557000141147,1,0,0,0,0,0
3,80.22331863287877,91.0571084688155,1.8756773032028384,0.8295991961351612,10.833789835936727,0.0845037822932439,0,1,0,0,0,0
6,109.74817538940852,104.4888879568381,12.847952102832902,0.4707077305259001,5.259287432570432,0.1597625945081964,1,0,0,0,0,0
6,33.2690459746756,34.439931163848975,27.05571468088861,0.7717773095596945,1.1708851891733758,0.4606415875824264,1,0,0,0,0,0
8,12.900938785119314,14.671709900121312,12.927397769720717,0.4636269552956139,1.770771115001999,0.3609103597859899,0,1,0,0,0,0
2,47.82874336036791,53.11332854789371,6.382798353008978,0.710515566509518,5.284585187525799,0.1591194916070019,1,0,0,0,0,0
1,23.142859714444768,23.70332485324075,26.442810572958912,0.7875973443875888,0.5604651387959834,0.6408345660138076,1,0,0,0,0,0
4,19.572276668231105,23.96899699234982,9.636510402489243,0.9927339564772996,4.396720324118714,0.1852977252741553,1,0,0,0,0,0
7,26.94731560020077,33.762845231670155,3.64535066848064,0.4108569958572364,6.815529631469381,0.1279503817596034,1,0,0,0,0,0
10,25.54474587794826,30.55621047376772,4.902500571798063,0.4699367025171503,5.011464595819458,0.1663488130156215,0,0,1,0,0,0
3,55.35834665187367,69.96329228072126,4.765922937534783,0.2490580534691542,14.604945628847595,0.0640822482682273,0,1,0,0,0,0
3,63.2604629221587,84.70195622333112,30.54942150166958,0.2836657525616262,21.44149330117242,0.0445603145289692,1,0,0,0,0,0
5,51.45194196283519,35.93464389089246,12.773014859156635,0.72405550233854,15.517298071942731,0.0605425896925998,1,0,0,0,0,1
5,23.06664591954288,38.96951795403307,13.098275912932955,0.9253410311390284,15.90287203449019,0.0591615435506763,0,1,0,0,0,1
10,23.53540417212976,24.4561447149174,11.601091718799545,0.4551444564951165,0.9207405427876444,0.5206325256969178,1,0,0,0,0,0
3,41.00003420998958,38.508268617670495,10.174828520824498,0.2618600021519871,2.491765592319084,0.2863880674578278,1,0,0,0,0,0
9,34.489661085932056,35.94327930851404,5.663123442328296,0.3565895494446947,1.4536182225819871,0.4075613682668536,1,0,0,0,0,0
4,43.70179478604744,27.579242678856087,2.907143313226532,0.5095465343273248,16.12255210719135,0.0584025087930675,0,0,1,0,0,0
3,54.23507853760769,57.408574795209546,10.8700734965793,0.3615852964288315,3.1734962576018546,0.2396072593041243,0,0,1,0,0,0
2,40.68689339993347,32.61964851193886,25.91906483688804,0.3102211748096796,8.067244887994605,0.1102870841532073,0,0,1,0,0,0
10,60.30011826168295,61.39520270511965,10.468424456670176,0.7623860398813715,1.0950844434367042,0.4773077300691682,0,0,1,0,0,0
9,48.93106639006575,50.70270416329468,19.81055656892884,0.1070604291165608,1.7716377732289246,0.360797507401197,0,0,1,0,0,1
4,62.01531081400258,52.82730464529093,1.425473864483609,0.5853074746028348,9.188006168711652,0.0981546323628166,0,1,0,0,0,0
3,18.69160785298517,10.263228446027805,10.50831776646729,0.8143901263267785,8.428379406957369,0.1060627661273455,0,1,0,0,0,0
7,11.37123294551225,12.14933861307584,5.366462115154179,0.3396054576857213,0.7781056675635885,0.5623962727537046,1,0,0,0,0,0
8,22.524753873976326,22.51883956442948,3.47198915457652,0.6429623595508156,0.0059143095468492,0.994120463849934,0,1,0,0,0,1
2,76.98091339367875,80.6826746905198,22.345806474764164,0.702010095056756,3.701761296841056,0.2126862545471766,0,0,1,0,0,0
7,49.14206734154913,43.96363111328194,5.963929266725217,0.689522226764581,5.178436228267188,0.1618532526766018,0,1,0,0,0,1
5,28.667235932445436,23.959225656277432,12.753711068415072,0.501264670778846,4.708010276168,0.1751923965826034,1,0,0,0,0,0
5,25.861004890969028,24.47036070877389,7.690484139178839,0.4119201890882012,1.3906441821951354,0.41829729720873,1,0,0,0,0,0
3,64.30352996754687,66.54050250479882,2.4737643523739643,0.8523316657250322,2.236972537251958,0.3089306407427708,0,1,0,0,0,0
5,49.87792613973197,58.27826484486252,14.033345741348333,0.7826013612998779,8.400338705130551,0.1063791456210207,0,0,1,0,0,0
2,16.51045291183229,13.166355609440306,6.3175083002850565,0.3891296560725212,3.344097302391983,0.2301974220166228,0,0,0,1,0,0
4,16.388176634335267,19.62955937291765,15.529611633042023,0.1927172749979854,3.241382738582388,0.2357721671527888,1,0,0,0,0,0
6,60.79866914099574,70.73691984530545,4.00293895793175,0.1646267909009222,9.93825070430971,0.0914222965840412,0,0,1,0,0,0
1,27.9515147779027,31.589475219058738,5.450392329927871,0.1848483801090424,3.6379604411560393,0.2156120158176131,0,1,0,0,0,0
10,13.449628010193823,19.603690873930383,12.4162893195738,0.6245824250728386,6.154062863736559,0.1397807118901526,0,0,0,1,0,0
4,13.262090926662736,7.428776980677858,4.296684486144104,0.1464959582460907,5.833313945984878,0.1463418786118528,0,1,0,0,0,0
6,55.39582199509954,82.40968152347956,13.87014495411438,0.4032341874676346,27.013859528380024,0.0356966164903814,0,1,0,0,0,0
9,28.94583546780108,24.21563116215964,1.1149836078189257,0.7778797317228064,4.73020430564144,0.1745138474409177,0,1,0,0,0,1
2,67.28057248967788,71.34348942739818,2.947647639966882,0.3649133498638403,4.062916937720303,0.1975145972768562,0,0,1,0,0,0
7,44.57562053561748,45.06654125840299,8.863060626916882,0.7869772694621169,0.4909207227855106,0.6707264743974343,0,0,0,0,1,1
6,32.36213210212762,21.535368832280536,13.116117145548934,0.7709203343863498,10.82676326984708,0.0845539880340337,1,0,0,0,0,0
2,42.87751000044359,48.54816060699258,9.17288253511174,0.3212444193698947,5.670650606548989,0.1499104148879028,1,0,0,0,0,0
8,118.72211616432976,144.35901505448598,12.050112382174484,0.7559399620834709,25.636898890156232,0.037541907716951,0,0,0,0,1,0
7,21.52416937562588,23.79608077687376,6.012308879194759,0.7729989744448906,2.2719114012478805,0.3056317477357755,0,1,0,0,0,0
5,84.26640209151492,53.15422808918584,1.0054782924929226,0.4577085331003242,31.112174002329084,0.0311408377373475,0,1,0,0,0,0
5,61.24598500855022,42.25718095173714,6.646827909169288,0.2893784353673664,18.98880405681308,0.0500280055353864,0,1,0,0,0,0
7,29.911239016235506,24.697078698385805,6.770332555261937,0.5691437262026822,5.2141603178497,0.1609227874484629,1,0,0,0,0,0
9,61.21825084661268,80.69728138005084,18.6986482935832,0.9292578292001769,19.47903053343816,0.0488304364978215,0,0,1,0,0,0
9,47.95154102871015,49.10381869862636,13.67536385043711,0.6756550591888557,1.1522776699162094,0.4646240649975851,0,0,1,0,0,0
9,40.19913440399847,20.09283394401471,3.1967757686139904,0.2556302478645351,20.10630045998376,0.0473792174946025,1,0,0,0,0,1
6,34.31156112299186,52.01910753922552,0.6946006281926774,0.7144812322601679,17.707546416233654,0.0534543642309095,1,0,0,0,0,1
10,74.44614400572692,102.3679758306234,7.653419128717908,0.4844827245536511,27.921831824896486,0.0345759565318812,0,0,1,0,0,0
6,43.78896093552085,31.892156299609866,5.335697767636153,0.6323759176198357,11.896804635910982,0.0775385863577023,1,0,0,0,0,1
3,22.73199430485907,20.40605754697538,24.6381462047684,0.7606576315207971,2.3259367578836923,0.300667172227383,0,0,0,1,0,0
1,41.92406326302322,38.923122311930456,19.091969285495097,0.5634526163630004,3.0009409510927654,0.249941204387651,1,0,0,0,0,0
7,13.901514668289623,15.719683129358584,2.471509221801085,0.8325855771159778,1.8181684610689608,0.3548403914862809,0,1,0,0,0,1
4,28.06036322221317,29.45551053491047,13.387343612002692,0.749940021384965,1.3951473126973042,0.4175108540083266,0,0,0,0,1,0
1,60.01566421926712,49.79351813699965,11.934701155392895,0.6535660060166596,10.222146082267464,0.0891095154767355,0,0,1,0,0,0
8,20.70272927268136,27.48857485994792,11.610873409963972,0.2357135342491163,6.785845587266557,0.1284382009367692,1,0,0,0,0,0
6,144.141515709216,206.98642169575655,40.75127485311179,0.8523541998204115,62.84490598654057,0.015662956731596,0,0,1,0,0,0
6,7.290765092267701,7.200631699437078,7.851167277911348,0.9423150267878344,0.0901333928306238,0.9173189323220484,1,0,0,0,0,0
2,33.82150408477378,28.970566895993183,14.549655520398264,0.2232686114283653,4.850937188780595,0.1709127901624956,1,0,0,0,0,0
1,63.65497797196866,89.03931674912401,15.98603730934343,0.5394170164900876,25.38433877715535,0.0379012719797943,0,0,0,0,1,0
2,14.391519964331774,6.496127334767561,10.913979898067886,0.332999867773454,7.895392629564213,0.1124177472140417,0,0,1,0,0,0
4,64.35024519936445,49.96221657079223,24.419432549342652,0.7790709766830082,14.388028628572222,0.0649855822430182,0,1,0,0,0,0
2,61.713830601786775,76.82393144619049,9.780790510803394,0.7494666724042299,15.11010084440371,0.0620728578708666,1,0,0,0,0,0
1,35.47379659322333,47.814630694558005,15.409973728115258,0.2267966085133588,12.34083410133468,0.0749578319019764,1,0,0,0,0,0
7,23.26127480870408,21.40312390964932,4.750308949104976,0.8893245441354735,1.8581508990547635,0.3498765584177924,1,0,0,0,0,0
8,43.45008147773168,68.21986102613938,2.9262876280468184,0.2628757575802021,24.769779548407705,0.0388051437584684,0,1,0,0,0,0
6,60.11741394439045,23.3769735055601,12.351620446084098,0.8175331230832967,36.74044043883035,0.0264967760940892,0,0,1,0,0,0
4,24.577619469894834,31.304098761818903,8.157700830786801,0.5112823236652044,6.726479291924072,0.1294250540534325,0,1,0,0,0,0
6,39.92597799638772,40.78853197168964,8.520942690418465,0.3954450642023361,0.8625539753019211,0.53689719238225,0,0,1,0,0,0
3,14.951619926238251,13.132563752398044,6.5156410340205575,0.2424153364067921,1.819056173840208,0.3547286532562309,1,0,0,0,0,0
8,69.88029178527887,85.21508089962565,15.176389131818294,0.2508528305319665,15.334789114346776,0.061219033377156,1,0,0,0,0,0
10,107.49764171478944,97.01102463752854,9.649521461117615,0.6957014992308103,10.486617077260917,0.0870578337620059,1,0,0,0,0,0
2,31.47788929455767,22.92350067731647,33.03749709719692,0.5953873491524084,8.554388617241202,0.1046639445035203,1,0,0,0,0,0
5,26.625733592582705,27.39420875168673,9.41431534776362,0.2098768794861094,0.7684751591040246,0.5654588897401518,1,0,0,0,0,0
1,78.63219881116973,77.56691360531104,11.29857570129107,0.2014280743944926,1.065285205858686,0.4841946270487271,0,0,0,0,1,0
6,77.79523893118748,62.61430444901793,16.497709213455302,0.1650795172955123,15.180934482169556,0.0618011278089001,1,0,0,0,0,0
2,65.43854933704924,56.06201680717621,12.291220404460365,0.7693906126361897,9.376532529873025,0.096371306804185,0,0,0,0,1,1
4,18.11880779728377,16.247848361848668,3.051714142704583,0.7406938767063602,1.8709594354351005,0.348315614514577,1,0,0,0,0,0
6,3.945420105245657,2.341362031272991,7.257736325813923,0.1525878917691176,1.604058073972666,0.3840160133120351,0,0,0,0,1,0
10,38.78886590487183,22.39392935586819,4.472224192267296,0.6042430680372757,16.39493654900364,0.0574879935424242,0,1,0,0,0,1
8,55.4706303531449,68.41039508531274,11.84092994148321,0.1762085397184209,12.939764732167845,0.07173722219948,0,0,0,0,1,0
8,31.596415870207046,20.349914433235096,10.328791792003,0.9133711935480476,11.24650143697195,0.0816559737608832,1,0,0,0,0,0
6,76.86009835336348,76.51799980584724,15.798189174402763,0.9164056772621192,0.3420985475162439,0.7451017675644245,0,0,1,0,0,0
4,27.434229994263205,14.613507554497303,17.30151933548535,0.7284096908318171,12.8207224397659,0.072355117784779,0,0,0,0,1,0
8,11.668450883248363,16.062032523172793,4.466804381406922,0.9335700292955048,4.393581639924427,0.1854055554842795,1,0,0,0,0,0
8,31.51586352234453,29.3911343465175,17.06467488604212,0.8303077273723215,2.1247291758270315,0.3200277347989133,1,0,0,0,0,0
10,52.501407505812914,67.17181192250732,18.892490475260544,0.8456847183343444,14.670404416694405,0.063814562369217,1,0,0,0,0,0
1,20.46859533908057,31.288355937607964,3.6760742358366567,0.6127370655129399,10.819760598527395,0.0846040824316347,0,0,0,0,1,1
4,49.26351683744284,33.390514414557906,11.31190561320256,0.3754532783945583,15.87300242288493,0.0592662749010037,0,1,0,0,0,0
4,38.650899895043445,32.07290910339107,21.288910370066134,0.2960192036047794,6.577990791652375,0.1319610999133915,0,1,0,0,0,0
7,106.12123386462062,129.25604317193586,7.16617982731173,0.3944800198350362,23.13480930731524,0.0414339300247506,1,0,0,0,0,0
7,71.30954941066862,60.02659003767328,8.559691670617974,0.6656458870801558,11.282959372995345,0.0814136047863633,1,0,0,0,0,0
8,152.43510703670793,163.50071627868405,11.25954564273862,0.255390882249159,11.06560924197612,0.0828801911237943,0,0,1,0,0,1
5,17.26214647870219,17.704822640644327,9.517339633107335,0.3327762129735894,0.4426761619421384,0.6931562511255434,1,0,0,0,0,1
7,86.3276523565483,35.76351304945653,9.984060030969117,0.521254776515918,50.56413930709177,0.0193933228293498,0,1,0,0,0,0
8,8.511745511076379,10.519813569544642,13.486312486304028,0.309745088672154,2.008068058468263,0.332439286798986,0,0,0,0,1,0
9,74.91373911617387,72.34522496261265,13.864551806066634,0.6297793027444555,2.5685141535612246,0.2802286769696689,1,0,0,0,0,0
3,11.17240103298992,7.837364991446681,8.332483331295352,0.9308584256106968,3.33503604154324,0.2306785896165254,0,0,1,0,0,0
3,63.77755688956836,88.44100288656466,26.07520323982233,0.7732804291328138,24.663445996996305,0.0389659284305405,1,0,0,0,0,0
4,49.65537292675816,40.92991149474262,4.45358232362178,0.6997839527340217,8.725461432015543,0.1028228847536292,0,1,0,0,0,0
5,53.12132266418242,43.05714413647005,15.468745625869555,0.6244493283854009,10.064178527712372,0.0903817664813801,1,0,0,0,0,0
10,7.43194187655837,4.085990905082769,0.7414455955384911,0.5391531183313584,3.3459509714756006,0.2300992364072771,0,0,1,0,0,1
1,61.07301199026581,70.15823894470671,9.011831714135528,0.2679074736711937,9.085226954440898,0.099154932706761,1,0,0,0,0,0
7,11.606358187277548,11.72962872790243,0.5589669667631538,0.905239409884179,0.1232705406248815,0.8902574792388791,0,1,0,0,0,1
9,106.31950486202528,60.11857711574024,9.478330875087448,0.3236824018115527,46.20092774628504,0.0211860242530657,0,1,0,0,0,0
8,26.31714950486365,27.93319873845384,12.176467749167024,0.1821779898203446,1.6160492335901893,0.3822558028189818,1,0,0,0,0,0
5,33.2129197926687,40.08415063368022,6.660879347762646,0.7750136613058257,6.871230841011517,0.1270449336576046,0,0,1,0,0,0
4,85.59747828743016,95.48685976444808,8.809300018730085,0.2580539808980497,9.889381477017906,0.0918325804005034,1,0,0,0,0,0
7,44.37364084544127,59.06919724595964,14.58836730670214,0.4347063995870585,14.695556400518363,0.0637123001238091,0,0,1,0,0,0
5,44.851166995232425,38.07500604265766,0.0677302241674527,0.1254564354618817,6.776160952574763,0.1285981612390482,1,0,0,0,0,1
7,57.12258081487433,82.36677805535705,5.767030952295553,0.2233611482864032,25.244197240482716,0.0381036611955293,0,0,1,0,0,0
1,21.489169592909487,21.50874496124317,21.721224892409214,0.2558832676839209,0.0195753683336867,0.980800469546769,1,0,0,0,0,0
1,26.066116068171933,31.282566961031705,2.980197547208112,0.1489691149751601,5.216450892859772,0.1608634922458089,1,0,0,0,0,0
10,45.749578183680285,60.36228801614547,4.932453533482792,0.6909912609605606,14.612709832465184,0.0640503801537765,1,0,0,0,0,0
3,110.81861463436312,184.2249242200503,1.0753019892307694,0.8533070162228055,73.40630958568717,0.0134397204426378,0,0,1,0,0,0
2,67.23095052692025,49.05897097178303,5.81166634606465,0.4359838657293469,18.171979555137227,0.0521594547461347,1,0,0,0,0,0
2,69.92086254512532,56.99546067094116,7.999129059411699,0.8871188290463806,12.92540187418416,0.0718112129929885,0,0,0,1,0,0
7,90.3123689578686,94.59907304082508,39.77388414885829,0.2920119171041139,4.286704082956504,0.189153768455443,0,0,0,1,0,0
10,77.04044380276775,69.89765328846822,11.62032385377227,0.3928513812051155,7.142790514299534,0.1228080224149083,1,0,0,0,0,0
2,65.28809451779158,52.20134802179046,6.046493713754968,0.2356632937280515,13.08674649600112,0.0709887127083514,0,1,0,0,0,0
4,38.36860624824684,23.742069855577096,1.9123042253986864,0.6585032758770988,14.626536392669744,0.0639937075543554,1,0,0,0,0,1
2,20.21621411096436,20.852384658601075,4.968012560437118,0.4778826317832761,0.6361705476367163,0.6111832299171986,1,0,0,0,0,0
6,22.354569328425036,26.80024092494174,4.132660467008897,0.6519550121577088,4.445671596516707,0.1836320795840212,0,0,1,0,0,0
8,81.62260685376319,88.81060640957311,0.8437864694221222,0.7855074148547653,7.187999555809924,0.1221299528882404,0,0,1,0,0,0
10,60.10196332621444,35.61218861740753,2.8868722694784155,0.5911327144296536,24.489774708806905,0.0392314177517815,0,1,0,0,0,0
4,3.556553543115371,2.128493901392972,6.215110139673561,0.664867319411609,1.428059641722399,0.4118514977212946,1,0,0,0,0,0
5,43.63423878138666,44.30191903793697,6.994176004089407,0.9417252829548995,0.6676802565503124,0.5996353294177353,1,0,0,0,0,0
4,6.306524501751683,5.929947874475552,14.40458060603768,0.3691578786479588,0.3765766272761315,0.7264397638210133,1,0,0,0,0,0
3,38.23546408424911,35.19727215812687,22.390876861917132,0.4232475447705578,3.038191926122238,0.2476355800553224,0,0,1,0,0,0
5,78.25908974428765,72.82809015694454,6.867836887545872,0.7459330255384032,5.430999587343109,0.1554968222930858,0,1,0,0,0,0
9,60.02442990795512,52.54884357092705,15.834820676520176,0.6501749653498481,7.475586337028069,0.1179859375192968,0,0,1,0,0,0
8,33.59561102400359,34.8455777627148,6.054269610942129,0.2606796140857433,1.2499667387112083,0.4444510146726901,1,0,0,0,0,1
8,47.961330293867405,61.165381206941056,3.811569825671672,0.4385325790094412,13.204050913073653,0.0704024511119981,1,0,0,0,0,0
8,26.407377686450417,20.23990559006588,13.898576313690544,0.5210542118122434,6.16747209638454,0.13951920377959,1,0,0,0,0,0
8,16.081383689625618,17.90199527594696,5.969156167643881,0.4774508541715504,1.8206115863213408,0.3545330398731737,1,0,0,0,0,0
7,25.06181199531417,25.57991251898949,4.289226996628536,0.2604473274898367,0.5181005236753222,0.658717907282582,1,0,0,0,0,1
8,73.56838279460769,40.773432768539415,3.641420238870476,0.931987082605836,32.79495002606827,0.0295902198177134,0,0,1,0,0,0
8,87.53687922415416,73.18856424247035,1.6557237896446697,0.7860868855245783,14.348314981683814,0.0651537319369173,0,0,0,1,0,0
8,75.98561995920025,76.17757975626344,8.789906101766343,0.5332202488970671,0.1919597970631912,0.8389544701623737,0,1,0,0,0,0
10,70.76564084703259,109.0568170046476,5.175013174828993,0.7120549254761529,38.29117615761503,0.0254510070146166,0,1,0,0,0,1
7,18.96862640038211,15.529705092851673,16.25620979168854,0.9075544049219696,3.438921307530439,0.2252799567101005,1,0,0,0,0,0
1,35.70863444230531,30.26080768911281,26.368010066016648,0.2225567281254141,5.447826753192501,0.1550910156673908,0,0,0,1,0,0
4,38.1998000551647,42.14543056612111,3.620629656036528,0.3253357456362799,3.9456305109564056,0.2021986878689439,1,0,0,0,0,0
4,30.371100849387314,29.51102296890648,2.308005319947485,0.5884311225309805,0.8600778804808336,0.5376118981327267,0,0,0,0,1,0
5,20.369307258928945,13.944340337599144,22.842859851735405,0.8191093342171227,6.424966921329801,0.1346807346881622,0,1,0,0,0,0
10,49.53808907555542,28.05074013125892,9.4868637707499,0.1326294058973746,21.487348944296503,0.04446944824297,1,0,0,0,0,0
6,48.33582365317764,25.84320114796881,9.226352575128626,0.9856163351767244,22.492622505208832,0.0425665546610761,0,0,0,0,1,0
4,34.94962159845236,42.37664072330235,10.870113908485305,0.5094159425941575,7.427019124849991,0.1186659226927767,1,0,0,0,0,1
2,99.93816756292026,74.19268317819173,18.259580516886103,0.4233080265595507,25.745484384728528,0.0373894892167663,0,1,0,0,0,0
6,31.459828950246408,50.09902990046895,18.173201032999863,0.3634519940557946,18.63920095022254,0.0509185685575801,0,1,0,0,0,0
8,39.92862084943396,34.65671094701378,13.434676039515615,0.2569210368857845,5.271909902420184,0.1594410658887372,1,0,0,0,0,0
8,14.177657664093156,16.912087614131057,2.9620726031889584,0.8124165180370251,2.7344299500378995,0.2677784865103311,1,0,0,0,0,0
7,65.80312428365723,46.69143058275112,1.2881216375092197,0.9598727482714868,19.111693700906105,0.0497223165224988,0,0,1,0,0,0
6,85.68637092478943,89.75437476417228,2.9887314572258887,0.4722802793608583,4.068003839382854,0.1973163461773882,0,0,1,0,0,0
2,12.647373329660972,17.116615663287508,1.8014185928436244,0.9571786252781106,4.469242333626536,0.1828406823101805,1,0,0,0,0,0
7,57.28364556216522,52.27390281097023,14.590687258235066,0.8414178538915308,5.009742751194992,0.1663964734266134,0,0,0,0,1,0
5,33.61671241559557,24.49319309234434,4.871899162675224,0.5329460147286865,9.12351932325123,0.0987798776363518,1,0,0,0,0,0
6,68.17989898463243,61.83406051482844,13.23026849008784,0.7066235612135194,6.345838469803994,0.1361314986860421,1,0,0,0,0,0
10,50.43163438626651,47.70548216660474,8.44845158349728,0.4914857612534167,2.7261522196617705,0.2683733623986976,1,0,0,0,0,0
8,50.49334482512062,38.05071367106815,4.808986306646963,0.6028510673912971,12.442631154052478,0.0743901985065279,1,0,0,0,0,0
8,48.23599300822063,68.16898565034904,3.6861363973713335,0.1522417033166534,19.93299264212841,0.0477714781204988,1,0,0,0,0,0
3,115.16279166860885,115.70269573830517,4.514093821090863,0.7266371277704798,0.539904069696334,0.649391101484132,0,0,0,0,1,0
7,16.199301228401655,21.38404104438268,2.342737536636413,0.147542180035723,5.184739815981022,0.1616882892011165,1,0,0,0,0,1
1,6.417290819671057,8.140946810991332,26.85446369148749,0.8353764522276845,1.7236559913202756,0.3671535624127245,1,0,0,0,0,0
1,66.32547937298453,94.533765898377,7.721588851688254,0.8424522365145017,28.208286525392467,0.0342368594313343,1,0,0,0,0,0
7,19.07629983802491,13.0716870958231,8.458268637395019,0.3133695588005931,6.004612742201807,0.1427630672535457,0,0,1,0,0,0
10,69.19234726668932,80.34182438274847,8.282259220727967,0.3912965029322203,11.149477116059144,0.0823080689355925,0,0,0,1,0,1
9,64.48376035471824,56.36155873972404,14.329968368815928,0.533179340702464,8.122201614994204,0.1096226593321831,1,0,0,0,0,1
7,24.664400742838595,23.78840500339773,4.146668108404828,0.6369966162392333,0.8759957394408637,0.5330502511152012,1,0,0,0,0,0
10,172.84095813673756,126.13473357944056,18.910812366174124,0.3586182955677971,46.70622455729699,0.0209616252235379,1,0,0,0,0,0
5,95.5578180987508,151.10243825025034,6.4611242765851,0.6332377641687326,55.54462015149954,0.0176851484247432,1,0,0,0,0,0
8,40.79667733623264,33.29849151121333,6.2510287772852005,0.368008365906369,7.498185825019313,0.1176721738722073,1,0,0,0,0,0
2,48.92337762460291,56.90762128237121,20.957961198186297,0.1499416489639546,7.984243657768303,0.1113059750038436,1,0,0,0,0,0
9,82.8833721281554,56.24377650178259,4.087951899460745,0.102274794848718,26.63959562637281,0.0361799793860165,1,0,0,0,0,0
6,17.22983244574634,16.13376327279257,11.35676591449004,0.1910359521265857,1.0960691729537686,0.4770834917584355,0,1,0,0,0,0
9,57.490551083196834,72.73408697572695,8.230801696030099,0.8130256301476164,15.24353589253012,0.0615629507402922,1,0,0,0,0,0
2,40.244917252131344,43.73960987993421,4.782992227920712,0.9652881811450034,3.4946926278028627,0.2224846241574541,0,0,0,0,1,0
3,97.50245130951444,74.549040171481,12.721547183150903,0.4842695793530973,22.95341113803343,0.0417477074241084,0,0,0,0,1,0
8,10.038361313143868,8.243763378307934,2.753122554044938,0.5614155581049485,1.7945979348359344,0.357833228005555,0,1,0,0,0,0
1,51.12925377683737,53.21015024531193,4.746638651269735,0.2321633521660835,2.080896468474556,0.3245808517853668,1,0,0,0,0,0
10,17.15071380142744,17.076584139944913,9.001102150724217,0.5959282174121413,0.0741296614825266,0.930986300685327,1,0,0,0,0,0
7,58.04031603213644,38.98847980741286,24.227235830620803,0.2301894118062791,19.05183622472358,0.0498707444441929,1,0,0,0,0,0
7,44.51708337444392,40.276366312521255,22.742439418307107,0.6500928980789471,4.240717061922659,0.1908135829857471,0,0,1,0,0,0
1,47.76998574417309,46.02718243713602,11.484549621454825,0.9399328008227684,1.7428033070370643,0.3645904893852043,0,1,0,0,0,0
9,71.64303407613812,81.82351384959699,6.583735289642939,0.2761286853727356,10.18047977345887,0.0894416000263138,0,0,0,1,0,0
8,61.62110576376652,77.22752871544576,0.9591563246907449,0.7881073462513918,15.606422951679235,0.0602176641477676,0,0,0,0,1,1
4,26.752385726589587,31.24104548081451,15.952707883896624,0.1211521805364916,4.488659754224923,0.1821938405327904,1,0,0,0,0,0
10,7.624524069757253,8.271725549818893,17.58753460299815,0.4379475171894589,0.6472014800616392,0.6070902752968504,0,1,0,0,0,0
5,11.122664193402567,12.131087433812027,11.366059004375153,0.1996736570474581,1.00842324040946,0.4979030215743414,1,0,0,0,0,0
2,27.6038442260462,30.895951810789352,6.828728953601733,0.4172278974361295,3.2921075847431567,0.2329857722007312,1,0,0,0,0,0
9,48.42014557780625,60.00195319765108,14.968686518379188,0.2561832276749952,11.581807619844833,0.0794798355065242,1,0,0,0,0,0
6,41.84570430415779,59.545337892997225,8.048569890206242,0.4359744911105987,17.699633588839433,0.0534769836665052,1,0,0,0,0,0
3,49.44694218658185,37.42358339717401,7.309568480321248,0.4757705254967773,12.023358789407837,0.0767851071425076,0,0,0,1,0,1
7,84.68689872101768,75.1973857796234,1.8021658741478597,0.3705320105028266,9.48951294139428,0.0953333110495289,1,0,0,0,0,1
9,28.676103345687988,35.92059792577147,14.413860773586338,0.6909597545258163,7.244494580083479,0.1212930629387198,0,1,0,0,0,0
3,68.75170427946838,51.64883511246108,9.257795921258907,0.9269668461330188,17.102869167007306,0.0552398622988731,0,1,0,0,0,0
2,47.23587986907738,31.93677747136437,22.66213035094733,0.4605358366947452,15.299102397713014,0.0613530718194833,0,0,1,0,0,0
7,89.77895752280665,75.37702450401201,5.079414631436181,0.2731088408275193,14.401933018794637,0.0649269152631505,1,0,0,0,0,0
7,50.66208518516324,51.59331862111831,3.847129023124035,0.343650482376385,0.9312334359550718,0.517803793877181,0,0,0,1,0,1
4,107.98097103747278,95.06662973094724,17.465236356158286,0.868600741146732,12.914341306525545,0.0718682960242624,0,1,0,0,0,1
9,65.05001996924196,71.05962567979229,20.12233726279805,0.6144757509431331,6.009605710550332,0.1426613765871131,1,0,0,0,0,0
8,78.96815083356296,73.35685629162188,8.441082393705189,0.5095099290762616,5.611294541941078,0.1512563074684008,1,0,0,0,0,0
1,27.82495228464517,25.42387781124993,15.440883497082488,0.234673049358034,2.4010744733952443,0.2940247288974282,0,1,0,0,0,0
1,88.65489810660685,51.66208610685704,6.443596594375399,0.5047545774914037,36.99281199974981,0.0263207682549684,0,0,1,0,0,0
5,109.08979402180329,125.4199806765916,6.731444139226336,0.3506428030216479,16.330186654788335,0.0577027830063041,0,1,0,0,0,0
6,60.49787485543307,69.75287337375204,11.410775298670655,0.9488468150680144,9.25499851831897,0.0975134221827194,0,0,1,0,0,0
3,36.00767173073884,34.324311505305694,6.660800784375935,0.8956630984741581,1.683360225433148,0.3726670726210753,0,1,0,0,0,0
9,80.44690643733031,83.44347973055429,10.17229368105663,0.1755122876453782,2.9965732932239746,0.2502143528045535,1,0,0,0,0,0
10,68.29214897189604,70.79993859441184,9.075308355766278,0.5649881403351186,2.5077896225158014,0.28507981025464,1,0,0,0,0,1
6,128.35399732747825,162.09078456773855,3.065473608255016,0.3025525109632049,33.7367872402603,0.0287879242568808,1,0,0,0,0,0
4,59.197479151040056,62.49402755021483,10.132005644529116,0.4696993805718615,3.2965483991747746,0.2327449634204207,0,0,1,0,0,0
7,40.53797560449527,27.00406235777461,3.158091280356936,0.8891631984263108,13.533913246720662,0.0688045939881768,0,0,1,0,0,0
8,46.78855355208925,69.1063067327296,14.5897923169999,0.5747630678996903,22.31775318064036,0.0428857785848017,1,0,0,0,0,0
9,24.03504634659161,31.78009151119724,17.674226847196092,0.4007937640336838,7.745045164605628,0.1143504671705256,0,1,0,0,0,0
6,35.28484172737405,35.723327730655306,7.3678279859588125,0.2870995186944973,0.4384860032812554,0.6951753424913083,1,0,0,0,0,0
6,9.39868523767464,9.762546985624112,24.33401518054527,0.8202923734658403,0.3638617479494712,0.7332121466882348,1,0,0,0,0,0
8,39.47181829840887,42.32655638437164,19.86924172944737,0.6620662138279124,2.854738085962765,0.259420997665588,1,0,0,0,0,0
5,81.51475951859234,65.80952516866454,10.256180155564357,0.521258914383608,15.705234349927808,0.059861476891183,1,0,0,0,0,0
3,136.18704422625478,174.1450722461514,6.766995215676003,0.2957359184766802,37.95802801989663,0.0256686503610829,1,0,0,0,0,0
3,33.93946324754737,42.5138140694172,16.627144465140205,0.4008217367414182,8.574350821869821,0.1044457236427759,1,0,0,0,0,0
6,63.35235260795401,61.98269579280089,24.639821137006763,0.9638590840646668,1.369656815153121,0.422002035740092,1,0,0,0,0,0
2,40.530114809517954,47.34309832070406,10.866208940546771,0.5680809438452509,6.812983511186104,0.1279920786429751,1,0,0,0,0,0
6,33.48888831489071,42.22401889220902,5.618078228401132,0.4606293531189276,8.735130577318309,0.1027207588082979,0,1,0,0,0,0
6,19.765265681542168,20.886996553190777,13.5996556643253,0.5692798381134915,1.1217308716486087,0.471313309978371,1,0,0,0,0,0
8,102.88222902286036,76.3686368925873,8.378112182699182,0.8010896553096478,26.513592130273068,0.036345672177778,0,0,0,0,1,0
7,12.52629899663986,14.673888278044176,3.6808742609630265,0.4060980428525819,2.1475892814043167,0.3177034582967711,1,0,0,0,0,0
8,56.69996758581229,57.49898302392086,6.059297564707473,0.260835508839348,0.7990154381085688,0.555859598987861,1,0,0,0,0,0
9,15.187459516197592,11.03086297063885,17.613978778674344,0.626442506505143,4.156596545558742,0.1939263603745142,1,0,0,0,0,0
6,29.362449206511045,36.959045292821735,7.685212885059904,0.6986836931329604,7.59659608631069,0.1163251117023411,1,0,0,0,0,0
3,99.61336282318833,105.51528176838475,5.411960025735843,0.7414462026626947,5.901918945196428,0.1448872419308801,0,0,1,0,0,0
10,19.24669283395344,18.142342922685383,20.536235409316856,0.8937888316895167,1.1043499112680557,0.4752061406923586,1,0,0,0,0,0
3,53.32123835175744,80.94235846697579,17.25511781775853,0.4340567086202017,27.621120115218343,0.0349392335441226,0,0,0,0,1,0
1,88.84682390504956,76.73852670538963,6.2631716430590565,0.1678194066060026,12.10829719965993,0.0762875593044948,0,0,0,1,0,0
5,55.56058095203353,42.463846937336136,28.282330641569125,0.962513725267848,13.096734014697397,0.0709384172927849,0,1,0,0,0,0
4,57.241815706412055,59.48101871375801,7.979623917054639,0.4915107346937276,2.239203007345957,0.3087179154045522,0,1,0,0,0,0
9,55.05462000971737,52.9197373782125,10.903724566875296,0.6609317587058182,2.134882631504865,0.3189912087777146,0,0,1,0,0,0
9,77.92459620454119,67.04130124540374,8.987655229977278,0.699674790815463,10.883294959137444,0.0841517443973793,1,0,0,0,0,0
5,87.32077614021571,118.07452933881255,4.212524389392341,0.5918623378310832,30.75375319859684,0.0314923402517403,0,1,0,0,0,0
10,51.18272870890373,36.82284432420079,7.499898455584846,0.2847317767626431,14.359884384702944,0.0651046567118636,1,0,0,0,0,0
4,45.9088296159441,49.46399198468876,8.274841537315146,0.7796287451045273,3.5551623687446607,0.2195311427011955,1,0,0,0,0,0
7,14.517164874366497,14.834092201903248,1.3581817528876623,0.8233767768736735,0.3169273275367512,0.7593433434709351,0,1,0,0,0,0
6,24.51331593073477,24.44574412154799,10.506640483616646,0.5976780274156959,0.0675718091867771,0.936705139077951,0,1,0,0,0,0
4,54.31461631035782,70.0030169210738,15.7862282373463,0.5397050445263574,15.688400610715972,0.0599218596992379,0,0,0,1,0,0
10,10.026332014543588,15.17505203976674,3.1951311190272014,0.2025443648151867,5.148720025223152,0.1626354746838074,1,0,0,0,0,0
2,22.76223142952101,22.763933283198224,13.866071840115504,0.1755564953498054,0.0017018536772113,0.9983010377080128,0,0,1,0,0,0
1,34.35040449564382,41.97774541312973,18.24119173298919,0.4056083610071759,7.62734091748591,0.1159105696140045,1,0,0,0,0,0
4,17.57384723024471,17.752895455792952,7.593352891879196,0.379761539965654,0.179048225548243,0.8481417284988595,1,0,0,0,0,0
4,23.27814928030974,23.737010817578657,27.956090223929245,0.9582908058669442,0.4588615372689162,0.6854660119918338,1,0,0,0,0,0
1,57.10225025865356,63.54567844248856,10.319255401905403,0.8052604681990868,6.443428183835003,0.1343466982286084,1,0,0,0,0,0
6,40.08503040253317,41.77381479097265,1.2859483061551356,0.6939318657331539,1.6887843884394869,0.3719152804886593,1,0,0,0,0,0
4,66.86931115307667,51.63395969079275,2.6507802605025383,0.5658832801158445,15.235351462283916,0.0615939853426077,0,1,0,0,0,0
1,33.16544175110121,44.20298561189997,10.66797580360796,0.2506307776539862,11.037543860798756,0.0830734252405577,0,0,1,0,0,0
1,39.6871303142567,44.14663867275844,13.355565610682342,0.9806110049658556,4.459508358501743,0.1831666762525904,1,0,0,0,0,0
1,50.4166242011533,49.82787952498786,8.847551300284248,0.437536628416189,0.5887446761654473,0.6294277582811946,0,1,0,0,0,0
8,24.270433261846208,20.46926552440092,10.207306111149952,0.1962330422025203,3.80116773744529,0.2082826626115966,0,0,1,0,0,0
10,59.28600657004901,63.61372970613942,9.047386741326084,0.5444190061441715,4.327723136090405,0.1876974411875728,0,0,1,0,0,0
8,19.9566326680978,18.743493575833803,4.989862709104921,0.8865982104517749,1.2131390922639973,0.4518468827808829,0,1,0,0,0,0
2,26.32600661697621,27.524954568107653,9.067487141965069,0.8985619015995965,1.1989479511314407,0.4547629240089392,1,0,0,0,0,0
7,29.85356458650678,28.44385122310664,1.9711211938399176,0.1098693244508025,1.4097133634001402,0.414987116388393,0,0,0,1,0,1
8,27.578475556226756,21.848582585396823,6.5046206360907775,0.8976661702762597,5.72989297082993,0.1485907731867956,0,1,0,0,0,0
8,44.86877600896641,62.932799391013376,12.70623602925142,0.3443357957498726,18.06402338204697,0.0524548244596533,1,0,0,0,0,0
10,27.638404698196265,21.117161869122786,3.9879161937574175,0.1350751275715807,6.521242829073483,0.1329567496656914,1,0,0,0,0,0
7,37.68620900648288,30.330230947401187,6.977659223024448,0.863011243326587,7.355978059081696,0.1196747996379849,0,0,1,0,0,0
5,83.96337896918871,98.19865668060288,9.546695557015996,0.8774800803893874,14.235277711414156,0.0656371363188744,1,0,0,0,0,0
1,88.44043279340542,95.28965053409448,26.872474364271746,0.636607971858115,6.849217740689056,0.1274012306750218,0,0,0,0,1,0
9,1.457034468149264,1.697709915031538,17.177696116870955,0.6169903815667225,0.240675446882274,0.8060125655850822,1,0,0,0,0,0
7,57.06271728460042,64.24035070364327,1.8936994251271304,0.8318082453592774,7.177633419042849,0.1222847673351742,0,0,1,0,0,0
2,8.038918971434747,6.525520419314524,31.22763960299729,0.8076785974392519,1.513398552120223,0.3978676597694511,1,0,0,0,0,0
6,59.548897508333766,69.52279636491187,21.507930608874982,0.9010949260984336,9.973898856578105,0.091125315903615,0,1,0,0,0,1
2,75.79434561268043,63.61032736676815,10.014019914331527,0.5974727028370331,12.184018245912284,0.0758494095918026,0,0,0,1,0,1
1,30.933121833160733,39.0822656207442,15.241449532319216,0.9708823834595278,8.149143787583462,0.1092998452332912,1,0,0,0,0,0
7,89.896425744591,67.46657212815872,4.506665563642188,0.9965321478400044,22.429853616432283,0.0426805910259149,0,1,0,0,0,1
2,24.852739809727783,19.92576706442203,8.304436926703932,0.2048901489987693,4.926972745305754,0.1687201954475012,1,0,0,0,0,0
2,81.32890140563467,65.77828826255069,4.271550523070175,0.8645893835987098,15.55061314308398,0.0604207222629616,1,0,0,0,0,0
5,74.57579327271537,80.35993313857234,13.258305196153174,0.5498400319737301,5.784139865856972,0.1474026213747113,1,0,0,0,0,0
5,13.776787761664922,13.597576270767302,37.60282884362033,0.4488097044698489,0.1792114908976199,0.8480243007459133,0,0,1,0,0,0
7,32.820527583800576,33.761963046930674,6.225085735442505,0.6517650788944435,0.941435463130098,0.5150827925991114,1,0,0,0,0,0
1,11.807637316285025,11.459500048034805,7.629476132407663,0.1503690015358063,0.3481372682502197,0.7417642279839385,1,0,0,0,0,0
8,17.939664466290125,17.70126046550471,8.525617328480145,0.5558150068903719,0.2384040007854153,0.8074909313647115,1,0,0,0,0,0
3,91.68469989503583,80.63624579321036,6.506815083664572,0.883801513024,11.04845410182547,0.0829981997315729,0,1,0,0,0,1
4,59.34260649756256,36.92551128212124,12.724426169439289,0.2921153645250719,22.41709521544132,0.0427038448108028,0,0,1,0,0,0
9,27.414224148760766,17.852864397512906,18.092747977416263,0.4837509052924826,9.56135975124786,0.0946847776757009,1,0,0,0,0,0
4,8.48768645966089,6.787088733275617,5.370572356444995,0.945532798943388,1.7005977263852738,0.3702883958724542,1,0,0,0,0,0
10,11.272505276744855,10.364854212853691,8.444747479653962,0.4857074540251276,0.907651063891164,0.5242048815574442,0,0,0,0,1,0
5,38.08435016059984,52.02876654242369,13.935479841394578,0.4225308690991585,13.94441638182385,0.0669146237932884,1,0,0,0,0,0
7,94.56606329594992,70.46892001880249,3.938004172076079,0.4964829833110404,24.097143277147424,0.0398451723750792,0,0,0,1,0,1
4,69.33829519202473,50.40095631183305,2.8424759593316926,0.5675074898658007,18.93733888019168,0.0501571451440557,0,0,0,1,0,1
1,39.10036125641648,21.30570968860509,5.284071561418181,0.668792209718322,17.794651567811382,0.0532066261719183,0,0,1,0,0,0
9,39.16615398093413,44.074053629928834,14.4380141366481,0.820623520825058,4.9078996489947,0.1692648926713171,1,0,0,0,0,1
4,50.902383340660606,48.18598324259698,3.760110732755693,0.5068919851878828,2.716400098063623,0.2690775948803348,0,0,1,0,0,1
9,84.68802414787062,57.28882677754924,5.5938519467270345,0.8357328415811263,27.39919737032138,0.0352122627608149,0,0,1,0,0,0
6,20.965563599677157,20.815697070826047,8.50452468197549,0.5803485952168725,0.1498665288511063,0.869666152470021,0,1,0,0,0,0
1,50.31096029458431,42.97408363527512,9.61012764717866,0.4046324593311798,7.336876659309198,0.1199489977920413,1,0,0,0,0,0
3,17.206504038382096,22.77793824702234,7.640927451124629,0.6921557453074728,5.571434208640245,0.1521737825032443,1,0,0,0,0,0
2,47.80225524528738,39.78936068155777,8.651448367166731,0.7459500292691422,8.012894563729617,0.1109521467192434,1,0,0,0,0,0
9,38.75578158996818,55.20879421587681,2.158089059471299,0.6022440780665388,16.453012625908627,0.057296698365732,0,1,0,0,0,1
1,12.22731203251113,12.753780754778743,5.104786065977054,0.150953475821251,0.5264687222676159,0.6551067738318735,0,1,0,0,0,0
9,50.92091464442096,45.89394891222591,15.209968142063277,0.2528945876447424,5.026965732195045,0.1659209699265696,1,0,0,0,0,0
9,29.94523878893533,28.02152916239564,4.763891590683792,0.3567679488012054,1.923709626539697,0.3420312300929595,0,1,0,0,0,1
8,32.720112265531256,35.11876403536284,9.809010534528165,0.3543630453563438,2.398651769831581,0.2942343222322994,1,0,0,0,0,1
8,22.70878532818894,21.186291241028552,9.108634525577555,0.7060787202221835,1.5224940871603891,0.3964330402556921,0,1,0,0,0,0
1,47.03390056618925,36.14985461518154,14.138370342411276,0.1165137955062693,10.884045951007714,0.0841464265724422,0,0,0,0,1,0
8,44.95173697375528,52.04202221226109,15.605136495578236,0.7801135993445679,7.090285238505814,0.1236050362279549,1,0,0,0,0,1
10,67.22093999936817,83.88365087184229,18.662438478250923,0.3388082273262399,16.662710872474122,0.056616450737379,1,0,0,0,0,0
3,54.575774148262,68.5905259536187,22.59089783392671,0.3790196615944922,14.014751805356696,0.0666011675026981,1,0,0,0,0,0
7,22.900450562087407,21.982868365434083,3.804267493664353,0.5751188451495318,0.9175821966533242,0.5214900314287743,0,1,0,0,0,1
1,69.45246024848673,88.41027640746768,1.0226018778030224,0.2943330408450618,18.957816158980947,0.0501056825072518,0,0,1,0,0,0
1,80.06661271506012,86.38136537000548,6.246237357381194,0.8960241822179748,6.314752654945366,0.1367100224945978,0,0,0,0,1,0
10,25.282734543586898,23.43268688626512,3.5496168112106377,0.1768319013939087,1.8500476573217772,0.3508713257587108,1,0,0,0,0,0
5,34.38210005428856,29.559900094551757,4.284744107233314,0.4999441260709584,4.822199959736803,0.1717563819373194,0,0,0,0,1,0
5,29.41803932358703,36.189127722312406,12.357164695019788,0.8644800425094009,6.771088398725375,0.1286821032899357,1,0,0,0,0,0
8,43.72145847672948,25.326905610646616,17.91610146350339,0.6542595049791122,18.394552866082865,0.0515608690184756,0,1,0,0,0,0
7,23.736196048933703,31.977093037857077,10.003116204176209,0.3630965642583701,8.240896988923371,0.1082146031060245,1,0,0,0,0,0
8,66.40537552429822,68.49710184300648,4.936527091804559,0.4786841869988146,2.091726318708254,0.3234438940953245,0,0,0,1,0,0
6,19.96772578515397,16.987464865663664,10.376912677543562,0.7360249423082632,2.9802609194903056,0.2512398107127247,0,1,0,0,0,0
6,32.28835127282365,26.517960932462515,14.485075749887844,0.9759346690275094,5.770390340361132,0.1477019713381341,0,0,1,0,0,0
2,53.37357269328158,47.45908620335162,2.174438406513812,0.90382484654149,5.914486489929963,0.1446238996137121,0,0,1,0,0,0
6,43.71551185985819,51.43028265625157,6.611414966791051,0.408189527544139,7.714770796393381,0.1147477109109801,1,0,0,0,0,0
5,45.17770625873199,48.69689449870525,7.068717250200049,0.9983780913590716,3.5191882399732606,0.2212786781384253,1,0,0,0,0,0
3,18.28300401198829,16.185152751613096,7.47519576782855,0.1031541971779524,2.09785126037519,0.3228043943849282,0,0,0,1,0,0
6,39.00504412540295,33.73091558458422,4.019575175434889,0.1248667802275735,5.2741285408187295,0.1593846848202295,1,0,0,0,0,0
8,77.91183484507985,84.02864859509559,10.560371612227954,0.8414564636540744,6.116813750015737,0.1405123184511873,1,0,0,0,0,0
9,64.27155583957604,108.35621069148527,11.298745872827674,0.2795164181497468,44.08465485190925,0.0221804958535165,0,1,0,0,0,0
1,34.798847224508314,58.579023434606704,3.7327699721855874,0.1546923415566168,23.78017621009839,0.0403548381384181,0,1,0,0,0,0
3,43.20544337412116,54.5597661200356,20.92357539016493,0.313433265912852,11.354322745914438,0.0809433281424268,1,0,0,0,0,0
3,48.76618076010618,39.324215041864825,2.932060297444629,0.4834901385827742,9.441965718241356,0.0957674088369273,1,0,0,0,0,0
8,90.59223481493152,107.67047764377246,4.784975354740386,0.7575096433900643,17.078242828840942,0.0553151105153129,1,0,0,0,0,0
1,30.981293240288423,25.217751049012957,2.6656852922337047,0.661901973896085,5.763542191275473,0.1478515209515414,1,0,0,0,0,0
5,63.64958152850107,60.0076521149309,2.2826707343642005,0.3138590958043784,3.641929413570175,0.2154276618417783,0,0,0,1,0,0
3,43.649014068494864,58.55122205276921,9.272123334310988,0.5529434032905259,14.902207984274348,0.0628843492041418,0,0,0,0,1,0
2,77.78879308108466,73.04209443892317,4.773034914685297,0.933592694858712,4.7466986421614905,0.1740129528740822,0,1,0,0,0,0
8,82.66643446397117,76.82136487489616,15.67212067204254,0.833506999285382,5.84506958907501,0.146090552767504,1,0,0,0,0,0
3,45.4958505989028,39.74354589781075,4.064919658547109,0.390870806348614,5.752304701092051,0.1480975821245551,0,0,0,0,1,0
7,27.547517651683627,21.920203492190243,4.826967877205523,0.9840381052201268,5.627314159493384,0.1508906890384148,0,1,0,0,0,0
1,76.37591105722765,71.37600289666045,14.248887816391369,0.7377583603916179,4.999908160567202,0.1666692178010713,1,0,0,0,0,0
6,42.58186041030556,50.46407167436356,3.228176037084616,0.1562044201001036,7.882211264058,0.112584577226452,0,0,0,0,1,1
3,15.549464328281688,18.18072129054182,5.769543808322329,0.1316446419597748,2.63125696226013,0.275386735335191,0,0,1,0,0,0
8,12.479774505396472,13.39648820531608,20.685047587224684,0.2515671541090269,0.9167136999196082,0.5217263277462578,0,0,1,0,0,0
6,42.71862985406577,55.28198160542165,0.4566170512186567,0.7550702812451321,12.56335175135588,0.0737280886267683,0,0,1,0,0,1
2,3.999740098932855,2.275316468335572,2.1793681423132307,0.2653650332581851,1.7244236305972829,0.367050112460215,1,0,0,0,0,0
6,29.79891626012693,30.19057948100122,23.17092296500949,0.5603380922879502,0.3916632208742889,0.7185646534308544,1,0,0,0,0,0
7,79.67647047193738,65.5539164688554,11.452833202356324,0.1839341081627485,14.122554003081971,0.0661263963611041,0,0,1,0,0,0
5,88.70244422000769,132.70692587367313,10.523216526841772,0.9287975420471756,44.00448165366544,0.0222200092803102,1,0,0,0,0,1
3,79.70766817695186,74.60490506640323,2.183778547681704,0.4095645522252108,5.102763110548622,0.1638602026468143,1,0,0,0,0,0
4,43.29485196362897,51.32207013389917,9.000229876739654,0.9173188509045676,8.027218170270196,0.1107760974796589,0,0,1,0,0,0
4,22.76146105098905,28.43634241257498,3.7980202656758246,0.95038807771949,5.674881361585932,0.1498153968331211,0,0,1,0,0,0
6,84.83003864484623,76.91234947864753,15.966974394526783,0.1055157825823127,7.917689166198699,0.1121366736789128,0,1,0,0,0,0
10,47.65420997906815,58.72946539418882,16.49236207439789,0.5177216684788588,11.075255415120672,0.0828139832758979,0,0,1,0,0,1
1,15.104700512904143,19.0407263709647,5.219682122547042,0.1221904501362036,3.936025858060555,0.2025921315559956,0,0,1,0,0,0
4,44.92793129214638,53.79884872240781,12.090761110166907,0.9178234896726152,8.870917430261422,0.1013077059012047,0,0,1,0,0,0
10,76.88627410284442,66.84954569387739,10.921753170157086,0.5665667902611182,10.036728408967036,0.0906065604719898,1,0,0,0,0,0
4,7.105968158471638,4.5644203223770985,7.573478766869314,0.1674496114286471,2.54154783609454,0.2823624150458335,1,0,0,0,0,0
10,38.02517463330698,58.35357797280378,3.9234758939521335,0.1992490554489102,20.328403339496795,0.0468858350098884,1,0,0,0,0,0
1,95.23359231844104,88.31107026129855,5.796111590489783,0.4451581220434651,6.922522057142501,0.1262224317947409,1,0,0,0,0,0
9,43.13449399730145,53.96498485590124,15.5322493849323,0.9462107735856004,10.830490858599797,0.0845273464940875,1,0,0,0,0,0
4,18.39811076364264,16.260848675000396,20.89684768446699,0.7236182364112728,2.1372620886422418,0.3187492698236074,1,0,0,0,0,0
7,71.69940294013928,109.30246129851486,6.242531289944933,0.8808569795702191,37.60305835837558,0.0259046832692993,0,1,0,0,0,1
3,60.08182596527022,52.597182868746266,22.368728234756396,0.4298109817059817,7.484643096523953,0.117859995832905,0,0,0,0,1,0
10,47.6637376281387,48.86221901920572,11.461457669911484,0.1388923295949985,1.1984813910670198,0.4548594334540425,1,0,0,0,0,0
3,18.919387160298143,29.90217200382683,7.776500488564069,0.9768858734839728,10.982784843528687,0.0834530547830082,0,0,1,0,0,0
8,51.89877912436997,31.16104954899308,7.086054406727175,0.1154556915961326,20.737729575376896,0.0460029644095276,0,0,1,0,0,0
8,63.66918214237266,82.86842565140385,4.147143034491185,0.95288648777298,19.19924350903119,0.0495068045272534,1,0,0,0,0,0
1,15.023226624141117,14.928287253813576,12.717068519120776,0.4318096814642302,0.0949393703275376,0.913292577744156,0,0,0,0,1,0
10,50.590817463337736,59.54106724437254,24.99305233494322,0.1090813645196933,8.950249781034806,0.1004999896491042,0,1,0,0,0,0
2,35.638046657716785,32.53751325069684,7.530777529861675,0.7202415085520575,3.1005334070199453,0.2438707116220638,1,0,0,0,0,0
8,10.622166701330116,14.966725462605371,3.4910808535173787,0.9824862736282188,4.344558761275255,0.1871061849381541,0,0,1,0,0,0
1,36.839032229103424,29.361472056307733,14.24401855940703,0.9690631505538332,7.477560172795691,0.1179584667778565,1,0,0,0,0,0
8,31.595113511914064,31.888689506038407,5.986651849209745,0.2448433100821766,0.2935759941243425,0.7730508331494879,0,0,1,0,0,0
8,39.499622689048486,48.73685250418743,4.094930544076273,0.2631230254595395,9.23722981513894,0.0976826756903696,1,0,0,0,0,0
2,28.864891954618948,22.944601025461683,2.074392986115676,0.6089850231576941,5.9202909291572645,0.1445025953730788,0,0,1,0,0,1
4,12.377781426641292,12.771990920504695,12.420526975532775,0.673574343785492,0.3942094938634053,0.7172523242751443,1,0,0,0,0,0
6,92.08845262281908,68.48751230628446,18.64540655720326,0.7654761222992791,23.600940316534636,0.0406488527321813,0,1,0,0,0,0
9,162.1187946515693,145.8294010525697,2.7507646505378034,0.2629453244249328,16.289393598999595,0.0578389284895372,1,0,0,0,0,0
8,32.38710934124786,53.6375071358592,6.521767087908898,0.963106378087991,21.250397794611345,0.0449430167150621,0,0,1,0,0,1
8,42.66599768754144,56.97538688363631,7.005852751278955,0.6748653306603141,14.309389196094877,0.0653193923801401,0,0,1,0,0,0
7,159.87714862595874,186.50356338323363,4.357685970293808,0.8623422269834994,26.626414757274887,0.0361972412557322,0,1,0,0,0,0
9,18.64661898328928,20.367873554131094,21.95450162804457,0.5860591437557546,1.7212545708418183,0.3674775637365859,0,1,0,0,0,0
2,27.6112692858078,16.80302886566601,1.9749296563874457,0.4728491628308944,10.808240420141786,0.0846866225974075,0,1,0,0,0,0
3,55.98341994002037,53.36821314817233,11.54747450018608,0.9794646159354964,2.6152067918480384,0.2766093497763139,0,0,0,1,0,1
10,49.22746990816988,60.578049337852434,13.203383598395808,0.6239092337378525,11.350579429682554,0.0809678611188611,0,1,0,0,0,0
8,77.25468190873461,68.71344563488948,4.328705085991568,0.880186224519261,8.54123627384513,0.1048082209997508,0,0,1,0,0,1
6,61.092130769594455,66.5990212827708,3.434149635239183,0.9579631567296608,5.506890513176352,0.1536832374811003,0,0,1,0,0,1
10,99.84502692102625,74.79894588700041,4.998708580954114,0.7078191643077933,25.046081034025832,0.0383934918536738,1,0,0,0,0,0
9,52.89266273283963,38.50851536827617,1.2831082352670364,0.5940448106668075,14.38414736456346,0.0650019774448758,1,0,0,0,0,1
10,15.420548970687024,24.21499634487717,5.358957483318815,0.1031597658195855,8.79444737419015,0.1020986648654778,1,0,0,0,0,0
4,32.62660814006584,49.993130952280296,5.99453036591207,0.1360176766651054,17.366522812214455,0.0544468874279763,0,0,1,0,0,0
8,71.71461253614997,70.1810562118004,28.48398256746599,0.2807660944460047,1.5335563243495756,0.394702099333325,1,0,0,0,0,0
10,6.441813199739766,5.188666444780301,1.554447930759589,0.2674075886703957,1.2531467549594648,0.4438237313210388,0,1,0,0,0,0
3,37.08309887437065,28.34810003433072,7.478924483838293,0.3292829156798608,8.734998840039928,0.1027221488601531,0,0,1,0,0,0
3,51.23584354286414,56.380195356095015,14.518156687624,0.3744411739278948,5.144351813230877,0.1627510973324575,1,0,0,0,0,0
8,51.7551935098471,76.78787425310954,25.499293855413224,0.4240589441956555,25.032680743262432,0.0384132548569287,0,1,0,0,0,0
5,25.56173251429291,21.096035260050577,1.777855290186133,0.4784839210619889,4.4656972542423325,0.1829592737182481,1,0,0,0,0,0
3,31.37988943741998,32.942237883444484,27.957567914704224,0.1889797046104132,1.5623484460245043,0.3902669840050461,1,0,0,0,0,0
10,48.01688240883352,49.80228276400402,6.497713951049291,0.1381257387575038,1.785400355170502,0.3590148174368231,0,0,1,0,0,1
1,69.69895059006718,98.7228903446774,6.541221052030426,0.7065500041657211,29.023939754610225,0.0333067548154285,1,0,0,0,0,0
3,15.99252418011206,17.114663162018353,2.8063315431746165,0.5836013423587699,1.1221389819062928,0.4712226713359327,1,0,0,0,0,0
9,43.91965363162315,28.59060783228817,8.799185716536957,0.4997297819981077,15.329045799334978,0.0612405655718551,0,0,0,1,0,1
5,87.66260429494247,104.15569859587306,28.040362360359623,0.6709959470515171,16.493094300930593,0.0571654152660002,1,0,0,0,0,0
10,41.78416265302367,43.57041208625582,8.667396555930146,0.8449114664831865,1.7862494332321504,0.3589054117240192,0,0,0,0,1,1
2,57.17470506870396,44.78003794832489,3.95003919831626,0.4849236182045842,12.394667120379069,0.0746565772044135,0,0,0,0,1,0
7,98.66396823397469,124.81163302928888,4.720447265079488,0.6770075185467814,26.147664795314213,0.0368355807963491,1,0,0,0,0,0
2,47.509882929151466,43.79400058637581,4.9232624011917565,0.9582150014516428,3.715882342775657,0.2120493954926414,1,0,0,0,0,1
4,96.8254335632212,104.89703301784212,23.125616340935625,0.8556620462754047,8.071599454620937,0.1102341439348509,0,0,1,0,0,0
7,32.95159055045574,34.14185140278056,26.650135938387184,0.4834007294521685,1.190260852324819,0.4565666226187466,0,1,0,0,0,0
4,81.56662037255597,75.47737111836787,1.9678710906294912,0.6802451540332687,6.089249254188104,0.1410586599715381,1,0,0,0,0,1
7,51.07728624207894,40.7130443534052,3.0261632552761237,0.2593638297243458,10.36424188867374,0.0879953110639661,0,0,1,0,0,1
7,51.96594316781333,59.23551875593797,3.388147450882028,0.6044699664055809,7.269575588124645,0.1209251900951276,1,0,0,0,0,1
1,57.40580026524171,39.89398981158202,5.183956001233102,0.9831954620245984,17.51181045365969,0.0540195678052821,0,0,0,1,0,0
6,51.29001243101645,63.19482572817355,30.14844799552018,0.56648360368227,11.904813297157098,0.0774904663068855,1,0,0,0,0,0
9,52.58864163230777,41.36224581906888,27.665500844046303,0.9348744692711326,11.226395813238888,0.0817902524403134,1,0,0,0,0,0
2,118.72343123532386,84.14977155159063,8.291693471200848,0.4666014284529346,34.573659683733226,0.0281106866397912,1,0,0,0,0,0
3,58.96639198714048,79.63919605429048,5.749462688021984,0.998960344466168,20.672804067150004,0.0461407761036203,0,0,0,0,1,0
10,82.45965532818019,84.3963786445384,0.9286614534836062,0.621298031704802,1.9367233163582116,0.3405155652320988,0,0,1,0,0,1
5,25.072936248468118,13.13700479023472,9.738658916234924,0.1380420948123411,11.935931458233394,0.0773040583299879,0,0,1,0,0,0
9,12.70823155992712,12.667604430242502,8.922670830692633,0.6280793170222493,0.0406271296846174,0.9609589943163116,1,0,0,0,0,0
4,13.688546115039635,15.780481828252022,2.701175186983068,0.347115426111637,2.0919357132123864,0.3234219895733354,1,0,0,0,0,0
1,17.03722554105054,19.757284714351453,11.28066632341766,0.1292331898323052,2.720059173300914,0.2688129283472315,1,0,0,0,0,0
4,98.24381915455224,79.23904951928297,16.166995445212418,0.838767974225197,19.004769635269252,0.0499880787548264,0,1,0,0,0,1
6,13.21665240402736,11.128168946058096,2.6651576819332448,0.3481566732826803,2.088483457969266,0.323783505273335,0,1,0,0,0,0
5,39.25489858394007,40.856184751638274,5.435019220637818,0.8168936986418487,1.6012861676982055,0.3844252171935653,0,1,0,0,0,0
1,136.95268739183928,172.50979421979693,15.595707421095623,0.3593958246602803,35.557106827957654,0.0273544622857089,1,0,0,0,0,0
4,65.95994311252788,44.27282272414495,4.494551980009033,0.2748937184863969,21.687120388382937,0.0440778725056731,0,0,0,0,1,0
6,29.72150921595951,20.373359541397345,5.237779786404976,0.9765420166939848,9.348149674562166,0.0966356335624137,1,0,0,0,0,0
10,23.77760647303993,31.92620101848705,5.541659112611543,0.4254807949795176,8.148594545447118,0.1093064071243226,0,0,0,0,1,0
10,33.72195140652614,43.98728513583929,11.669616213798776,0.6412385902988444,10.265333729313149,0.0887678984065898,1,0,0,0,0,0
4,52.98150870542042,40.49975289243328,17.770058600841473,0.6489833435330244,12.481755812987146,0.0741743148200835,0,1,0,0,0,0
9,34.91959975079244,31.536815966076507,24.447295756728597,0.6044261339561516,3.3827837847159365,0.2281654877631189,1,0,0,0,0,0
5,65.96410161730024,100.72573356510658,16.87783011884694,0.9232261691690932,34.761631947806336,0.0279629296968183,1,0,0,0,0,0
8,115.72196790887456,141.18597814707047,8.225351098419686,0.7069969642301817,25.464010238195925,0.0377871679688471,0,1,0,0,0,0
9,26.54930726218289,26.221739349900503,13.203267403944029,0.4633597036944371,0.3275679122823831,0.7532571334002632,1,0,0,0,0,0
10,119.16824502396932,153.2066679929174,2.479523779724884,0.8761423460718466,34.03842296894807,0.0285400972779575,1,0,0,0,0,0
5,48.662028033902295,42.7923703608576,32.77720823558279,0.262956609204368,5.869657673044699,0.1455676610966831,0,0,1,0,0,0
6,34.207953982790976,35.55710621294315,4.11164819448955,0.5898130818493758,1.3491522301521712,0.4256854822623491,0,0,1,0,0,0
1,23.524668278159453,21.702029396204846,12.494383702952112,0.9554953347493808,1.8226388819546069,0.3542784046493135,0,0,1,0,0,0
7,60.74158457310807,71.48720420396803,9.288268037014774,0.6628578668923715,10.745619630859965,0.085138122247092,1,0,0,0,0,0
4,27.83669170063704,32.72287560878943,2.2214484497904765,0.8352716054273885,4.88618390815239,0.1698893571121683,0,1,0,0,0,0
2,64.40974330494647,68.00274460694462,4.133074149247778,0.6882046529906736,3.593001301998143,0.2177225596615788,0,1,0,0,0,0
5,43.79375182463577,49.3128120424374,18.590090529614265,0.8554337771841013,5.519060217801631,0.153396343428351,1,0,0,0,0,0
3,31.839435857673376,40.8877965628524,7.404006572471228,0.9500390918607192,9.048360705179023,0.0995187204500521,0,1,0,0,0,0
6,43.258993003989744,48.301539354778,3.5177655296457537,0.3456295547794631,5.04254635078825,0.1654931450992593,1,0,0,0,0,1
8,59.44900014193302,62.80118773829625,6.525071279315828,0.252694973131047,3.3521875963632297,0.2297695073704127,1,0,0,0,0,0
7,39.72432282488968,43.96206845167517,3.5163368576066736,0.535591675299286,4.23774562678549,0.1909218337916345,1,0,0,0,0,0
3,27.87560736415892,36.3235531525696,5.189841319182812,0.7316761841417943,8.447945788410678,0.1058431136667454,1,0,0,0,0,0
8,25.11110384299846,19.3095855383506,1.706400242572526,0.3044721278639945,5.801518304647864,0.1470259955511173,0,0,1,0,0,0
2,68.4141492579995,75.5256586426008,8.221725321570514,0.1036913053871503,7.111509384601305,0.1232816178328506,0,0,1,0,0,0
10,18.732803675873694,9.89569065971583,9.219485956814603,0.4086416042530348,8.837113016157863,0.1016558413385572,0,0,0,0,1,0
9,26.18889645169704,24.336842438825943,5.261252876073187,0.9719734019210096,1.8520540128710932,0.3506244957097865,0,0,1,0,0,0
4,12.66005883870295,18.62620528887566,18.526645694003427,0.725470714545262,5.96614645017271,0.1435513891579479,1,0,0,0,0,0
1,41.82150933045043,33.55774408094784,5.529540136462745,0.4611928995471015,8.26376524950259,0.1079474676944878,0,0,0,1,0,1
8,21.018263742148832,12.44565191308357,7.400025683681141,0.2733184876121563,8.572611829065263,0.1044646976036055,0,0,0,1,0,0
7,39.49417122247461,30.1565744459963,4.98880184636112,0.4204807063792722,9.337596776478314,0.0967342818279925,1,0,0,0,0,0
5,40.43493180635584,47.63774570357553,5.987732989245959,0.2528554899711231,7.202813897219698,0.1219093853072718,0,1,0,0,0,0
10,42.07184815836874,40.68899723801265,13.613081829045182,0.1956752391816562,1.3828509203560913,0.4196653644830457,0,0,0,0,1,1
5,29.793488048459885,22.297936499741255,2.561197060069955,0.9160681353152984,7.495551548718627,0.1177086613229754,0,1,0,0,0,1
7,68.11286891155956,88.67960128665422,11.199486653505083,0.9978853045379262,20.56673237509466,0.0463677103516527,0,0,0,0,1,0
5,34.93936226180925,38.671454965940136,4.464350051649491,0.2477029956362113,3.732092704130885,0.21132299439676,1,0,0,0,0,0
8,26.577477180895407,18.892544838867323,2.6772073048067275,0.1490703029904517,7.684932342028084,0.1151419447634387,1,0,0,0,0,0
6,13.725734187499992,12.9651518483032,6.1536603250666815,0.3967579964315911,0.7605823391967945,0.5679938834648403,1,0,0,0,0,0
5,75.08692845047077,115.12037906277646,12.402161398922225,0.5154932626852738,40.0334506123057,0.0243703608903928,0,1,0,0,0,0
9,28.91548275217833,26.677317042538554,6.039556241202897,0.284339122368269,2.23816570963978,0.3088168085478374,0,0,1,0,0,0
2,64.99328425479403,37.46796308035494,3.646798127882689,0.3712824206187026,27.52532117443909,0.0350565728562621,0,0,0,0,1,1
1,33.78102604231356,37.75104846781934,27.011690398810465,0.2807836621224919,3.970022425505782,0.2012063355827279,1,0,0,0,0,0
8,122.85289485415969,134.6045151736614,10.12298340473247,0.7968345115892062,11.75162031950174,0.0784214064522173,1,0,0,0,0,0
3,120.26966598893289,160.33916480593163,8.455252011499924,0.7413201489225347,40.069498816998745,0.0243489701312375,0,0,1,0,0,1
7,52.90979324522934,47.72697494648047,12.138142277763196,0.6714563641848835,5.18281829874887,0.1617385392357973,0,1,0,0,0,0
10,53.34652445797133,59.23711708132639,13.090687206040569,0.4484960713712843,5.890592623355062,0.1451253984469474,1,0,0,0,0,0
8,49.75696574356551,52.82378737437036,5.467793051445175,0.9181368471828124,3.066821630804853,0.2458922693892756,0,1,0,0,0,0
6,34.681073355640294,34.626145264807334,14.960209948286224,0.972579287381518,0.0549280908329592,0.9479319099469722,0,0,1,0,0,0
10,71.38925819367851,77.16573509051574,2.1250216003027704,0.2562753813628708,5.776476896837224,0.1475693070637824,0,0,1,0,0,1
9,42.41369399440892,48.79665275347239,12.67759153671143,0.3007113772706902,6.38295875906347,0.1354470521418502,0,1,0,0,0,0
7,19.02592902013054,21.64351095716084,5.766926184009559,0.5730679252003327,2.6175819370303017,0.2764277402437792,1,0,0,0,0,1
10,36.68105411695305,45.09964809801858,18.93464311952229,0.1821255123540207,8.418593981065534,0.106172959786814,0,0,0,0,1,0
5,19.664584123076526,8.458104844531414,5.435308203756507,0.4928035589408015,11.206479278545112,0.0819237043852328,0,0,1,0,0,1
8,18.575604209524016,11.63061716457733,16.598324155454797,0.6236121382999391,6.944987044946686,0.1258655293385328,1,0,0,0,0,0
2,24.964792219149103,26.29639730061061,10.36412989366805,0.5698662140235998,1.3316050814615077,0.428889097879807,1,0,0,0,0,0
7,110.54817444843208,113.75027200233176,14.529610831920374,0.3978177247702235,3.2020975538996765,0.2379763884995885,0,0,1,0,0,1
4,57.18111252214133,42.64665878563179,8.601331844706152,0.5882012254694862,14.53445373650954,0.064373039243071,1,0,0,0,0,0
9,36.75595721054223,33.67874814882968,1.457173475178763,0.9629208588329632,3.0772090617125443,0.2452658141547373,1,0,0,0,0,1
1,34.470125082902626,27.347803803742615,17.98724217988437,0.2854156638622385,7.122321279160008,0.1231175135322174,0,1,0,0,0,0
7,45.59415075952696,52.29297865388585,18.80952896640828,0.6893482225546033,6.698827894358892,0.1298899019073699,1,0,0,0,0,0
6,29.07260796368181,22.592328189703903,6.237231162539574,0.1390570247404466,6.480279773977909,0.1336848393664043,0,1,0,0,0,0
8,59.27433923223487,62.455848635028666,4.609682441760831,0.1597747640332914,3.1815094027938,0.2391480931100784,1,0,0,0,0,1
5,47.85357028896005,60.11709218224773,15.394973648859398,0.5966454018012265,12.263521893287674,0.0753947562378642,0,0,1,0,0,0
1,55.47507761892476,43.3961052127061,10.23387744657339,0.1944452622951545,12.078972406218654,0.0764586061458873,1,0,0,0,0,0
1,35.15337631684552,23.372293947975518,7.207458752473639,0.1201121095841716,11.781082368870004,0.0782406349587129,1,0,0,0,0,0
9,138.19762209040394,111.89530121572136,11.705544041974148,0.25436169788322,26.302320874682596,0.0366269228389041,1,0,0,0,0,0
10,19.504344436417703,15.262045575547251,6.220151945015779,0.608364253899617,4.242298860870452,0.1907560073433043,0,0,0,0,1,0
6,59.94113562815258,60.54547785810957,18.620629744327196,0.7330068590670392,0.6043422299569841,0.6233084072260644,0,0,0,1,0,0
10,30.325863284655288,17.427122349212674,6.637953618108766,0.282230707727242,12.898740935442614,0.071948963193489,1,0,0,0,0,0
5,47.622440461751935,66.74385118373806,15.395395316421194,0.7014334934873571,19.121410721986123,0.0496983046475626,0,0,1,0,0,0
1,51.67878125471815,35.44806563710167,8.589657188254398,0.2642286979893064,16.230715617616475,0.058035894863102,0,1,0,0,0,0
6,120.2726992712114,79.70571937340155,10.74813816387203,0.6521116839681315,40.56697989780984,0.0240575572836526,0,0,0,0,1,1
6,52.26783378519183,53.06980108112568,26.445398708650988,0.470763711906219,0.8019672959338493,0.5549490283516834,1,0,0,0,0,0
3,36.22395594558001,35.11028138255484,5.583192800613462,0.688419558400255,1.113674563025171,0.473109729138606,0,0,1,0,0,1
8,2.044342407670778,2.7451857659179435,14.682454991489022,0.9955474772313224,0.7008433582471656,0.5879436193527944,1,0,0,0,0,0
1,28.00621615995917,26.089170816270315,22.44174043583186,0.9440352687093058,1.917045343688855,0.3428126347653595,1,0,0,0,0,0
1,159.668689641762,148.2914628635144,14.304434046250922,0.1038535820524932,11.377226778247604,0.0807935426825541,0,0,0,0,1,0
6,63.43599985848756,73.7070594118601,19.35672845586694,0.8968948879260752,10.271059553372544,0.0887228033233821,0,1,0,0,0,0
10,69.72669610888657,86.2427900150478,9.283110789104578,0.1598417156572898,16.51609390616123,0.057090353897238,1,0,0,0,0,0
1,9.357749837905253,4.808082525095348,13.749144624988514,0.9577419275438604,4.5496673128099046,0.1801909814831189,1,0,0,0,0,0
6,29.49831639970838,29.9811118917374,16.541362259374775,0.3536431111897162,0.4827954920290231,0.6744018344914329,0,0,1,0,0,0
1,59.97063073554244,92.28091550344732,8.449120978339534,0.4438313473701438,32.310284767904896,0.0300207580621922,0,1,0,0,0,0
6,14.317214460359494,12.08603158374872,4.099079673411468,0.182474384658155,2.2311828766107755,0.3094841852618727,1,0,0,0,0,0
3,46.33868706373174,48.07873800287386,3.491576285533969,0.2010454824960186,1.7400509391421224,0.3649567187656329,0,0,0,0,1,0
8,94.71525021101462,118.86088617190975,24.47892053660268,0.7540665087063877,24.14563596089513,0.0397683320300641,1,0,0,0,0,0
6,22.384786298483547,25.10596528014933,21.834017376189333,0.9498990121734624,2.721178981665787,0.2687320349080198,1,0,0,0,0,0
1,26.209623107982104,19.32413774181028,4.703736874180986,0.6496736454588785,6.885485366171828,0.1268152756062333,0,0,0,0,1,0
5,82.3569438523348,80.96907604820404,19.350572276390277,0.7442650139741299,1.3878678041307495,0.4187836522064201,1,0,0,0,0,0
8,29.596357262111425,20.422238986838096,11.787638009038512,0.7857727701374382,9.17411827527333,0.0982886155776614,1,0,0,0,0,0
3,24.333150708403643,17.831087604510365,8.671648586507137,0.3365328470976475,6.502063103893278,0.1332966660172505,0,1,0,0,0,0
6,101.53513211348807,129.6821150270277,4.570055984833584,0.1407066678281934,28.146982913539603,0.0343088683643984,0,0,1,0,0,0
5,42.37376969409928,51.44383451800157,7.739675037565727,0.1016854695272517,9.070064823902293,0.09930422668446,1,0,0,0,0,0
6,22.18894585760145,32.09583894846724,3.8238037212260423,0.4155843546586167,9.906893090865792,0.0916851381661997,0,0,0,0,1,0
10,85.56830536682314,105.3296318911459,6.749375061389584,0.3173178053792945,19.761326524322754,0.0481664790941204,0,0,1,0,0,0
1,19.370951098258317,18.68331558692583,3.737184884396939,0.1560859525442671,0.6876355113324841,0.592545009443682,1,0,0,0,0,0
7,44.52105880411682,33.23309788446918,2.396487673472863,0.2615754632443001,11.287960919647638,0.0813804671531031,0,0,1,0,0,1
9,50.3659575680906,67.95934663569105,19.68414466485689,0.212049008441153,17.593389067600448,0.053782556604623,1,0,0,0,0,0
2,28.172082746611,32.5802015106422,7.36681248294837,0.9233905425556334,4.408118764031197,0.1849071818930623,1,0,0,0,0,0
10,67.4128163074821,80.89203440736897,11.027940461518227,0.226240492113252,13.479218099886864,0.0690645028689645,0,0,1,0,0,0
5,23.83271763551349,27.24844574256337,5.346029685456287,0.5838836175889113,3.415728107049876,0.2264632186939821,0,0,0,0,1,0
10,70.2571582778407,91.09387783092671,7.095149548824557,0.6337953596009481,20.836719553086013,0.0457944242755399,1,0,0,0,0,0
4,38.8405019072127,24.044759559464826,3.630087001356243,0.5891405119377704,14.795742347747876,0.0633081990060807,1,0,0,0,0,0
6,21.185370297299222,14.75621972212938,24.62910738483356,0.1891507907943891,6.429150575169842,0.134604890543242,0,1,0,0,0,1
6,45.23548760107951,35.37639995540275,15.833677430379918,0.3869185255754961,9.859087645676752,0.0920887677334589,1,0,0,0,0,0
2,54.04441078610125,58.9638043061823,5.261080017977048,0.1461432992168379,4.919393520081044,0.1689362257480575,1,0,0,0,0,0
2,9.30285924662034,8.23934554762382,3.615567444271358,0.4561029226866844,1.0635136989965197,0.4846103035256305,1,0,0,0,0,0
4,95.32101728899583,122.20710124571757,2.2003865485244494,0.2697390381444328,26.88608395672173,0.0358601803520338,0,0,1,0,0,1
1,41.11266123071922,40.94154317581912,9.266295791061069,0.6054692799559418,0.1711180549000985,0.8538848801928037,1,0,0,0,0,0
9,32.483893553755465,51.31419617282579,14.473270815390295,0.7235275544641905,18.830302619070324,0.0504278739063883,1,0,0,0,0,0
7,51.72685312514411,73.887819203639,13.44126256092865,0.5789078741842358,22.160966078494887,0.0431760919044092,0,0,1,0,0,0
7,44.09598118612471,45.63002053923096,5.900828809230556,0.4908130269502562,1.5340393531062515,0.3946268627494634,0,0,1,0,0,0
3,30.893840890475865,20.4037381611336,7.048068354125999,0.4486000787710231,10.490102729342263,0.0870314237875611,0,1,0,0,0,0
3,52.582373021730895,61.64009660539732,3.519224829478037,0.8575225912873033,9.057723583666425,0.0994260770522649,1,0,0,0,0,1
1,70.31642130495493,50.74575606394441,4.095432617072422,0.2974312585587431,19.57066524101052,0.0486129149584506,0,1,0,0,0,0
3,34.01191855751505,25.725757967851653,19.64169940631901,0.760796505575982,8.2861605896634,0.1076871318716067,1,0,0,0,0,0
3,4.781105221863128,4.31016336561546,1.4729671602882233,0.7817340922661071,0.4709418562476681,0.679836524980649,1,0,0,0,0,0
4,64.64105217073583,57.96769154146683,1.2644360870583706,0.4772800065436611,6.6733606292690055,0.1303209960164825,0,0,1,0,0,0
4,40.72545793910649,46.35197369516212,4.707434224119193,0.3675705393030753,5.626515756055625,0.1509088692781199,1,0,0,0,0,0
3,21.37992959666156,23.12980302263009,24.43062952160184,0.5234873374413778,1.7498734259685271,0.3636531014687674,1,0,0,0,0,0
10,55.13801123458645,41.22649104373358,8.534050901073078,0.1838925333034286,13.911520190852867,0.0670622436345173,1,0,0,0,0,0
8,21.349386029434044,19.771074241087568,36.72696861748313,0.141337029006181,1.5783117883464757,0.3878506876165355,1,0,0,0,0,0
8,63.32486552939494,41.7975518896557,6.418810598663564,0.2004428795067026,21.52731363973924,0.0443905569919332,1,0,0,0,0,0
1,18.844458665728077,20.737657023145346,13.779836322036086,0.2684305283160035,1.8931983574172728,0.345638244068647,0,0,0,0,1,0
7,29.586494056184627,15.827478773625746,17.84343043231575,0.5537591383042387,13.75901528255888,0.0677551978133477,1,0,0,0,0,0
2,11.434832635420362,10.763785722730962,32.466026522887404,0.8642229725450099,0.6710469126894001,0.5984272448644723,1,0,0,0,0,0
1,28.76438210340143,24.118868895962443,5.073561962783636,0.3120780987997182,4.645513207438988,0.1771318148157582,1,0,0,0,0,0
3,32.5270852033052,36.96278173178906,8.45827086491992,0.9416458096721002,4.435696528483859,0.1839690635339649,0,0,0,0,1,1
4,40.92923852771588,32.6517561117513,7.244132937261857,0.9594171180415032,8.277482415964585,0.1077878626079863,0,1,0,0,0,0
6,34.820549530929874,27.421343088981093,14.60864664726845,0.9630141443606848,7.399206441948781,0.1190588666812171,1,0,0,0,0,0
10,19.40262137014794,21.325549310898776,22.67023790597933,0.8538064612086914,1.922927940750835,0.3421227003437937,0,0,0,1,0,1
5,39.95241121285029,44.44300705438282,22.625291962053232,0.4274425367179485,4.4905958415325244,0.1821295955596837,1,0,0,0,0,0
4,29.27441604355743,21.616396700637807,4.975033394367834,0.1654155199023607,7.658019342919623,0.1154998574607924,1,0,0,0,0,0
8,46.03214424394984,52.80765432414856,4.112467083946175,0.6119368585898454,6.775510080198714,0.1286089259335695,1,0,0,0,0,1
4,23.62578049346948,38.13627757858023,13.510293945314926,0.6028132995435104,14.51049708511075,0.0644724662602816,1,0,0,0,0,0
10,27.966515861165668,24.669786398904108,3.1215428963091147,0.864978190398636,3.29672946226156,0.2327351556068544,1,0,0,0,0,1
2,52.68779993218668,36.50643785132003,14.859801898032057,0.9963919458514948,16.18136208086665,0.0582026032216392,0,0,1,0,0,0
3,35.87613958670826,36.37342768355532,8.444980184358224,0.5573415759041328,0.4972880968470576,0.6678741399906729,1,0,0,0,0,0
6,13.081147888387148,8.56243038076318,20.246501485131425,0.4106836279358058,4.518717507623967,0.1812015198492268,0,1,0,0,0,0
8,99.13698510151004,92.72438600605705,18.08625474406626,0.2673115404006403,6.412599095453018,0.1349054477549464,1,0,0,0,0,0
8,66.88563914413434,58.44057181779424,9.295274442730516,0.1043198423356336,8.445067326340101,0.1058753702275082,1,0,0,0,0,0
9,65.47980149365613,76.81226075952645,2.868155794129983,0.5582023232399913,11.332459265870328,0.0810868277317134,1,0,0,0,0,0
7,11.29560080097898,6.335927646920141,3.1129756676052094,0.5999668000323362,4.95967315405884,0.1677944367333214,0,0,0,0,1,1
2,7.720659995120122,4.673193825842629,8.785529388844447,0.8424446318356577,3.0474661692774925,0.2470681552796051,1,0,0,0,0,0
8,75.16753412530258,82.34162198071343,11.935569975661275,0.5541192711035205,7.174087855410846,0.1223378091462583,0,0,1,0,0,0
7,19.260101471081907,21.87194562414956,6.52066076089911,0.9248215137994508,2.611844153067654,0.2768668739903044,1,0,0,0,0,0
8,46.87982160335624,21.715740308268213,3.7750321744396538,0.665275128914292,25.16408129508802,0.0382203368320728,1,0,0,0,0,1
3,28.693103916280776,39.60236323055824,6.704774739486094,0.8563026143989748,10.909259314277463,0.0839682782623723,1,0,0,0,0,1
7,8.342968408520479,10.16936678899514,20.353295648437857,0.2334715613269724,1.8263983804746624,0.353807165652303,1,0,0,0,0,0
10,25.213116358474664,20.980104994446105,6.706345016341801,0.8698025172720832,4.23301136402856,0.1910945592195626,1,0,0,0,0,0
9,52.238541954193884,53.48659557740058,5.125370880219703,0.7076294689994636,1.248053623206694,0.4448292468102112,1,0,0,0,0,1
3,37.25120070834222,18.89689784133646,3.021945639667768,0.2532097291944974,18.35430286700576,0.0516680971085117,0,0,1,0,0,0
10,110.79010886116664,130.29511473283554,7.998680088995958,0.2707872023314098,19.5050058716689,0.0487685790610607,1,0,0,0,0,0
6,62.15234483703622,49.00297489521044,18.21503307528631,0.9338505571397993,13.149369941825777,0.0706745250220635,0,1,0,0,0,0
2,54.51543217211051,49.66423034555808,18.820796475417744,0.1289938244053356,4.851201826552433,0.1709050601300496,1,0,0,0,0,0
2,46.7455611237945,45.4613933466452,4.269026084492268,0.5162814489661355,1.2841677771493067,0.4377962118211924,0,1,0,0,0,0
5,21.27702154115317,27.703985204228584,9.352436748409232,0.3821277609406914,6.426963663075412,0.1346445257261313,0,1,0,0,0,0
5,21.73377656613012,24.272992486846498,4.642972317935964,0.6985696959985852,2.53921592071638,0.2825484577379466,1,0,0,0,0,0
7,41.52699737017467,37.794305552770176,6.26047094736022,0.8556664488120928,3.732691817404493,0.2112962429377919,1,0,0,0,0,0
2,25.361276568047508,21.62512605378068,7.886369618443516,0.4243403094009126,3.736150514266832,0.2111419383711884,0,0,1,0,0,0
7,99.5066462758207,105.11493104812936,5.609564467965961,0.4842118785905535,5.60828477230865,0.1513251977563677,0,0,0,1,0,1
5,61.54621775367527,60.23046677724726,24.679097063580564,0.9837260060512728,1.3157509764280064,0.4318253604031628,1,0,0,0,0,0
6,80.73294183062885,75.85187206694972,5.096761818387147,0.8055248587112825,4.881069763679122,0.1700370919209115,1,0,0,0,0,0
8,4.989630235694264,4.997115638289327,4.755825003883506,0.9074837178386124,0.007485402595063,0.9925702123566432,0,0,0,1,0,1
10,53.8213611665391,50.18251870071608,4.246622524622619,0.4948859985864667,3.638842465823025,0.2155710195738625,1,0,0,0,0,0
4,12.94632595271387,7.880144564037905,2.0221626678715032,0.3106685835857037,5.0661813886759655,0.1648483511994462,0,1,0,0,0,0
7,89.42141766877812,88.13489842869467,25.177286831178307,0.4706771188478065,1.2865192400834502,0.4373459809432889,1,0,0,0,0,0
6,59.00483550916484,58.68398248892054,8.310908186836611,0.7444827260483622,0.3208530202442929,0.7570865074866915,1,0,0,0,0,0
10,64.17719365186417,66.31239210219033,12.04374045029181,0.1984873643523814,2.1351984503261576,0.3189590757471729,0,1,0,0,0,0
2,66.11785032704549,49.53250534445149,10.927278992028,0.3434221950548579,16.585344982594002,0.0568655321229012,0,1,0,0,0,0
8,27.633065023015774,22.10714497611904,5.471825696752787,0.1419723104154313,5.525920046896736,0.1532350983177504,1,0,0,0,0,0
10,118.1978331591096,166.63562824046704,8.29029762581765,0.4891129645043184,48.43779508135745,0.020227439317517,0,1,0,0,0,0
9,61.17903253511091,49.85170948337366,14.040250150747234,0.8447011623816519,11.327323051737253,0.0811206127886032,0,0,1,0,0,0
5,47.38299479284194,53.41502135775835,2.282331846382536,0.1221973194682097,6.032026564916407,0.1422065162536665,0,1,0,0,0,0
10,29.83948046673021,23.89495979431612,6.167390591299405,0.7077911741264494,5.944520672414093,0.1439984193541718,1,0,0,0,0,0
4,38.97105276133615,20.54657898119309,7.060227694410455,0.9392462870623656,18.42447378014306,0.0514814461034339,0,1,0,0,0,1
6,86.8033353838132,84.54862498835533,5.328547900451744,0.313235075360064,2.2547103954578773,0.3072469985027096,0,0,1,0,0,0
8,34.3376071823552,39.59808723664613,5.244205018304006,0.7242713566548833,5.26048005429093,0.1597321597270485,0,0,1,0,0,1
3,26.891550332064394,24.647932058326315,9.537627204309322,0.9775917109901804,2.243618273738079,0.308297683514885,0,1,0,0,0,0
10,56.93929200517392,28.52356754700788,21.03987255372965,0.9660502541372168,28.41572445816604,0.0339954231425496,1,0,0,0,0,0
1,41.11900234147072,18.161522639498,11.63670701451192,0.3114362737262289,22.95747970197272,0.0417406176459228,0,0,1,0,0,0
4,27.37212163580274,35.26625390013157,4.1482466157401525,0.1902979478908618,7.894132264328828,0.1124336776517975,0,0,1,0,0,0
4,76.77870512372625,76.50508481549964,41.73284706635207,0.2334542841063243,0.2736203082266115,0.7851633595513247,1,0,0,0,0,0
1,20.015532540765932,23.053654254717465,21.17563747742325,0.731832101633928,3.0381217139515293,0.2476398857778468,1,0,0,0,0,0
9,35.04939781872235,37.079282251097,5.657402992710966,0.753182987907948,2.0298844323746508,0.3300455916123035,1,0,0,0,0,1
3,22.518583906719577,16.04230344252547,21.391937510745148,0.7068129054653791,6.476280464194108,0.1337563518101368,0,0,1,0,0,0
5,116.61946918461176,109.16119627486091,9.699623043752789,0.4024705489680142,7.45827290975086,0.1182274455636422,1,0,0,0,0,0
6,60.2814241308713,34.70700477344519,2.951972843373592,0.2527992457823099,25.57441935742611,0.0376301730829936,0,1,0,0,0,1
8,51.57992454351679,63.77595058639617,19.578913503855325,0.6226849827570278,12.196026042879382,0.0757803900015492,0,0,0,0,1,0
6,23.29910722231925,25.1588753609894,4.148739249571525,0.5353124011820799,1.859768138670152,0.3496786982405572,0,0,1,0,0,0
3,116.61257384120644,138.2045460471107,12.025368180302284,0.755950732410073,21.591972205904256,0.0442635105463991,0,0,0,0,1,0
6,13.733454731204622,18.164800400548938,9.313367840235433,0.4972240708170593,4.431345669344315,0.1841164346515846,0,0,0,0,1,0
1,34.687845211346385,31.597627762565807,12.762450801698634,0.4047757252178215,3.090217448780578,0.244485779184706,1,0,0,0,0,0
4,38.20213427717485,31.12125479411809,26.46729589162329,0.3641307196231129,7.080879483056759,0.1237489065511628,0,1,0,0,0,0
6,13.98393128804151,13.613837023183526,8.19619899869523,0.2903232880447719,0.3700942648579843,0.7298767870571693,1,0,0,0,0,0
7,44.21273080316009,58.22395229898584,2.9144919510924927,0.3391717385679953,14.011221495825744,0.0666168306342075,0,0,0,1,0,1
10,26.017901582350756,15.830347130416628,4.675203201725585,0.1853473949596912,10.187554451934126,0.0893850398043978,1,0,0,0,0,0
3,95.17913753840205,95.67122583265696,2.7143838911235694,0.4121713098360006,0.4920882942549269,0.6702016253665131,0,0,0,0,1,0
9,16.427441109433847,19.73331947178132,1.9415677766165689,0.1329128311266623,3.3058783623474746,0.2322406523938175,0,1,0,0,0,0
7,64.07843738292316,69.01211895701256,17.94693423837369,0.2677724624496941,4.933681574089405,0.1685294344689303,0,0,1,0,0,0
1,44.766755174504894,56.77699642933696,9.069750257061356,0.7720934001574862,12.01024125483206,0.0768625254838065,1,0,0,0,0,0
2,74.11356277381176,45.6717716980643,7.470503162514205,0.3929220898089604,28.441791075747467,0.0339653249161103,1,0,0,0,0,0
1,37.231834410874455,47.35223275926459,5.76633106285913,0.7014133152796095,10.120398348390133,0.0899248362038008,0,0,1,0,0,1
9,21.762596476346907,18.36646889270255,15.13166986497466,0.7451957580375496,3.3961275836443576,0.2274729249716195,1,0,0,0,0,0
9,104.1529257293208,49.59924659461377,23.05401697259764,0.6230668084589022,54.553679134707046,0.0180006079808898,0,0,1,0,0,0
7,103.1632310262098,94.73459031163618,4.040918834891111,0.9628279672288586,8.428640714573604,0.1060598266783382,1,0,0,0,0,0
10,65.06581745874368,51.41951631530291,11.687456328900447,0.1192958799608019,13.646301143440771,0.0682766242620814,0,0,1,0,0,0
3,57.86466937973486,55.49100900302985,17.08207912113327,0.7647873855293279,2.3736603767050117,0.2964139505283222,1,0,0,0,0,0
5,50.54987020197031,31.341953200577564,10.033673199518766,0.9629079795463672,19.207917001392744,0.0494855555835408,0,1,0,0,0,1
4,59.99042751293665,58.142865321282926,14.277965865186989,0.8760445564176453,1.8475621916537224,0.3511775802231908,0,0,1,0,0,0
7,145.4587478081746,124.55246212709116,2.8786206510662664,0.251103422624512,20.906285681083432,0.0456489983997388,1,0,0,0,0,1
9,16.16726425712733,24.20207703571957,23.485545051508677,0.3941382756265589,8.03481277859224,0.110682979770148,1,0,0,0,0,0
2,41.82340088439602,43.64060263978263,15.182715204309304,0.2552066558888188,1.8172017553866056,0.3549621528127898,1,0,0,0,0,0
8,29.21781884003198,30.885062734606656,12.548287984165905,0.6411775274332336,1.6672438945746748,0.3749188448923087,0,1,0,0,0,1
9,44.22375735932118,41.70172866640663,16.262304311536408,0.7409691837815431,2.522028692914553,0.2839272723733772,0,1,0,0,0,0
10,15.27569400128884,20.039888233760305,6.561286713305544,0.3853663924267524,4.764194232471464,0.1734847854998873,0,0,1,0,0,0
10,20.60647587401401,23.10651775306327,3.411740056934365,0.5855559165858659,2.50004187904926,0.2857108670572927,0,1,0,0,0,0
9,19.282125346939296,26.5761299008044,2.7347776171396005,0.7218285130640755,7.294004553865101,0.1205690198872616,1,0,0,0,0,0
10,59.41262879182061,75.0722551826501,2.340258497545197,0.4792058349499435,15.659626390829487,0.0600253557036827,1,0,0,0,0,0
7,40.95677684281149,37.01264909019248,11.567635165181226,0.8686139774099134,3.9441277526190106,0.2022601457800678,1,0,0,0,0,1
9,11.62896654038564,13.749998622107675,5.9758958683250905,0.7943949417590354,2.121032081722035,0.320406831399262,1,0,0,0,0,0
9,11.37708871499358,13.692665140867357,22.506826642279503,0.1581989894655136,2.315576425873777,0.3016066805748454,0,0,0,0,1,0
3,8.31459637020901,10.278354703313267,19.419515132373967,0.6590127691817461,1.9637583331042572,0.3374094266831109,0,0,0,1,0,0
4,35.979136342296854,39.58969990170137,15.11235981699135,0.3117929958637746,3.6105635594045182,0.2168932251156637,1,0,0,0,0,0
2,38.02009576969468,25.24996958344613,12.853978555227116,0.6017664382005478,12.770126186248543,0.0726209757611839,0,1,0,0,0,0
10,39.5983801630413,39.30925172817341,4.658380486162602,0.9611995983696696,0.2891284348678908,0.7757178981956747,0,0,1,0,0,1
3,24.64162293659193,25.32609675564886,5.422898674636098,0.8911558040970251,0.684473819056933,0.5936571935323153,1,0,0,0,0,0
5,32.44035015804578,33.01612126481296,4.639394950661298,0.4640647628036185,0.5757711067671778,0.6346099352282077,1,0,0,0,0,0
5,36.654765273893005,47.16905717892253,3.309942998915485,0.362362472509918,10.514291905029523,0.0868485885409239,1,0,0,0,0,0
6,41.06286170461295,34.45939794979323,7.651878686607226,0.3109651699674331,6.603463754819721,0.1315190066324857,0,1,0,0,0,0
7,50.48818705374315,52.20604601263287,16.924862218227666,0.5792633827808681,1.717858958889721,0.3679366792486216,0,0,0,0,1,0
7,77.94838681893891,76.59246651547257,7.271470009287226,0.2028236079322506,1.3559203034663485,0.4244625756349503,0,0,1,0,0,0
1,22.86115161331026,26.767679663934278,4.4352292363544885,0.5943475073154237,3.906528050624015,0.2038101055741074,1,0,0,0,0,0
2,66.25934036741991,96.24412718991071,7.276541243498668,0.1012002755417128,29.984786822490804,0.0322739028584871,1,0,0,0,0,0
9,26.268184268762692,30.356414659222946,9.484513305873431,0.3914646676712603,4.088230390460247,0.1965319813102147,0,0,1,0,0,0
10,59.09401616890918,67.31152981901884,5.570541828790271,0.2979408824475231,8.217513650109666,0.1084891260224065,0,0,1,0,0,0
2,42.56379492481325,31.711824040693006,7.700726573646232,0.974096910964704,10.851970884120243,0.0843741526010531,0,1,0,0,0,0
6,144.55608802140912,88.77194005020573,41.26733382333768,0.7545180876129811,55.7841479712034,0.0176105486430319,0,1,0,0,0,0
1,49.58135419889102,52.75091922152978,2.267172323912836,0.414688042416014,3.169565022638764,0.2398331707433445,1,0,0,0,0,0
3,69.40492738214674,66.16872294006862,0.9469692043908884,0.1835605778775584,3.236204442078119,0.2360603728344703,0,0,1,0,0,0
2,3.3520731238878425,3.737842102324176,8.980884952809184,0.5651205352215616,0.3857689784363329,0.7216210028949955,0,0,1,0,0,0
3,72.97657559730577,61.79436737377639,11.18760913801303,0.2921030931934381,11.18220822352938,0.0820869239509915,1,0,0,0,0,0
5,23.80539939267233,32.15466896275173,7.403232428586778,0.5827865913085221,8.349269570079393,0.1069602274813334,0,0,1,0,0,0
10,38.67973676073607,27.11278229911013,3.5837611923515844,0.8518261187610032,11.566954461625944,0.0795737744617097,1,0,0,0,0,1
6,31.78751503483192,30.229844794338717,22.23764358189965,0.6542132968912469,1.557670240493202,0.3909808169043588,1,0,0,0,0,0
9,17.749639770942384,16.013060748734272,8.580798068164285,0.670409577590502,1.7365790222081117,0.3654197419057581,1,0,0,0,0,0
10,107.91784331436224,137.53314000935,9.298200352380183,0.5869272601565303,29.61529669498776,0.0326634103847739,1,0,0,0,0,0
4,81.93874133636598,77.20436886966253,14.93764853220496,0.9345390693682682,4.734372466703448,0.1743869980205307,1,0,0,0,0,0
7,20.62763141129046,17.646874751648646,7.163236663813279,0.9387124159785428,2.9807566596418127,0.2512085227761648,1,0,0,0,0,0
6,19.34564609782732,19.735955928630798,6.648631073018649,0.561450880966197,0.3903098308034742,0.7192641365573095,0,1,0,0,0,0
2,57.9357646139252,46.50833641404381,22.236977879781197,0.375183538429154,11.427428199881398,0.080467171800642,0,1,0,0,0,0
10,71.97676656590708,71.57600922638366,1.620389340343872,0.5136283052914995,0.4007573395234232,0.7138995254811429,1,0,0,0,0,1
8,41.27234258244216,39.93361617957829,10.756910516994376,0.2679021209760541,1.3387264028638768,0.4275831490059951,1,0,0,0,0,0
7,24.80499559871553,42.7218092124113,10.067165963133109,0.6727098837862804,17.91681361369577,0.0528630254767642,0,1,0,0,0,0
7,36.3189758034206,32.11971198111957,5.92260681808872,0.5500831022040099,4.199263822301028,0.1923349216692435,1,0,0,0,0,0
8,9.999828062986277,9.776390539293743,7.412908885034291,0.1929704300319519,0.2234375236925316,0.8173690774023661,1,0,0,0,0,0
1,13.203685046648996,13.923796198905553,20.93489496020474,0.2778830030076538,0.7201111522565569,0.5813577795179882,0,0,0,1,0,0
1,75.86096568778308,81.04141704581107,4.136903650094814,0.5316687605795741,5.1804513580279945,0.1618004805912866,0,0,1,0,0,1
8,28.088976966084186,35.4143329862128,14.253261506422836,0.8988300916469725,7.325356020128613,0.1201149833811613,0,0,0,1,0,0
4,38.844064790728005,57.50140073823093,8.379592737186636,0.6097516485679877,18.65733594750293,0.0508715933161344,0,1,0,0,0,1
5,49.6253670568877,39.68722471163948,13.199034767536372,0.7133815001876237,9.938142345248217,0.091423202261984,1,0,0,0,0,0
8,38.61918560083025,42.85422742694482,11.325910656873848,0.4051256947695187,4.235041826114568,0.1910204413289658,0,0,1,0,0,0
5,50.85371842898112,48.76347994731484,0.8782940332865529,0.6142702537398108,2.090238481666283,0.3235996205253361,1,0,0,0,0,0
10,74.24604583580718,80.37772587578391,4.049269359428278,0.5026418403742607,6.131680039976729,0.1402194145551239,1,0,0,0,0,0
4,23.94192100144201,30.588040249230268,4.61897574935039,0.6932169213608446,6.646119247788256,0.1307853000447597,1,0,0,0,0,0
6,76.7840675400903,108.0287849609392,3.551315261985965,0.1455180094711093,31.2447174208489,0.0310128318678772,0,0,1,0,0,0
5,49.49296532746524,60.31513165127165,5.145223556132407,0.5439701946150632,10.822166323806409,0.0845868661132173,1,0,0,0,0,1
7,59.789197795253706,64.50227174626575,9.281957617501783,0.3663933626295702,4.713073951012042,0.175037118121472,0,0,0,0,1,0
10,73.61502443547649,92.50349960069912,15.940217430296787,0.3935665551501183,18.88847516522263,0.0502803755286689,0,0,0,1,0,0
7,45.01791024815829,35.5484340263593,2.5835968137150704,0.9648256884022552,9.469476221798992,0.0955157620892106,0,1,0,0,0,0
4,165.82989938364017,135.74062919987225,8.473575989522436,0.2644253314402445,30.089270183767923,0.0321654382392711,0,0,1,0,0,0
5,17.1403347689442,17.862139487947456,10.343755361065003,0.3801207273207372,0.7218047190032557,0.5807859561326415,0,1,0,0,0,0
3,74.73891493936495,96.48375952802348,18.090327341459165,0.5589033181577846,21.744844588658538,0.0439660071583271,0,0,1,0,0,0
4,27.237901030145345,25.224893942591176,23.96439135922953,0.8767242533346613,2.0130070875541684,0.3318943404184812,1,0,0,0,0,0
4,51.63978563616396,49.18157854989566,7.126387163241924,0.4750030748857334,2.4582070862682954,0.2891671826047544,0,0,1,0,0,0
3,38.22322627425616,19.279810443639608,3.6259260971312095,0.769478752799354,18.943415830616555,0.050141861780008,0,1,0,0,0,1
10,36.58602477182477,58.43073997980171,10.857951945425736,0.8707366883933221,21.84471520797694,0.0437738002376505,0,0,0,0,1,0
5,34.46317888996104,32.48210239665338,3.7847245261155393,0.3790147202396641,1.981076493307654,0.3354492923093193,0,1,0,0,0,0
5,59.4787936748473,18.717794484548183,10.208140498033186,0.453475165184839,40.76099919029912,0.0239457872031063,0,1,0,0,0,0
7,20.609297061350887,21.47031264139294,4.427834880850944,0.4209006013195207,0.8610155800420536,0.5373410146181596,0,0,1,0,0,0
4,26.078779179526716,29.16178496745442,12.142143824426086,0.849570227756129,3.083005787927707,0.2449176052987035,0,0,1,0,0,0
4,19.14673421258879,18.04585897572978,4.700350277485816,0.139912175758241,1.100875236859011,0.4759920924647986,0,1,0,0,0,0
9,103.09163988736702,79.63342558516813,22.48703631313447,0.377578979945812,23.458214302198897,0.0408860592864335,1,0,0,0,0,0
6,69.01932933274665,84.51111024521634,8.40563059858068,0.7114677018356169,15.491780912469691,0.0606362651376167,0,1,0,0,0,0
4,27.074306553490175,32.37512506632721,1.81295778727264,0.6088991496088084,5.300818512837029,0.1587095387627244,0,0,0,0,1,0
2,57.12098776425752,64.63315812499853,16.267808755767447,0.4926604233643249,7.51217036074101,0.1174788517640696,0,0,1,0,0,0
6,19.658980858955186,15.902976684366164,7.213190166494376,0.5859534044992459,3.75600417458902,0.2102605387402573,0,0,1,0,0,0
2,43.00536902893037,36.46044377836853,12.811970562525628,0.2778261272454865,6.544925250561846,0.1325394177928447,1,0,0,0,0,0
5,34.813079057415514,31.76300973026633,16.481444352749296,0.4876449594472093,3.0500693271491883,0.2469093536983704,0,1,0,0,0,0
6,34.42570151798876,30.858583083574658,8.75212343946038,0.5515326857587142,3.5671184344141054,0.2189564414324818,0,1,0,0,0,0
4,30.660586133715675,35.4541714433248,2.419952641889113,0.9110702097591414,4.793585309609128,0.1726046906293792,0,0,1,0,0,1
3,162.052473039904,146.05637379130883,9.379026835474129,0.3347516465235787,15.996099248595158,0.058837029919242,1,0,0,0,0,0
7,64.36336493470965,49.077813587880975,20.48369303672139,0.8810456519484393,15.285551346828676,0.0614041231213662,0,0,0,1,0,1
2,133.40131632158136,147.51510311073528,7.734105214981145,0.6798172607433837,14.11378678915392,0.0661647549982396,0,1,0,0,0,0
6,29.62022107686424,47.21919877698843,11.34383040979012,0.1183067479608409,17.598977700124188,0.0537663959881689,1,0,0,0,0,0
4,20.00576836129037,16.070470122119154,4.168594569333801,0.7521682032094542,3.9352982391712175,0.2026220000370088,1,0,0,0,0,0
6,49.518885834321765,40.734737458407416,2.022416215259881,0.1319966897941495,8.784148375914349,0.1022061360456983,1,0,0,0,0,0
4,42.96839352428986,41.65385088247329,7.334148925476665,0.9976430141324316,1.3145426418165655,0.4320507999866234,0,1,0,0,0,0
4,64.27022643496056,76.42242382788902,8.559788728383793,0.8853730189220781,12.152197392928455,0.0760329221136591,1,0,0,0,0,1
4,76.55981714421445,87.38759569159664,17.839453807516556,0.3676093727860411,10.827778547382197,0.0845467300553515,1,0,0,0,0,0
9,8.865251018213353,8.60331032491102,8.982608216364723,0.3316701071770349,0.2619406933023338,0.7924302665786382,0,0,1,0,0,0
7,138.11718800742955,123.05932924083731,16.894963822014475,0.4432969738950481,15.05785876659222,0.0622748035423292,1,0,0,0,0,0
3,50.97526041738463,77.72815283795143,5.845528582933084,0.4205502687829987,26.752892420566795,0.0360322803420277,1,0,0,0,0,0
3,61.64029097141807,79.26851716957604,2.352674817991764,0.4351040365468429,17.628226198157975,0.0536819764459851,0,1,0,0,0,0
6,104.22946559857375,149.4449257994764,11.813769037988065,0.3864488915075323,45.21546020090264,0.0216377808562959,0,1,0,0,0,0
6,23.575825491267,27.718539310108124,21.964441545596557,0.6590200661634983,4.142713818841127,0.1944498634818732,0,0,1,0,0,0
4,39.409934743779566,38.48913527944815,5.192672113632327,0.2478372973485615,0.9207994643314166,0.5206165550176658,1,0,0,0,0,0
9,18.447027859964784,20.28593940862876,13.089789805199052,0.8613831632014118,1.838911548663976,0.3522476776251135,0,0,1,0,0,1
4,20.843001623608703,30.257013868789745,13.436711941680493,0.8311622356281838,9.41401224518104,0.0960244693838091,0,1,0,0,0,0
9,76.78828185584642,86.65293974984608,7.085336277486913,0.5288348870697434,9.864657893999665,0.0920415543458833,1,0,0,0,0,0
4,97.34670730091932,55.52852652626556,13.861421980974152,0.8674569687506929,41.818180774653776,0.023354565325016,1,0,0,0,0,0
2,12.665818473246686,17.10626651104395,10.831151883554028,0.3224305630272639,4.440448037797262,0.1838083909730496,1,0,0,0,0,0
2,53.20032101293932,73.10878950482609,13.868768032975042,0.1158089101335702,19.90846849188677,0.0478275106753053,1,0,0,0,0,0
5,84.61367919369334,110.78643291691333,12.277917353540658,0.6572871325268407,26.172753723219984,0.0368015700648502,0,0,1,0,0,0
4,74.20279934806464,49.29477968220105,7.81150286746233,0.5121184662682439,24.90801966586359,0.0385980871134508,0,1,0,0,0,0
7,46.25008120596216,50.723403227707415,8.542361462299102,0.6104480916662836,4.473322021745254,0.1827043970786017,1,0,0,0,0,0
5,52.8930761470276,66.45197804824392,17.509830932997925,0.9094054681165628,13.558901901216316,0.068686498939625,1,0,0,0,0,0
6,53.82894748646149,54.0436844507951,9.366432391621217,0.9729330162093492,0.2147369643336105,0.8232234873568596,1,0,0,0,0,0
10,51.06749959515803,55.93148181899536,4.620495859471083,0.6710078257800427,4.863982223837326,0.1705325769807008,0,1,0,0,0,1
4,58.2830190320167,66.44208315590176,7.175316505284815,0.7876500308671945,8.159064123885052,0.1091814607337659,1,0,0,0,0,0
2,36.78909231892297,29.188502044006725,11.314690589436118,0.1754275901384478,7.600590274916243,0.1162710893130807,0,1,0,0,0,0
10,130.88655497172255,146.26598865266456,16.76097590237582,0.244644026402355,15.379433680942014,0.0610521718564379,1,0,0,0,0,1
9,23.413078750434888,17.64389880654139,1.9977508799612624,0.759884324457679,5.769179943893498,0.1477283819145779,0,0,1,0,0,1
10,87.8943607416265,85.63780334083242,6.876970758555028,0.4882289107492017,2.25655740079408,0.3070727387627682,0,0,0,1,0,0
7,26.242313330563405,22.4600371563128,15.90338453433687,0.5013687433639652,3.7822761742506046,0.2091054476076348,1,0,0,0,0,0
4,60.251426370723735,73.43735574180782,4.123040728778874,0.3777469134718929,13.185929371084086,0.0704923853659071,0,1,0,0,0,0
3,26.688285727230983,31.150707047161937,4.140666665384981,0.6466207451299694,4.462421319930954,0.1830689984222308,0,0,0,0,1,1
10,58.10488753798051,66.34676219858183,8.464873945317835,0.2666485408745823,8.241874660601319,0.1082031553904384,1,0,0,0,0,0
3,41.32979301000813,44.2426698715536,1.839727055952238,0.6642246513825061,2.912876861545463,0.2555664375303217,0,1,0,0,0,1
9,66.14847025318676,73.3574027603887,25.976638287447663,0.2564189714217157,7.208932507201936,0.1218185189271163,1,0,0,0,0,0
5,24.68343026793876,37.079598988902745,11.212540135623485,0.1574434312387422,12.396168720963985,0.0746482088147394,0,1,0,0,0,0
3,24.334236347828124,32.390873795434494,13.055742378751011,0.3973219198291549,8.05663744760637,0.1104162561199019,1,0,0,0,0,0
5,97.22216445401548,73.85023205094905,18.33650193565824,0.3080263078088629,23.37193240306644,0.0410308047577787,0,0,0,0,1,0
2,114.21751952258208,98.96576670045576,35.84030859563044,0.9000924747006991,15.251752822126306,0.0615318243481114,0,0,1,0,0,0
4,38.15038651521468,36.16052871347733,7.832964408612951,0.1494581084817639,1.989857801737344,0.3344640669596129,0,0,1,0,0,0
10,55.10971721325589,51.77076187168276,1.970277946233148,0.2589523233167106,3.3389553415731257,0.230470221810912,0,0,1,0,0,1
2,11.820806410188132,9.376927578287424,10.502423937220788,0.5938476450247445,2.44387883190071,0.2903702623730494,0,1,0,0,0,0
2,44.78735973683531,51.35643618255505,4.351851288528195,0.5329604717627263,6.5690764457197375,0.1321165147652186,1,0,0,0,0,0
8,31.989286710708186,31.50096997236934,3.0029609312323373,0.1412668165372314,0.4883167383388453,0.6718999889204564,0,0,0,1,0,1
1,126.2797911691097,133.1470466402962,5.622873111910995,0.10652718521363,6.867255471186496,0.1271091301995288,0,0,0,0,1,0
7,30.76733422417181,17.619439161618377,7.717874947978444,0.9892611477650348,13.147895062553438,0.0706818926475355,0,1,0,0,0,1
5,127.5223299362542,77.37928117953379,18.56137070179756,0.6929512303229544,50.14304875672042,0.0195529993676529,0,0,0,0,1,0
8,29.945976447131265,25.894327893098215,26.429321883889465,0.4288655178114011,4.051648554033047,0.197955180235497,0,1,0,0,0,0
1,62.63283450278868,72.15227895785151,3.3861907236982987,0.5233890228969172,9.519444455062825,0.0950620543006639,0,1,0,0,0,0
7,114.70806025442796,128.41644591736153,5.962773352229151,0.3398951084088583,13.708385662933566,0.0679884266646671,0,1,0,0,0,1
5,39.20803200215127,49.08367642522951,12.642042113141116,0.4103864053238888,9.875644423078237,0.0919485743647511,1,0,0,0,0,0
4,110.66649499258236,91.27911485596115,13.902866855622856,0.6841400205413926,19.38738013662119,0.0490499511609013,1,0,0,0,0,0
7,73.70661807179492,86.34137641444804,3.751851849482696,0.8945306189806337,12.634758342653114,0.073341967262576,1,0,0,0,0,0
10,44.50120119108016,61.52542474009056,15.921435123234035,0.2657170207730663,17.0242235490104,0.0554808919940911,0,1,0,0,0,1
2,57.05044208991296,70.26623983243869,4.601210193079938,0.8563253548467868,13.215797742525725,0.0703442760027851,1,0,0,0,0,0
1,97.40485210791157,65.93410285684914,3.615720264156368,0.2094009665664421,31.47074925106241,0.0307969487327823,1,0,0,0,0,0
1,55.01994489986415,70.25828067671195,12.261653151644866,0.2934930012295521,15.238335776847798,0.0615826654739936,0,0,0,0,1,0
1,15.632982201827865,16.908225956018207,18.903515739255493,0.1334577592446814,1.275243754190342,0.4395133480350353,1,0,0,0,0,0
5,73.86704247030377,82.2536964654594,10.49997303151426,0.2267306758836995,8.386653995155626,0.1065342347247583,0,1,0,0,0,0
10,75.66025312129787,122.86429213723552,9.24535004470171,0.9255728309176456,47.20403901593765,0.0207451495852737,1,0,0,0,0,0
7,53.78870302102168,57.104603866073134,7.834800077910548,0.5134948719565408,3.315900845051452,0.231701337890231,1,0,0,0,0,1
2,30.318826520771847,35.1032224140851,8.85950856504395,0.1698992756005182,4.784395893313256,0.1728789001382144,0,0,1,0,0,0
10,71.13950049350025,72.80748037917566,7.018385700883455,0.9637541542350652,1.6679798856754076,0.3748154194748911,0,1,0,0,0,1
8,18.25129064852241,17.141326307552802,12.521186145379811,0.8910930769827851,1.1099643409696078,0.4739416589099617,0,0,1,0,0,0
4,56.5065979961483,61.656899104774304,8.86527146835898,0.7792142687813272,5.150301108626003,0.1625936653081044,1,0,0,0,0,0
3,54.78545356284073,48.7983819974517,34.41390528604324,0.940125512752802,5.98707156538903,0.1431214766646406,0,1,0,0,0,0
10,45.65380064883861,47.3145221972628,10.81833545737182,0.2981164787521877,1.6607215484241848,0.3758379002839478,1,0,0,0,0,0
8,86.53687313415682,80.00990984163182,7.028750237162446,0.8527323637090777,6.5269632925249965,0.1328557030420351,1,0,0,0,0,0
2,33.920218751077826,16.295587181025784,3.432071313426055,0.7209920767188756,17.624631570052042,0.0536923372813439,1,0,0,0,0,0
3,22.591307162224577,19.814055886723693,3.8473893070161664,0.8827833246109195,2.777251275500884,0.2647427790907012,1,0,0,0,0,1
3,25.342022819011092,31.39588710166659,11.15051870027127,0.8172204091683668,6.053864282655496,0.141766265968409,1,0,0,0,0,0
10,88.29821998914832,99.7715069865466,5.377471828424278,0.4118455568591425,11.47328699739829,0.08017132935437,1,0,0,0,0,1
1,63.7837103155507,60.04816537611969,9.599115385130473,0.79695868331553,3.735544939431009,0.2111689389057204,0,0,0,0,1,1
6,60.60639987108985,62.10003533787192,19.64980280363737,0.3362106726864012,1.4936354667820666,0.4010209243977664,1,0,0,0,0,0
2,57.014540823736574,45.53373604504053,2.8145435283705944,0.3957329467252494,11.480804778696047,0.0801230383562234,1,0,0,0,0,1
1,39.289351815062254,32.43515404019417,7.398623254843125,0.1971151455006785,6.854197774868084,0.1273204506257541,1,0,0,0,0,0
2,21.131940627800645,21.16724567457921,2.057926885114723,0.9415689543824218,0.0353050467785642,0.9658988943515548,0,1,0,0,0,1
6,22.18233210967264,20.985809359889927,9.87779598352924,0.3619030270602534,1.196522749782709,0.4552650320143168,1,0,0,0,0,0
4,58.24420940286525,47.2714562316536,2.2994589300757227,0.5685602186543066,10.972753171211655,0.0835229780235082,0,0,0,1,0,1
6,33.19294526801868,32.63951300224869,2.7482166792016978,0.4521995528195733,0.5534322657699846,0.6437358242358467,0,0,0,0,1,0
9,26.54799146017248,19.16318393069444,24.46893851566296,0.9639353085251514,7.384807529478039,0.1192633219646785,1,0,0,0,0,0
10,40.06796949427159,55.83681909715006,4.93256476920573,0.4015442538446342,15.768849602878475,0.0596343830186385,0,1,0,0,0,0
10,91.64242450743969,112.16105587096574,3.608224974148317,0.8006912392804201,20.51863136352605,0.0464713569885765,1,0,0,0,0,0
8,47.86222159520796,21.87757547694924,19.55938756360742,0.869874539168062,25.98464611825872,0.0370581105869447,0,1,0,0,0,0
1,124.15354168437632,150.18187773318343,3.582137238665743,0.4920458477328693,26.02833604880712,0.0369982080359746,1,0,0,0,0,0
8,60.92014836008504,55.24158682390139,10.689144680486557,0.4403546330076381,5.678561536183644,0.1497328421071094,1,0,0,0,0,0
9,223.6443931841396,193.0787260527508,10.915337771894508,0.7729712388393651,30.56566713138878,0.031679989395998,1,0,0,0,0,0
6,53.86240294306277,64.00218156548145,15.205574947519723,0.9216063822756106,10.139778622418682,0.089768390727937,0,0,1,0,0,0
10,50.64427869271618,48.83290415104273,3.069788146414445,0.7794385597650144,1.8113745416734448,0.3556978926773518,1,0,0,0,0,1
5,48.49085121425973,43.7977119853675,4.1060592868670165,0.304413729032679,4.693139228892228,0.1756500165892799,1,0,0,0,0,0
6,32.41175850663876,21.64589524593416,4.983853695126425,0.8994769726939348,10.765863260704606,0.0849916387639638,0,0,1,0,0,1
6,38.24926109724584,47.00429454149948,4.274617013996551,0.4488235006931498,8.755033444253641,0.1025111810958542,0,1,0,0,0,1
9,138.5579117798386,174.46228974088655,14.509041971153934,0.6186064706001408,35.90437796104794,0.0270970561014599,0,0,0,1,0,0
4,33.306706242858006,34.64988926843132,10.928678424257187,0.8482920573634399,1.3431830255733177,0.4267699061857642,1,0,0,0,0,0
2,48.5113512167968,34.371929533535315,12.166384414927691,0.269555290660443,14.139421683261482,0.0660527212281579,0,0,1,0,0,0
9,48.74819785381108,52.43587160874989,1.945345980920152,0.8060591221097978,3.687673754938814,0.2133254258461193,0,0,1,0,0,1
2,35.604285622417954,41.31048587652549,9.692813489076473,0.6365465181196097,5.706200254107536,0.1491157379900043,1,0,0,0,0,0
10,34.84364060737559,34.61238579177798,21.701626566807203,0.9040074776448472,0.2312548155976088,0.8121795645644921,0,0,1,0,0,0
9,41.56966022044988,50.73130650881006,31.559977947745526,0.2547733616591887,9.16164628836018,0.098409250983816,1,0,0,0,0,0
2,73.7650243901035,76.8916832756542,5.705380424374555,0.4786140133368356,3.1266588855506967,0.2423267897187851,0,0,0,0,1,0
8,100.57205018732724,108.21789766997462,15.430579683389658,0.8495587835801537,7.645847482647369,0.1156624613153364,1,0,0,0,0,0
9,17.654124727151718,24.18820301968641,4.200442613989435,0.1173085331110841,6.534078292534694,0.1327302373524405,0,1,0,0,0,0
10,123.40726785991556,108.23322141214004,2.026686773671565,0.2009812300890786,15.174046447775524,0.0618274470293445,1,0,0,0,0,1
9,67.65314440490914,41.13189279231804,2.161729520697928,0.9915086914810612,26.5212516125911,0.036335556757255,0,0,0,0,1,0
10,69.63888915774795,66.69628574417102,19.76136323763934,0.3523547607313155,2.942603413576933,0.2536395105214877,1,0,0,0,0,0
9,27.80901377575895,23.889654108710264,6.059488695819276,0.977988874351558,3.9193596670486848,0.2032784890070741,0,0,0,0,1,0
2,168.9670475519999,108.9042636910824,5.121364531233886,0.2642783959078065,60.06278386091751,0.0163765871251087,0,0,0,0,1,0
4,25.538384844170174,29.50877415275699,14.154149487654651,0.4249849987066021,3.9703893085868094,0.2011914837882833,1,0,0,0,0,0
7,50.94269470452212,50.95331487717386,2.6519585798128134,0.7775825000532136,0.0106201726517412,0.9894914301741324,0,0,1,0,0,1
2,55.57048801442562,30.269582519533124,11.777369972416004,0.6920005665143606,25.300905494892497,0.0380215046282035,0,0,0,0,1,1
1,118.74433173334552,164.64435339682336,7.010816550754414,0.62301015993615,45.90002166347784,0.0213219517716923,1,0,0,0,0,0
3,26.92240920450935,22.023186711616457,29.595767543575437,0.5769092582245068,4.899222492892893,0.169513864107474,1,0,0,0,0,0
4,52.60087862283317,44.501887370691534,5.921539415528519,0.8590963992982662,8.09899125214163,0.10990229271455,0,1,0,0,0,0
8,13.00291840205465,16.063726151708213,7.440793700396295,0.3114537065500534,3.060807749653563,0.2462564252359182,1,0,0,0,0,0
6,46.27656325388743,51.23044598431788,2.129583482952668,0.4982238342941666,4.953882730430443,0.1679576245076133,1,0,0,0,0,0
2,58.67674421027409,74.69365681820749,32.630807632588656,0.2399070629408115,16.0169126079334,0.0587650664394781,1,0,0,0,0,0
9,31.39733587768036,14.285798616397509,6.258878773916594,0.6363474361576339,17.111537261282855,0.0552134247675213,1,0,0,0,0,0
2,15.287597165706146,14.194407346658004,25.23289106207919,0.3254899818441882,1.093189819048142,0.4777397591465166,1,0,0,0,0,0
5,125.4683962598926,129.667490732112,1.5133492387453558,0.4004578579090472,4.1990944722194,0.1923411865938104,1,0,0,0,0,0
4,20.773000613253963,27.53222878445068,10.24477669460223,0.5241256449611753,6.759228171196714,0.1288787979856209,0,0,0,1,0,0
7,22.70057958630192,17.906998480536267,30.37221731488994,0.124093527132815,4.79358110576565,0.1726048158719692,0,0,1,0,0,0
8,27.757185030154265,25.393457621871693,4.945034417462837,0.1827441423287539,2.363727408282571,0.2972892504718666,1,0,0,0,0,0
5,94.78062287810894,98.11679489097877,9.741358434195565,0.7173362986373977,3.336172012869824,0.2306181574513153,0,0,1,0,0,1
10,42.45778600975717,50.53956886972221,20.21345101798581,0.4860729826457565,8.081782859965038,0.1101105383622714,0,0,1,0,0,0
5,13.162658113856107,9.512377773677349,6.329239627115683,0.8783111997999059,3.650280340178762,0.2150407990159059,0,0,0,0,1,0
2,28.16306184967108,33.877693197849844,2.056394965643085,0.7252048032797795,5.714631348178763,0.1489285037623449,1,0,0,0,0,0
8,94.47781903028904,80.54024456746572,5.589219416748291,0.1072908474825902,13.93757446282332,0.0669452729751274,1,0,0,0,0,0
2,16.25172505555444,17.77674549502336,10.347532394711292,0.6550410976904213,1.5250204394689175,0.3960363981094457,0,0,0,0,1,0
10,20.650076170668168,19.6536712580352,10.260294371762742,0.1843523794537447,0.9964049126329684,0.5009003903327132,0,0,0,0,1,0
6,21.750185852324503,23.245270288120107,13.612527367803038,0.8028398618114448,1.4950844357956043,0.4007880397366718,0,0,1,0,0,0
8,43.54067367307088,45.84934465982308,4.038337537544266,0.9923569194506516,2.3086709867522046,0.3022361558474574,0,0,1,0,0,1
6,49.20491493350036,64.9137225758094,28.809918214058506,0.5780789148173604,15.70880764230904,0.0598486751064067,1,0,0,0,0,0
4,39.10272776071843,36.79917793851257,4.160989830112619,0.7145015501747173,2.3035498222058592,0.3027046824837278,0,1,0,0,0,0
4,42.18913105220852,38.99998701540319,8.859048628673548,0.3135827448052763,3.189144036805331,0.238712250334225,1,0,0,0,0,0
6,19.17724714702104,24.299415739518647,10.62621953995972,0.4938379693784142,5.122168592497609,0.1633408137805036,1,0,0,0,0,0
4,38.71537916192284,52.268620352379074,9.888441685465237,0.8704857990127453,13.553241190456234,0.0687132156275801,0,0,1,0,0,0
8,38.18543281276179,34.402490778881,3.090509356354868,0.2506806529716261,3.7829420338807855,0.2090763368897907,1,0,0,0,0,0
9,21.969820569969947,25.77248679837354,20.543217337797607,0.3389820450523859,3.802666228403592,0.2082176758580203,0,1,0,0,0,0
1,101.6150393061264,79.92328530407433,5.367040296811525,0.5008903077574272,21.69175400205208,0.0440688718866583,0,0,0,0,1,0
4,89.76179573891221,105.4290456251222,11.321500104087598,0.7410240026596125,15.667249886209987,0.0599979004831128,1,0,0,0,0,1
4,17.01833418336728,20.932996411140014,9.673367975317465,0.4382955593161064,3.914662227772734,0.2034727827985827,0,0,0,0,1,0
2,60.59041182253516,56.42171324558686,9.642617302661916,0.9349590518047036,4.168698576948302,0.1934722996732417,0,0,0,0,1,0
6,57.2758431692486,73.18190275399067,1.87358077736826,0.1850113461418472,15.906059584742067,0.0591503889470798,0,1,0,0,0,0
3,52.22013365667771,48.79049306488229,4.990572448060378,0.4337237777903627,3.429640591795419,0.2257519496846313,1,0,0,0,0,0
7,38.28153409717639,38.511553673173296,11.242650660466078,0.7380587110855797,0.2300195759969057,0.8129951909013484,1,0,0,0,0,0
5,51.78847306465328,56.85245568166248,1.9873620018095848,0.3033880890953432,5.063982617009209,0.1649081244387217,1,0,0,0,0,0
4,39.57139984054644,30.073412559505577,6.9875877681843725,0.6907718208067056,9.497987281040864,0.0952563546924826,1,0,0,0,0,0
5,27.63927994053324,18.24960791370179,9.040169366961544,0.2477952624046113,9.389672026831448,0.0962494289923193,1,0,0,0,0,0
8,59.88781031195644,64.07675177639078,13.140686188485189,0.1503822563755177,4.188941464434336,0.1927175334033207,0,0,0,0,1,0
3,8.996897007136972,7.328122727532144,8.89735346363753,0.2089141450737839,1.6687742796048282,0.3747038509933753,1,0,0,0,0,0
7,70.96052791814279,49.3047909499182,7.171571879020441,0.9369863048207212,21.655736968224588,0.0441389305235372,0,0,1,0,0,1
6,44.97128818910156,53.61698761008958,10.015309702265636,0.5965757946455962,8.645699420988024,0.1036731455496224,1,0,0,0,0,0
1,33.36430130821611,46.0163621243109,6.826481876205217,0.8167111979316841,12.652060816094789,0.0732490144507027,0,1,0,0,0,1
7,69.60224910505454,84.51914264710335,3.909444940666433,0.3993890508145461,14.916893542048811,0.0628263296074845,0,0,0,0,1,0
7,52.27052443600662,36.79082607932726,5.538436832885301,0.633392783096902,15.479698356679355,0.0606807223261275,1,0,0,0,0,1
1,102.01543162614998,106.56179503327571,11.139222487587386,0.5454569203344924,4.546363407125753,0.1802983192041182,1,0,0,0,0,0
9,83.90775033136998,77.41595023662103,7.221372635863462,0.9511641634620646,6.491800094748953,0.1334792689811499,0,0,1,0,0,0
6,22.304424344863698,17.548995562362737,38.85790594774987,0.7728171724486993,4.75542878250096,0.1737490007765261,0,0,1,0,0,0
2,31.615548046727696,32.28837662829131,2.9610056307042325,0.7574883683469211,0.6728285815636141,0.5977898817733538,0,0,1,0,0,1
5,28.27185441599971,27.794546964345827,10.886453144886753,0.1417179424908516,0.477307451653882,0.6769071657226635,1,0,0,0,0,0
4,28.47887088164441,26.82225103266365,12.16794562189226,0.594702702103322,1.656619848980764,0.3764181767984828,1,0,0,0,0,0
7,113.5234073888416,141.56684476043193,8.735609837664374,0.5202923085116333,28.04343737159033,0.0344311861989923,0,0,0,0,1,1
8,16.608200040737366,22.00531584910882,6.476548585610972,0.935058039945575,5.397115808371453,0.1563204465817815,0,0,0,0,1,0
1,86.14551509436212,79.18354403523989,8.190851354315946,0.331607789370579,6.961971059122234,0.1255970403025108,0,1,0,0,0,0
5,115.44221242435398,110.26492415557364,8.233379205683065,0.3428501079619849,5.17728826878033,0.1618833307575986,0,0,1,0,0,0
3,76.5851245828742,71.84578304743215,23.30905010363909,0.4702116239933503,4.739341535442051,0.1742360153729688,0,1,0,0,0,0
1,63.47143737479327,71.64228419678312,1.3604810158139722,0.3190327420657384,8.170846821989855,0.1090411844631621,1,0,0,0,0,0
3,16.23961627581511,17.58521649819759,3.8241232397654334,0.2162655260278745,1.3456002223824797,0.426330109648556,1,0,0,0,0,0
6,13.956662642235877,11.480803624205672,10.065104784843,0.8716733619857208,2.475859018030203,0.2876986652256995,1,0,0,0,0,0
7,56.59228198735627,54.77062109468575,17.126310186450198,0.6024488719635243,1.821660892670522,0.3544011977476017,0,1,0,0,0,0
8,37.386710136130304,23.395320061058687,4.045206141131702,0.8752264470609101,13.991390075071616,0.0667049549769802,1,0,0,0,0,0
4,17.721057086050156,10.759119995205143,3.155508963181771,0.8480212888633263,6.96193709084501,0.1255975761413443,1,0,0,0,0,0
3,71.06160968539368,50.0841677595643,7.448211963392014,0.3538381193107039,20.97744192582937,0.0455012008847459,0,0,1,0,0,0
5,61.44587435299796,57.58368604257546,3.849136719435426,0.5929636998918466,3.862188310422504,0.2056687104973736,0,0,1,0,0,0
9,71.22043665049529,82.10307778372272,7.491665975278127,0.1748959324660634,10.882641133227438,0.0841563747308415,0,1,0,0,0,0
6,71.90297392048049,57.83738739358714,3.917969212715074,0.9237266956276826,14.065586526893348,0.0663764399889055,0,0,0,0,1,1
9,87.57957314603505,84.81843257093942,13.291719245290778,0.4638364435586378,2.761140575095624,0.265876794561069,1,0,0,0,0,0
6,33.5770163154909,35.41297749767546,4.0182313038719775,0.4543085655001192,1.8359611821845616,0.3526141352998677,0,1,0,0,0,0
2,19.23184315643087,26.61679028763817,1.6619891199541326,0.3724798335561579,7.384947131207301,0.119261336339042,0,0,1,0,0,0
5,110.23805276793678,111.77696986659224,13.325167847715203,0.5145973702396335,1.5389170986554743,0.3938687090372373,0,1,0,0,0,0
9,13.930878964290748,14.28064481911546,8.32319147744062,0.3265834478909032,0.3497658548247138,0.7408692377463232,1,0,0,0,0,0
8,15.370462431091791,13.044465721555612,5.922537435136125,0.4373670455171241,2.325996709536181,0.3006617526508174,1,0,0,0,0,0
7,28.29964336219465,41.29408845851405,6.062127049413788,0.8199523437263937,12.994445096319405,0.0714569240235902,0,0,0,1,0,0
1,101.4388609969482,120.82824210778152,9.055445140460105,0.8508299532266547,19.389381110833327,0.0490451374940791,0,1,0,0,0,0
4,30.84190647533406,22.27465603184479,3.1642406357757515,0.3737642298656645,8.567250443489272,0.1045232385110732,0,0,0,1,0,0
7,15.503799487798815,21.310145137660403,2.300753238399303,0.5221129874975091,5.806345649861587,0.1469217185613157,0,1,0,0,0,0
7,22.70324632017472,26.771611444538543,4.008282837494212,0.886437798652047,4.068365124363826,0.1973022810043739,0,0,1,0,0,1
6,22.13824312176377,23.433112115683745,6.494951947394542,0.1474059986467274,1.2948689939199696,0.4357547217943168,0,0,1,0,0,0
8,49.84708957156752,58.07576255887758,3.725989893346884,0.9002304657962069,8.228672987310063,0.1083579406676404,0,0,1,0,0,0
6,26.10704137012397,33.52034103750348,23.218357263043597,0.2972659110870985,7.413299667379512,0.1188594296572191,1,0,0,0,0,0
10,2.673135223146729,2.169905270021085,4.010141758582851,0.7106853197929383,0.5032299531256434,0.6652342164422117,0,1,0,0,0,0
3,201.66348119164547,182.01999100671776,8.569715654948967,0.6242965267461402,19.643490184927717,0.0484414210505025,0,0,1,0,0,0
4,7.694093603939009,7.62018239247822,11.649948367486044,0.597646673370327,0.0739112114607882,0.9311756775867434,1,0,0,0,0,0
3,12.551357641485502,8.66041785557668,18.62468153365957,0.8734242022775393,3.890939785908822,0.2044596833682307,1,0,0,0,0,0
1,69.50464676384382,82.17850172647209,25.65928803962087,0.1914149292801951,12.673854962628267,0.0731322661190336,1,0,0,0,0,0
10,18.097940347263677,16.85167313196198,32.30853242275812,0.4123252227930725,1.2462672153016925,0.4451830099232836,0,0,0,0,1,0
5,65.61465954732266,59.288146859087526,18.01568559998161,0.5844274717102891,6.326512688235134,0.1364905846141225,1,0,0,0,0,0
1,57.84007025384517,48.54279052782547,16.158358050346642,0.8301599685514358,9.297279726019704,0.0971130266057692,0,1,0,0,0,0
1,29.98156083462174,29.72630532583704,3.362530784846756,0.2947987750705043,0.2552555087846997,0.79665055680032,1,0,0,0,0,0
2,65.17757045214894,67.71565144030109,12.141836439156055,0.8226368572368487,2.538080988152146,0.2826390925896458,1,0,0,0,0,0
4,38.3392574696369,47.88621767367512,6.783550158605161,0.4596746342445421,9.54696020403822,0.0948140488495557,0,0,1,0,0,1
6,71.11123706932217,89.31831766746737,6.839961815005113,0.2700224707903259,18.2070805981452,0.052064133062292,1,0,0,0,0,0
8,101.3989713812676,72.6606680609199,5.952250793349814,0.7830877963991344,28.738303320347683,0.0336266662300056,0,1,0,0,0,0
3,17.317229725419544,19.311093422524813,3.2932645411802945,0.181809011327093,1.9938636971052688,0.334016542224981,0,0,1,0,0,0
1,48.340544255827226,63.20408494785865,5.193049007513288,0.5632906366678987,14.86354069203142,0.0630376294557192,0,0,1,0,0,0
3,50.33250085674183,47.53124173035397,3.822932203901941,0.1574882054756995,2.801259126387862,0.263070726501681,1,0,0,0,0,0
3,49.41816001832067,47.31853002033673,1.361372747826075,0.4207760696420088,2.0996299979839392,0.3226191515278984,0,0,0,1,0,1
5,66.37747043371434,59.793389735878826,20.57372077882671,0.6409691191057534,6.58408069783551,0.131855137074873,0,0,1,0,0,0
4,58.500992869271386,66.37256196110631,8.438384850213112,0.6005039873384918,7.871569091834928,0.1127196316286781,0,0,0,1,0,0
4,15.750385226350524,16.88181476924329,8.70128546162216,0.4641898761141999,1.131429542892768,0.4691686869662151,0,1,0,0,0,0
9,18.19375070340751,22.64961340999911,7.859882555473718,0.4861431945749042,4.455862706591599,0.1832890697179443,0,1,0,0,0,0
7,35.348472620903586,34.36580846601213,17.057585674891914,0.3040925980156899,0.9826641548914524,0.5043718561879929,0,0,0,0,1,0
4,48.95457453262108,64.37524847269307,9.311703965461836,0.5102943295816926,15.420673940071993,0.0608988403064055,0,0,0,1,0,0
3,51.10698368054938,58.74120894888918,21.019774111796284,0.9579293701487508,7.634225268339804,0.1158181503170672,1,0,0,0,0,1
6,54.006208701979205,69.88862017102328,13.017480586655292,0.8654076260054113,15.882411469044072,0.0592332441270976,1,0,0,0,0,0
3,60.40877699041363,51.41024668196906,4.464353882749922,0.2307095821687094,8.998530308444565,0.1000146990758651,1,0,0,0,0,0
6,59.30904556890212,82.55299819045152,18.92218216667738,0.1268027085888288,23.2439526215494,0.041247399531343,1,0,0,0,0,0
9,41.74895888961259,35.951229112898375,10.572612298889252,0.9401718814449675,5.797729776714213,0.1471079364504196,1,0,0,0,0,1
6,101.80271675464118,88.85759096391142,7.721726507881574,0.5740747748926729,12.945125790729762,0.0717096435705704,1,0,0,0,0,0
4,14.441430403862055,13.020183986387368,15.725870313445242,0.584054040834377,1.4212464174746895,0.413010420080654,0,0,0,1,0,0
5,7.945043940140071,6.951299157970096,8.508904488428513,0.8026461961358701,0.9937447821699744,0.5015687107712997,1,0,0,0,0,0
6,47.55399257743073,70.06549558261375,13.817327845258893,0.3832200764841939,22.511503005183016,0.0425323723361945,0,0,1,0,0,0
3,55.44650213121222,62.67978561572807,2.82950248568128,0.533716811952402,7.233283484515844,0.1214582252488546,1,0,0,0,0,0
8,47.46861842028348,53.35330101574772,8.652642018043766,0.9717966218320638,5.884682595464241,0.1452499786495341,1,0,0,0,0,0
4,30.135666848295845,15.8851539819494,4.728352370604338,0.7049338182391665,14.250512866346444,0.0655715652820251,1,0,0,0,0,1
8,57.41251750954802,75.86331667778973,31.574350116912303,0.2383705287962073,18.4507991682417,0.0514117693237381,1,0,0,0,0,0
10,21.41691422792924,15.856753458958329,20.05709105182975,0.2199040731859179,5.560160768970913,0.1524352885877321,0,0,1,0,0,0
10,13.1607921632631,13.041180727188138,9.730837920868575,0.2838382824997049,0.1196114360749618,0.893167011142468,0,0,0,1,0,1
3,84.06619484111121,69.26652314864472,18.8279799809973,0.7900405069786458,14.79967169246649,0.0632924543917462,1,0,0,0,0,0
10,27.810407071487575,29.47667129106827,4.801955695095742,0.3658393034565544,1.6662642195806932,0.3750566026638064,0,1,0,0,0,0
7,46.161030006841735,63.86449139213176,5.74326779638106,0.1192499620075718,17.703461385290026,0.0534660392213007,0,1,0,0,0,1
9,25.478377968176478,19.35450840855474,1.0668452300918576,0.9497569271550956,6.123869559621735,0.1403731485579163,0,0,0,1,0,0
4,28.58504232367238,23.447289945329583,13.324802316646176,0.2527420747554196,5.137752378342796,0.1629260905879037,0,0,1,0,0,0
8,73.49212793056552,76.05666290173426,0.9278873214857806,0.1086023675332617,2.56453497116874,0.2805415034747491,0,1,0,0,0,1
3,43.5675165996404,60.66776005246403,5.267894245255458,0.3134184421449907,17.100243452823634,0.0552478756767219,0,0,1,0,0,0
7,43.969270880265256,39.30178529232528,2.7445364641510226,0.3115259084063203,4.667485587939979,0.1764450891816878,0,0,1,0,0,0
3,12.961905359939124,10.640988614038816,16.774259262560047,0.4798047257611507,2.3209167459003077,0.3011216710670348,1,0,0,0,0,0
7,41.274121733552136,42.96538676222199,29.57633342069218,0.9283508483500332,1.6912650286698536,0.3715724721820674,1,0,0,0,0,0
10,24.753230324475155,24.799555603523235,14.840996759613532,0.8912664260011881,0.0463252790480801,0.9557257384718588,0,0,0,0,1,0
10,150.9472393307243,112.26742959357162,13.074646439495991,0.5112050994841851,38.67980973715268,0.0252017337437908,0,0,1,0,0,0
6,22.90993303261726,20.58840983911869,9.812507304821224,0.4698099144926259,2.321523193498571,0.301066691919347,0,1,0,0,0,0
2,100.07195517752982,50.83760114591299,9.187858471178178,0.5995081778273661,49.23435403161682,0.0199066957120741,0,1,0,0,0,0
3,47.89832208298449,47.53412953490788,4.094433872555346,0.3191086107745892,0.3641925480766161,0.7330343516462587,1,0,0,0,0,0
6,17.29534998318607,11.90811082325155,1.910968852012167,0.1469664927697265,5.387239159934522,0.1565621663695854,0,1,0,0,0,0
4,73.26243654563397,118.48279375063392,9.044543863935164,0.945301722554086,45.22035720499994,0.0216354883534267,0,0,1,0,0,0
6,96.56694626527198,109.96162992686786,10.672967113411536,0.2680290863894554,13.394683661595876,0.0694700921193522,1,0,0,0,0,0
1,123.65896733535124,131.50428442831486,10.624023086911569,0.2785606563211448,7.845317092963612,0.1130541719974621,0,0,1,0,0,0
10,51.710519651718336,58.52277704513178,11.758080885525388,0.5252142959685528,6.812257393413447,0.128003974989752,0,0,0,1,0,0
1,24.934165830538078,21.87125454466849,14.034748017865336,0.5424520103562976,3.062911285869585,0.2461289281599388,1,0,0,0,0,0
3,24.476800984293664,23.606771060677087,8.75364163017635,0.1165907887306677,0.8700299236165776,0.5347508012417428,0,1,0,0,0,0
8,53.7097405832104,60.49586874870219,3.743751754576683,0.2331592648965736,6.786128165491796,0.1284335395905773,1,0,0,0,0,0
8,12.605739736694524,9.530299943296924,11.47598791631108,0.4403393367046676,3.0754397933975994,0.2453722912604539,0,0,1,0,0,0
4,18.034732124571025,21.11461664824871,13.426245463951032,0.7153576241594851,3.079884523677688,0.2451049764267789,1,0,0,0,0,0
6,43.82168087927364,66.90608190931005,6.584168655129911,0.3055766111487422,23.084401030036403,0.0415206505967438,0,1,0,0,0,0
8,71.72412919609036,45.18802304443163,13.458292146745368,0.4807130016175864,26.53610615165873,0.0363159552949269,0,0,0,1,0,1
7,34.85107384551683,39.49303308292387,9.11739541423132,0.6016105582448201,4.641959237407043,0.1772433932825761,1,0,0,0,0,0
7,122.1508624377944,97.15746557093448,3.261584066498753,0.8997332451609629,24.993396866859896,0.0384713088913339,0,0,0,0,1,0
4,57.35152392986721,67.25822620225408,36.24125476699659,0.393463452094411,9.906702272386866,0.0916867422457985,0,0,0,0,1,0
9,32.95610421966276,35.7483425354404,6.321800769174021,0.2202024392771351,2.792238315777638,0.2636965076375849,1,0,0,0,0,0
10,25.14558475796533,36.96153145961029,3.49489263016108,0.5403450033078474,11.81594670164496,0.0780277901648613,1,0,0,0,0,0
6,18.92671346855676,26.977857264239223,4.685697579565209,0.7720494415156559,8.051143795682467,0.1104832740009075,0,0,0,0,1,0
3,65.9634315056123,42.08311736109984,0.6360306650116081,0.1988737813474601,23.880314144512468,0.0401924185599785,0,0,0,0,1,0
5,23.24125978336535,27.681741210309188,6.743704139646981,0.4822151425272644,4.440481426943837,0.1838072629101401,1,0,0,0,0,0
5,53.817182662189694,63.86856058279274,20.750911403232458,0.1160066271362351,10.051377920603043,0.0904864540136396,1,0,0,0,0,0
5,15.2505600959411,19.78347320049153,9.699761079061677,0.130203263482526,4.532913104550431,0.1807366176015977,1,0,0,0,0,0
8,18.009558796159094,20.13655311455692,4.304435144008485,0.5346580268949991,2.1269943183978235,0.3197959120413015,0,0,0,0,1,1
9,41.22676122316879,47.37492339460546,8.055395760156363,0.3683775683358364,6.148162171436667,0.139896098607821,1,0,0,0,0,0
9,18.17946852866691,13.486437323192757,8.110634584852907,0.8605965691048709,4.6930312054741545,0.1756533494912949,0,1,0,0,0,0
6,85.99396772855626,95.06545743992278,6.457816504981276,0.6419388755138088,9.071489711366524,0.0992901773877022,0,0,1,0,0,0
6,10.238239908939391,9.68389623975527,16.058184219147577,0.5085396655686913,0.5543436691841226,0.6433583639356292,1,0,0,0,0,0
9,15.753703195650816,18.4461362242327,10.765223951150036,0.4671418339488667,2.692433028581883,0.2708241401426474,0,1,0,0,0,0
4,90.21157269673076,88.07997212470423,3.64891286534254,0.5475209321706069,2.131600572026528,0.3193255260369549,1,0,0,0,0,0
6,81.50783316018774,90.62042707238592,15.75012175001782,0.1363949480913952,9.11259391219818,0.0988865971166669,0,0,0,1,0,0
4,90.80952113650176,104.7971532439052,19.445497701916725,0.903514020778594,13.987632107403456,0.0667216804385016,1,0,0,0,0,0
1,19.829874969426616,22.977811083354585,11.01639764653145,0.9984728401605624,3.147936113927969,0.2410837516619875,0,0,1,0,0,0
7,40.37105103888904,32.86407675569714,6.997786136982191,0.2633384123728288,7.506974283191894,0.1175506080905643,0,0,1,0,0,0
10,47.92777756572573,76.90931356718804,5.410190402235663,0.2083446682971577,28.981536001462302,0.0333538615216787,1,0,0,0,0,0
6,34.789499380214174,36.99758366325715,23.92894695026721,0.2292197171037357,2.2080842830429788,0.3117125087036259,1,0,0,0,0,0
9,61.58726402514886,71.3141225827826,10.395961200932762,0.6949243524109304,9.72685855763374,0.0932239382692664,1,0,0,0,0,0
7,78.02798248009755,79.17892442564278,8.959948502168047,0.6952967546056973,1.1509419455452274,0.4649125942571718,1,0,0,0,0,0
7,39.30406703913378,28.41455726891296,2.954827633753379,0.8631317460505699,10.889509770220826,0.0841077571175104,0,0,1,0,0,1
2,17.011105192489378,20.34048776033755,3.9822245104560734,0.7766437495836279,3.329382567848171,0.2309798185603701,0,0,1,0,0,0
9,60.47228807191898,64.52931075501243,2.220964096240606,0.5047207060324058,4.05702268309345,0.1977448120498218,0,1,0,0,0,0
10,45.64472433755164,55.78715851275957,6.920277258819869,0.6515698254087869,10.142434175207931,0.0897469964170857,0,1,0,0,0,1
9,72.61200816824741,60.54223660004944,5.31236721959024,0.7194562033312071,12.06977156819798,0.0765124313597989,0,1,0,0,0,1
6,61.72659662547969,56.5986261652307,9.28676561564172,0.5614628232567027,5.127970460248989,0.1631861652217182,0,0,1,0,0,0
3,93.30249328444104,99.55035758089448,17.793313980043532,0.528085886006473,6.247864296453429,0.137971678152049,1,0,0,0,0,0
1,45.02925357672836,45.572487306486096,13.51201166588744,0.680587701078388,0.5432337297577376,0.6479899840946216,1,0,0,0,0,0
4,108.27728042579032,100.53104667937978,15.411981936485022,0.6017270940780883,7.746233746410525,0.1143349273520619,1,0,0,0,0,0
3,104.8284516808979,111.87413692383454,17.49195609878315,0.6795480748023193,7.045685242936642,0.1242902213801995,0,1,0,0,0,0
1,67.22379889977876,91.25298712427498,4.276355823690082,0.6515692965670274,24.029188224496224,0.0399533533021775,1,0,0,0,0,0
3,79.30738800864367,88.38494833404748,6.05473677846463,0.7472769044622892,9.077560325403809,0.0992303660519074,1,0,0,0,0,0
4,93.91403751187184,121.45471463614209,5.389434066347514,0.6785231579045885,27.540677124270232,0.0350377111112625,1,0,0,0,0,0
8,36.73496946937353,35.19348588710401,14.00468501980454,0.5677682377935406,1.541483582269521,0.3934709659257406,0,0,1,0,0,0
9,94.8702411620969,96.16357265901247,2.863264488610136,0.7136171301559479,1.2933314969155705,0.4360468607983433,1,0,0,0,0,1
3,54.23544685667694,57.53190225735515,21.41274833880285,0.5045337686668853,3.2964554006782123,0.232750001278297,1,0,0,0,0,0
6,69.25674746332817,61.5609686794193,5.869874411059522,0.3175041033753409,7.695778783908864,0.1149983256071846,1,0,0,0,0,0
10,76.27993282210858,81.0776560018759,3.058551728962219,0.1012763981205239,4.797723179767317,0.1724815016159729,1,0,0,0,0,0
5,67.20976709007603,93.5529592721994,6.072811957339361,0.6039677324312589,26.34319218212337,0.0365721746509826,0,1,0,0,0,0
6,47.151566246435465,67.7138234313124,6.40606228246987,0.6315897039477769,20.56225718487694,0.0463773338489519,1,0,0,0,0,0
4,84.50228695341781,113.55491363480832,7.153793024976198,0.9748440682981429,29.052626681390507,0.0332749616398499,1,0,0,0,0,0
10,172.88400670558008,186.096150575091,7.410335360068728,0.425330500684848,13.212143869510925,0.0703623611737623,0,1,0,0,0,1
6,180.20332405663635,147.80556571877565,17.382938453595152,0.4547199185454805,32.397758337860694,0.0299421293454408,1,0,0,0,0,0
7,57.14777439298648,92.10763547931111,10.531144949058666,0.2816196232079712,34.95986108632465,0.0278087837324904,1,0,0,0,0,0
9,89.53223402015468,78.03024127457078,3.021809310844495,0.1634808657135897,11.501992745583893,0.0799872484611089,0,0,0,1,0,0
10,174.62391701346058,241.1730192968701,6.30235669436039,0.7955240435755665,66.54910228340952,0.0148040457414873,1,0,0,0,0,1
7,33.80655877365265,36.89970491007887,5.256145213258305,0.3247129579053925,3.0931461364262205,0.2443108471258036,1,0,0,0,0,1
6,68.68698190086606,50.949185082414,8.679748392611808,0.6480143749270342,17.73779681845206,0.0533680672113622,1,0,0,0,0,0
1,70.05077264270693,44.099956799053366,7.777149966512983,0.7189957319909334,25.950815843653565,0.0371046281419151,0,1,0,0,0,0
2,167.8609338159912,226.2115433905554,25.880463794496897,0.5241130185624829,58.3506095745642,0.0168490266092998,0,1,0,0,0,0
1,102.57920607230092,87.8526077506137,15.365274302727972,0.8887169017244725,14.726598321687234,0.0635865417012008,0,1,0,0,0,1
9,47.05093673002169,32.230340656732245,12.615433783884589,0.4994153568817558,14.820596073289444,0.0632087435497035,0,0,1,0,0,0
10,51.30387177920312,47.85652304272965,0.9629905974289064,0.3564177607375886,3.447348736473465,0.2248530662322092,1,0,0,0,0,0
10,26.956724145760223,26.92247041166037,14.946533597603873,0.90641397066546,0.0342537340998561,0.9668807247481992,1,0,0,0,0,0
9,18.942110996802462,20.698891339085023,1.4440574740709615,0.8754078558249608,1.7567803422825603,0.3627419945877949,0,0,1,0,0,1
7,64.84929293823163,70.02411449319823,5.668455402432054,0.2476359523687717,5.174821554966599,0.1619479998082972,0,0,0,0,1,1
2,60.4971193634204,49.41876712858026,6.278243066159118,0.1233649165185288,11.07835223484014,0.0827927502491183,1,0,0,0,0,0
6,40.72214933106444,40.73844114415741,16.933380801062878,0.1809870007146586,0.0162918130929767,0.9839693551762516,0,1,0,0,0,0
4,25.797243957578917,36.87403186196345,3.525060016117465,0.3578926586984353,11.076787904384538,0.0828034745594021,1,0,0,0,0,0
1,34.32543844840921,25.29317504464889,7.168992849014018,0.9750338215675396,9.032263403760314,0.0996784035420339,1,0,0,0,0,0
1,142.01428137857516,158.73457679091922,2.4101515313522666,0.6026645378447425,16.720295412344058,0.0564324677851247,1,0,0,0,0,0
5,23.676958057854836,17.438302582638016,11.928704157302118,0.4359355588263419,6.238655475216817,0.1381472019802196,1,0,0,0,0,0
2,13.384825807948532,12.007393810051685,5.716230712474289,0.8998444851514718,1.3774319978968474,0.420621915110351,0,0,1,0,0,0
4,66.71303349343559,85.59971165835158,9.379146197099365,0.5078226983306496,18.886678164915992,0.0502849189647065,0,1,0,0,0,0
1,33.20992460046848,16.32796476763719,0.3488149867517148,0.383714765560919,16.881959832831292,0.0559222819729188,1,0,0,0,0,0
4,75.5741430661237,115.21439062273618,3.161984194647675,0.9470975758710916,39.64024755661248,0.0246061493254189,1,0,0,0,0,0
6,69.89458145050969,47.29545378553389,9.591675449059114,0.8645658995734102,22.5991276649758,0.0423744476574077,0,0,1,0,0,1
10,15.642157256955564,7.78424490250024,13.15133712723326,0.8593015378774969,7.8579123544553235,0.1128934177698228,1,0,0,0,0,0
4,65.4466455668695,65.76410808430357,21.59801381093449,0.5610562687451918,0.3174625174340661,0.7590348770966427,0,1,0,0,0,0
1,36.08206097281835,32.212227929073975,19.534985665124825,0.8104945589339094,3.869833043744372,0.2053458488242358,1,0,0,0,0,0
7,85.08356946345687,71.92718138334635,5.050488710061928,0.2614180233380967,13.156388080110515,0.07063948758264,0,1,0,0,0,1
2,85.06346268399082,98.70562676829988,9.26221931415278,0.6159006618006193,13.642164084309044,0.0682959154290333,1,0,0,0,0,0
9,20.07876407575828,15.43244272787902,14.18433222621614,0.9854613305627912,4.646321347879258,0.1771064624891739,1,0,0,0,0,0
3,14.473385493180968,16.53512562636459,10.385786458921622,0.3618625874661655,2.0617401331836227,0.3266116510548502,1,0,0,0,0,0
8,82.74791592564435,99.86133169027896,6.326632143478019,0.8149170963229077,17.11341576463461,0.0552076987021101,1,0,0,0,0,0
8,76.55633026562222,50.29365054665018,9.565164073832936,0.5414305664872605,26.26267971897204,0.0366801800229528,1,0,0,0,0,0
3,21.069647380306403,26.476416496677164,20.55290094017797,0.1358251148998786,5.406769116370761,0.1560849129781766,0,0,1,0,0,0
4,83.41622323500187,99.54119554165268,8.04805818512351,0.7867174580341006,16.124972306650818,0.0583942550150361,1,0,0,0,0,0
2,42.94161037356852,59.608138855715325,12.10311108965164,0.2517122299529015,16.66652848214681,0.0566042163297993,1,0,0,0,0,0
4,7.110827721952687,7.120394590196198,10.033659509243796,0.6683262104194752,0.0095668682435112,0.990523789414607,0,1,0,0,0,0
9,31.23385105122973,24.715482691259048,4.820688971167511,0.1770977746422756,6.518368359970687,0.1330075825127433,0,1,0,0,0,0
2,33.29688690605035,43.73588822475038,16.865666617120443,0.9521806577463684,10.439001318700036,0.0874202189631046,0,0,0,0,1,0
3,4.342740512885694,4.395539728363303,8.226228973872082,0.3625514984623248,0.0527992154776093,0.9498487321215788,0,1,0,0,0,0
4,94.05677504793846,136.91958672162258,6.267022320682063,0.3038182225096554,42.86281167368412,0.0227983560980875,0,1,0,0,0,0
5,97.49200903327136,114.78074424628755,9.950438564906912,0.2162227636597009,17.28873521301618,0.0546784667366333,0,1,0,0,0,0
1,107.78136614617912,107.08384993697382,18.19533374846719,0.951401974005143,0.697516209205304,0.5890959948289107,0,0,0,0,1,0
7,18.56567881007254,14.474391275570092,9.494742374685712,0.7407133681971746,4.091287534502449,0.1964139705768407,0,0,1,0,0,0
10,31.474092302452195,30.65284274885488,9.3658015987142,0.7674947998462798,0.821249553597319,0.5490735731546549,1,0,0,0,0,0
7,37.66312508258773,46.48850297800949,11.833453277777783,0.5494641052422201,8.82537789542176,0.1017772558616764,1,0,0,0,0,0
9,15.305350439840486,9.534684019040652,13.860946136520964,0.5272550067434351,5.770666420799834,0.1476959486481195,1,0,0,0,0,0
4,54.691152479459305,49.153014615120114,6.81706776973963,0.1990191186923289,5.538137864339191,0.1529487479079136,0,1,0,0,0,0
6,22.042908356198343,13.146068441538253,7.505881831070031,0.6038569860255926,8.896839914660095,0.1010423537839295,0,0,1,0,0,1
2,44.72832274227461,33.087612205384765,6.422516738997096,0.3222248455979114,11.64071053688984,0.0791094770409989,0,1,0,0,0,0
4,26.83321731172012,22.73257779848146,11.759001219768152,0.9794307995203652,4.100639513238658,0.1960538472488616,1,0,0,0,0,0
2,64.66362301725216,60.28699971004147,8.220769901003752,0.8169228460136326,4.376623307210693,0.1859903405654029,0,0,1,0,0,1
10,80.19651625906636,87.28099732604132,8.537459978643668,0.4716928541735988,7.084481066974959,0.1236937772153357,0,0,1,0,0,1
5,40.91767389362048,48.096324287936326,8.750234317586463,0.2362071328223797,7.178650394315845,0.1222695618209819,1,0,0,0,0,0
7,38.6816965933245,52.06022196452349,2.753448361351332,0.8067985220249055,13.37852537119899,0.0695481611767405,0,0,1,0,0,1
1,59.44238715266636,83.26698718182611,13.050328709125964,0.2098483903731844,23.824600029159747,0.0402826228348238,1,0,0,0,0,0
10,8.654284210555252,11.2186858685709,6.645350894522403,0.2704003781473634,2.564401658015649,0.2805519960836045,0,0,0,1,0,1
10,31.281530287137773,28.31432474263634,8.294265627153374,0.2903684659698047,2.9672055445014323,0.2520665966970139,0,0,1,0,0,0
7,22.2523059558566,23.55298105642736,5.756628614689005,0.6012015744457849,1.3006751005707606,0.4346550278880821,0,1,0,0,0,0
10,98.63184182267732,84.76713420332246,3.516214140534499,0.8083509885913297,13.864707619354874,0.0672734389136541,0,0,1,0,0,1
6,164.57341905743652,174.88578209413322,9.437067899919445,0.382883390852223,10.312363036696697,0.0883988603226447,0,0,0,1,0,1
6,15.77446246735429,15.140795481089777,11.273558283744883,0.1762028328477604,0.6336669862645135,0.612119855764831,0,1,0,0,0,0
8,47.81614876705388,34.16107367183472,35.85179909056257,0.5180846171719773,13.655075095219154,0.0682357472413242,1,0,0,0,0,0
8,18.600127803325865,25.351781584611867,5.369731829967598,0.773299217043942,6.751653781286002,0.1290047295990172,0,0,1,0,0,0
6,21.55182045035629,30.754849402792903,14.542788289719994,0.2994974587786495,9.203028952436616,0.0980101109838747,1,0,0,0,0,0
3,48.19332354857895,39.05973993264902,6.540536318580923,0.2979320932354368,9.133583615929922,0.0986817731910759,1,0,0,0,0,0
5,36.48855600693579,41.238956294662735,15.41862632025689,0.9525043246120396,4.750400287726947,0.1739009373198411,0,0,0,1,0,0
2,47.63883934304989,39.125084785527655,12.549079347823495,0.95873835440726,8.513754557522233,0.1051109731656184,0,0,1,0,0,0
5,20.89149960888422,20.477645306488395,5.434257835586035,0.9914191588554188,0.4138543023958263,0.7072864568191111,1,0,0,0,0,0
9,48.23832606600747,41.826852189970914,3.253968588949816,0.8268936414173021,6.411473876036553,0.1349259292720831,1,0,0,0,0,1
10,95.93316499205903,80.89172362679531,2.3833950653079943,0.269365752251151,15.041441365263722,0.0623385378676388,1,0,0,0,0,1
1,72.11805959113993,75.54665363826217,16.460988604414794,0.2907833687193352,3.428594047122246,0.225805298331603,1,0,0,0,0,0
10,13.75543723970152,7.512671168679202,4.0700169227489305,0.4062027173701528,6.242766071022317,0.138068797223883,1,0,0,0,0,0
5,116.19082448905348,101.00138665383211,16.2193013326786,0.3863192782001418,15.189437835221357,0.0617686673359604,0,0,1,0,0,1
6,19.09416318749421,38.262686624765344,8.607650275147899,0.9608749741702082,19.168523437271134,0.0495822117623154,1,0,0,0,0,1
7,21.83078910805474,13.419916525158174,6.8962467487728745,0.8101665845935242,8.410872582896568,0.1062600721868673,0,1,0,0,0,1
9,80.3365811439096,72.69873251959277,13.83770267250014,0.7516079129453985,7.637848624316831,0.1157695675732092,1,0,0,0,0,0
6,49.279191025212526,52.82862548171718,6.56936698558673,0.2673669016523186,3.549434456504656,0.2198075408186676,0,0,0,0,1,0
5,40.21580499393966,38.41007756606924,12.962958470967273,0.9185730034260966,1.8057274278704227,0.3564138091485995,1,0,0,0,0,0
7,34.623875222624505,28.01166208588202,5.438809603522078,0.8450833415555564,6.612213136742486,0.1313678403424122,1,0,0,0,0,1
1,35.70800208224222,44.34950810779876,20.3529519256384,0.2472776571951313,8.641506025556538,0.1037182362744286,1,0,0,0,0,0
5,36.670978770052336,38.04043860612491,4.782529215044893,0.8840532987648753,1.369459836072572,0.4220371178173336,0,1,0,0,0,0
2,62.60778162285385,52.84961360303049,13.092766110460303,0.3450227827334241,9.758168019823358,0.0929526289380651,0,1,0,0,0,0
4,67.6335082862681,82.12854495757234,17.94745407832049,0.1727827712488954,14.495036671304248,0.0645367946661224,1,0,0,0,0,0
7,36.472174337321086,31.66385907405348,0.1989106485039775,0.691140075862789,4.808315263267605,0.1721669631681504,1,0,0,0,0,0
5,103.85124793578308,81.1366188040507,12.219573444395484,0.6884241934458976,22.71462913173238,0.0421680640437217,1,0,0,0,0,0
6,48.74931826745807,55.91302446141328,4.858108539779093,0.1854388086090563,7.163706193955207,0.1224933842842662,0,1,0,0,0,0
2,54.28617772870264,36.547449001383626,13.780550981068014,0.3869666280429241,17.738728727319014,0.0533654131265644,0,1,0,0,0,0
3,90.2076790273249,129.8505451288368,10.051476386965438,0.9935330160299848,39.642866101511885,0.0246045639966026,1,0,0,0,0,0
7,27.03059946887745,37.27579625227708,11.939989310983549,0.7105840003078632,10.245196783399631,0.0889268564402731,1,0,0,0,0,0
2,63.427668352537125,72.09970798147971,8.14816350185588,0.7570676499429962,8.672039628942585,0.1033908088018583,1,0,0,0,0,0
6,24.118351903465683,20.60802299036604,18.73604115455021,0.2916255570438751,3.510328913099645,0.2217133205287167,1,0,0,0,0,0
5,22.002265347969065,16.128702129236732,2.486532592253658,0.1709038639035229,5.873563218732333,0.1454849498255472,0,1,0,0,0,1
10,109.68045750070368,39.134908512144285,17.417259064379152,0.3492115207668439,70.5455489885594,0.0139771098850594,1,0,0,0,0,0
1,128.43534065674714,180.32230781990205,5.509440254175556,0.3240085466738728,51.88696716315491,0.0189082500593204,1,0,0,0,0,0
10,54.01681962515695,40.92534214847612,1.3520028037158576,0.3110896906732477,13.09147747668083,0.070964879421256,1,0,0,0,0,1
4,30.63371686042732,33.34556811611577,8.858414170783481,0.2734788896983356,2.711851255688451,0.2694073472010737,0,0,0,0,1,0
2,61.42124434024443,64.47665537808732,5.006929117669805,0.6172801215898639,3.055411037842888,0.2465841293690194,0,0,0,1,0,0
4,46.77658943338399,27.21799888637879,11.62626151257509,0.3952931282576396,19.5585905470052,0.0486414668220371,1,0,0,0,0,0
1,74.68332190316217,63.398042775249976,12.423375844877304,0.8383105135427774,11.28527912791219,0.0813982319480228,1,0,0,0,0,0
2,45.94069859469091,32.92741719826781,7.589446220460026,0.2655526760626456,13.013281396423096,0.0713608734250673,1,0,0,0,0,0
8,46.26087504543317,55.43307482613344,12.00498207407708,0.5181643637816901,9.172199780700277,0.0983071529815312,0,1,0,0,0,0
6,22.38305228859205,27.067679570068226,10.4923269107419,0.1122920527834719,4.684627281476168,0.1759130283279228,1,0,0,0,0,0
2,32.33569821759868,30.362757258448216,8.740988035831606,0.5335140902096729,1.97294095915046,0.3363672584623939,0,0,1,0,0,1
6,39.77639810894924,31.39593455558325,7.40619933059221,0.1502543987888269,8.380463553365988,0.1066045397768397,0,1,0,0,0,0
10,63.66857762601629,66.66037804029949,5.804337319042351,0.9799511606853792,2.9918004142832046,0.2505135267840205,0,0,0,1,0,1
9,28.880796805763477,36.87460424909242,26.04285401529176,0.8115329157853716,7.993807443328947,0.1111876150674916,1,0,0,0,0,0
7,119.5845336510836,75.29195921198983,8.442939415500323,0.5411003289728099,44.29257443909377,0.0220786743165754,0,0,1,0,0,0
9,45.22811956163893,69.11613717716813,10.839560539107504,0.1779286223614152,23.8880176155292,0.0401799779897309,0,0,1,0,0,0
5,15.990390533616822,15.01580981560198,13.350425358180184,0.6332008967113728,0.97458071801484,0.5064366277238632,1,0,0,0,0,0
7,36.79630223580161,35.703168848584056,6.94150853576187,0.7828873756316898,1.0931333872175557,0.477752639228272,1,0,0,0,0,0
7,69.71026896397797,97.64066009751534,11.38811066047811,0.2716455277042707,27.93039113353737,0.0345657269334584,1,0,0,0,0,0
3,37.4416802961965,36.91946161182573,24.51742903922534,0.6113875067087418,0.5222186843707775,0.6569358333775537,1,0,0,0,0,0
7,22.19870881896948,21.615325636698252,4.7721739921225925,0.8327898085445812,0.583383182271227,0.6315590636535535,1,0,0,0,0,1
1,33.53608626829476,25.877685308944343,24.511315753148388,0.7914229998816847,7.658400959350416,0.1154947668391443,0,1,0,0,0,0
9,28.5033005756402,24.391034620712592,14.012024051606264,0.8226928160804376,4.112265954927604,0.1956079767399662,1,0,0,0,0,1
10,62.665561014087736,51.602864289303504,5.4519878795401455,0.8913910823827478,11.062696724784232,0.0829002024021197,0,0,0,0,1,1
6,27.834345874641865,15.54767702213662,4.537963402001967,0.9439138919435232,12.286668852505242,0.0752634095950579,1,0,0,0,0,1
5,9.812306916182289,4.709279837270728,24.42123710479885,0.4649690396831824,5.103027078911561,0.1638531153590005,0,0,0,0,1,0
7,26.429164953644467,24.898927243607854,16.611971049711652,0.6118921922705896,1.5302377100366087,0.3952197835141471,1,0,0,0,0,0
5,83.89340960145881,54.92800476297277,7.76747141009209,0.8115935734410498,28.965404838486045,0.0333718167797169,0,0,1,0,0,0
10,60.75464916196192,70.66766271574552,5.994992006008925,0.7274258325512049,9.9130135537836,0.0916337174027695,1,0,0,0,0,0
5,11.936226405543469,11.277486972844738,5.4702454583332845,0.995968205437941,0.658739432698729,0.6028674427622572,1,0,0,0,0,1
10,79.46893853162241,47.76702030737225,7.487151135353063,0.1123098859941797,31.701918224250164,0.0305792459372749,0,0,0,1,0,0
7,93.39233510494005,128.99251976560723,8.02419728027318,0.4196198937842116,35.6001846606672,0.0273222665205474,1,0,0,0,0,1
10,65.0429313440729,58.1092994697755,9.687716018461218,0.3529251336431822,6.933631874297397,0.1260456769162307,0,0,1,0,0,0
7,23.555425700140145,26.588772016223007,3.979897228721386,0.3360842651489811,3.033346316082863,0.247933086234754,0,1,0,0,0,1
3,84.58669463527427,119.35468692394193,5.283734992214782,0.3002768042489972,34.76799228866766,0.0279579572688744,0,1,0,0,0,0
3,39.48483329601047,39.15085140262968,7.2064773903305905,0.7382114567337061,0.3339818933807947,0.7496353623403663,0,1,0,0,0,1
10,27.978223548574466,28.076033493473627,30.523124397862254,0.1762835259477896,0.0978099448991614,0.9109044827352648,0,0,1,0,0,1
3,39.560085123040174,53.783118042282254,10.443295243168595,0.7674479505490045,14.22303291924208,0.0656899321774433,1,0,0,0,0,0
6,57.56695504355282,53.33701037618068,2.806614591372349,0.7240832578146461,4.229944667372138,0.1912066118478581,0,0,1,0,0,1
6,64.95546482022311,82.38272946453917,4.150227742550518,0.3257237192508068,17.427264644316054,0.0542674140357805,0,0,0,1,0,1
3,50.171254676255536,49.24221089537405,24.225197371381157,0.3275504048486451,0.9290437808814858,0.518391552286618,1,0,0,0,0,0
3,43.33153033588452,45.176506189410894,18.83886898347361,0.665974526810052,1.8449758535263712,0.3514968321296969,1,0,0,0,0,0
8,22.233067945354293,23.10207134111959,6.507973938572342,0.78595399493531,0.8690033957652972,0.5350445067492946,0,0,1,0,0,0
8,60.84213811307069,55.21710788243284,12.169093848991936,0.8888370517786289,5.625030230637854,0.1509427074574602,1,0,0,0,0,0
7,51.02723675730667,44.20498767211008,11.223014404160924,0.8669256074690281,6.822249085196589,0.1278404700628205,1,0,0,0,0,0
10,63.94005517543085,53.50823439799706,8.63856299055642,0.968394694747468,10.431820777433792,0.0874751292439767,1,0,0,0,0,0
4,41.5505380777114,28.0921322191244,4.584184551008114,0.6232464058028601,13.458405858587,0.0691639181926885,0,1,0,0,0,0
4,68.32800355330117,60.699301013733375,1.8163166179350207,0.9177900052063236,7.628702539567797,0.1158922787538911,1,0,0,0,0,1
3,63.5835459322315,59.36550405387558,15.455925690123523,0.8276619459343697,4.218041878355919,0.1916427700873639,0,1,0,0,0,0
5,34.28163512468255,37.77432857969684,11.402986591085227,0.9052008618826122,3.492693455014283,0.2225836260615339,0,0,1,0,0,0
3,44.07120989103759,43.05438748985593,4.645545680067617,0.1104639411568299,1.0168224011816631,0.4958294787950076,1,0,0,0,0,0
8,72.22950708298966,91.68445008755228,18.300877003816417,0.9693126926792298,19.454943004562622,0.048887938713735,0,1,0,0,0,0
7,75.39238035634378,94.85139821126404,23.61976914265528,0.5261771465618305,19.459017854920265,0.0488782016366199,0,0,0,0,1,0
3,91.70326716794526,122.54396184957814,10.19890335556732,0.8183646906173586,30.840694681632883,0.0314063499555756,0,0,1,0,0,0
9,27.73848017257124,26.33532268278834,8.408395626311329,0.2144837074040028,1.4031574897828951,0.4161192116003772,0,0,1,0,0,1
5,35.559885971419746,31.01702844075858,2.345508818955575,0.4563469862325766,4.542857530661166,0.1804123585115342,1,0,0,0,0,0
9,113.27741818392448,74.55134208375775,7.557802874743945,0.3443145967188918,38.726076100166736,0.0251723829325243,0,0,1,0,0,0
7,145.39533034269408,192.95505647142232,3.682035050015603,0.3624928934508433,47.55972612872824,0.0205931968674838,1,0,0,0,0,0
7,54.292468209238464,38.62277804960842,7.874494479683345,0.2109300579557935,15.669690159630044,0.0599891173995398,1,0,0,0,0,0
6,43.610373654885386,33.78602757239407,17.02203551092932,0.8251874492887062,9.824346082491315,0.092384333647418,1,0,0,0,0,0
2,144.9714501691648,153.1528499566766,13.299123080159214,0.1083180831229703,8.181399787511793,0.1089158541337197,1,0,0,0,0,0
9,120.03531128812504,110.76689604938302,18.643984306154987,0.3812549112866822,9.268415238742024,0.0973860110591427,0,0,1,0,0,1
6,72.74428976619056,99.06509431892404,7.093683539571199,0.2569694888947735,26.320804552733463,0.0366021431788307,1,0,0,0,0,0
8,41.95599056485818,33.90522278369328,2.96849478913177,0.6301350465475064,8.0507677811649,0.1104878640330436,0,0,1,0,0,1
1,56.99372299001288,57.40800389197361,6.872171079524724,0.3288271623530895,0.4142809019607227,0.7070731129958876,0,0,1,0,0,0
5,13.080784193412017,7.021978787642772,10.2295975737595,0.3330986090752897,6.058805405769244,0.1416670303990372,0,1,0,0,0,0
1,80.55692247146054,105.3717478424456,19.184226809873326,0.5395043295957869,24.81482537098508,0.0387374303575171,1,0,0,0,0,0
10,29.081292504024525,16.8977122052771,15.077322434143207,0.6874201354068331,12.183580298747426,0.0758519292437586,0,1,0,0,0,0
8,109.43831733301786,177.50112755661672,2.00756331125112,0.2091742341086472,68.06281022359886,0.0144795729678879,1,0,0,0,0,1
8,10.07253870635186,9.776919101851474,10.006885725694046,0.2579603072189466,0.2956196045003842,0.7718314824246729,1,0,0,0,0,1
1,30.001958273693145,27.84642218036643,16.917655619003718,0.3224572701350658,2.155536093326713,0.316903362986336,0,0,0,0,1,0
9,49.6911364009646,49.298075702943954,20.071661388891854,0.9763733927061644,0.3930606980206406,0.7178438106974598,1,0,0,0,0,0
2,47.95598428758091,35.07939526807901,17.791688077006434,0.4574372499486283,12.8765890195019,0.0720638190404442,1,0,0,0,0,0
9,27.051313359555603,31.50052194150391,5.06797638983068,0.6390910815679238,4.449208581948305,0.1835128872314997,0,0,0,1,0,1
1,49.34277773355373,44.30296679795841,5.276628321133575,0.3173885314443801,5.03981093559532,0.1655680965287424,1,0,0,0,0,0
10,41.42836947863398,38.19029491646296,26.04771193499492,0.5414135726417392,3.238074562171022,0.2359562073130997,0,0,1,0,0,0
9,49.53453012093022,65.44887286112905,6.169887940609095,0.1667072569473622,15.914342740198826,0.0591214222958476,1,0,0,0,0,0
4,33.016309617935946,18.82125916084468,23.397567087378302,0.1312679313300942,14.19505045709127,0.0658109035454579,1,0,0,0,0,0
9,89.4849656291222,85.1056070487361,4.1866674287459045,0.5218601741393142,4.379358580386096,0.1858957689948652,1,0,0,0,0,0
7,57.757678765540064,56.17800117944653,7.86800706108277,0.4587933587665709,1.5796775860935313,0.3876453419569863,1,0,0,0,0,0
6,34.19750452306825,35.377833414235475,1.2624543755813766,0.2231922877226449,1.1803288911672285,0.4586464014906737,1,0,0,0,0,0
5,67.96072381176057,58.51074767697333,7.464824901194104,0.7188412860286604,9.449976134787242,0.0956939984457064,0,0,1,0,0,0
9,29.79130118969455,27.415209329910777,4.507846809229477,0.993613141809338,2.3760918597837737,0.2962004712940619,0,1,0,0,0,1
2,30.37861423755675,44.42280602556364,13.363142265948042,0.4560821390770412,14.044191788006888,0.0664708356614538,0,0,0,0,1,0
2,11.64471262776717,13.098703932035132,13.288844015534435,0.6621027723256551,1.4539913042679622,0.4074994064815176,1,0,0,0,0,0
9,60.224117868507946,48.49449707551575,11.692798708960792,0.9666783481280372,11.7296207929922,0.0785569355334222,0,1,0,0,0,0
3,51.95472852181265,60.425613109696044,4.691314679119945,0.8483814752021878,8.470884587883397,0.1055867581027597,0,1,0,0,0,1
8,24.543925100685367,24.824018789043915,18.699437310645404,0.5171970009724172,0.2800936883585478,0.7811928213491082,0,0,0,0,1,0
9,24.023915544912278,28.480002227000256,8.905564434002482,0.7637405360139274,4.456086682087982,0.1832815455962132,1,0,0,0,0,1
8,60.96217010803731,57.85321919283854,14.108253999116254,0.2153215362254716,3.1089509151987755,0.2433711233446612,0,1,0,0,0,0
4,35.189470377228595,28.08295560032782,17.856485484569454,0.5608934699174193,7.106514776900774,0.1233575744350043,0,0,0,1,0,1
1,61.03573184767176,35.57585358916609,9.639978961855924,0.3511542494619428,25.459878258505668,0.0377930688202824,1,0,0,0,0,0
4,12.343989348107009,15.900146890831964,2.71092613047097,0.2450473191065449,3.556157542724957,0.2194831918393054,0,0,0,1,0,0
9,18.538338691488327,21.708934773132,10.44427267558132,0.4836528156290813,3.170596081643673,0.2397738789429568,1,0,0,0,0,0
2,83.7630594785146,91.23272995730696,7.534120984978183,0.217913098990253,7.4696704787923665,0.1180683478187197,0,0,1,0,0,0
3,54.239397594585874,63.03806664294187,4.321185574398251,0.729086597357037,8.798669048355997,0.1020546765142331,0,0,0,0,1,0
10,71.88995523110539,94.11643957571134,21.74222685794989,0.510616039648002,22.22648434460595,0.0430542989271743,0,0,1,0,0,0
8,35.252024065510014,20.418901172984626,6.927015607993336,0.5780301693081975,14.833122892525388,0.0631587341794768,1,0,0,0,0,0
6,26.48497444157998,27.036766725678188,12.75729241614006,0.2317383448013413,0.5517922840982088,0.6444161439951538,1,0,0,0,0,0
8,80.09774074079188,43.83822798086474,14.864932535405552,0.225794494984145,36.259512759927134,0.0268387835998625,0,0,0,0,1,1
7,2.8734640525359723,2.590409533316762,10.447349706364538,0.6250738917341117,0.2830545192192102,0.7793901077629498,0,1,0,0,0,0
5,44.83549674109035,48.53345486787144,6.35766850690334,0.9865087730465016,3.6979581267810815,0.212858431900323,1,0,0,0,0,1
9,69.45702275886643,63.34560238133052,2.4469765552320606,0.186625524913953,6.111420377535914,0.1406188844016133,0,0,1,0,0,1
4,35.02949057148907,50.463445316786014,11.602320750770092,0.3571582857092031,15.433954745296944,0.0608496260029059,0,1,0,0,0,0
6,154.14544138295963,142.92865488786035,6.972881572666076,0.8825132048840988,11.216786495099283,0.0818545859339643,1,0,0,0,0,1
2,45.68453479283947,36.88767840255024,25.609113320195576,0.1650448110297132,8.796856390289236,0.1020735591256816,1,0,0,0,0,0
2,61.18452624795943,61.67384188418013,5.167071977505472,0.8882971492302562,0.4893156362207023,0.6714493393338749,1,0,0,0,0,1
2,24.76363925383253,18.35038366686224,1.301750678349625,0.5718573850372761,6.413255586970294,0.1348935010088715,0,1,0,0,0,0
10,119.95751331329107,93.67290052410507,3.3713726351949584,0.4674400965337832,26.284612789186,0.0366506942109268,0,1,0,0,0,1
7,49.07959925830135,60.57005314634806,17.771003785016834,0.3787125079163103,11.490453888046709,0.080061141809826,0,1,0,0,0,0
2,36.49633826578495,45.53166240463082,15.178701019002606,0.3674054423150577,9.035324138845873,0.0996480020141139,0,0,1,0,0,0
2,47.38106191970082,49.24173509966574,21.6258898638215,0.3752223242045309,1.86067317996492,0.3495680691536609,0,0,0,1,0,0
9,16.731015343414267,19.283751076678865,7.623958018764697,0.8963227728641762,2.5527357332645977,0.2814732293868374,0,1,0,0,0,0
7,65.82035736231204,100.18505263250302,13.909003224772537,0.751415707157307,34.36469527019098,0.0282767882590212,1,0,0,0,0,0
3,30.37262336629403,29.929394824868883,10.09982148877626,0.7027507070480355,0.443228541425146,0.6928909533707872,0,0,1,0,0,0
3,57.58572992317842,45.10571048493883,5.477111466910189,0.8188742340568007,12.480019438239587,0.0741838692875501,1,0,0,0,0,0
7,12.027509279959808,13.638454684533318,8.86154555846163,0.3314031967037305,1.6109454045735117,0.3830030295724802,0,1,0,0,0,0
5,16.03374299193056,19.38174686167893,6.608944751256876,0.6562385308735801,3.3480038697483714,0.2299905956748544,0,1,0,0,0,0
10,48.62459984614576,59.974738820999214,20.82850193712552,0.5140596150621559,11.350138974853458,0.080970748753203,1,0,0,0,0,0
6,112.60505717447404,144.8152815856588,5.44668124898206,0.8041974716801741,32.210224411184754,0.0301112087536274,0,0,0,0,1,0
8,10.64240870800255,13.289499604652509,22.82766103898572,0.378330499425957,2.6470908966499582,0.2741911370836827,1,0,0,0,0,0
9,29.58158770935107,33.42747714825221,5.175795047140207,0.6788607551829061,3.845889438901139,0.2063604654229918,0,0,1,0,0,0
1,18.155813995735038,21.042115184244807,6.612661246248851,0.8939911706355821,2.8863011885097727,0.2573140761597678,1,0,0,0,0,0
3,34.63802574891238,38.19493355962226,9.169216203128595,0.4619354285754359,3.5569078107098804,0.2194470552267369,0,0,0,0,1,0
7,46.647939480491054,28.11301005741276,4.991872689167338,0.1599598786307153,18.53492942307829,0.0511903564298836,1,0,0,0,0,0
6,38.51104918567764,21.965817326089365,9.111890959381684,0.5644457401076135,16.545231859588277,0.0569955420368817,1,0,0,0,0,0
7,7.089660903691612,5.22283545634941,10.008394673612472,0.4113752390263233,1.866825447342202,0.3488178887651104,1,0,0,0,0,0
8,12.391376860386282,14.930983809288524,20.11572749353861,0.7050028424924575,2.5396069489022413,0.2825172439866906,1,0,0,0,0,0
6,18.514602984772026,16.488821432988384,1.2790089160066267,0.9559296322737456,2.0257815517836413,0.3304931247963088,1,0,0,0,0,0
3,31.944152506301517,33.031879040942975,5.213392470731112,0.5370474861971624,1.0877265346414615,0.478989936376766,0,1,0,0,0,0
2,25.289487238599637,35.17321156080348,24.750430942393187,0.5195712071399805,9.883724322203848,0.0918803132453386,1,0,0,0,0,0
7,32.888718126580855,41.7989621585081,6.505832047583937,0.6891263201723142,8.910244031927249,0.100905688778032,1,0,0,0,0,1
1,41.93571344583856,19.154565407606253,6.504607988281112,0.1931477532342109,22.781148038232303,0.0420501145862397,1,0,0,0,0,0
3,36.08063601500474,42.66704332815355,4.950040036776549,0.3281555700325131,6.586407313148804,0.1318146994647643,0,0,1,0,0,0
4,126.06848469408344,127.83808045684546,13.70486630936102,0.9270813929503586,1.769595762762009,0.3610635217764557,0,0,1,0,0,0
1,128.6931272533111,107.5931317275906,2.2764974946850898,0.7029483520273896,21.09999552572052,0.0452488779391912,0,0,1,0,0,0
5,47.5652012540761,43.67077132714351,11.216096288943175,0.1120996395850746,3.8944299269325953,0.204313886382824,0,0,1,0,0,0
10,27.7059510627522,25.534098370301308,27.13102863994322,0.2841629253031179,2.1718526924508943,0.3152731532520506,1,0,0,0,0,0
3,35.74595847474495,24.02436521614081,1.7659734899618054,0.7145535394260092,11.721593258604138,0.0786065062505955,1,0,0,0,0,0
2,52.79435667010152,56.02195552233406,13.811707952948003,0.7879592823063167,3.2275988522325463,0.2365408911661312,1,0,0,0,0,0
3,22.289599937019695,34.41839499231474,3.2070561119440617,0.8558736154066376,12.12879505529504,0.0761684523056581,0,0,1,0,0,0
8,53.390889278776086,66.9513888459006,11.689847182823168,0.3629591230438403,13.56049956712451,0.0686789622423295,0,0,0,0,1,0
6,37.04042490579306,18.27725713796824,11.011899079075231,0.9379257366498064,18.76316776782482,0.0505991757873976,0,1,0,0,0,0
7,115.5536410352932,123.96979569664958,14.463600264237996,0.5976522042201031,8.416154661356387,0.1062004646232043,1,0,0,0,0,0
6,21.845972638437235,23.436501584657336,5.879013141053525,0.7268851201491036,1.5905289462201004,0.3860215503320751,1,0,0,0,0,0
6,97.43902404009754,73.20373624222327,6.11857511297382,0.6370649765019172,24.235287797874264,0.0396270495509956,1,0,0,0,0,0
3,53.062305895386224,36.99925275589669,14.729509806232834,0.2104660492071584,16.063053139489533,0.0586061586883106,0,1,0,0,0,0
8,26.491838493363904,32.43712617135292,5.837719872067647,0.966803193446392,5.945287677989018,0.1439825168321244,1,0,0,0,0,0
7,70.01410319674524,71.85068522675076,15.90200842865745,0.2105880219047374,1.836582030005516,0.3525369580085986,0,0,0,0,1,0
7,3.524520301648871,3.103970260712188,0.9181198641997514,0.3293937607700652,0.4205500409366829,0.7039526740927898,1,0,0,0,0,0
6,31.73601723007698,36.51659180133747,10.540258243492978,0.8322650922006821,4.780574571260491,0.1729931839253037,0,0,0,0,1,0
5,37.94560451595481,58.03138645606639,15.228358052953258,0.6567372653509913,20.08578194011158,0.0474253220886105,0,0,1,0,0,0
10,27.343593324259796,29.10704282792845,7.634010449850452,0.8543342488387212,1.7634495036686566,0.3618665724386987,0,0,1,0,0,0
8,82.44219255148167,88.44731589094216,20.663182024596622,0.5641625695366405,6.005123339460496,0.1427526613795519,0,1,0,0,0,0
5,145.87110917534088,145.0847785712374,6.039204084312409,0.4392939118299713,0.7863306041034832,0.5598067892375813,0,1,0,0,0,0
9,22.097850507136307,19.93103866537471,10.25584328023804,0.9296609495930064,2.1668118417615965,0.3157749970531031,0,1,0,0,0,0
9,78.39830273133612,94.45265926490852,16.984225577652023,0.1326270857633154,16.054356533572403,0.0586360439944742,0,1,0,0,0,0
1,46.30882700108072,44.07918289036811,3.52603354681135,0.8705171983177413,2.2296441107126057,0.3096316391899151,0,1,0,0,0,1
6,73.65289703242742,82.85806632997878,17.964367283993166,0.3077360066690034,9.205169297551365,0.0979895551796422,0,0,0,0,1,0
7,52.09056885092336,71.63257350546851,11.122833393690462,0.863862694978571,19.542004654545156,0.048680740600394,0,0,1,0,0,0
3,39.24354313006166,46.5502540017267,4.781828094092692,0.225276952075197,7.306710871665039,0.1203845921026447,0,0,1,0,0,0
7,189.67882135983848,129.28140347396382,8.57506376110034,0.6221970673214864,60.39741788587466,0.0162873298981204,0,0,0,1,0,0
7,49.90053120482632,33.28117070613686,4.455022662487663,0.8992971271103248,16.619360498689453,0.0567557488862539,1,0,0,0,0,0
2,77.71241547553588,102.0611853837916,13.086259723127275,0.5261856822090014,24.348769908255733,0.039449646023033,1,0,0,0,0,0
7,27.718629067620903,26.941272812216077,7.180107274650425,0.7719100064230536,0.777356255404829,0.5626334039442361,0,1,0,0,0,0
1,110.62262876141774,117.83622163696128,6.527737985847583,0.8242044560700026,7.21359287554354,0.1217493994592256,0,1,0,0,0,0
5,44.95778642686566,36.05778233693929,13.365178796805818,0.7628447878451012,8.90000408992637,0.1010100592804338,0,0,1,0,0,0
9,15.88628163307548,18.33299749818292,7.507424299827592,0.9327967631871384,2.446715865107437,0.290131255124167,1,0,0,0,0,0
7,34.17064298462077,50.29811730131412,8.892772210316984,0.5021508074679358,16.127474316693352,0.0583857246847742,0,1,0,0,0,0
7,49.2055115335221,51.07049772911197,8.441644934893727,0.2558128952486402,1.8649861955898717,0.3490418214019039,0,1,0,0,0,0
2,47.57237713151202,55.277535296845706,1.2281838132050584,0.1430299573322318,7.705158165333685,0.1148744205455419,1,0,0,0,0,0
8,41.50407023025296,54.42699695693722,2.675583606793964,0.3218138826737546,12.922926726684253,0.0718239792272576,0,1,0,0,0,1
3,46.43323096408785,65.93673184499431,5.2688479239069945,0.2288777534922179,19.503500880906465,0.0487721587551535,0,0,1,0,0,1
8,20.61563956803269,17.11474787179311,5.57097922624436,0.6021538672910324,3.500891696239581,0.2221781965639127,1,0,0,0,0,0
3,45.27315484866417,49.95489036354145,1.0998726892698163,0.2664508034905588,4.681735514877282,0.1760025607284183,0,1,0,0,0,1
10,31.21080285115677,41.16029522415753,8.882644130374395,0.135040336560434,9.949492373000757,0.0913284347743644,0,1,0,0,0,0
7,61.21173625898444,84.99383439212339,7.94646216922759,0.1323908459818011,23.782098133138952,0.0403517085045671,1,0,0,0,0,0
2,47.00322687348312,42.02470349067049,9.623131857046303,0.8484125485283754,4.978523382812625,0.1672653824311957,1,0,0,0,0,0
4,28.782772241724818,23.96050128118655,6.853666411882328,0.6323049382987224,4.822270960538269,0.1717542874211319,0,0,0,0,1,0
6,63.30980321290969,60.85687217010521,22.353636537827438,0.4222767717040403,2.4529310428044795,0.2896090271144823,1,0,0,0,0,0
9,81.55818318792666,75.01812258937312,12.301014127314891,0.9048052384662222,6.540060598553538,0.1326249287959087,1,0,0,0,0,1
5,54.59567855984963,50.79230882342801,24.226794463114658,0.1631769502669422,3.8033697364216223,0.2081871800160385,1,0,0,0,0,0
9,24.89605226001773,27.460092612421164,3.5113182834339933,0.9822898654550432,2.5640403524034348,0.2805804371226165,0,0,1,0,0,1
5,134.06138180786823,115.93553947576213,6.707534568529803,0.6546626112290149,18.125842332106103,0.0522852788722054,0,1,0,0,0,0
10,42.85419836486699,59.55830209110591,5.650083973100813,0.2651178285719636,16.70410372623892,0.0564840793673118,0,1,0,0,0,1
8,53.46918083925513,48.060094206915295,2.136200101136321,0.7111621890792716,5.409086632339836,0.156028472911267,1,0,0,0,0,1
1,10.236481897454166,8.69801303729757,7.650875313889992,0.7870431338052064,1.5384688601565948,0.3939382577016569,0,0,0,1,0,0
7,46.26530730672472,32.73448902148814,1.0198679853291523,0.486408505033697,13.530818285236585,0.0688192488798794,1,0,0,0,0,1
4,72.84859823559802,95.74585657965928,12.98961099433977,0.8754693456209927,22.89725834406127,0.0418458044685494,1,0,0,0,0,0
5,36.76076042667186,24.874070329431305,18.97572847244816,0.2356591665668232,11.886690097240551,0.0775994450440095,0,1,0,0,0,0
6,58.82850928702851,65.55507246714855,7.322421513006755,0.3509538252198475,6.726563180120039,0.1294236488705531,1,0,0,0,0,0
5,60.03191999960107,70.4560115166353,9.55650383390535,0.1841431254255908,10.424091517034228,0.0875343127730481,0,0,0,1,0,1
1,76.40962647417437,20.69856198201124,19.095455957533478,0.2897900565466169,55.71106449216313,0.0176332433354022,0,0,0,0,1,0
9,43.81975918775794,29.482827761629466,4.105658923960329,0.3148559307200305,14.336931426128476,0.0652020910973344,1,0,0,0,0,0
2,33.12762844347799,29.99834339787134,2.112899598422489,0.9258698718295392,3.1292850456066468,0.2421726737087211,0,0,0,1,0,0
9,17.54163155636614,25.849921627578247,0.9873995085991412,0.1702987198760406,8.308290071212106,0.1074311170311199,0,0,1,0,0,1
10,60.43450470900403,54.72958317765695,4.486380040083835,0.4846736081689385,5.7049215313470825,0.1491441764567661,0,0,0,0,1,1
2,128.46960587910934,112.2996647255721,5.128425789825174,0.5791588185042217,16.169941153537238,0.0582413178389948,1,0,0,0,0,0
9,25.42580492613768,20.65948268893188,13.659232811555404,0.9088237484219448,4.766322237205799,0.173420762639268,0,1,0,0,0,0
6,69.88929711985996,56.51485636717639,2.799894546991858,0.997926596795092,13.374440752683569,0.069567923873025,1,0,0,0,0,1
9,117.46538574679904,98.81353645774406,2.0271508276265098,0.7780493034278523,18.651849289054965,0.0508857963080831,0,0,1,0,0,1
6,27.789074217045496,23.119672356027277,15.30684229547619,0.9737118915121266,4.669401861018223,0.1763854502669529,1,0,0,0,0,0
6,83.2980324179116,68.41137636697745,5.408090702867135,0.8083910192822864,14.88665605093415,0.0629459086162565,0,1,0,0,0,1
2,15.712231659215195,12.89971783282112,9.609851441556296,0.9668823768742748,2.812513826394076,0.2622941307325862,1,0,0,0,0,1
8,83.92565971814703,75.92817761879701,14.228642089461834,0.7365436533500096,7.997482099350023,0.1111422050033575,1,0,0,0,0,0
3,10.590410355861636,13.107777615473632,38.6750432488945,0.1717870829059639,2.517367259611998,0.2843035504089813,0,1,0,0,0,0
7,7.183161929800569,5.169822684984313,11.287937490600475,0.4617281682934089,2.0133392448162564,0.331857756049295,0,0,0,1,0,0
5,22.14440904103977,18.56269232267389,4.955510656775389,0.6819375554222233,3.5817167183658825,0.2182588015517163,0,1,0,0,0,0
3,61.5961444513557,53.59344139178462,15.107730760125133,0.4156466585088259,8.002703059571076,0.1110777500249623,0,0,0,1,0,0
1,49.34294398452675,49.34232331606747,3.897242583908556,0.3460455263024007,0.0006206684592768,0.999379716531108,1,0,0,0,0,0
8,85.3957593797786,69.11009904167126,18.943188700012705,0.6196593404197819,16.285660338107334,0.0578514202199979,0,1,0,0,0,0
3,42.78165485139135,64.97887449841944,4.685483694644228,0.9401516890321914,22.19721964702809,0.0431086145329539,0,1,0,0,0,0
2,20.210399044360056,23.15715302909082,3.302960244964656,0.1314836861645382,2.9467539847307656,0.2533727726300672,1,0,0,0,0,0
1,50.415832322769205,62.69724866167299,8.785037271023889,0.792308083187294,12.281416338903782,0.0752931746496652,0,1,0,0,0,0
4,65.51567926388225,69.42345614936687,11.051358197094036,0.7504545502401644,3.907776885484623,0.2037582439734837,0,0,1,0,0,1
8,58.95176162506702,79.64903117541066,3.434733202775294,0.9675580828494584,20.697269550343638,0.0460887485256946,0,1,0,0,0,0
3,60.64572362222282,43.31396749775438,5.289230359046576,0.9376401000992892,17.331756124468434,0.0545501474714276,0,0,1,0,0,1
1,70.9365457547049,61.050282159855584,11.938612969557775,0.7860093058397736,9.88626359484931,0.0918588817262459,0,1,0,0,0,0
4,45.21155799435677,35.981927665088776,9.804386860513356,0.5683678882143388,9.22963032926799,0.0977552431331658,1,0,0,0,0,0
9,85.38368103837327,81.72534865317468,11.473885004570224,0.2838407979101679,3.658332385198591,0.2146690955710685,1,0,0,0,0,1
1,13.737111058390932,19.17601031252935,19.18452404786259,0.590712146493017,5.438899254138418,0.1553060485233215,0,1,0,0,0,1
2,88.28680076582876,136.83072192042587,10.572952885770066,0.7888167945276884,48.54392115459712,0.0201841109200782,1,0,0,0,0,0
9,86.27052977494634,106.8597080568434,22.736020702056518,0.9061022913741038,20.589178281897063,0.0463195026203715,1,0,0,0,0,0
2,43.144866096472725,42.08822979479059,15.708049881448607,0.8107408082894941,1.0566363016821327,0.4862308416816795,1,0,0,0,0,0
3,55.16380545675802,70.61030102331877,5.39055941850204,0.2757402416719486,15.446495566560747,0.0608032268000737,0,1,0,0,0,0
7,62.99462773048214,86.35208737380225,19.77781067990353,0.6397176828052534,23.357459643320112,0.0410551845161013,1,0,0,0,0,0
3,175.74769486286306,227.44003316990495,10.262564324176092,0.3989561135782213,51.69233830704192,0.0189780911633287,0,0,1,0,0,0
9,40.65532501193226,39.2970828539153,17.772904906690073,0.1082851006515787,1.3582421580169637,0.4240446625044206,0,1,0,0,0,0
6,41.855131702519074,40.735224538970726,11.629262755674636,0.2801988422097994,1.1199071635483475,0.4717187701399988,1,0,0,0,0,0
3,18.584356442566435,15.526029694256136,26.50019738213985,0.2018985849401043,3.0583267483103,0.2464069706601012,0,0,1,0,0,0
9,108.28272610579452,101.64458620230656,3.309828474867454,0.8584472111855217,6.638139903487954,0.1309219276729077,0,1,0,0,0,0
1,59.5822405480068,47.67634464010863,7.226171731310793,0.3326556269330308,11.905895907898165,0.0774839660211438,0,1,0,0,0,0
10,35.68259760860375,35.107980679735824,13.161424240619342,0.3562281719987999,0.5746169288679255,0.6350750977375509,0,1,0,0,0,0
3,46.63279213154706,46.36299169332127,9.47631759920782,0.9639429146189958,0.2698004382257934,0.7875253227957871,1,0,0,0,0,0
1,75.73583850423417,59.38491388088177,3.929011176062052,0.441178050743967,16.350924623352398,0.0576338161629791,0,0,1,0,0,0
2,49.041664541570654,81.96570529154222,24.76830814275932,0.1086270761299551,32.92404074997157,0.02947762052788,1,0,0,0,0,0
8,59.33152047479759,63.72345118637647,8.045051654505032,0.3554615335115229,4.39193071157888,0.1854623238856823,0,0,0,0,1,0
7,21.18819586078867,28.03435716962855,16.624792215951555,0.2073696225416312,6.846161308839879,0.1274508591702479,0,0,1,0,0,0
2,23.34257313502724,30.348939532162515,12.447450888545957,0.1925277055622685,7.006366397135277,0.1249006041439479,0,1,0,0,0,0
2,93.65272968295956,139.14431322232056,14.722669614529094,0.1697385611221745,45.49158353936099,0.0215092695036591,1,0,0,0,0,0
9,28.798093709555733,22.2680108924006,3.110281923304136,0.6339335231578396,6.530082817155137,0.1328006642532252,1,0,0,0,0,0
6,23.693677023238838,20.463802782512747,8.298971967096417,0.2704129512668728,3.2298742407260868,0.2364136480398866,1,0,0,0,0,0
5,9.008148107589854,4.92283827282407,14.978040740362175,0.4251185146369094,4.085309834765784,0.1966448520331027,0,1,0,0,0,0
10,83.90471098309781,49.97342945588094,16.547554564946708,0.875815944517015,33.931281527216875,0.0286276356400163,1,0,0,0,0,1
6,31.523320783630563,23.56569443427161,15.565125731328289,0.4819043258166481,7.957626349358954,0.11163671725061,0,1,0,0,0,0
9,116.06820569323888,111.6626549480935,4.716324491318985,0.9241222150464738,4.405550745145362,0.1849950258811433,1,0,0,0,0,0
7,26.72579104144387,26.09667358448749,1.8223248616164125,0.5481442480560457,0.6291174569563758,0.6138292826769322,0,0,0,0,1,1
10,16.2318971120334,29.116089336061773,2.7558747140816213,0.4589529533557802,12.884192224028371,0.072024355746773,1,0,0,0,0,1
10,24.939651646904167,28.07748321678398,8.618238334360985,0.7753500343816314,3.137831569879811,0.2416724758154055,0,0,0,0,1,1
9,46.37149311064033,57.61953770964691,9.268878894163352,0.1658575888912019,11.248044599006583,0.0816456857187724,0,0,0,0,1,0
4,165.21336523049996,171.0813501746668,8.590664991540368,0.1805305446841756,5.867984944166835,0.1456031147606587,0,1,0,0,0,0
2,105.98448395572612,71.20109581741386,3.1948561342474493,0.6867763425306646,34.78338813831226,0.0279459283211174,0,0,1,0,0,0
8,82.53737150904539,88.65985552056729,5.5406227860387,0.5382466419153235,6.122484011521905,0.1404004555689166,1,0,0,0,0,0
4,117.6786648239243,70.1896673093973,24.61458926735185,0.8113737252872892,47.488997514527,0.020623235192693,0,1,0,0,0,0
9,41.24514424864216,39.38428797550353,11.135533747861109,0.9246437536091784,1.86085627313863,0.3495456969961323,1,0,0,0,0,1
4,31.850941890235006,37.010710163313405,8.178279184424632,0.4495301899043927,5.159768273078399,0.1623437693866755,1,0,0,0,0,0
8,86.4415891094595,73.75111943176631,24.24899289583124,0.6367690239261816,12.690469677693187,0.073043513008861,0,1,0,0,0,0
9,44.53067134385627,46.678124775977096,27.956193406952472,0.5506269650157789,2.1474534321208267,0.3177171709022481,0,1,0,0,0,0
9,24.16103526672344,20.524659806707724,6.013877623364783,0.9834495900781896,3.636375460015717,0.215685724468184,0,1,0,0,0,1
10,1.4003151436539167,1.0133123287245644,11.194563889855464,0.8479759666209357,0.3870028149293523,0.7209790702918909,1,0,0,0,0,0
4,22.21429717842281,24.923624018972568,2.218350552798978,0.9205639374496182,2.709326840549757,0.2695906947503689,1,0,0,0,0,1
1,62.56998250861662,78.9095731446477,1.6585821437251267,0.3289060788198438,16.339590636031076,0.0576714883869307,1,0,0,0,0,0
3,24.23891694001336,30.55347244219717,7.190985462725978,0.7952737808463349,6.314555502183808,0.13671370730613,1,0,0,0,0,0
9,75.98945433592115,71.407521005058,3.016564493542776,0.338925902497884,4.581933330863151,0.1791493987344644,1,0,0,0,0,0
4,15.570740738872123,7.101026022363888,5.547469537181398,0.2878682800855509,8.469714716508237,0.1055998020992895,1,0,0,0,0,0
5,22.704674551626,23.20599178349153,10.420104568771936,0.9498395436899958,0.5013172318655315,0.6660817439345604,1,0,0,0,0,0
7,118.36377336715692,155.92497717109305,21.05702001849311,0.1173739750460799,37.56120380393614,0.025932800362885,0,0,1,0,0,0
5,81.97301524650595,55.0290114170732,11.41463975440832,0.9688498332970868,26.944003829432752,0.0357858525250674,1,0,0,0,0,1
4,46.73588765395394,67.54405976002211,6.065401502357769,0.2343357072899256,20.80817210606817,0.0458543703312827,0,0,1,0,0,0
2,46.695005040591695,22.659418482895067,29.000421533898237,0.8374942736139414,24.03558655769663,0.0399431424422757,1,0,0,0,0,0
2,25.237027301174017,27.741846151806342,9.098089945242275,0.3483302977612927,2.5048188506323257,0.2853214510129629,0,0,0,1,0,0
4,94.9445912752022,114.6399239104453,16.68811805868264,0.4156320946876546,19.69533263524312,0.048320073787896,0,1,0,0,0,0
10,95.9853315850986,131.21712362518738,17.675192901449044,0.2950819401897865,35.23179204008879,0.0276000700957199,1,0,0,0,0,0
10,40.90221528128849,45.595856190267725,8.128356803502886,0.6269626382329717,4.6936409089792335,0.1756345396533414,0,1,0,0,0,1
9,40.26795216942705,36.99358422655233,0.5884736531810962,0.4132859927570866,3.2743679428747186,0.2339527184754833,1,0,0,0,0,0
8,30.56565162964677,31.85007212516062,5.006059150992575,0.6916537355451969,1.2844204955138494,0.4377477797821384,0,1,0,0,0,1
3,54.12919186021047,44.89512852922398,5.208477195191482,0.1140825861478593,9.234063330986489,0.0977128993302416,1,0,0,0,0,0
9,9.591621598143943,4.820549438946677,8.347015163077922,0.1579373951635356,4.771072159197266,0.1732780274469997,0,0,0,0,1,0
5,43.49800715513304,40.86644269241267,7.022889372451656,0.1896950374581237,2.6315644627203696,0.2753634171348041,1,0,0,0,0,0
3,82.87431691864292,93.05004037339056,7.325092082661033,0.477094316779208,10.17572345474764,0.0894796658175344,1,0,0,0,0,0
5,50.298570176855904,63.196779186400896,8.747871970732469,0.8333165553939784,12.898209009544992,0.0719517168948331,0,0,1,0,0,0
10,69.71896384293929,61.25169567872359,9.994456755976472,0.8993601193405444,8.467268164215703,0.1056270914327526,1,0,0,0,0,1
4,57.80999767793152,79.15876605131564,1.7655777367883014,0.3203296660548107,21.34876837338412,0.044745195050253,0,0,1,0,0,0
8,51.602921813038726,49.4359752505876,9.870386662697284,0.6169327518151126,2.1669465624511304,0.3157615641060982,0,1,0,0,0,1
5,45.85028211212552,51.33587346647221,13.879682931563256,0.7915284934233404,5.485591354346688,0.1541879445318109,0,0,1,0,0,1
10,76.24391960613656,90.46198841683557,29.267488448308438,0.3599464869276478,14.218068810699007,0.0657113601232341,1,0,0,0,0,0
8,39.04103193205377,39.562236040076,9.61148676900867,0.4681069630626459,0.5212041080222249,0.6573739807343394,0,0,1,0,0,0
9,21.523573468126177,21.035971834616635,15.983140120629692,0.5715767824171426,0.4876016335095414,0.6722229778955039,0,0,1,0,0,1
4,101.41058308118804,140.8878462529424,13.018937308774388,0.2213873617672429,39.47726317175437,0.0247052276177064,1,0,0,0,0,0
7,71.57129941609028,41.17114587223827,4.516188846630156,0.1233840643532022,30.400153543852014,0.0318469780284177,1,0,0,0,0,0
2,8.550928024692649,8.641596833267416,10.069816931995462,0.2375252283864549,0.0906688085747671,0.916868615053502,1,0,0,0,0,0
6,54.81550105834272,29.67653078228412,22.863182741835747,0.66416825912818,25.1389702760586,0.0382570541011681,0,0,0,0,1,0
8,7.735133995263372,4.259114539412718,22.078410353533524,0.1662564353803135,3.476019455850654,0.2234127911783066,1,0,0,0,0,0
7,16.756940315857324,16.534490631015526,22.05816619346486,0.2707267283651154,0.2224496848417985,0.8180295781493973,0,1,0,0,0,0
7,58.64794081938986,50.93730740897956,44.38341191856732,0.4040684971257734,7.710633410410303,0.1148022139015601,1,0,0,0,0,0
8,98.78458716977448,150.12654334463974,13.75186996182421,0.1700830578757297,51.34195617486526,0.0191051323465859,1,0,0,0,0,0
7,146.45006395088788,137.173141942151,6.177184280521418,0.272529344045471,9.276922008736875,0.0973053993355067,0,1,0,0,0,0
5,118.74328428828716,152.44106865954308,13.977961213897562,0.92014281008516,33.697784371255906,0.0288202840071947,0,0,0,0,1,0
7,11.704063439309284,11.855156233803031,3.970287927633328,0.1173692190042862,0.1510927944937492,0.8687396922155178,0,1,0,0,0,0
10,128.2393062288351,89.71696325007974,12.359534608903145,0.6880887317569259,38.52234297875535,0.0253021436643453,0,0,1,0,0,1
3,76.13682572485882,42.586530269375935,3.7707384012932734,0.4459680378236664,33.55029545548289,0.0289433125481798,0,1,0,0,0,1
5,80.03957205985779,52.75105768333611,4.964233041760072,0.705383865489134,27.28851437652168,0.0353500359435615,1,0,0,0,0,0
7,29.451795792950904,31.866283614442462,1.5695292687417204,0.6298225483270641,2.4144878214915586,0.29286969299049,1,0,0,0,0,1
9,62.34502610837316,87.23816332924629,11.72039893603065,0.3011488789191798,24.89313722087313,0.0386202719071783,0,1,0,0,0,0
2,59.37101512924532,45.80957190257979,21.29802183451677,0.8624885388160497,13.561443226665524,0.0686745114775957,0,0,0,0,1,0
4,61.80213883630447,74.74735039942495,9.648813049959571,0.5427463443484211,12.94521156312048,0.0717092025082359,0,0,0,1,0,0
7,68.97390605884009,65.84039659344157,8.747938210832487,0.8402824170221246,3.133509465398518,0.2419251748111307,1,0,0,0,0,1
1,45.22606403552451,33.18632231928689,5.290049966892441,0.4654112825693973,12.03974171623762,0.0766886355390581,1,0,0,0,0,0
2,39.11604082919573,42.58378475028709,17.09218507676631,0.9862169985237152,3.467743921091362,0.2238266153257334,1,0,0,0,0,0
9,48.54911746449861,67.86481511438419,19.06680730085604,0.7934404226511667,19.31569764988558,0.0492230204068641,0,0,0,0,1,0
10,91.84449550645316,90.11173482678431,2.3358086183847595,0.969355184601316,1.7327606796688428,0.3659303236612656,0,0,0,1,0,1
7,79.29773776902685,95.74300815919676,10.298829933929085,0.5628938310188729,16.445270390169895,0.0573221267217206,0,0,1,0,0,0
10,88.70893810716454,95.55392628224068,16.66620284728333,0.5263220190616305,6.844988175076139,0.1274699180780211,1,0,0,0,0,0
7,59.56393369844227,64.18561766388001,6.130185351771187,0.7799084283927321,4.62168396543774,0.1778826426650851,0,1,0,0,0,0
6,22.81826967270592,18.236913528160944,1.9780950215673625,0.8922621367120872,4.581356144544973,0.1791679251605124,0,1,0,0,0,1
3,30.314312554396643,34.03399239976673,3.598978523836544,0.9677312162790024,3.719679845370088,0.2118787783838728,1,0,0,0,0,0
10,78.86240339571411,50.04298256227803,23.64562153984619,0.3920967154292497,28.819420833436084,0.0335351919001295,0,1,0,0,0,0
3,94.22204313924362,102.73367789979882,18.608739498171712,0.818834116458375,8.511634760555197,0.1051343985733142,1,0,0,0,0,0
2,86.47481369071876,116.14715110836256,20.24417545875268,0.289581037871983,29.672337417643803,0.0326026669041781,1,0,0,0,0,0
6,48.76212657814183,70.75304831208807,2.7588750696534223,0.5910169120709008,21.99092173394624,0.0434954288293493,0,0,0,1,0,0
4,53.47548915129999,39.541520585587485,16.555366563278323,0.2618633335682793,13.933968565712505,0.0669614373165308,0,0,1,0,0,0
5,49.64982219193988,55.13282455082268,24.67230363150476,0.4126576255753049,5.483002358882807,0.1542495196889495,1,0,0,0,0,0
3,14.116394836731514,11.627372547803764,5.0019274616045815,0.9382225304858132,2.489022288927752,0.2866132449693581,0,1,0,0,0,0
6,20.723205884687506,21.451201984452076,7.545324704705404,0.2314816297957775,0.7279960997645674,0.5787050098876069,1,0,0,0,0,0
3,67.28583774200798,99.61938825701846,10.624842048139955,0.6691608056216768,32.33355051501047,0.0299998045377641,0,0,1,0,0,0
8,37.15337944686672,45.30623752096167,11.937492513565488,0.633658845634663,8.152858074094958,0.1092554906789463,0,0,1,0,0,0
9,7.500407751389245,6.276989422380601,6.4043030680429,0.2086645174380878,1.223418329008644,0.4497579186755513,0,0,1,0,0,0
4,50.313152267464496,41.39741939413496,17.884843846350446,0.393381139391931,8.915732873329532,0.1008498325615156,0,0,1,0,0,0
9,22.19099206373343,22.285105762389925,13.371339754188064,0.6066833540637392,0.0941136986564963,0.9139817929598524,1,0,0,0,0,0
7,19.92206229100634,20.34537012980513,4.182217155175802,0.2684607480896412,0.4233078387987845,0.702588697076214,1,0,0,0,0,1
3,13.722663119723366,14.178592552974983,17.08517940402593,0.8205612907715338,0.4559294332516188,0.686846475633532,0,1,0,0,0,0
7,26.27822407193143,16.494805399239976,7.976518901193877,0.9749408585812748,9.783418672691454,0.0927349693407024,1,0,0,0,0,0
1,5.250392269351937,7.874410812323818,13.7817307575759,0.2932834599662248,2.624018542971881,0.2759367779558734,0,0,1,0,0,0
3,22.15292920319307,33.771509370456386,4.506922808585131,0.2682207683115183,11.618580167263314,0.0792482186382842,1,0,0,0,0,0
6,67.78953320437536,75.91294572211918,4.7357828607284045,0.5094415646177002,8.123412517743816,0.1096081096908787,1,0,0,0,0,1
4,57.843016958347306,45.26011583548787,1.8148459355237132,0.7729887494260289,12.582901122859433,0.0736219744924037,1,0,0,0,0,0
7,86.76767242091472,73.16740642046105,19.49446568995877,0.3534405492117263,13.600266000453672,0.0684919028166286,0,0,0,0,1,1
3,61.13783891818763,46.74100279721181,15.960994430239628,0.1178919178275523,14.39683612097582,0.0649484083705777,1,0,0,0,0,0
1,3.802619745405849,2.821393313961141,10.670003227410138,0.5870985652296046,0.9812264314447074,0.5047378654598311,0,1,0,0,0,0
9,36.531897586677,30.74107711773441,2.651460487738586,0.9609405109905768,5.790820468942588,0.1472576111492625,1,0,0,0,0,1
6,34.39503341739554,38.02641965024804,21.72533447034306,0.452149169866251,3.631386232852499,0.2159180750045314,1,0,0,0,0,0
8,20.36284950685221,21.01681430361506,13.594659690154597,0.4781210987647903,0.6539647967628497,0.6046077896925052,0,1,0,0,0,0
3,13.727704960516643,18.958700239014703,6.398908518902609,0.972011545402634,5.23099527849806,0.1604880047736199,0,0,1,0,0,0
8,65.1189258162,40.32120513666846,11.42337020212548,0.7251468504640555,24.797720679531544,0.0387631144790795,0,1,0,0,0,1
2,43.51762353815732,33.9344860135005,7.812395461283845,0.7472547305579127,9.58313752465682,0.094489937192083,0,0,0,1,0,0
4,18.009773955531752,9.004365479366152,13.602280386461077,0.6064318048339609,9.0054084761656,0.0999459444741463,1,0,0,0,0,0
3,12.291048942683734,12.735638228835452,3.8492026987842296,0.9771482897769176,0.444589286151718,0.6922382780948958,1,0,0,0,0,0
10,77.24040462652981,108.14894712142498,1.0708241961019545,0.7199798359830005,30.908542494895173,0.0313395699650017,0,0,0,0,1,0
1,68.78691819198616,60.66237582059183,12.721016357510535,0.9055294764446524,8.124542371394334,0.1095945373803101,1,0,0,0,0,0
7,69.98222209113382,93.87111849243308,14.182610007801769,0.729440979159899,23.88889640129925,0.0401785593011588,0,1,0,0,0,0
10,67.01882824482395,78.64267212777632,1.8099734077667948,0.7616042423563564,11.623843882952372,0.0792151748129926,0,0,1,0,0,1
2,66.98230638575293,81.49702254168574,0.6026527878929961,0.3613698299280219,14.514716155932804,0.0644549336223338,1,0,0,0,0,0
4,62.19280056079442,71.30249958868993,10.757932920499057,0.3731308282124371,9.109699027895502,0.0989149130197366,0,0,1,0,0,0
9,28.62960502612655,41.53596090680177,13.041563831009883,0.8046861846184262,12.906355880675218,0.0719095648479438,1,0,0,0,0,0
6,66.3353168488563,63.015163534426485,7.566407163976304,0.3670356602529097,3.3201533144298097,0.231473266622248,1,0,0,0,0,0
8,48.11626405018547,56.37782554094535,4.087752278755763,0.6064930637213785,8.261561490759881,0.1079731534469306,1,0,0,0,0,0
2,22.69900583255129,33.17165801978865,29.38844395106273,0.3244170798160317,10.472652187237362,0.0871638034239755,0,0,1,0,0,0
7,44.09929199604795,32.81752787180309,12.215213133105149,0.8352850427281625,11.281764124244866,0.0814215278752948,1,0,0,0,0,0
6,94.2274363842084,89.15908162242349,19.321001557229483,0.199451216104921,5.068354761784917,0.1647893109838332,0,0,1,0,0,0
9,53.7578582120354,61.48255789979311,3.270317796721365,0.846501975785498,7.724699687757706,0.114617125607564,0,0,0,0,1,1
7,58.305895455396,45.78897332983951,21.302084691535093,0.6424568204568416,12.51692212555649,0.0739813391474155,0,1,0,0,0,0
1,19.205518403400696,14.88085459844316,11.887893969145756,0.2682185813443696,4.324663804957536,0.1878052843578496,0,1,0,0,0,0
8,23.80932264449449,35.892374666422285,27.465591174147207,0.5878318469555064,12.083052021927797,0.076434764481862,0,1,0,0,0,0
10,48.22369403883352,38.43374904068039,13.781303762011188,0.3542489531626064,9.789944998153125,0.0926788783604704,1,0,0,0,0,0
3,39.49702384465829,35.878856624274405,9.530971869227258,0.3911206012574469,3.6181672203838815,0.2165361175286493,0,1,0,0,0,0
2,35.34495452897398,37.25287778720264,8.326421108115525,0.4163752374371923,1.9079232582286565,0.343888029771853,0,1,0,0,0,0
3,19.443330298247016,21.527199844927907,5.150484093774928,0.1569873222750888,2.0838695466808907,0.32426793185084,0,0,0,0,1,0
6,23.404071326786884,20.21389632887881,8.393444423687624,0.9873655159612756,3.19017499790807,0.2386535169770347,0,0,0,0,1,0
3,12.907016098887045,12.236160676732668,13.95229773308368,0.1283811653181017,0.670855422154375,0.5984958283886799,0,0,0,1,0,0
10,30.325896434794505,22.73062283378929,15.684685327948888,0.6962471858658505,7.595273601005214,0.1163430097074571,0,0,0,1,0,1
5,39.684649345074725,34.19078386035747,4.490052403549619,0.4341048829816875,5.493865484717254,0.1539914866351039,0,1,0,0,0,0
6,41.742630592648936,48.99890764963442,2.352996051947821,0.681409261852029,7.256277056985482,0.1211199664325603,0,0,1,0,0,1
8,92.285314033179,113.19838282713992,11.177289753332252,0.4206234277788254,20.91306879396092,0.0456348679138721,0,0,0,1,0,0
7,6.9874685314228655,8.766068258208017,1.69746519715943,0.7063755816329729,1.778599726785152,0.3598935069201215,1,0,0,0,0,0
8,125.41927409189438,125.26708487599124,8.530247730584218,0.7563119585215247,0.1521892159031495,0.8679130009181216,0,0,0,0,1,0
3,67.08413216257034,63.78490376940477,2.6975514087472083,0.7214973763596804,3.2992283931655706,0.2325998780594414,1,0,0,0,0,0
4,46.430783620948255,31.250801103492016,15.243297690009625,0.202565783222337,15.17998251745624,0.0618047639372367,0,1,0,0,0,1
6,22.032835738580346,20.072508793892908,6.373250446107201,0.6912039111892162,1.9603269446874376,0.3378005263217923,0,0,1,0,0,1
7,31.67402759625078,33.047371288674434,7.037067850806492,0.3519887945086876,1.3733436924236528,0.4213464755198614,0,0,0,0,1,1
9,66.13890072412369,84.13038469789822,2.2018197696633464,0.1259212335124001,17.991483973774535,0.052655179625821,1,0,0,0,0,0
1,25.23046035981626,13.036776970557511,18.05645379360016,0.4733476047000585,12.193683389258748,0.0757938454710926,0,0,1,0,0,0
8,70.17799997018359,64.26835161787336,10.313793859924186,0.4901887925234209,5.909648352310228,0.1447251653068063,0,1,0,0,0,0
8,43.4271604021065,18.82759622192838,10.5895852052992,0.5204567200172019,24.59956418017812,0.0390631650195945,1,0,0,0,0,0
6,43.31247477142036,25.947303323210075,2.820787271636166,0.7343417488516446,17.36517144821028,0.0544508937920888,0,0,1,0,0,0
4,66.22349037308922,88.0352492370141,1.52144740623136,0.3779594282282132,21.81175886392488,0.0438370406230019,0,1,0,0,0,1
3,18.049711843536485,12.17572454594504,4.462288897179055,0.3837524617935303,5.8739872975914444,0.1454759743810389,0,0,1,0,0,0
3,34.74991447573047,35.688801758052314,6.245861207470416,0.1544970306171345,0.9388872823218436,0.5157597396804247,1,0,0,0,0,0
6,39.84610553897024,50.068401503242455,4.347994973376394,0.7181390943930663,10.22229596427222,0.0891083253537103,0,1,0,0,0,0
8,64.20516290360652,56.69228963425895,27.549653344013493,0.6110434822596256,7.512873269347573,0.1174691515261615,0,1,0,0,0,0
7,87.44319059401269,60.68320387912457,18.38342260880396,0.4144826014244093,26.75998671488812,0.036023071994616,1,0,0,0,0,0
1,16.831006653043975,17.332377801654996,8.694952436378378,0.7346700810256191,0.5013711486110211,0.6660578238266669,1,0,0,0,0,0
6,43.65628891420946,60.68042054525554,4.766218543778616,0.5836219743041895,17.024131631046075,0.0554811749309202,0,0,0,0,1,0
7,15.780461295313664,19.69700398941533,3.339833664591014,0.5223204512834857,3.916542694101665,0.2033949590633458,0,1,0,0,0,1
7,43.39593772452905,40.70132015044679,8.40254911776346,0.5601920892950139,2.694617574082258,0.2706640078299307,0,0,1,0,0,1
9,58.60028464889824,50.440089095915816,10.836743300371497,0.6727133127403508,8.160195552982422,0.1091679750957298,1,0,0,0,0,0
10,31.697942641822166,40.86184567500254,5.9791045862582815,0.6940023441171396,9.163903033180375,0.0983874006605011,1,0,0,0,0,0
5,90.2737402749366,57.29141334856201,11.99059992404073,0.3600620372266454,32.982326926374604,0.0294270607826997,1,0,0,0,0,0
1,59.05337305540921,72.88626893765706,5.60576148665659,0.2266690270520379,13.832895882247854,0.0674177185587076,1,0,0,0,0,0
2,56.15226296180319,48.70486138915752,3.302858705444476,0.2409707630714669,7.447401572645667,0.1183795977260267,0,1,0,0,0,1
4,47.54600156582043,29.868853232285964,12.01189813211078,0.6754517973127014,17.67714833353447,0.0535413641387919,0,1,0,0,0,0
5,65.54971713812583,36.60122029934783,1.4579071763393665,0.8855859571904133,28.948496838778,0.0333906574805175,0,1,0,0,0,1
9,94.7950366208054,133.54506923231264,2.341143481096858,0.4685466505109966,38.75003261150725,0.0251572120650414,1,0,0,0,0,1
1,49.545482747275386,47.0541630759941,3.8569304018265145,0.2525681442965161,2.491319671281289,0.2864246457366097,0,1,0,0,0,0
3,32.963584881858154,25.5942851898492,5.244725042566106,0.7809422484644691,7.369299692008955,0.1194843101334756,1,0,0,0,0,0
5,162.39338962679457,160.6190927333079,13.983686637697872,0.8492405269775036,1.774296893486678,0.3604516886234267,1,0,0,0,0,0
3,48.7060700936139,41.73783600139015,2.210802154712193,0.8925241988088699,6.968234092223753,0.1254983210114153,0,0,0,0,1,0
4,39.62072067497005,34.28834266801928,7.062021817394747,0.6461482860223599,5.332378006950769,0.157918557436455,0,1,0,0,0,0
3,63.374352619497,55.51183126151832,10.934242372193726,0.8746557034492762,7.862521357978686,0.1128347069200264,0,0,1,0,0,0
4,9.445021382234952,9.46462309765614,10.27314474483224,0.1138734626035669,0.0196017154211869,0.9807751251055028,1,0,0,0,0,0
1,15.87478670022004,18.880751180358185,13.988000726561424,0.1965122215925711,3.005964480138145,0.2496277750234858,0,0,0,0,1,0
8,7.45441671391934,4.605109705363036,7.228546229997383,0.1833184603468888,2.849307008556304,0.2597870208266535,0,1,0,0,0,0
4,9.092241323591848,12.161884856358444,5.101162008585857,0.7413442158292597,3.0696435327665945,0.2457217670168245,0,0,1,0,0,0
7,20.846033134067103,15.921200070501596,20.30034102954652,0.1626236051892211,4.924833063565512,0.1687811267037132,1,0,0,0,0,0
2,31.722938820734253,33.75468364105227,4.9352679398290125,0.5467279352196763,2.031744820318014,0.3298430637361838,0,0,0,0,1,0
2,30.665173214965584,30.219397974189476,4.368928554893495,0.5254362087726602,0.4457752407761113,0.6916704421243144,0,0,1,0,0,0
6,40.39408517800385,32.24542817134662,4.097804645536122,0.3796331712024169,8.148657006657231,0.1093056608497101,0,0,0,1,0,0
2,54.08535882380525,69.43635784667448,3.9660655012783295,0.8833646529478898,15.350999022869232,0.0611583425943182,1,0,0,0,0,1
6,32.596726040514554,26.12494582767931,23.529924262143297,0.2533898816919964,6.471780212835245,0.1338369132274756,1,0,0,0,0,0
2,55.31313371566981,74.93275758920177,26.147550503338664,0.4172165059593159,19.61962387353196,0.0484974898734032,1,0,0,0,0,0
4,94.27770295256728,110.02263720112413,15.19563374512128,0.7967543500206362,15.744934248556843,0.0597195536964371,1,0,0,0,0,0
7,137.3311504725367,111.5978989511392,12.35263987081854,0.1273800829539558,25.733251521397506,0.0374065982658185,0,0,0,1,0,0
8,104.50856455477242,73.19668910034977,4.376334119170261,0.7056553602217318,31.311875454422648,0.0309483738079686,1,0,0,0,0,0
3,126.20788432319397,159.8168708530727,5.904262915361503,0.8347579537254135,33.608986529878734,0.028894229512808,1,0,0,0,0,0
9,41.02312940830479,29.320344774254146,1.9099709046517763,0.9390410549543504,11.702784634050648,0.0787228964993576,1,0,0,0,0,1
2,10.367042307451923,10.022005307095476,7.107076872153303,0.8886669764423364,0.3450370003564487,0.7434739711509718,1,0,0,0,0,0
8,38.554563770116914,45.27081614812701,2.5928224315429564,0.3874457051503166,6.71625237801009,0.1295965905482585,1,0,0,0,0,1
8,19.360564858678536,21.604317352054967,9.740884480810577,0.6277277271906573,2.24375249337643,0.3082849268068223,0,0,1,0,0,0
4,41.406327342420646,39.30659818564361,4.672062562609182,0.1695641438354193,2.099729156777037,0.3226088311017973,0,1,0,0,0,0
1,15.684602389846702,12.823529486481773,10.353269141244578,0.3320830031932077,2.861072903364932,0.2589953686521947,1,0,0,0,0,0
1,46.834642490295735,55.289435294496855,4.025164284372591,0.1848001408727566,8.45479280420112,0.1057664637088252,1,0,0,0,0,0
2,24.266715135866733,12.85557716536128,1.5750077765471877,0.3836685611385675,11.411137970505452,0.0805727889236634,1,0,0,0,0,0
9,24.112977495105103,25.67760989997066,3.4655884635987926,0.887668492112856,1.5646324048655558,0.3899194278692047,1,0,0,0,0,0
2,87.42847252113529,59.08681034233915,11.016233083639577,0.4124501557068634,28.341662178796145,0.0340812321369664,0,0,1,0,0,0
2,47.72291116961654,37.25688410465869,11.537856003824867,0.6057082927012838,10.46602706495785,0.0872141670636878,0,0,1,0,0,0
6,43.08657227708253,47.054062071820496,10.715596267604209,0.4900427633034467,3.967489794737965,0.2013089188546083,0,0,1,0,0,1
7,74.00710463941456,60.1375671711214,9.64691876236729,0.5130248718688618,13.869537468293167,0.0672515874910255,0,0,1,0,0,0
7,54.59766415108056,70.3941095789534,8.698335068387758,0.9726148466529024,15.796445427872849,0.0595364063363401,1,0,0,0,0,0
9,73.11170815745818,86.0239250226315,13.40301607350944,0.3665390214374722,12.91221686517332,0.0718792705498514,0,0,0,0,1,1
6,39.05239536084356,32.24254604415922,0.6254137626618905,0.6645920225708541,6.809849316684343,0.1280434435352906,0,0,1,0,0,1
8,70.15164218359193,66.20097708950584,22.805236154265813,0.4780564026215024,3.950665094086091,0.2019930617392335,0,0,0,0,1,0
6,11.110171505875767,8.044822303694625,6.953626874112871,0.1550315629429176,3.065349202181144,0.2459813290979971,1,0,0,0,0,0
2,38.56741613292701,43.12780141024803,13.472693692416048,0.5403977484618124,4.560385277321025,0.1798436529351068,0,0,0,0,1,0
1,51.87125200225675,72.20647759835072,8.153106707902047,0.8320089961405974,20.335225596093963,0.0468708425648463,0,0,1,0,0,1
5,31.626480637136044,22.17708521890137,4.593897193943518,0.1888776718135195,9.449395418234667,0.0956993165609327,0,0,1,0,0,0
9,39.60688527399522,41.47245631333352,6.53838093188721,0.162632662656678,1.865571039338306,0.3489705843170831,1,0,0,0,0,0
8,75.79889375161957,81.92814040721376,3.2897846585988333,0.23826836835394,6.129246655594187,0.1402672748340553,0,0,1,0,0,1
4,77.29185664194796,53.13742123021883,3.8103155672546896,0.7879601002503754,24.15443541172913,0.0397544203887683,0,0,0,0,1,0
5,51.70107740909694,38.66720899669839,11.926313228869642,0.7515958457302642,13.033868412398554,0.07125619042548,0,0,1,0,0,0
5,97.31514735117716,53.32062604226867,9.792533292724231,0.6085159920154994,43.99452130890849,0.0222249280781215,0,1,0,0,0,0
6,18.70342924827967,21.325887949495783,1.388657933151227,0.5214037636833692,2.6224587012161145,0.2760555971733466,0,0,0,0,1,0
3,35.7355662357926,32.52216773425089,3.945757371772556,0.8994932332323599,3.213398501541704,0.2373381012107197,1,0,0,0,0,1
5,36.67487228253663,30.021797305942425,6.927255880875939,0.7900280414501343,6.653074976594201,0.130666431866714,0,1,0,0,0,1
2,91.69884005172904,139.02275019753336,8.187805979798602,0.8307480261716247,47.32391014580431,0.0206936896658977,0,1,0,0,0,1
10,59.108439813065175,32.479834671915526,28.76088444571262,0.8319360712155888,26.62860514114965,0.0361943715540895,0,0,0,0,1,1
1,107.83279047962884,142.47471467712856,9.593689499248017,0.6784454392710022,34.64192419749972,0.0280568466073487,1,0,0,0,0,0
1,11.670254602313,5.385629752883166,1.159891042229523,0.5122131618843513,6.284624849429835,0.1372754288202322,0,1,0,0,0,0
10,52.71027019648712,45.848090746713375,8.518453664374166,0.8782099773270854,6.862179449773748,0.1271911950609035,0,0,1,0,0,0
7,43.69768695990709,25.14208203639226,2.658640016916513,0.9334066758429256,18.555604923514828,0.051136234543046,0,0,1,0,0,0
2,3.8270203355668,3.0424630230774152,7.190582669289729,0.1214254389325087,0.7845573124893845,0.5603630620330377,0,1,0,0,0,0
4,23.747889712878084,20.536633199258564,30.50831129304114,0.1463993859396261,3.211256513619521,0.2374588194202667,0,0,0,0,1,0
5,18.862942444886396,15.515987157220318,5.609543683964412,0.9628689672175936,3.3469552876660758,0.2300460745104443,0,0,0,0,1,0
7,58.67594202586972,62.34418602091931,15.674567968407397,0.3494445524597753,3.668243995049586,0.2142133104140324,1,0,0,0,0,0
2,88.9646971026602,108.48609095330043,8.446248011565226,0.8860324956844768,19.52139385064024,0.0487296334390464,1,0,0,0,0,0
6,33.46592110783866,32.51925397389044,22.09731569895282,0.4499156070652623,0.9466671339482176,0.5136985068278245,1,0,0,0,0,0
1,18.21150725432956,19.683854048202203,12.510450536349673,0.20719005184842,1.4723467938726422,0.4044740011710157,1,0,0,0,0,0
7,15.389040602600964,21.39455987407864,17.090648253336187,0.1723988801884008,6.005519271477679,0.1427445934052893,0,1,0,0,0,0
9,111.32118812749049,91.89591327110546,10.919656700491,0.2408571091724108,19.425274856385016,0.0489589494893576,0,0,0,0,1,0
5,26.02014331428628,31.8998712941712,5.546744225418244,0.3249038753806282,5.879727979884926,0.1453545842108609,0,0,1,0,0,0
5,1.6124465348301933,2.6305405680918352,20.39668412944096,0.5396665185377436,1.018094033261642,0.4955170490166907,1,0,0,0,0,0
4,28.246602554594983,41.05742389323869,10.051553777614131,0.7313481105092052,12.810821338643706,0.0724069898147133,1,0,0,0,0,0
3,11.351163772321948,15.974846356969206,5.849643944631966,0.98775871883677,4.623682584647257,0.1778194243626082,0,1,0,0,0,0
9,45.10821819449427,53.31919913325076,4.595191395690754,0.4973560689602539,8.210980938756492,0.1085660698517309,0,1,0,0,0,1
5,42.14541346871663,54.274442528413225,10.310503413178862,0.5663664481087989,12.129029059696592,0.0761670947221675,1,0,0,0,0,0
8,33.261070933475,29.23776864943864,18.080935406783645,0.5696341312449301,4.023302284036358,0.1990722324590972,0,0,0,1,0,0
9,13.050838283870393,12.785358617752228,11.602017104301591,0.5854909199391425,0.2654796661181642,0.7902141984370888,0,0,0,0,1,1
5,41.1725224540904,39.138565340320646,6.218977347238158,0.5659665913940161,2.033957113769752,0.3296025495750928,1,0,0,0,0,0
10,36.697874013053344,30.61205788350557,11.286623395146446,0.107897279555726,6.085816129547769,0.1411270038224689,0,0,0,1,0,0
9,39.6286157603623,41.08080318028417,14.61161592306312,0.1015523398988566,1.45218741992187,0.4077991722312405,1,0,0,0,0,0
2,30.535838653834624,26.530477131739488,1.8236624888960715,0.1878996863135106,4.005361522095136,0.1997857688372171,0,0,1,0,0,0
9,67.0901049563649,68.13397284039767,2.6855208246568947,0.1914009430862609,1.0438678840327782,0.4892684149559065,0,1,0,0,0,1
4,78.64777678648342,51.49962856609064,13.675152810043148,0.7344072180593164,27.148148220392777,0.0355263156982923,1,0,0,0,0,1
6,15.357782464390048,13.309668353396416,2.5797497461953416,0.2844244292643998,2.048114110993634,0.3280717071560083,0,0,0,0,1,1
6,64.12138071206138,85.2114455305047,7.180782443097086,0.9052426942800516,21.090064818443324,0.0452692198152847,0,1,0,0,0,1
6,81.5448009642951,85.51918959575016,9.102164317164211,0.9357456966193176,3.974388631455057,0.2010297292971036,0,0,1,0,0,1
2,145.671176476342,194.27819319198488,3.5242525910490183,0.9783040041063088,48.607016715642885,0.020158438588077,1,0,0,0,0,0
7,47.49010807634549,40.30034348758229,7.410723168940843,0.9451731743983182,7.189764588763204,0.1221036318152604,1,0,0,0,0,0
6,30.936811903703276,29.01641455712913,9.202003236809052,0.3446994897266722,1.9203973465741413,0.3424191578495575,1,0,0,0,0,0
1,71.21406934030135,75.04057954913816,18.630271428266383,0.5587991602331612,3.826510208836808,0.2071890365359862,0,1,0,0,0,0
2,31.36169801329811,29.83525909459415,17.333063785745914,0.2579094731772469,1.5264389187039598,0.3958140418898355,0,0,1,0,0,0
7,84.40562600033887,54.984441938343984,10.278809120364746,0.8255886896551898,29.42118406199489,0.0328718302996397,1,0,0,0,0,0
1,39.330826763943534,44.90454530961422,5.108470438858458,0.8995885346296865,5.573718545670687,0.1521209028120893,0,0,1,0,0,0
1,24.27719602613674,18.295359250448733,17.583703321912687,0.8661599553677634,5.981836775688006,0.1432287852219887,0,0,1,0,0,1
1,45.561792085128765,45.44307404510192,17.993224528555942,0.4900302538271514,0.1187180400268488,0.8938802845943205,0,0,1,0,0,0
8,35.801044131678,16.732676401461237,4.512512937414519,0.7828064962181028,19.06836773021676,0.0498296629523241,0,1,0,0,0,1
4,33.56369230125676,28.121408549840417,9.630609088488384,0.1878212526186425,5.4422837514163405,0.1552244574418426,0,0,0,0,1,0
4,7.689274644007722,7.446594849068174,5.856109445131386,0.1362202935573256,0.2426797949395478,0.8047125285791313,0,1,0,0,0,0
2,80.6453041520001,91.96213133994516,10.53932280066416,0.7779127728778847,11.316827187945051,0.0811897402424171,0,1,0,0,0,1
1,80.29526005763186,55.49545404468884,4.230776551388399,0.4828197468958153,24.799806012943023,0.0387599813540585,1,0,0,0,0,0
10,57.471108989912935,44.66675050425652,14.499301621394263,0.9959943382656122,12.804358485656415,0.0724408889438116,1,0,0,0,0,1
9,60.66987509241808,87.42971995147867,10.588182069258954,0.1875287942699791,26.759844859060596,0.0360232560764332,1,0,0,0,0,0
7,21.158938418309475,31.554444646099952,4.238796538912154,0.8700649133817103,10.395506227790476,0.0877538899993119,0,1,0,0,0,0
4,4.123464531225933,4.6540573433159125,13.640043357944824,0.5319847589760925,0.5305928120899797,0.6533416282247722,1,0,0,0,0,0
6,48.73998244820578,64.33244074128821,5.0739286469694855,0.8444351759534893,15.59245829308243,0.0602683449514476,1,0,0,0,0,1
2,38.8231758215152,34.99030948498851,1.4294535641809116,0.8354145539531304,3.832866336526692,0.2069165440066122,0,0,1,0,0,1
7,48.009291523958176,55.85059562296173,3.4644239625014417,0.9243928012258696,7.841304099003558,0.1131054863402677,1,0,0,0,0,1
2,2.845595322804373,3.2746162875633376,15.608593218058813,0.3680650101574925,0.4290209647589647,0.6997797965606976,1,0,0,0,0,0
10,65.60471369799247,50.16137070908838,23.824416939512304,0.9548194181158028,15.443342988904083,0.0608148842163541,1,0,0,0,0,0
8,20.92133706697208,21.94913197774812,24.213654398212043,0.2365002643218582,1.0277949107760411,0.4931465182626866,0,0,1,0,0,0
8,17.550916762631097,16.25503755675863,5.336194176490681,0.1737718998341414,1.2958792058724669,0.4355629849524186,1,0,0,0,0,1
1,118.54979274407803,129.4515335021351,7.174907484456994,0.4884539656351142,10.901740758057072,0.0840213226223259,0,1,0,0,0,0
8,101.31499615591656,87.76193796961178,5.950472294851728,0.8454906717776584,13.55305818630478,0.068714079693645,0,1,0,0,0,1
2,7.54390106887802,4.800060309419985,8.2384992547505,0.526079017570101,2.7438407594580347,0.2671053776723029,0,0,1,0,0,0
6,24.98145861611939,25.089227516357425,2.4847432874944277,0.8463580097774627,0.1077689002380353,0.9027153585780588,0,1,0,0,0,1
1,33.818630159975235,40.84117693751983,5.458957494244542,0.7567181252148747,7.022546777544598,0.1246486966955476,0,0,1,0,0,1
5,93.938320121875,113.44837139464003,9.654882246542918,0.2884855475250402,19.510051272765025,0.048756582160664,1,0,0,0,0,0
7,68.95412376160071,38.33500058254744,15.662647453690546,0.9539934624095174,30.61912317905327,0.031626430446448,1,0,0,0,0,0
10,13.538532620346984,14.15600879039286,10.27670324044143,0.1547030517664631,0.6174761700458742,0.6182471300159176,1,0,0,0,0,0
1,44.9906115187515,52.73539796592394,6.924391383624187,0.9084517367894156,7.744786447172444,0.1143538502673603,1,0,0,0,0,0
2,33.95059275329041,35.113677045753946,3.545611638791164,0.3739991040913366,1.1630842924635374,0.4623028346533364,1,0,0,0,0,0
7,34.74789509889909,42.25914310113888,16.304727675439835,0.5501332748479594,7.511248002239789,0.1174915828720821,1,0,0,0,0,0
6,26.55954060251077,17.193608667795992,2.1597103011783987,0.4801166854306611,9.365931934714776,0.0964698597577194,0,1,0,0,0,0
3,34.12999513133649,24.360258868945028,2.6426742438278232,0.2546511012252246,9.769736262391463,0.0928527844727319,0,0,1,0,0,0
10,64.230688394515,73.69431341540012,12.65988774599707,0.4223321797615238,9.463625020885118,0.0955691739721202,1,0,0,0,0,1
2,37.14258216605467,33.90861990035925,13.903996802523755,0.2736409926635157,3.2339622656954248,0.2361853831580501,0,0,1,0,0,0
10,39.67697748127633,51.31203956870012,0.5743152774633578,0.2834978279144715,11.635062087423783,0.0791448425880979,1,0,0,0,0,0
4,69.24387033622736,74.55488849325144,6.971329188253151,0.2683511524237423,5.31101815702408,0.1584530380231933,1,0,0,0,0,0
3,55.33513199424168,42.94840224908308,1.1661893457501653,0.5401156423119349,12.386729745158595,0.0747008432258563,0,1,0,0,0,0
7,69.65239977542245,53.18344063892796,7.3073047561833135,0.818138230760184,16.468959136494497,0.0572443951689654,1,0,0,0,0,1
8,21.38335424463787,11.350492596662258,6.161929651225456,0.6120730303851168,10.032861647975611,0.0906383159607088,1,0,0,0,0,0
2,42.709870085258586,50.05038907348708,20.552516358431024,0.9038859296957577,7.340518988228496,0.1198966157155644,1,0,0,0,0,0
10,41.76468785306604,40.54586408619184,11.385161788767794,0.6728900397190518,1.2188237668741948,0.4506892412680285,0,0,0,0,1,1
7,37.518070350836304,46.11281926018327,11.650447687478636,0.720406104069344,8.594748909346961,0.1042236758302059,0,0,1,0,0,0
8,32.85284124996121,34.96974973482171,18.343942546044374,0.7008465067543028,2.1169084848605024,0.3208307221264967,1,0,0,0,0,0
6,99.19017417289874,102.0297319005478,18.80447097635308,0.504513273865367,2.8395577276490656,0.2604466636349528,0,0,1,0,0,0
6,30.40950101437656,36.60851009731418,9.241302582962623,0.7204049399800745,6.199009082937625,0.1389080064324547,0,0,1,0,0,0
10,84.25118454034505,82.18882184008702,4.952064324215232,0.162736971822065,2.062362700258035,0.326545252107381,0,1,0,0,0,0
1,128.79573493637528,118.09396649913226,15.080877685980967,0.8738663247240969,10.701768437243018,0.0854571687487266,0,0,1,0,0,0
4,17.960450664423853,17.95994609707528,14.57138045122196,0.8000309290995257,0.000504567348571,0.999495687111246,1,0,0,0,0,0
1,13.214313050267538,15.995094956129265,12.572490231332786,0.3207069624085109,2.7807819058617262,0.2644955527452137,1,0,0,0,0,0
4,6.324896424369129,4.8356507247491,9.211465636800735,0.7912292088286742,1.489245699620029,0.4017281219578465,0,1,0,0,0,0
2,83.48425976781883,102.78414416807,7.251751944440085,0.1113783412600166,19.299884400251187,0.0492613642660756,0,1,0,0,0,0
5,84.88469238734493,86.22929455550627,18.841736813259004,0.2955219152327923,1.3446021681613445,0.4265115905715501,0,1,0,0,0,0
10,18.830037222306977,17.021999931003226,6.1462670251557565,0.1586235148038063,1.8080372913037517,0.3561206267085247,0,1,0,0,0,0
9,70.36084195073732,73.58421084355989,4.760926781212919,0.8022042249561052,3.2233688928225632,0.2367778011765578,0,0,0,0,1,0
10,23.58744096765209,30.524476453292397,6.900021283001781,0.7802867360605484,6.937035485640308,0.1259916251866582,0,0,0,0,1,0
3,43.79704397134616,56.596381824324325,4.146595016745473,0.8322724214216476,12.79933785297817,0.0724672452152608,0,0,0,1,0,1
8,80.05658019303004,87.9037790590214,14.61724380736089,0.1040335239929759,7.847198865991359,0.1130301257095057,0,0,1,0,0,0
3,55.65778080040725,64.36798752387402,9.218267154049128,0.5511094540105672,8.710206723466769,0.1029844192279952,0,0,0,0,1,0
6,21.79941810276709,22.03503643445589,1.2579516744819166,0.7343525777656028,0.2356183316887978,0.8093113984746703,1,0,0,0,0,1
4,45.74008989583667,39.05305587429163,11.4184106599658,0.2398610158651139,6.687034021545038,0.1300891861799002,1,0,0,0,0,0
8,32.425541785722686,36.03213079955812,7.0828817318912485,0.6848116547613622,3.606589013835432,0.2170803596753692,0,1,0,0,0,1
6,69.81650732682294,61.982934558158505,8.421773536891296,0.1756990893787171,7.833572768664439,0.1132044786620568,0,0,1,0,0,0
8,54.61113775257025,40.5963613787969,10.065587609001124,0.2631932704938818,14.014776373773351,0.0666010585243695,0,1,0,0,0,0
1,54.314843499293,48.58006789927039,5.569354442154177,0.528217133495141,5.734775600022608,0.1484830467100704,0,0,1,0,0,0
6,20.75282111492644,12.233371953011485,4.718399463998167,0.6882086374129919,8.519449161914956,0.1050480950096105,1,0,0,0,0,0
1,20.248211395829934,13.978755820056335,12.603897515755705,0.2312822142585064,6.269455575773598,0.1375618833592751,1,0,0,0,0,0
1,47.863995112014734,72.14430194464657,2.9568797252762904,0.2667009977478441,24.28030683263184,0.0395564819137875,0,0,1,0,0,0
8,75.9140897699792,97.28320279035889,3.7445892970037504,0.2840017303590967,21.36911302037967,0.0447044994179669,1,0,0,0,0,0
7,111.73195172216457,105.0239210522979,4.473406871520604,0.3148307242290806,6.708030669866659,0.129734823696193,1,0,0,0,0,1
3,9.24536210627668,10.452205408936097,16.139468889531656,0.3038984636736621,1.206843302659415,0.4531359334824196,1,0,0,0,0,0
6,44.09313685828101,33.61525338507802,19.346561793981,0.455634197647873,10.477883473202994,0.0871240766936399,1,0,0,0,0,0
9,80.35617392948606,93.64689953321847,4.438867160198282,0.6884106857530506,13.290725603732426,0.0699754531525552,0,0,1,0,0,0
7,65.63832371302973,69.92483863451,3.807594630550697,0.4942286048210227,4.286514921480261,0.1891605367340934,1,0,0,0,0,1
3,53.197959653207775,43.82249251036232,9.139273325523822,0.7983765178748993,9.375467142845451,0.0963812025263425,0,1,0,0,0,0
6,79.52273270503088,73.09578812244128,7.075096184887178,0.7473416553537533,6.426944582589599,0.1346448716399771,1,0,0,0,0,0
4,19.23803355765476,17.349409661007854,14.80234384979754,0.2138742226441681,1.888623896646905,0.3461856010956612,0,0,1,0,0,0
3,67.04537902938591,81.29258044504401,11.907086030174568,0.1439574609886695,14.247201415658097,0.0655858063875939,1,0,0,0,0,0
9,82.87442618479945,81.188474030884,25.131847325004383,0.8901474075996455,1.6859521539154514,0.3723074510252345,0,1,0,0,0,1
10,16.702234545743885,10.112616576266833,3.963487368454866,0.171847959906586,6.589617969477052,0.1317589375409501,0,0,1,0,0,0
2,54.660764606703,48.52648768849145,14.648028956872396,0.2335052626477418,6.134276918211548,0.1401683746599906,1,0,0,0,0,0
1,70.30125742512728,56.55092815255243,6.159602391320222,0.1199199480023062,13.750329272574843,0.0677950967412836,0,0,0,1,0,0
2,74.29452502848515,46.84338457469688,3.6063542598438354,0.6655027287687884,27.45114045378828,0.035147975935244,0,1,0,0,0,0
7,8.45369796700581,6.844980954160695,6.076282691918173,0.6241335068425137,1.6087170128451156,0.3833301945270718,1,0,0,0,0,0
10,27.057277895667585,12.456476001715092,6.595943987961349,0.98821329979173,14.60080189395249,0.0640992691784414,1,0,0,0,0,0
1,3.511131835684305,2.6941078334272213,18.180275362611443,0.8982391566854548,0.8170240022570838,0.5503504624913116,0,0,0,0,1,0
6,98.62519072948848,103.46038521651106,2.0146075428687418,0.4697588597328187,4.8351944870225765,0.1713738937449285,0,0,1,0,0,1
7,33.67943099200397,37.49977332583449,4.551243742322607,0.4344272568212814,3.820342333830517,0.2074541455244203,1,0,0,0,0,0
9,19.321437566284065,21.753285477061134,8.824756569911989,0.3671668308519865,2.431847910777069,0.2913882042556983,1,0,0,0,0,0
8,17.735757910135376,21.98060735104211,3.397544956408474,0.2371662280340932,4.244849440906734,0.190663242342209,0,0,1,0,0,0
6,28.13593798398432,36.48957741180832,23.52062304413335,0.2242752909418081,8.353639427824,0.1069102575223638,0,0,1,0,0,0
3,82.96230163677541,61.712882004336905,25.96676333914278,0.2190553372086449,21.249419632438503,0.0449449925669994,0,0,1,0,0,0
8,21.350383339325862,14.00231835553787,8.305916289878335,0.2027032814681006,7.348064983787992,0.1197882385848706,1,0,0,0,0,0
7,106.91385220023662,108.05216738673508,12.633411757494004,0.3164608381649832,1.138315186498474,0.4676579048374605,0,0,1,0,0,0
3,13.439563094817837,15.276100587753122,21.029415690380805,0.3760017672818048,1.8365374929352851,0.3525424932653321,1,0,0,0,0,0
9,151.14287777100574,119.57916200903854,7.455074165377042,0.9654210739350244,31.5637157619672,0.0307090261845348,1,0,0,0,0,0
2,28.595386014657095,30.48728901817451,12.112093992237654,0.6206259259016972,1.8919030035174127,0.3457930638696052,0,1,0,0,0,0
3,108.51908820307996,157.96402757452938,3.027911370525333,0.9888361970619528,49.44493937144941,0.0198235940504663,0,0,0,0,1,1
2,98.74234319690176,65.75631376540758,1.313500511677668,0.4352202530431059,32.98602943149419,0.0294238549406221,1,0,0,0,0,0
1,98.48363727006526,98.6292013061784,15.851725916294445,0.5118639693304969,0.1455640361131287,0.8729324319511426,0,1,0,0,0,0
4,40.98621622673434,51.62983579115766,7.815695608162485,0.3921207932487512,10.643619564423318,0.0858839465225629,0,0,1,0,0,0
5,15.216401774777728,14.46403582667534,25.46153385794249,0.2645988858068974,0.7523659481023888,0.5706570600067213,0,1,0,0,0,0
6,50.76562183405603,56.00545965658258,5.173342183996359,0.2288482369998212,5.239837822526553,0.1602605754255153,0,0,1,0,0,0
5,23.382838378077672,28.70309919828475,2.797734870807221,0.9505712780270488,5.320260820207079,0.1582213184624928,0,0,1,0,0,1
1,99.04247907971344,91.5722546133142,14.794201040616704,0.9881296136188802,7.4702244663992445,0.1180606256619203,1,0,0,0,0,0
3,48.95880272511035,35.97042662065296,24.11715161225189,0.1404185468578584,12.988376104457394,0.0714879262991327,0,0,0,0,1,0
1,44.19671267456376,43.08233633073094,3.058285958769964,0.2353112872585898,1.1143763438328165,0.4729526997011606,0,0,1,0,0,0
5,24.551916434523072,17.832737589378358,3.920603259219329,0.4811716830709204,6.7191788451447145,0.1295474583580855,0,0,0,1,0,1
5,31.39502084646596,27.07499687671636,20.487444444841906,0.2677001287099666,4.320023969749595,0.1879690779000509,0,0,1,0,0,0
6,62.695905805317736,69.62299057304519,30.745849868409376,0.4274923542641949,6.92708476772745,0.126149780064315,0,0,0,1,0,0
8,55.93467276642016,58.46759047585095,12.18374626513136,0.21618671487367,2.532917709430791,0.283052163182458,1,0,0,0,0,0
10,70.36576709856675,87.91895050240639,4.800256257281833,0.5108605810496112,17.55318340383964,0.0538991060581574,1,0,0,0,0,1
1,74.04727064059382,78.34219938411199,19.284358565438257,0.3445251545523333,4.29492874351817,0.1888599542013021,0,0,0,1,0,0
4,78.38404253986798,63.10532727487041,6.6980010911487255,0.4167145501827948,15.278715264997563,0.0614299091618241,1,0,0,0,0,0
10,17.23798673039917,12.942660226299342,4.928333804963995,0.1848813863164728,4.29532650409983,0.1888457679098285,1,0,0,0,0,0
1,57.721755575173816,66.78114994846054,5.54765956513653,0.4853152456391275,9.059394373286722,0.0994095631299191,0,0,1,0,0,0
9,55.12238313458178,58.43272718270703,13.489525057521073,0.9849318498654128,3.310344048125245,0.2320000419537144,0,0,1,0,0,1
7,12.958043781208666,12.335721656507152,8.65155321167627,0.3959497421930713,0.6223221247015136,0.6164003959349239,1,0,0,0,0,0
7,60.03662579364985,65.12197074887989,11.697229285530604,0.8887863473581915,5.085344955230042,0.1643292216557997,0,0,0,1,0,1
5,97.96454116138165,80.7164352860241,15.084605649812277,0.8588792274613166,17.248105875357552,0.0548002081328567,0,0,1,0,0,0
7,61.02553357402799,23.716020237241185,6.97863939169162,0.9568525764674896,37.30951333678681,0.0261031768064708,0,1,0,0,0,0
2,14.075851459670032,17.745332433032758,16.427115765012942,0.811098561040385,3.6694809733627256,0.2141565638032464,0,0,1,0,0,0
4,23.452595743808665,27.25735030771065,8.413567060746878,0.6936371443529334,3.8047545639019873,0.2081271762584872,1,0,0,0,0,0
7,52.54568479033055,51.403245186099205,5.615942583672284,0.8709259998047119,1.1424396042313418,0.4667576150221406,1,0,0,0,0,0
3,20.477030947208988,15.876600738917226,2.2375037924617893,0.1680802125916146,4.600430208291762,0.1785577112485826,1,0,0,0,0,0
2,64.24210652221979,60.81285250945503,6.7491943322304495,0.516547591478927,3.4292540127647584,0.2257716529957594,0,1,0,0,0,1
10,44.6488684112537,25.34192243098839,21.92524295763952,0.990330614753553,19.30694598026531,0.049244234015879,0,1,0,0,0,0
2,77.20434248287562,79.41441337453628,14.554448707478704,0.792640136165259,2.2100708916606635,0.3115195999558348,0,0,1,0,0,0
1,35.7067256978607,18.42572045843568,11.643178858200606,0.9658678402335008,17.28100523942502,0.0547015870792153,0,0,1,0,0,0
5,53.369874681420654,54.7923730195725,3.3085520050586315,0.8016709205201312,1.422498338151847,0.4127969808073891,0,1,0,0,0,1
6,26.153704901618624,21.541603544911165,5.467010146591086,0.8873937706979298,4.612101356707459,0.1781863755551781,0,0,1,0,0,1
6,134.28709755445374,129.331965473752,13.17977284613322,0.7358766690728719,4.9551320807017305,0.1679223880257184,1,0,0,0,0,0
9,43.454100080869466,31.078493548528552,15.527296214355053,0.7844518039755158,12.375606532340914,0.0747629647733803,1,0,0,0,0,0
4,16.49801116563729,22.718497290861244,14.786903265034958,0.5708602088555507,6.220486125223953,0.1384948302174022,0,0,0,1,0,0
1,84.29443412855261,91.89144414941153,10.074912665074756,0.9318139307327196,7.597010020858917,0.116319510803605,1,0,0,0,0,0
6,34.76523185158796,28.78119498708881,4.364780659744699,0.8425350195610255,5.984036864499153,0.1431836657511276,1,0,0,0,0,0
5,81.6208321291225,77.95857281104222,15.552915338728406,0.859496469099069,3.662259318080288,0.2144882838502762,0,0,1,0,0,0
10,35.251736615767584,49.4060410524656,5.434301797370368,0.7057081908667471,14.154304436698013,0.0659878521100827,1,0,0,0,0,1
6,20.219573325658907,15.41857637737862,15.700465222077032,0.3741219523785241,4.800996948280288,0.1723841623975429,0,0,0,1,0,0
3,42.86521979808953,30.94549651716511,6.760295591393529,0.1320668158511254,11.919723280924416,0.0774010385715048,1,0,0,0,0,0
2,15.615324734442034,11.10596702754662,24.61722549047667,0.94208961646859,4.509357706895415,0.1815093615628583,1,0,0,0,0,0
6,34.19822778499593,28.373607507028744,6.211077375362346,0.6275083139249472,5.824620277967185,0.1465282989045458,1,0,0,0,0,0
1,75.13968626935312,103.22426176618607,6.115974043225424,0.3683286740333262,28.084575496832954,0.0343824856618206,0,1,0,0,0,0
7,58.95494511223099,50.70319279004682,7.875116500800187,0.234221597062784,8.251752322184167,0.1080876319615869,1,0,0,0,0,0
7,47.73818709203954,42.76113954669671,4.42122780560428,0.8465708489506792,4.977047545342828,0.1673066831765753,0,1,0,0,0,1
10,34.905631739173046,36.66533300055766,3.763336473396108,0.852868175002821,1.7597012613846132,0.3623580617194319,0,0,0,1,0,1
7,102.19940234736272,101.40330519214318,4.293170981780694,0.8330571713174784,0.7960971552195417,0.556762754784146,0,0,0,0,1,0
10,48.67282998197216,60.46964316886133,19.990513815151573,0.6805744227701076,11.796813186889176,0.078144455607474,1,0,0,0,0,0
1,26.470425933276115,31.905397735060184,3.978693849835969,0.4294138488326883,5.434971801784069,0.1554008363677295,0,1,0,0,0,0
4,73.58713258296709,79.60806588807978,6.161689756219195,0.3736632563022313,6.020933305112692,0.1424312063001357,0,1,0,0,0,0
7,62.12168065816408,58.552872563162445,32.57724568752322,0.1076992931063531,3.568808095001636,0.2188754658121927,0,0,0,0,1,0
9,23.367134060077717,28.974185933938376,16.03041478977391,0.8502468028194163,5.607051873860662,0.1513534355551647,0,0,0,0,1,0
5,90.44387936069803,72.6442704325944,15.839571883779277,0.1786894277442782,17.799608928103652,0.0531925958579432,1,0,0,0,0,0
2,49.59621865737496,39.04158125921502,29.41561102491419,0.6676794982366908,10.55463739815994,0.086545338078653,0,0,1,0,0,0
7,53.95574739479959,48.453019942209,7.705827964688035,0.5536674521560795,5.502727452590591,0.1537816258317292,1,0,0,0,0,0
10,94.1424398198694,121.48491675694872,1.4180135562030585,0.574020423033716,27.34247693707934,0.0352827313653641,1,0,0,0,0,1
1,14.314258590400064,11.319288405872856,14.841486400198638,0.934041560776996,2.99497018452721,0.2503147592623013,1,0,0,0,0,0
7,24.47731803329208,20.80339783364939,7.0796768232452445,0.1284535101441179,3.673920199642687,0.2139531607913306,0,1,0,0,0,0
6,95.06456951166508,99.19923525750808,32.76680408882027,0.7960530021658951,4.134665745843009,0.1947546441186738,0,1,0,0,0,0
7,23.0486287852404,22.722208043923136,1.220177103602495,0.1468471585305764,0.3264207413172606,0.7539085969108911,1,0,0,0,0,0
10,44.2479505012735,40.05057342001441,3.765092923784801,0.1343382453418395,4.197377081259091,0.1924047426933557,0,0,1,0,0,0
3,103.4612035933111,115.54126917458098,5.265564115590467,0.4868359283272437,12.080065581269878,0.0764522160677817,1,0,0,0,0,0
3,18.674675035389345,16.46587329172593,7.821414164051329,0.15676765690867,2.208801743663414,0.3116428124532004,0,1,0,0,0,0
7,7.441115914904755,9.405626386245537,2.560411706546323,0.8102295561636208,1.9645104713407813,0.3373238211392529,1,0,0,0,0,1
2,16.819090290454643,17.81737227797323,10.858185217862012,0.5766067842835035,0.9982819875185882,0.500429872383413,1,0,0,0,0,0
1,43.84277608514228,54.98420633914952,5.027721977668829,0.126134904393797,11.14143025400724,0.0823626194838086,1,0,0,0,0,0
9,37.33782778846568,29.957706782118912,16.765413594124865,0.1364506178337275,7.380121006346762,0.1193300191301105,1,0,0,0,0,0
9,34.45909495129692,33.18214205072204,20.91980097439054,0.6514016767655314,1.2769529005748763,0.4391834366655207,0,1,0,0,0,0
7,32.14427416656347,16.896750760907384,6.45482939131472,0.8255006358925644,15.247523405656086,0.061547841786883,1,0,0,0,0,0
7,22.793570511825955,30.41291889658635,12.16720417130177,0.4940195781472962,7.619348384760396,0.1160180509431628,0,1,0,0,0,0
3,32.99484379925367,51.91647707144718,8.362016720263766,0.599122604382062,18.92163327219351,0.0501966875073337,1,0,0,0,0,0
10,57.243779565021846,53.12039791514108,7.894461946862478,0.8198465086449114,4.123381649880763,0.1951835854397599,0,0,1,0,0,1
2,69.57594568348247,76.05918358069991,2.368850924386652,0.6494555566376372,6.483237897217435,0.1336319937619302,0,0,1,0,0,1
7,61.167402292982864,62.89901866453362,7.565703115297403,0.3022842138929375,1.731616371550757,0.3660836164312096,1,0,0,0,0,0
9,32.42851139535519,21.95363830029412,15.620190709036397,0.6517468232825308,10.474873095061067,0.0871469332789756,0,1,0,0,0,0
1,37.65993257216066,49.40480439829407,11.063234856422488,0.6654515131586922,11.744871826133403,0.0784629311021784,1,0,0,0,0,0
4,75.2590308091261,70.09264423366992,3.8530602322428815,0.760696282793014,5.166386575456187,0.1621695279339538,0,1,0,0,0,0
6,74.59189403240433,36.39501775818307,2.3891769892926256,0.6587867688011211,38.19687627422125,0.0255122370722606,1,0,0,0,0,0
7,127.14208906139574,104.3875705364645,7.359368605905133,0.9723179174122342,22.75451852493124,0.0420972540003478,0,1,0,0,0,0
10,34.67510630731869,22.58748832969933,4.504185103201108,0.2775594778453616,12.087617977619365,0.0764080982276577,0,1,0,0,0,0
7,15.84516217898778,16.329302937982774,4.958742343774364,0.9559816116103688,0.4841407589949948,0.6737905376826676,0,0,0,0,1,0
10,46.0715981543008,47.41023481251314,4.570513333607621,0.5845055413150146,1.3386366582123443,0.4275995574123946,0,1,0,0,0,0
2,63.4250525077502,82.23318096728372,8.447730229015201,0.7047605264454209,18.808128459533517,0.05048432526288,0,1,0,0,0,1
4,78.43891159091481,114.32090559611244,12.776703378168955,0.1895154377069708,35.88199400519764,0.0271135015058858,1,0,0,0,0,0
5,29.784125369663045,44.01681786068467,4.359717069462389,0.4425183472402964,14.232692491021623,0.0656482759426421,0,0,0,0,1,0
1,51.26177171907535,38.121378340920806,4.197348419089053,0.7924412318168553,13.140393378154542,0.0707193904198519,0,0,1,0,0,0
1,67.83209007160296,78.33359193337819,2.7955433328090225,0.7362199135890913,10.501501861775225,0.0869451669893181,1,0,0,0,0,0
10,43.480144435450654,52.14191230387977,9.518588048107636,0.1361254493488691,8.661767868429116,0.1035007271565289,0,0,1,0,0,0
3,37.369104903006814,32.478550894887725,15.358471937206666,0.5919348371475202,4.890554008119089,0.1697633191414044,1,0,0,0,0,0
10,57.89900985342763,62.05506440431583,7.651892803987411,0.1794503736715685,4.1560545508882,0.1939467455455327,0,0,1,0,0,0
3,6.927141861394982,7.6186781047266114,12.820882226169136,0.996270786260346,0.6915362433316297,0.5911785833393743,0,0,1,0,0,0
8,35.41098676494372,31.116558173705144,18.339067601399663,0.9075669296799652,4.294428591238578,0.1888777953592268,1,0,0,0,0,0
9,139.59948578364208,184.33923523025925,9.982188633537444,0.1189725943856832,44.73974944661717,0.0218628219895935,0,0,1,0,0,1
1,55.610649173551714,58.8794450191195,3.9387377089908537,0.8727846210123678,3.2687958455677872,0.2342580990464282,1,0,0,0,0,0
2,141.91205956919018,135.82165110724958,3.5650025540174504,0.9274866405025668,6.090408461940598,0.1410355983534278,1,0,0,0,0,0
10,48.546869100512765,33.696844721934085,4.149012885360422,0.4181934003071096,14.85002437857868,0.0630913856102013,1,0,0,0,0,0
2,90.10000063903163,116.03367886730425,26.613083538109823,0.7475514895429892,25.9336782282726,0.0371282374254508,0,0,1,0,0,0
4,32.051666695640705,32.65241217228575,31.68587670634277,0.4978933715870011,0.6007454766450451,0.6247089337999382,1,0,0,0,0,0
2,35.48578778264427,36.1803258630906,6.25234165547317,0.6897092361187097,0.6945380804463284,0.590131323420367,1,0,0,0,0,0
7,27.161141834601843,21.41568780914792,17.721323078612414,0.4062856638683723,5.74545402545392,0.1482479898649531,0,0,1,0,0,0
9,85.93752759825944,105.14017677191772,19.92169282166745,0.3903033129699416,19.202649173658276,0.0494984589102242,1,0,0,0,0,0
7,22.27171056885352,15.953463052531053,2.424008156010375,0.4819904999718212,6.318247516322465,0.136644736020423,1,0,0,0,0,1
6,9.736249800019694,4.361668384619341,25.615188950523677,0.231010982787251,5.374581415400353,0.1568730454338695,1,0,0,0,0,0
10,79.68446315029655,65.565306966587,6.870654591345414,0.8480250679918443,14.11915618370955,0.0661412573459272,1,0,0,0,0,0
1,20.598621135252245,22.385658535542763,6.603711343854589,0.413828105825473,1.7870374002905187,0.358803939945607,0,1,0,0,0,0
10,72.4094075360383,78.53517730893259,2.9018456423824213,0.4601345985152606,6.125769772894287,0.1403357155607103,1,0,0,0,0,0
9,36.888609452095466,38.1842428165771,26.729243311455427,0.90464915143193,1.2956333644816311,0.4356096297745727,0,0,0,0,1,0
5,186.28807620168223,178.27344286951256,8.812155746124125,0.5469614326568543,8.014633332169694,0.1109307459496319,0,0,1,0,0,0
5,126.6728047921101,131.69595168335826,24.97293209400892,0.5898285184157767,5.02314689124816,0.1660261683893239,1,0,0,0,0,0
6,216.4220535719129,371.1799123716322,19.094103530315486,0.9608483122993886,154.75785879971932,0.0064202217962295,1,0,0,0,0,0
9,18.70037464459873,19.86813075095873,6.343182093889871,0.8980537448304903,1.1677561063600024,0.4613065081750154,1,0,0,0,0,0
8,43.26454391724997,38.695765701425046,9.030735947970266,0.2525200379995955,4.568778215824928,0.1795726030457231,0,1,0,0,0,0
8,9.656003247937717,9.403260069415465,4.880357526695376,0.5258935269262945,0.25274317852225,0.7982482101236514,1,0,0,0,0,0
8,59.65863608412961,56.56539468904898,5.385326022080471,0.9741666046856908,3.093241395080632,0.2443051614795616,1,0,0,0,0,0
1,20.584409674889148,20.94113245061448,11.521420396653276,0.4351296684057424,0.3567227757253306,0.737070253328194,0,0,0,1,0,0
1,45.10764329941474,34.82888088751682,14.248540678595145,0.43441579766458,10.278762411897922,0.0886622098666697,1,0,0,0,0,0
8,5.35668311864233,6.426596088790656,1.3631038100658757,0.2755272086102389,1.0699129701483256,0.483112099118033,1,0,0,0,0,1
5,5.8204702135966535,6.252437885347555,1.4090703992483449,0.2028908027072127,0.4319676717509013,0.6983397877811557,0,0,0,1,0,0
9,23.022646317628723,18.48078357908735,5.509584873799219,0.7662743116803836,4.541862738541372,0.1804447434335412,0,0,1,0,0,0
2,25.85727856135755,32.44938831781274,10.325569091212516,0.7930274218313649,6.592109756455191,0.1317156932761345,1,0,0,0,0,0
9,102.39014386285096,53.68658410811189,20.14895780878717,0.9721116671527,48.703559754739054,0.0201192833055514,0,0,1,0,0,0
8,33.0867374626289,50.89214216999693,8.71084808657785,0.7960763898148266,17.805404707368027,0.0531762020313339,1,0,0,0,0,1
9,63.73696583036437,93.77622904107211,6.8410012203001,0.3190172446302388,30.039263210707745,0.032217259578991,0,0,1,0,0,0
4,8.794223058885414,12.587044553630074,12.662298609567156,0.1361049204596639,3.79282149474466,0.2086453670549805,0,1,0,0,0,0
1,53.98824888867039,47.28656433948101,3.8810622906709327,0.9868936459326942,6.701684549189388,0.1298417240557134,0,0,1,0,0,0
1,51.5158374386811,54.61542371697985,8.877902294511818,0.4064056259892452,3.0995862782987444,0.2439270531501003,0,0,0,0,1,0
5,70.48125847969065,59.52453745282372,7.523025282353892,0.3807743881891787,10.956721026866935,0.0836349696336466,0,0,0,0,1,0
2,49.97328449074743,55.35388535820625,9.399235310506388,0.9153596887744442,5.380600867458817,0.156725051569989,0,0,0,0,1,0
8,134.53887621733787,135.1565883324929,18.456645934943083,0.6265899086904875,0.6177121151550296,0.6181569579851773,0,1,0,0,0,0
10,34.47499818986059,30.508184491537246,1.6720048331978086,0.2933840564642211,3.966813698323346,0.2013363215812929,1,0,0,0,0,1
5,21.7135051625665,19.157228624782046,7.852015715549366,0.9001866184446156,2.556276537784452,0.2811929807413111,0,1,0,0,0,0
5,72.73319444278671,74.23306352854331,14.208587731401792,0.994024769549269,1.4998690857566004,0.4000209473758679,0,0,1,0,0,0
2,54.57605562939391,94.63753408278576,12.060378509807263,0.1780107050357476,40.06147845339186,0.0243537261118126,0,0,0,1,0,0
7,22.413265565197804,29.728585644762813,1.8446614063496216,0.8760264654722385,7.315320079565009,0.1202599527656801,1,0,0,0,0,1
8,64.4723787348231,65.8531689209385,1.4012172115093664,0.4514641279159546,1.380790186115405,0.4200286131184206,0,0,0,0,1,0
10,87.05109705430935,83.10796998007355,13.495393691748031,0.571665201856034,3.943127074235804,0.2023010909859317,0,0,1,0,0,1
1,56.12448504867472,64.86581635389778,1.7571705439447396,0.9233343781884826,8.741331305223063,0.1026553731381484,0,0,0,0,1,0
2,49.95327792870149,42.29858121481566,9.002074600304642,0.9760412761976056,7.654696713885826,0.1155441990700348,0,0,0,1,0,0
10,13.693569353660934,12.912832355619235,17.631530257796967,0.3359475193679194,0.7807369980416965,0.5615652401784852,1,0,0,0,0,0
4,33.70624794956662,17.261401519709132,2.2594775587465223,0.2915656938639224,16.444846429857485,0.0573235198154833,1,0,0,0,0,0
5,21.284765960704437,21.768215286075996,25.06389898441153,0.1724649027323606,0.4834493253715592,0.6741045904952164,1,0,0,0,0,0
2,65.61429660263988,67.52162432041376,13.179201560642532,0.6056180673959242,1.9073277177738817,0.3439584722033649,1,0,0,0,0,0
1,14.109377951757857,12.191218969934958,43.52996468159691,0.1122439559056014,1.9181589818228968,0.3426818093972819,0,1,0,0,0,0
9,15.206081074598044,16.922048541170934,5.664691216459598,0.4707084678489429,1.7159674665728917,0.368192922893085,0,0,1,0,0,0
1,19.58703784865042,20.196529576372832,20.77267466962795,0.1660456149868077,0.6094917277224106,0.6213141594800854,0,0,0,1,0,0
4,24.75790988033968,21.4663822757529,6.1864072945931445,0.4647032046364006,3.2915276045867827,0.2330172591529413,0,1,0,0,0,0
2,17.801540327776856,21.46441847244574,8.590892659101861,0.1359389703390483,3.662878144668884,0.2144598183727598,1,0,0,0,0,0
4,32.627702398372286,31.162025889386232,4.791661349467464,0.851695534547892,1.4656765089860535,0.4055682066789955,1,0,0,0,0,0
8,34.974475888481365,25.81560129992265,8.284598976466524,0.2887650945447093,9.158874588558714,0.098436100503321,1,0,0,0,0,0
8,80.38677622300425,44.99075502489566,16.027899244985605,0.3954778393221207,35.396021198108585,0.0274755307608175,1,0,0,0,0,0
9,21.859256131086894,29.70349774047488,25.647351304639624,0.8830431969457527,7.844241609387978,0.1130679196889556,0,1,0,0,0,1
5,25.39950273317217,26.199049812743567,4.000416107269055,0.7716394551989846,0.799547079571397,0.5556953809945182,1,0,0,0,0,0
7,62.81187640320161,64.1233262456408,9.600353075334178,0.2971345254778526,1.3114498424391885,0.4326288988147528,1,0,0,0,0,0
3,71.46630132708935,70.68378571051801,5.318955338170009,0.1647094767917464,0.7825156165713452,0.5610049026798947,1,0,0,0,0,0
10,47.28556085162646,61.68440395177342,9.979030710881853,0.7441063991698056,14.398843100146962,0.0649399434422743,0,1,0,0,0,0
4,62.56215550419208,64.79258232090638,17.68002017459339,0.4516322956192984,2.2304268167142998,0.3095566179756737,0,1,0,0,0,0
10,9.278018885658716,12.86868436479827,5.701812951427131,0.7894719992063991,3.5906654791395525,0.2178333412757041,0,1,0,0,0,1
9,75.3149325813135,78.06027274185519,11.672661469623453,0.5007652951376894,2.745340160541687,0.2669984453041964,1,0,0,0,0,0
10,41.96143448366004,13.902802620432244,3.782732354516267,0.4114021716750488,28.058631863227795,0.0344131824480507,0,0,0,0,1,1
10,64.0470824408033,84.33209540117969,18.68579322782991,0.5060848673911569,20.285012960376392,0.0469814137234294,1,0,0,0,0,0
1,50.601279338725504,54.58956373968384,14.5738549979416,0.773703087103609,3.988284400958335,0.2004697245826406,0,1,0,0,0,0
2,31.820792297799304,27.78829171992499,4.387495621481878,0.9119982578863368,4.032500577874313,0.198708372612327,0,0,1,0,0,1
5,56.11019632204928,52.50905558094403,4.295100600389878,0.144790476929718,3.6011407411052474,0.2173374074533934,0,1,0,0,0,0
3,28.439446085469758,26.25142854813321,21.581337609253215,0.5717003871042596,2.1880175373365454,0.3136745605343997,0,0,0,0,1,0
2,150.16259116235616,103.55480821834232,30.555687849119742,0.1295518861754898,46.60778294401385,0.0210049688971231,1,0,0,0,0,0
1,12.60089521116744,15.364339763331389,4.555408355618898,0.5215685905219228,2.763444552163948,0.2657140250478803,0,1,0,0,0,0
10,74.07662934886724,65.81962680864133,16.105498849478504,0.8967545461872103,8.257002540225912,0.108026328787806,1,0,0,0,0,1
3,53.53417495521023,41.91546124838752,6.391346164931871,0.4254312397782787,11.618713706822705,0.0792473799813144,0,1,0,0,0,0
1,43.13587129425821,89.49461303201487,21.60840627973361,0.9392053789725788,46.35874173775666,0.0211154258602853,1,0,0,0,0,0
1,24.44021806051233,17.39506720343647,6.658427434045046,0.6675476244855485,7.045150857075857,0.1242984771529152,1,0,0,0,0,0
1,55.2794161062353,54.06622644864671,13.767674879590118,0.9407398094137056,1.2131896575885932,0.4518365593166388,0,1,0,0,0,0
8,42.1430784651546,17.905498296259953,9.378096143163594,0.7814499628712677,24.23758016889464,0.0396234501607448,0,1,0,0,0,0
3,11.224151863950688,14.743764870923725,0.9446115398264888,0.193091649983886,3.519613006973035,0.2212578816941098,1,0,0,0,0,0
1,65.5051796587217,60.87975607593874,4.036590508610571,0.3080362308064094,4.6254235827829575,0.1777643914781061,0,0,1,0,0,0
7,56.44653756430931,67.9746126501746,13.588129082423457,0.4547534091251556,11.528075085865297,0.0798207221098349,0,1,0,0,0,1
10,21.626489521861817,16.526579560712165,12.450637148191156,0.2530961938108684,5.099909961149653,0.1639368460139581,1,0,0,0,0,0
3,82.69773314399684,49.29458256611088,10.321208830687867,0.5454204442989945,33.40315057788596,0.0290671052854906,0,1,0,0,0,0
8,79.69088524708133,64.82878282752965,26.25051101675349,0.5242313401313415,14.862102419551675,0.0630433452987541,0,0,1,0,0,0
4,16.838461199018557,22.50240892357065,15.344979083678007,0.9606332782246432,5.663947724552092,0.1500612011579388,0,1,0,0,0,0
4,56.61739952463496,64.78715061949262,14.039120403989353,0.4903550946063799,8.16975109485766,0.1090542141935339,1,0,0,0,0,0
5,70.88301194041186,42.23830838743224,0.9252634401239536,0.807064123859198,28.64470355297962,0.0337328385899642,1,0,0,0,0,0
6,13.537640367361732,5.348835288303153,15.885293567287809,0.947719490366332,8.188805079058579,0.1088280784493965,0,1,0,0,0,0
7,7.275010493037471,6.690792600989697,1.958456337582612,0.889289947876587,0.5842178920477741,0.63122630101557,0,0,0,0,1,0
4,36.28323032791181,46.19192529793823,8.297320540405826,0.2878008620604326,9.908694970026415,0.0916699937753946,0,0,1,0,0,0
8,29.152607704678832,23.624420216019224,1.9822318171699185,0.5464269048281899,5.528187488659608,0.1531818750207684,1,0,0,0,0,0
6,41.425848207965984,52.572615579847714,11.885641911182518,0.4129658040663332,11.14676737188173,0.082326430513099,0,1,0,0,0,0
1,114.7781429177426,118.42149550483168,18.1879418588037,0.4598728256234939,3.643352587089069,0.2153616339152273,0,0,0,1,0,0
1,72.04786896776258,103.6186770833224,7.788065463840343,0.4247261436211761,31.570808115559814,0.0307023392373945,1,0,0,0,0,0
9,25.573587432661537,21.234306116852284,7.987397769811664,0.8437232891575037,4.339281315809252,0.1872911241891427,0,0,0,0,1,0
10,49.02362988730928,48.28773615143695,3.704891211985533,0.5069251496102027,0.7358937358723239,0.5760721289183514,0,0,0,0,1,0
6,45.369143108143184,37.937750882998685,17.976589175446897,0.5713248990202194,7.431392225144499,0.1186043743781427,1,0,0,0,0,0
10,78.5346488268635,97.8806918182069,2.189193807971632,0.9842026213423672,19.3460429913434,0.0491496061630002,0,0,0,0,1,1
8,73.78657253945639,84.68517132674839,9.379680648354643,0.1539813449723648,10.898598787292002,0.0840435094818076,1,0,0,0,0,0
7,41.21236723256384,23.713224918317785,7.704075636141237,0.539161875811674,17.499142314246058,0.0540565601914369,0,0,1,0,0,1
6,63.86920705790934,74.92136660942938,11.044642209788512,0.7966555362515044,11.052159551520042,0.082972681843884,1,0,0,0,0,0
4,87.32901297612932,54.82062437429256,14.808882547644425,0.2360457623694039,32.508388601836764,0.029843273333209,1,0,0,0,0,0
7,66.36422017145831,51.24595609181908,7.35908212009747,0.6503784351532965,15.118264079639232,0.0620414205313344,0,1,0,0,0,1
9,25.16891508838561,29.860973290378965,15.961080442254389,0.3155183015810201,4.692058201993355,0.1756833757690321,0,0,1,0,0,0
10,25.70562253197285,17.64393766695186,8.103732988142797,0.8806637019021109,8.061684865020986,0.1103547535470032,1,0,0,0,0,0
10,11.4412689709065,10.378900666708734,10.766635287425965,0.3943896988600713,1.062368304197765,0.4848794456182196,0,1,0,0,0,0
7,24.44909494636926,29.09066930636825,3.13918846274443,0.3961565352108186,4.6415743599989945,0.1772554851160693,1,0,0,0,0,0
1,26.65617148701378,29.423120895185985,5.94956172018691,0.6383744906661042,2.7669494081722057,0.2654667986330134,1,0,0,0,0,0
10,5.390013851129894,5.870701283799301,1.7452236929616394,0.2652066173079178,0.4806874326694066,0.6753619825064526,1,0,0,0,0,1
9,18.35900536742172,21.993153415420096,8.74716529985173,0.356399775012755,3.634148047998377,0.2157893942192738,0,1,0,0,0,0
4,15.296500458361786,20.29471712389201,14.233310756699185,0.4749686651074704,4.998216665530224,0.166716218463176,1,0,0,0,0,0
3,31.37513544833357,21.644693580863937,7.080113275436738,0.4182740768260993,9.73044186746963,0.0931928071882665,1,0,0,0,0,0
4,46.55739693467254,50.43615905557738,7.741466204847568,0.5723894962050242,3.878762120904838,0.2049700262521787,1,0,0,0,0,0
4,23.798847037757525,29.537454582140736,11.18790538845715,0.6396761296620697,5.7386075443832105,0.148398611050368,1,0,0,0,0,0
10,105.7887278367336,126.0962879108907,12.083510274359224,0.6100007083751481,20.30756007415709,0.0469316991959511,0,1,0,0,0,0
2,18.03550773575068,17.31711855115772,1.6639348776411065,0.6887514807927391,0.718389184592958,0.5819403479525939,0,0,0,0,1,0
1,4.429080754036382,4.188690062967256,5.075343173175427,0.3769745649470382,0.240390691069126,0.806197601449325,1,0,0,0,0,0
10,39.95361608564546,48.18737005113267,1.965958950107722,0.2137836044395252,8.23375396548721,0.1082983154779385,0,0,0,0,1,1
1,69.46100440033572,73.17760271576141,6.076643136885842,0.7847267872879694,3.716598315425685,0.212017206707955,0,0,1,0,0,0
8,30.470916145485813,38.80570873765146,23.12124583338319,0.8657023443676138,8.334792592165645,0.1071261080657822,0,1,0,0,0,0
2,32.95062491634027,33.855695156427245,14.371444288422923,0.331305609000189,0.905070240086978,0.5249150288308235,0,1,0,0,0,0
10,126.28619154233134,114.49246696691792,8.279141250543688,0.4663827605422178,11.793724575413409,0.0781633209395307,0,0,1,0,0,1
5,73.09704081868433,40.87097496783881,27.475960731413945,0.5487122952671998,32.22606585084552,0.0300968524076572,1,0,0,0,0,0
4,49.54076468025487,46.686764476725976,10.428096846806104,0.5799941584776428,2.8540002035288907,0.2594706661105924,0,1,0,0,0,0
8,41.56598030577812,28.774525692598992,37.47425448867724,0.6935411539788866,12.791454613179129,0.0725086677256218,0,0,1,0,0,0
2,6.643419023396705,3.604811560828528,9.23484043914318,0.1374429100197892,3.038607462568177,0.2476101005776118,0,1,0,0,0,0
10,92.05823802943192,72.13809966598116,5.055162342958727,0.7493293744606153,19.92013836345076,0.0478008310761024,0,0,1,0,0,1
9,41.86492856026228,49.22386533643529,2.911887366636864,0.1557739062814692,7.35893677617301,0.1196324397201425,1,0,0,0,0,0
7,13.609447291546171,12.786583640739256,13.313532744857968,0.5214597109055811,0.8228636508069176,0.5485873831305678,0,0,1,0,0,0
7,62.07837904295773,64.84361045964117,6.025995467197821,0.8449040220122748,2.765231416683441,0.2655879252385602,0,1,0,0,0,0
1,74.81559779473794,87.41452842982709,9.221169772472573,0.5060937819505567,12.598930635089149,0.0735351938202929,1,0,0,0,0,0
2,32.2578092525108,31.96904041222985,11.843780963332982,0.234180773891423,0.2887688402809516,0.7759343403910975,1,0,0,0,0,0
4,27.40345988513105,22.68997929188568,4.0136027863442285,0.9865304605053636,4.713480593245368,0.1750246603064036,0,1,0,0,0,1
4,37.4579870468151,33.280404218209064,10.3003662206456,0.900356915866837,4.177582828606035,0.1931403191610999,0,0,0,1,0,1
3,23.2950032590559,27.79344184532294,7.174966143057386,0.7941822699025126,4.498438586267039,0.181869813458972,0,1,0,0,0,0
7,17.6298315908913,17.514300322904308,2.0943436533667867,0.4703604426092893,0.1155312679869915,0.8964338595407809,0,0,1,0,0,0
8,40.20984591428079,14.634135889513496,12.305539819626656,0.265461154200368,25.575710024767297,0.0376283455481734,1,0,0,0,0,1
2,72.6720070427551,66.25600785695617,13.47365043333608,0.9472700632766512,6.415999185798924,0.1348435962499732,1,0,0,0,0,0
4,119.23821046853244,135.08719333463853,20.256346568150462,0.5791160138654251,15.848982866106098,0.0593507636601393,1,0,0,0,0,0
3,41.87136782397211,43.78569552918092,3.002051807752222,0.8671199143487366,1.9143277052088123,0.343132310828562,1,0,0,0,0,0
2,106.34129001751448,79.20977944933412,30.997833621321064,0.4078855051834832,27.13151056818036,0.0355473268161825,1,0,0,0,0,0
6,17.15070059754248,13.95171266538032,4.3906432274832525,0.4017594853715235,3.198987932162161,0.2381526253839637,1,0,0,0,0,0
4,70.69654664735273,36.25602198326249,1.083404003552087,0.9869864326066352,34.44052466409024,0.028216286566808,0,0,1,0,0,0
6,31.859588828594955,36.23525171694944,8.552435546766938,0.5696497436453648,4.37566288835448,0.1860235697008347,0,0,1,0,0,1
2,147.6523168270535,170.60486024213577,11.049725116074791,0.2266258814746716,22.95254341508226,0.041749219808128,1,0,0,0,0,0
4,25.41754035076187,24.56990883441951,7.411515725599035,0.2977072101952367,0.8476315163423571,0.5412334608686686,1,0,0,0,0,0
6,49.324003075332016,45.00422880343562,2.960769059383874,0.5337498514534487,4.319774271896392,0.1879779007321527,1,0,0,0,0,0
5,10.554629096287442,7.700999257017273,5.65254510578843,0.1382238194395702,2.8536298392701696,0.2594956032905817,0,1,0,0,0,0
3,29.881829980768764,32.36481205362429,10.578123316333777,0.5162805868404704,2.482982072855528,0.2871102920090969,1,0,0,0,0,0
8,79.5477065066689,46.88972661888559,34.02708660604351,0.4770467578721148,32.65797988778331,0.0297106363285624,1,0,0,0,0,0
7,69.00038721355108,82.40071376023481,3.104800559079965,0.8014026387875383,13.40032654668373,0.0694428696986938,0,0,0,0,1,1
3,49.66579243655536,56.85711669633945,5.015743260562214,0.4194477680403176,7.191324259784089,0.1220803826445467,0,0,1,0,0,1
6,71.11227962767325,91.88034180464066,2.385054495627489,0.9842938853856394,20.76806217696742,0.0459388617999304,1,0,0,0,0,1
4,39.19057171675627,39.68386393572567,6.065004304530266,0.2626929273708128,0.4932922189694011,0.6696612942175191,1,0,0,0,0,0
5,113.00697136092724,98.31628562671636,7.821578047938287,0.6318880164713214,14.690685734210902,0.0637320775483807,1,0,0,0,0,0
5,9.896211219375726,10.96545496293196,16.704617727074105,0.1807293673074291,1.0692437435562336,0.4832683453141121,0,0,1,0,0,0
7,48.62327633394871,58.11596518987828,10.732981003382497,0.7604775855945838,9.492688855929572,0.0953044556767625,0,1,0,0,0,1
5,11.6797097097254,8.299340015414826,22.40225795807282,0.9952783192557744,3.380369694310573,0.2282912333401553,1,0,0,0,0,0
3,18.55085392454456,18.229778221481247,8.097146187532974,0.837224773976469,0.3210757030633147,0.7569588916677498,0,0,1,0,0,1
10,28.16992616334793,30.038745409494503,0.2077966470141623,0.6001331866482711,1.8688192461465756,0.3485754640496118,1,0,0,0,0,1
5,32.59360371351365,36.51542986025164,11.09882777156738,0.5362672216597228,3.921826146737992,0.2031766198533371,1,0,0,0,0,0
7,39.651375678912416,36.15910191520702,1.5144616016851815,0.8515269651401622,3.4922737637053984,0.2226044209681384,1,0,0,0,0,0
5,40.028390957302605,46.34303961770069,16.345342204536244,0.9423766762396518,6.314648660398085,0.1367119661418676,0,1,0,0,0,0
5,26.81478563019496,20.377946212304185,8.105397763802634,0.9902858732182837,6.436839417890777,0.1344657244573956,1,0,0,0,0,0
9,42.45409293390125,63.87263566241196,4.82833471399376,0.4568853048080357,21.418542728510708,0.0446059323351224,1,0,0,0,0,0
3,14.96445293251882,12.62857873344138,2.7395092964469163,0.991825727315061,2.335874199077441,0.2997714962622262,1,0,0,0,0,0
6,74.11136101196593,81.66648595627855,5.44994203038593,0.2403336269564483,7.555124944312624,0.1168890000449136,1,0,0,0,0,1
1,63.48671033675633,54.7170082901064,7.815508910593741,0.3281947983387183,8.769702046649932,0.1023572669079405,0,0,1,0,0,0
10,111.95438595401028,114.6968963287939,28.137965371643105,0.1801145122605065,2.7425103747836204,0.2672003280840114,1,0,0,0,0,0
5,56.37617119328412,41.16528526417208,7.307265275028323,0.3445646648360335,15.210885929112038,0.0616869432289426,1,0,0,0,0,0
8,61.03815284619637,77.45090474058627,9.836668017258754,0.79114379645621,16.4127518943899,0.0574291763912505,0,0,1,0,0,0
5,60.27404311239592,47.95725492800923,7.640825567758663,0.8676319223606047,12.316788184386697,0.0750931820911931,0,0,1,0,0,0
9,21.65776900536148,22.099553274178888,9.852772753239456,0.8010033805923146,0.4417842688174076,0.6935850401670899,0,0,1,0,0,0
6,48.34299964296503,47.570979831082575,9.413662454148152,0.6679592003509266,0.7720198118824513,0.5643277763004695,0,1,0,0,0,0
8,30.768508792810493,25.371224347946956,8.216615817358287,0.562569861270381,5.397284444863541,0.1563163258752567,1,0,0,0,0,1
10,51.75980516647893,18.82531253819057,4.688355590471848,0.7378338602922818,32.93449262828835,0.0294685413733395,0,0,1,0,0,1
8,57.47063704624526,72.69174817267115,13.664625984854478,0.4517501943404997,15.221111126425896,0.0616480580279667,0,0,1,0,0,1
3,68.35898033373613,70.82641625389587,3.1037937610923305,0.8571775163497316,2.467435920159744,0.28839754303345,1,0,0,0,0,0
7,60.08026798934202,33.940802407803,11.92607887625652,0.7094710845791069,26.13946558153902,0.0368467093427302,0,0,0,0,1,0
7,61.17543278877325,31.91386700841622,13.851452160115564,0.7280242286449676,29.26156578035703,0.0330452167365743,1,0,0,0,0,0
10,32.23291203408957,29.63773237034121,1.1733171332226444,0.5823423938161641,2.595179663748361,0.2781502159915403,0,0,0,0,1,0
6,186.2958971773461,182.4550274913356,2.825604076069858,0.8967060857900553,3.840869686010535,0.2065744514647576,0,0,0,1,0,1
7,58.44622145187173,55.3053150840008,1.3750269246193227,0.3268132603111472,3.140906367870933,0.2414930237879672,0,0,1,0,0,1
2,44.03755652355616,59.9344182354992,19.651289784403524,0.4430328880249456,15.89686171194304,0.0591825876927891,0,0,0,0,1,0
9,87.41998858333281,50.93159937517383,5.276297795428868,0.7998783127099202,36.488389208158985,0.0266749257869516,0,0,1,0,0,0
10,34.62913944224018,36.467014585716704,18.934006811183504,0.543474006516404,1.8378751434765237,0.3523763201135605,1,0,0,0,0,0
10,12.212335060301672,14.183500789725167,6.271089318758567,0.9002926120817717,1.971165729423495,0.3365682331675363,1,0,0,0,0,0
1,25.04063155045284,28.949881877302207,3.352823826823813,0.411759387786567,3.909250326849371,0.2036970888469185,1,0,0,0,0,0
1,17.854885299495955,21.844791807828692,4.481234806483289,0.4323971519376802,3.9899065083327407,0.2004045563439076,1,0,0,0,0,0
3,52.76663528177668,54.308817683418354,9.280899757238153,0.8998622104479628,1.542182401641675,0.3933628048696372,0,0,1,0,0,0
3,73.2127006071436,77.71763223700148,13.746105634561063,0.517933288163837,4.504931629857879,0.1816552987826693,1,0,0,0,0,0
1,15.977583845428418,14.660060166433531,8.429336589639698,0.5645121257822381,1.3175236789948863,0.4314950518364073,1,0,0,0,0,0
7,63.01378425892168,39.23186904414306,15.94794376587634,0.3994873438021115,23.78191521477861,0.0403520063454842,0,1,0,0,0,0
4,60.03489397909209,64.96963161228192,7.174294145503768,0.3490029479611737,4.934737633189826,0.1684994454358913,0,0,0,1,0,0
10,108.55710678702587,97.62968439910556,7.834175672180152,0.6903538397545528,10.927422387920316,0.0838404114046271,1,0,0,0,0,0
2,81.76520411699856,66.55694699872527,4.230039738656962,0.2078565953870835,15.208257118273297,0.0616969482099709,1,0,0,0,0,0
10,25.044854589303743,27.377121773110154,3.8358679133096696,0.8913453770646184,2.332267183806408,0.3000959841574624,1,0,0,0,0,1
5,32.44230673164191,36.18503793283209,14.410866134657375,0.8012828230885971,3.742731201190182,0.2108489723704036,0,0,1,0,0,0
6,34.66715268921607,28.550887806929623,3.1145299498132726,0.2716734373352225,6.116264882286444,0.1405231559731798,1,0,0,0,0,0
9,99.15074123089518,105.34787966750436,6.257695612968091,0.7246179512421088,6.19713843660918,0.1389441107473173,0,0,1,0,0,1
4,113.01433933032509,110.7193618555797,14.909161008021265,0.6423696291570713,2.294977474745366,0.303492211301772,1,0,0,0,0,0
2,58.560393752655,61.3403970828631,1.6960283105846945,0.2660815456629797,2.7800033302081038,0.2645500314797199,1,0,0,0,0,0
5,13.365638889116145,17.554322178137507,20.00349556785868,0.3458831554452092,4.188683289021364,0.1927271225275747,0,0,0,0,1,0
3,38.04387379033757,42.25276428201232,3.4017720914145797,0.468087853360451,4.208890491674758,0.191979463111823,1,0,0,0,0,0
2,142.88568148275445,155.99390747858638,20.05746913831394,0.7293184617209265,13.10822599583193,0.0708806337731927,1,0,0,0,0,0
1,44.9738208076596,35.020998063965706,3.109325649700559,0.6748510679353054,9.952822743693892,0.0913006649884616,1,0,0,0,0,0
10,2.640724595759778,2.149319453740696,14.386388689896354,0.5790113629090281,0.4914051420190821,0.670508617561951,0,1,0,0,0,1
2,41.90687591440241,46.95198674527057,5.151322892403468,0.7915694888026308,5.045110830868154,0.1654229389631203,0,1,0,0,0,0
6,90.712908425301,54.70761447252277,28.872857560727653,0.7821439656455493,36.00529395277824,0.0270231605584887,1,0,0,0,0,0
8,10.443485193231076,9.51299362376433,6.803746668556981,0.6560732386560303,0.9304915694667456,0.5180027801293259,1,0,0,0,0,0
3,14.003416625803755,11.331379231497886,2.7285433788450635,0.8082910750463427,2.672037394305871,0.2723283813913967,1,0,0,0,0,0
9,96.79497666668098,93.3537703777504,11.93366778809121,0.4008370373012883,3.441206288930587,0.2251640511480932,0,0,1,0,0,0
9,64.99551270556985,61.49150102568382,5.6494164127865645,0.8931245754903451,3.504011679886034,0.2220242910261065,0,0,1,0,0,0
2,63.53318800178216,65.60721289980766,12.821590488895716,0.6534190772217466,2.074024898025506,0.3253064087549569,0,1,0,0,0,0
8,8.262578320664955,9.223400214825745,19.8471831590732,0.8401271624311875,0.9608218941607892,0.5099902255161167,0,1,0,0,0,0
10,26.775962069586463,33.24641964323936,14.66860417533363,0.5916511943112556,6.470457573652897,0.1338606089574538,1,0,0,0,0,0
5,59.73789964031298,75.29662187287255,1.5837680072107971,0.2965944204898123,15.558722232559568,0.060391133201914,1,0,0,0,0,0
4,17.534689011489696,16.495235261577104,3.0477240222391195,0.5881691158104778,1.0394537499125924,0.4903273732208236,1,0,0,0,0,0
10,56.80098280562149,48.40991343703373,10.042240865863969,0.4340004973989293,8.391069368587758,0.1064841458146295,1,0,0,0,0,1
5,17.961068367727837,14.423790195208005,10.833478025882943,0.727749132433385,3.5372781725198337,0.2203964495843633,1,0,0,0,0,0
4,12.409047378464088,11.408887998492109,2.463483947550485,0.5282144125612622,1.000159379971981,0.4999601581819987,0,1,0,0,0,0
8,58.28114005596132,43.8881529061738,3.340695841356576,0.8525015244349189,14.392987149787515,0.0649646485291715,0,1,0,0,0,1
4,45.06821867315382,50.359814323592005,20.872796598695672,0.710265261089725,5.291595650438183,0.1589421913867516,0,0,0,0,1,0
10,38.44194825802536,48.27793636363555,4.657492220985061,0.7160899897281916,9.835988105610191,0.092285077304788,1,0,0,0,0,0
6,41.04487693221898,25.400404078410727,13.675137302093102,0.2954398001419585,15.644472853808256,0.0600800042622677,0,1,0,0,0,0
2,41.068486101106565,41.16587260197629,17.933323845466187,0.9858247898421614,0.0973865008697245,0.9112559697130028,0,0,1,0,0,0
5,9.650118958767507,13.403903229757606,4.507928520795757,0.8575076883443399,3.7537842709900993,0.2103587253848446,0,1,0,0,0,0
6,72.94044913412252,45.92316009338008,7.61787870195098,0.8101043961046251,27.017289040742437,0.0356922469745667,1,0,0,0,0,0
5,93.28305759435348,127.7332676406277,13.703582978886969,0.3971937026440247,34.45021004627424,0.0282085775710403,1,0,0,0,0,0
2,119.66394296174444,93.94204204680784,1.5671954045211958,0.5820684875625087,25.721900914936583,0.0374224873890253,1,0,0,0,0,0
7,51.87445325506664,44.0001263363472,6.5025618019539975,0.2233928692668957,7.87432691871944,0.1126846023545298,1,0,0,0,0,0
4,12.379707168957362,14.291023459997117,19.21803981488937,0.5846283789964354,1.9113162910397532,0.3434872408325163,0,0,1,0,0,0
8,71.51550385148967,80.59043070418113,10.63500648184398,0.2313003218349585,9.074926852691462,0.0992563037549851,1,0,0,0,0,1
7,46.846918127643626,45.6124211513295,10.72273860005657,0.5977340595906411,1.2344969763141265,0.4475280166409228,1,0,0,0,0,0
7,49.3042401029063,39.89408499549329,16.005343775485013,0.683849692139415,9.410155107413011,0.0960600480667099,0,0,1,0,0,0
9,21.545252002629997,14.845130688788284,5.07957938781675,0.4511763705249121,6.700121313841709,0.1298680837927064,0,0,1,0,0,0
1,56.6603106847651,55.57465407337302,3.227354814189875,0.5486903904981639,1.085656611392082,0.479465313004016,0,1,0,0,0,1
10,72.99048881033951,69.11654402753761,10.194850715767233,0.8880880489071273,3.8739447828019,0.2051726157277323,0,0,1,0,0,1
6,47.1899513211483,37.84314158698592,5.414817029065871,0.1977068302325284,9.346809734162376,0.0966481481435064,1,0,0,0,0,0
6,29.896025467850183,27.986130696247283,5.122804297858251,0.8125596036996876,1.9098947716029,0.343655038580366,1,0,0,0,0,0
6,31.721780989609293,33.71146847415127,3.130759972410526,0.2536790958965768,1.9896874845419743,0.334483120784513,1,0,0,0,0,0
6,50.1508231268334,63.56451845825429,11.853328000920564,0.1330371845241655,13.41369533142089,0.0693784610404569,0,1,0,0,0,0
10,30.676822082579797,32.172798827305705,6.966254143509161,0.267017142470543,1.4959767447259118,0.4006447584549959,0,0,0,0,1,0
7,16.451358670348625,15.729081899738386,3.198164765301713,0.7885388709734408,0.7222767706102395,0.580626770949061,1,0,0,0,0,0
10,70.74089656344701,56.17814062601092,16.69161442264012,0.464613466003174,14.562755937436094,0.0642559713729434,0,1,0,0,0,0
6,43.55564369346438,35.449208958774655,6.171175468592242,0.8852684651615638,8.106434734689728,0.1098124599949786,1,0,0,0,0,0
1,47.69305828242999,50.273793407702655,12.063578923824249,0.5722367870640392,2.580735125272668,0.2792722625424162,0,1,0,0,0,1
3,25.835310582492674,27.58403155494707,24.333075287910575,0.1200253167336978,1.7487209724543966,0.3638055699437098,1,0,0,0,0,0
2,16.4206146943678,15.50824678808631,16.495939120144037,0.7450422486417341,0.9123679062814888,0.5229119337943994,1,0,0,0,0,0
6,22.605058539821613,27.7198866646783,22.565745634762195,0.1992096178491094,5.114828124856686,0.163536894182686,0,0,1,0,0,0
8,28.60479851989464,29.02555335303196,16.26875225087289,0.810441670115732,0.4207548331373161,0.7038512040756506,0,1,0,0,0,0
3,30.4018403566284,26.70506324118464,6.528360580762165,0.251292294824662,3.6967771154437656,0.2129119554581029,0,1,0,0,0,1
10,38.758220823369626,32.41115592648856,4.012509183791012,0.4109017472249621,6.347064896881065,0.1361087745971203,1,0,0,0,0,1
8,78.89433339294575,64.65105267077085,6.260274265504076,0.7851442866628243,14.243280722174902,0.0656026755805439,1,0,0,0,0,1
8,66.22918430792001,74.1771334619953,6.635182023128879,0.9588082217287794,7.947949154075289,0.1117574522140144,1,0,0,0,0,0
5,62.908455606226525,53.1365281070614,19.756945658063184,0.4342905555820591,9.771927499165123,0.0928338962620668,0,0,1,0,0,0
8,16.99282257503438,17.449792316301405,5.529685185874726,0.8464601981790422,0.4569697412670237,0.686356052343524,0,0,0,0,1,1
6,60.40591833886437,47.59246500842047,2.4881910352770764,0.2717130389282548,12.8134533304439,0.0723931935105661,1,0,0,0,0,0
5,77.65007661695134,74.40767357122448,9.776570316117963,0.826461793182242,3.24240304572686,0.2357154634346317,1,0,0,0,0,0
9,30.19137683419672,29.779723203071253,8.554326680373837,0.691744653330626,0.4116536311254641,0.7083890679349817,0,0,1,0,0,0
7,16.097337259807723,25.611432895957776,4.19404626900043,0.2734691564911315,9.514095636150053,0.0951104150662044,1,0,0,0,0,1
8,57.56839031229469,38.756452205503535,5.946490329011654,0.3722535643162704,18.811938106791157,0.0504746176073111,0,1,0,0,0,0
1,65.45541868931696,78.6882886868479,23.037575086169767,0.2185937997373324,13.23286999753094,0.0702598984023233,1,0,0,0,0,0
2,41.45448837649384,33.48936724114604,11.817107452026058,0.444670309957882,7.965121135347793,0.1115433896433576,0,0,1,0,0,0
8,72.29191650029871,96.68575221301096,6.337770038492437,0.2832837770109496,24.39383571271225,0.0393796357239326,0,1,0,0,0,0
9,43.476631910816266,35.88966044534711,4.169955333288827,0.6795981582674262,7.586971465469155,0.1164554935370761,0,0,1,0,0,0
4,20.406970223526617,25.693584358479946,31.35946405826466,0.9950545937985028,5.286614134953329,0.1590681372410053,0,0,1,0,0,0
10,43.02899246799005,45.41432921149158,26.27594922985517,0.1108082467758377,2.385336743501526,0.2953915890109291,1,0,0,0,0,0
10,46.528539115132055,31.04184262238395,15.529401392045571,0.5868278319585688,15.486696492748106,0.0606549650768341,0,0,1,0,0,1
9,40.9630153135486,42.99812894122511,6.886014963136398,0.6162999377941087,2.035113627676516,0.3294769562764391,0,0,1,0,0,0
4,13.383717331676335,15.10884166888934,3.994568703360688,0.9227879107127308,1.7251243372130052,0.366955733485065,1,0,0,0,0,0
10,106.01693896345564,121.59204055114446,4.129937795778085,0.5554048012902438,15.57510158768882,0.0603314552679877,1,0,0,0,0,0
10,142.51229793946624,134.07074461081194,6.819211322989908,0.5893312776804257,8.441553328654294,0.1059147753754762,1,0,0,0,0,0
10,35.41364997597701,58.38497000911564,5.512798020010036,0.5244875211955498,22.971320033138632,0.0417165178478937,0,1,0,0,0,1
9,37.9887549395484,56.47110469386792,8.114156632977066,0.3420138741053332,18.48234975431952,0.0513285108116019,1,0,0,0,0,0
7,43.32558535966197,46.98803138151066,7.813109066615903,0.1504262199240223,3.6624460218486954,0.2144796948455593,0,1,0,0,0,1
2,39.52371930182253,26.519115355162285,3.4609716161581043,0.4677919139888525,13.004603946660248,0.0714050896268634,1,0,0,0,0,0
9,20.792043737972357,15.592540807604044,3.573480356265998,0.1473323241166106,5.199502930368309,0.1613032546692562,0,0,0,1,0,1
4,68.99998218567853,64.36031089034748,6.387355839360448,0.595443222519326,4.639671295331056,0.1773152986465497,1,0,0,0,0,0
8,71.08661349332236,69.38030106219976,7.653413248609832,0.3765642789180639,1.7063124311225977,0.3695064873146197,1,0,0,0,0,1
7,38.858080205607855,30.83272414036469,21.74419261015895,0.5802421613728851,8.025356065243166,0.110798952725092,0,1,0,0,0,0
7,37.12955555027989,32.08241019927289,10.19624125547926,0.220867267955668,5.047145351006996,0.1653672835619001,0,1,0,0,0,0
8,36.4108202421778,18.30689071887755,9.918480962643022,0.9393669691654236,18.10392952330025,0.0523452517336992,1,0,0,0,0,0
1,67.90189777064865,31.21280805113888,10.496778112412455,0.9050691191949414,36.68908971950977,0.0265328774837018,1,0,0,0,0,0
5,42.67690696732871,42.82370085987112,18.31232744635664,0.270996858282056,0.1467938925424121,0.8719962728289615,1,0,0,0,0,0
2,35.12379834641207,49.10649722020966,68.47329383437503,0.4090998549646089,13.982698873797588,0.0667436493533781,0,0,1,0,0,0
2,16.40209416677545,10.04180167707414,5.164022458232375,0.6521434946667817,6.36029248970131,0.1358641659144963,0,0,1,0,0,0
1,74.72391039946626,70.73788142240441,29.770544981123336,0.1861175865753156,3.986028977061849,0.2005604068088021,0,1,0,0,0,0
5,24.40183770638878,24.28903503209733,2.150506431292273,0.4191110390045357,0.1128026742914443,0.8986319166034812,0,0,1,0,0,0
2,16.130507628961517,17.633672103491314,6.44149804786585,0.3260010581371055,1.5031644745297967,0.3994943241545658,0,0,1,0,0,0
4,60.59619168301598,52.86449141979404,3.1347857620994146,0.923965055845027,7.731700263221938,0.1145252321832456,1,0,0,0,0,0
3,42.32901703936805,30.68669591690533,13.390791226497331,0.8672595726602846,11.642321122462723,0.0790993987823337,0,0,0,0,1,0
3,147.0736620710937,170.8178685711208,16.17626355841193,0.6218494671401774,23.744206500027104,0.0404135004288339,0,0,1,0,0,0
2,14.382976716688828,7.356473310881454,2.493421874571053,0.5683117031844168,7.026503405807374,0.1245872516887584,1,0,0,0,0,0
6,27.65264315055177,30.292014584886655,17.59751353862438,0.9376532150908574,2.6393714343348837,0.2747727232691092,1,0,0,0,0,1
2,60.5033641673577,48.34340930374745,10.684813085345937,0.9391850046809338,12.159954863610253,0.0759881025705633,1,0,0,0,0,0
8,40.900729884838654,43.394111064202605,14.857418345147336,0.9723971128164944,2.4933811793639507,0.2862556213181616,1,0,0,0,0,0
8,47.02340806171176,60.666189487628415,19.41033231968856,0.2128409956973689,13.64278142591666,0.0682930360641778,0,0,1,0,0,0
5,46.9177557685342,38.86737046698694,13.665651926793284,0.2445020296868532,8.050385301547259,0.1104925333763458,0,1,0,0,0,0
10,10.080242078359468,9.152413352780345,2.044197502332717,0.709063028811898,0.9278287255791238,0.5187182796540175,0,0,1,0,0,0
7,48.98659378765587,43.835727225115136,5.928991332023749,0.5872910289488604,5.150866562540735,0.1625787179468466,0,0,1,0,0,1
4,66.36964873043773,104.17503242548096,2.3413387854992807,0.1166193144039123,37.80538369504322,0.0257696202119432,0,1,0,0,0,0
1,21.919251684884028,21.217957756957414,1.0379462045884569,0.1557775323905674,0.7012939279266099,0.5877879087117613,0,0,1,0,0,0
2,22.940900102062727,21.943791552299665,2.942814469050612,0.8992723440329247,0.9971085497630624,0.5007239091328513,1,0,0,0,0,0
10,30.805497554928596,30.139416979840817,6.324223087334601,0.8819837159854477,0.6660805750877756,0.6002110671912227,1,0,0,0,0,0
10,15.746925318097285,21.072898137795736,28.27350081700577,0.4215438297964406,5.325972819698452,0.1580784534650701,0,1,0,0,0,0
4,19.99226652730517,16.803677854492417,8.01992879076262,0.9019455552374812,3.188588672812749,0.2387439011356714,1,0,0,0,0,0
1,43.8964292659724,52.60252918171463,10.745671926062892,0.6343075669581116,8.706099915742236,0.1030279935999946,1,0,0,0,0,0
8,88.45289073865251,71.66891758303363,5.304875236460239,0.8253150823170117,16.78397315561888,0.0562304042662169,0,0,0,1,0,0
9,28.36375947202445,22.489772643775044,6.945941015352717,0.4846879640441929,5.873986828249411,0.1454759843138466,0,0,1,0,0,0
4,111.76103818160767,122.12189845739977,8.646292075853868,0.2020584946104178,10.360860275792092,0.0880215032774249,1,0,0,0,0,0
10,28.017094729107978,36.521878093653775,6.644084041121725,0.4903543563814146,8.504783364545798,0.105210183298879,0,0,1,0,0,0
3,70.23167892421236,63.50122523998856,12.436393873906791,0.5115698181972081,6.730453684223804,0.1293585138529172,0,0,1,0,0,0
2,23.978426064543644,21.63829969004035,4.832618373843248,0.5958497744565427,2.340126374503296,0.2993898696868043,1,0,0,0,0,0
5,53.55791582433853,62.063338362550205,2.1661304105473573,0.1950244416139852,8.505422538211675,0.1052031086445671,1,0,0,0,0,1
3,102.75596610332084,102.48238471242291,1.7058644821750926,0.9922616767446504,0.273581390897931,0.785187352097659,0,0,0,0,1,1
10,61.53338519978082,71.99407630873075,15.315238765509942,0.3197231387262157,10.46069110894993,0.0872547729010055,1,0,0,0,0,0
7,38.08562823565125,22.609868031692084,0.4754533031019535,0.2786971631833836,15.475760203959164,0.0606952266615107,1,0,0,0,0,0
6,36.41964062281012,26.95653883796756,6.84942864217332,0.5741226269703429,9.463101784842564,0.0955739531702402,0,1,0,0,0,0
1,54.03887981235695,53.206320733813904,3.0516897232643525,0.5834873614553998,0.8325590785430421,0.5456849995772252,0,0,1,0,0,0
8,65.10663136106628,72.4607860238786,12.767788779542892,0.4958386640499198,7.35415466281232,0.1197009201243782,1,0,0,0,0,0
2,69.80177636255924,67.53563479237788,8.210311060009307,0.794702931692729,2.266141570181361,0.3061716641830906,1,0,0,0,0,0
5,44.32417413303724,45.20893133933886,8.370731895994492,0.5649889606557424,0.8847572063016216,0.5305723180983386,1,0,0,0,0,0
9,52.7081105072386,60.70069898152369,8.928631757924038,0.6487259096304857,7.992588474285093,0.1112026868414546,0,0,0,0,1,0
8,23.21393522363803,15.978815478904824,8.701693513107463,0.751371746867007,7.235119744733204,0.1214311425938345,1,0,0,0,0,0
2,57.30253041173795,65.98919689034621,2.15979184926576,0.1225225914074799,8.68666647860826,0.103234688858997,0,1,0,0,0,0
9,24.27549819934006,30.65155544357331,5.5613440338202,0.6135797642905403,6.376057244233252,0.1355737851386416,0,0,0,0,1,0
5,47.373661540375664,43.313246509038045,3.852040749378436,0.8957750241055323,4.06041503133762,0.1976122499453705,1,0,0,0,0,0
10,33.12081229014243,25.99044588417921,4.495516321034187,0.1156498686328905,7.130366405963226,0.1229956867954375,0,0,0,0,1,1
6,96.32879546327572,117.7325374515435,8.798061446351065,0.464663893420865,21.403741988267768,0.0446354006631424,0,0,0,0,1,0
3,44.045142787090526,62.97931407027202,15.384690418756062,0.933604705185247,18.93417128318149,0.0501651152583254,0,0,0,1,0,0
3,102.59212608743944,106.38250871531037,15.009341340091018,0.417838962054284,3.790382627870912,0.2087515920298104,1,0,0,0,0,0
10,41.2320733965683,32.131047849312374,9.97001249838612,0.5128559417802168,9.10102554725593,0.0989998486115761,0,1,0,0,0,1
8,113.33885395748057,113.1732205447699,5.836969094182889,0.9833872537398816,0.1656334127106618,0.8579026554107745,0,0,1,0,0,0
10,59.00170227865406,46.70357084429876,8.362603985478634,0.2793914730555164,12.298131434355298,0.0751985348420103,0,0,0,0,1,0
10,10.628032531629303,12.530716018707798,13.6941847143478,0.1587296702125053,1.9026834870784943,0.3445087983073498,1,0,0,0,0,0
2,33.610492003522346,33.18521681077618,4.472010430646655,0.8734803317751739,0.4252751927461631,0.7016188909267691,0,0,1,0,0,0
2,25.973671801253925,19.948022495892506,8.095394308732248,0.8816188070911316,6.025649305361419,0.1423355986808051,1,0,0,0,0,0
5,16.715261769137243,17.548628071759776,5.266330387781676,0.5248700512120119,0.8333663026225331,0.5454447365862202,1,0,0,0,0,0
6,24.94345003174078,20.856618964149536,4.413261305914531,0.5627864570295577,4.086831067591245,0.1965860447717851,1,0,0,0,0,0
2,29.029216966419163,19.48543005419896,7.724289447780556,0.8522257326560524,9.543786912220202,0.0948425843888218,0,0,1,0,0,0
5,11.456504424301365,13.63117052423154,5.862511920298942,0.7647035483042156,2.1746660999301763,0.3149937563581864,0,1,0,0,0,0
7,37.6479191698611,40.45862982823873,10.13714157894244,0.3386341019953096,2.81071065837763,0.2624182441670183,0,1,0,0,0,0
10,57.28056391398556,50.56226723727588,5.933798877979798,0.1152040195643666,6.718296676709677,0.1295622650807848,0,0,0,0,1,1
10,149.31787766852892,196.80369315071644,7.183763739057001,0.5317301462801912,47.48581548218752,0.0206245886566015,1,0,0,0,0,1
8,90.70005913251964,73.76778262268923,2.1569122481993253,0.8730210934860773,16.932276509830416,0.0557653680753697,0,1,0,0,0,1
7,36.697482340998405,32.70954688545942,14.138727799939414,0.906251209021146,3.987935455538988,0.2004837490207542,1,0,0,0,0,0
8,43.2839732075072,47.342370530989015,14.324906092704346,0.9606035773685384,4.058397323481813,0.1976910740795024,1,0,0,0,0,1
9,60.73291907930987,74.0374527356368,3.846371070364048,0.891606913851503,13.304533656326932,0.0699079064040439,0,0,1,0,0,1
5,38.5827220531569,42.35389224647918,4.161194886296735,0.6220391997682885,3.771170193322277,0.2095921879709088,0,0,0,0,1,1
5,44.64229043494552,38.34820753296827,9.149720458131805,0.5001450393124908,6.294082901977248,0.1370974272487257,0,1,0,0,0,0
10,24.93220524735037,23.452781580305857,5.428395144957942,0.7973648618806891,1.4794236670445144,0.4033195348143163,0,0,1,0,0,0
4,42.16238138044943,35.36048880912056,9.899554434322791,0.7658394709290368,6.801892571328871,0.1281740283985573,1,0,0,0,0,0
9,46.00386807556886,42.181785384917966,20.46095738159139,0.584329087073309,3.822082690650895,0.2073792724332186,1,0,0,0,0,0
5,17.116119229103145,16.0180460033057,4.016648890378826,0.1785946353026222,1.098073225797446,0.476627787678819,0,1,0,0,0,1
2,59.73287757385555,65.94935764403482,14.913757512972818,0.9334732121082268,6.216480070179266,0.1385717122856488,1,0,0,0,0,0
10,61.58888741858814,50.964585199174365,3.4249609385970707,0.510042283751496,10.624302219413778,0.0860266690528655,1,0,0,0,0,1
8,63.16685574395044,78.24502768816863,4.477246385903994,0.4270004037246379,15.078171944218193,0.0621961254966928,0,1,0,0,0,1
7,25.300765218042223,25.14278393494996,9.206091829006365,0.6666106556518945,0.1579812830922655,0.8635718164024263,1,0,0,0,0,0
8,102.68494163795052,80.76408013933647,12.336415408221397,0.7064541650502792,21.92086149861406,0.0436283775834719,1,0,0,0,0,0
3,33.786071491822135,37.06842533092004,20.04429507394016,0.2896191253272713,3.282353839097901,0.2335164345528848,0,1,0,0,0,0
4,18.357212298853987,17.80588827293992,24.766275603495068,0.8532449603289606,0.5513240259140666,0.6446106572808237,0,1,0,0,0,0
5,98.4660683097584,87.14048366224668,6.38975631634283,0.36094338429614,11.325584647511732,0.0811320540646222,0,0,0,0,1,0
6,21.20864223415565,28.719232499996934,8.02985479903311,0.2680155333228851,7.510590265841284,0.1175006631459714,0,1,0,0,0,0
1,51.804854004938434,47.75564694277166,10.283191274857517,0.4657598675690477,4.049207062166772,0.1980508994160498,1,0,0,0,0,0
4,28.18055814139285,24.98150453917744,7.761183294949527,0.7575040728077187,3.1990536022154146,0.2381489008552788,0,0,0,0,1,0
10,13.024204177447984,16.152294951256973,6.335416362337342,0.9689123605958232,3.1280907738089887,0.2422427351512186,0,0,1,0,0,1
5,20.725425300333345,23.33614915786689,5.140699038428696,0.8283531379342899,2.6107238575335465,0.2769527771872012,1,0,0,0,0,0
7,91.66818242759852,108.9573619147888,12.456222607298768,0.9463135399031726,17.289179487190268,0.0546771385069734,1,0,0,0,0,1
5,43.54015348020628,37.41099905084672,20.14948567093849,0.2265452236688741,6.129154429359559,0.1402690894002466,0,0,1,0,0,0
1,30.114291775767956,31.76996503620084,1.903283147379462,0.1640591189773091,1.655673260432888,0.3765523473459966,0,1,0,0,0,0
7,35.39450908304386,23.126912379062308,6.753037730589874,0.601934285716004,12.26759670398155,0.0753716006230355,0,0,1,0,0,0
8,18.75964048167782,9.752916693860207,1.95047979220708,0.3612677347396309,9.006723787817613,0.0999328073007691,0,0,1,0,0,1
7,23.517057188165765,20.042903306736207,11.935602185134716,0.8452494756723455,3.474153881429558,0.2235059469345934,0,1,0,0,0,0
4,70.04625667147894,70.87227190640718,4.386409671970595,0.7047890842620934,0.826015234928235,0.5476405568101963,0,0,0,0,1,0
8,49.02190438168594,78.43752610207414,18.30099555974951,0.973655347587215,29.4156217203882,0.032877841827237,0,1,0,0,0,1
5,42.00585193406784,55.13028977807672,7.167365574358789,0.3293131201581738,13.124437844008888,0.0707992778929723,1,0,0,0,0,0
10,37.463649595353175,27.22202584901861,12.047859254401416,0.5372057029197091,10.241623746334565,0.0889551209473684,0,0,1,0,0,0
9,11.577446051422877,14.111743908721031,3.938710976739349,0.5511164296828179,2.5342978572981565,0.2829416309480107,1,0,0,0,0,0
10,39.57449223099607,26.262188350136284,8.928449597141736,0.3152591153716386,13.312303880859789,0.0698699530365146,0,0,1,0,0,0
5,70.08923182193298,96.95156184444797,8.85424493865152,0.631084059539207,26.862330022514968,0.0358907528261965,0,0,0,0,1,0
1,27.724832468244603,24.22236161344561,10.761573241267753,0.4989573874713155,3.502470854798993,0.222100271661757,0,0,1,0,0,0
9,39.98612610069786,34.242459456170195,4.850741402658844,0.5020494003908863,5.743666644527664,0.14828728238094,0,1,0,0,0,0
5,6.158379846412362,7.729094631957488,17.23002694465523,0.4264629831752352,1.5707147855451264,0.3889968679617437,0,1,0,0,0,0
6,86.77442736907885,74.64515249498521,10.310847147507609,0.1152364171829815,12.12927487409364,0.0761656686747548,1,0,0,0,0,0
4,103.48121481988224,148.7094299465766,19.499266123269912,0.56988571322331,45.228215126694366,0.021631810729862,1,0,0,0,0,0
6,103.10090297296748,88.40574797384498,2.204992209425722,0.401723052130298,14.695154999122494,0.0637139295569817,0,1,0,0,0,0
8,12.545841582297223,15.329387617037035,8.985032231435936,0.1011878820858967,2.783546034739812,0.2643023213721168,0,0,1,0,0,0
3,73.71126006386523,75.84825993261408,6.958076613626947,0.3771493368957388,2.136999868748859,0.3187759138794078,0,0,1,0,0,0
5,4.159820247778508,4.86573982281371,25.13295288722837,0.3507654997807813,0.7059195750352023,0.5861941058853051,1,0,0,0,0,0
2,76.28417498473375,57.06598747551369,12.656598534097975,0.4541033379012722,19.218187509220066,0.0494604177324981,0,1,0,0,0,0
2,41.58407724382684,22.52352327977211,7.856338602592764,0.2186667906790572,19.06055396405473,0.0498490720541336,0,0,1,0,0,0
7,32.96157444636871,25.226008746298767,12.116298177755736,0.556915442171576,7.735565700069941,0.1144745554362888,0,1,0,0,0,0
10,73.38868794818256,65.97847110708487,5.695168993108162,0.723196317266317,7.410216841097693,0.1189029984474789,0,1,0,0,0,1
10,45.166903325271335,42.90939249404693,11.071778924599707,0.6671670121491152,2.2575108312244083,0.3069828626246279,0,0,1,0,0,0
10,23.422946013745864,20.588423718547745,34.646854849177714,0.8233794528122715,2.83452229519812,0.2607886779670771,0,0,1,0,0,0
6,64.21858171919945,29.916649203237952,5.0978694094035815,0.506807459188373,34.3019325159615,0.0283270611190437,1,0,0,0,0,0
4,85.0521268807436,71.4709061681741,8.874511765866725,0.5671825573057554,13.581220712569504,0.0685813636397374,0,0,0,1,0,0
5,70.07729050570913,70.77024514762007,4.243489538335588,0.8293617467730849,0.6929546419109442,0.590683279542113,1,0,0,0,0,1
1,72.78011831136085,68.35232812858973,3.636249486158041,0.4849310537373147,4.427790182771119,0.1842370405499825,0,0,0,0,1,0
7,18.58475829404297,16.8454520982691,15.021956806235702,0.7314394149096373,1.739306195773871,0.3650559406402882,1,0,0,0,0,0
8,29.588680653273837,26.18532273872099,2.9035861673114702,0.4911421318461927,3.403357914552842,0.2270994135396212,1,0,0,0,0,0
9,49.57624128190723,50.275515644368966,10.948000578983292,0.4759625750604064,0.6992743624617361,0.5884864869916012,0,0,0,1,0,1
8,96.97282101462176,71.58503027333416,14.388337959927227,0.7841850620762443,25.387790741287603,0.0378963138598545,1,0,0,0,0,0
5,24.01188222744785,22.53947613545431,5.888304963509795,0.25735322391959,1.4724060919935376,0.4044643002775022,0,0,1,0,0,1
3,93.9588323359026,84.38535544913432,19.04026682067373,0.4047273747474162,9.573476886768276,0.0945762695383017,0,0,1,0,0,0
10,10.022184562479072,6.893113770143352,17.918794017253433,0.3017550490722116,3.12907079233572,0.2421852398016947,0,0,0,1,0,0
9,86.91238719352967,82.96886144516029,5.862477686654301,0.4231989486708374,3.9435257483693817,0.202284776271237,0,0,0,0,1,0
6,82.21391083477701,41.39192415654171,2.491895356299683,0.3073373401294216,40.8219866782353,0.0239108679291989,1,0,0,0,0,0
5,127.99817654795577,106.27270861791656,11.560090267443098,0.6214650679779892,21.7254679300392,0.0440034943649353,0,0,1,0,0,0
3,75.94924722051583,82.3453900155789,7.673761011271396,0.8183537223560607,6.396142795063071,0.135205610236122,1,0,0,0,0,0
6,52.42518326298171,57.82373731111527,9.27304132984198,0.8079517550961117,5.398554048133562,0.1562853095367221,1,0,0,0,0,0
3,33.2485384384616,33.3581478521826,11.47174842316888,0.4280508680939132,0.1096094137209959,0.901218021075156,0,0,1,0,0,0
10,30.555494859235612,32.27264904648137,2.0721102861415392,0.9898843653048356,1.717154187245754,0.3680321141486825,1,0,0,0,0,1
6,40.68330924026299,46.98778386693599,5.600391151742188,0.6344689282352207,6.304474626672999,0.1369023853335601,0,1,0,0,0,0
4,31.679311610223632,32.508016055946776,23.423485226867346,0.4594602716004653,0.8287044457231438,0.5468352211527322,0,1,0,0,0,0
2,64.2061190810746,83.09128948505372,9.48353205342264,0.8519853513172829,18.88517040397912,0.0502887317374909,0,1,0,0,0,0
8,74.8159023329717,35.134626298169884,12.027208900503169,0.7568866113783768,39.68127603480182,0.0245813331701917,0,0,0,0,1,1
4,22.7476702385754,27.43822172920499,8.89545664372909,0.7743478031416939,4.690551490629588,0.1757298921987898,1,0,0,0,0,0
9,77.17719795533982,35.21930649509594,11.776345932098977,0.2765254147604844,41.95789146024388,0.0232786099598363,0,1,0,0,0,0
7,54.76626128649799,46.186187815452165,17.664766846650874,0.5214918766316996,8.580073471045829,0.1043833330738363,0,0,0,1,0,0
2,34.89138394988623,41.26306509467205,1.1221292624397563,0.8756453177421425,6.371681144785811,0.1356542666942841,0,1,0,0,0,1
4,85.74026951346741,99.0325252765614,13.74021922386272,0.5536342068658816,13.29225576309399,0.0699679614314094,1,0,0,0,0,0
5,25.288235286288717,19.156262810233827,7.757277932148533,0.7151074690789453,6.131972476054887,0.1402136650635475,0,1,0,0,0,0
3,16.487102892323882,16.289247731595903,15.40680799332993,0.629140359730838,0.197855160727979,0.8348254720481102,1,0,0,0,0,0
9,24.404831116463825,20.772925971939944,6.055669200729516,0.8581211089465438,3.6319051445238806,0.2158938857334461,1,0,0,0,0,0
5,29.601565825670512,35.87271243329454,5.863887946088177,0.3561047557854424,6.271146607624026,0.1375298909461499,0,0,1,0,0,0
2,83.66885351565551,82.05117406868175,2.7969544243512923,0.6179277500977284,1.6176794469737672,0.382017745204087,0,1,0,0,0,0
3,81.19599777578365,68.03854899890551,7.91438680353933,0.2109112012088236,13.15744877687814,0.0706341951689201,0,0,0,0,1,0
9,43.77853401594187,47.95676983263368,2.6265387692420616,0.721189699029521,4.178235816691803,0.1931159636987845,0,0,1,0,0,0
7,8.64111416037466,9.892099445245142,7.393660229524896,0.7587710545174409,1.2509852848704828,0.4442499054619711,0,0,1,0,0,0
2,26.306781930353296,25.023172770269905,9.264328296745832,0.1385535890700985,1.2836091600833903,0.4379033056442474,1,0,0,0,0,0
9,120.48998693552812,140.1703825906826,4.53791545505709,0.7082118672651866,19.6803956551545,0.0483549742797476,1,0,0,0,0,1
4,71.91716948250264,99.99382627455616,1.837481384944366,0.4732211387492078,28.076656792053512,0.0343918493502077,1,0,0,0,0,0
9,8.089430076005556,3.8819372708462514,1.3889452335534909,0.2116871884987141,4.207492805159305,0.1920309902318547,0,0,0,0,1,0
2,5.185929782433629,6.749545528080019,3.485098363807797,0.4779167929286209,1.5636157456463904,0.3900740591479945,1,0,0,0,0,0
10,69.99071440897266,95.04846772431932,1.2781156534816065,0.2748096367260235,25.05775331534666,0.0383762939152184,1,0,0,0,0,0
4,95.28067359179953,105.97912252407907,9.079708056888627,0.4740035789109849,10.698448932279575,0.0854814177322855,0,1,0,0,0,0
5,19.9336459357082,18.376263074566477,35.270798956479254,0.445905125162675,1.557382861141722,0.3910247523726496,1,0,0,0,0,0
2,25.48895344575799,15.556729860156096,2.748560514874021,0.7645524732424517,9.932223585601893,0.0914726992335789,1,0,0,0,0,0
10,79.48298602208939,80.32675528948413,40.85963260323554,0.7967940023497229,0.8437692673947339,0.5423672135575895,0,1,0,0,0,0
1,34.95418636093861,31.43646337615631,8.825897850595041,0.646325788946092,3.517722984782296,0.2213504465343372,1,0,0,0,0,0
7,38.24286246338875,24.94322930753896,10.226532866937582,0.1204181579642028,13.299633155849786,0.0699318639227408,1,0,0,0,0,0
10,37.00590890275824,30.930601671574035,1.9605214095201535,0.9379200511638944,6.075307231184201,0.1413366186548805,1,0,0,0,0,1
1,46.780693770157896,46.31434510457017,9.388674514273182,0.7176099520868029,0.4663486655877236,0.6819660449577949,0,0,1,0,0,0
8,53.244828030411725,56.8311735737479,5.318108422867478,0.1307759049290699,3.586345543336172,0.2180385212040927,0,1,0,0,0,0
3,126.6588914618914,94.2131006217324,22.438987308286418,0.836949609292706,32.44579084015902,0.0298991285563886,1,0,0,0,0,0
10,33.050737442741315,13.3847778773921,1.3906862958283293,0.2802395392461965,19.665959565349212,0.0483887523750268,0,1,0,0,0,0
6,38.13461684206378,35.69720118921963,5.396945787478239,0.6212990706139961,2.4374156528441446,0.290916229223717,1,0,0,0,0,0
7,18.487107195128235,14.244401294739273,4.0490077725953295,0.5199709329551685,4.242705900388964,0.1907411971985322,0,0,0,0,1,0
10,46.45462339460839,41.38703071893735,10.538845186490551,0.477854904119569,5.067592675671044,0.1648100084255252,1,0,0,0,0,0
1,83.20639305156382,40.62886057537051,0.6387414939586032,0.9007423481119576,42.57753247619331,0.0229476049509298,0,0,1,0,0,0
6,25.27881818840229,23.251659343459703,21.973937272856865,0.4936251624063532,2.027158844942587,0.3303427574244013,0,0,0,1,0,0
7,22.63761379361942,24.74491646892462,10.236963049311658,0.1678097058158356,2.1073026753052027,0.3218225272830169,0,0,1,0,0,0
6,78.68640940409149,69.96395151527456,9.72391006038892,0.9519748544934572,8.722457888816933,0.1028546496611963,1,0,0,0,0,0
4,53.05958470772779,54.43013275210613,2.880102440670407,0.9284817081156648,1.3705480443783458,0.4218433802138951,1,0,0,0,0,0
1,22.78310158700573,21.10753611701641,14.26394226220552,0.7159894206234388,1.6755654699893228,0.3737527678603172,0,0,1,0,0,0
9,48.08006814056186,24.387041429142663,13.262079857274912,0.5211032753188225,23.6930267114192,0.0404972631215578,1,0,0,0,0,0
4,21.225455635491578,21.65541389466301,18.77104933504125,0.1835735256491691,0.4299582591714284,0.6993211120578007,0,0,1,0,0,0
7,34.08478699163168,27.39952067232769,6.411612243945371,0.8116733067197286,6.685266319303995,0.1301191082328769,0,0,1,0,0,0
7,36.30976643758699,24.28444504798105,1.8190294203940705,0.167930122981626,12.02532138960594,0.0767735374881412,0,0,1,0,0,1
2,77.96683515200131,91.18620243876902,4.704807031482696,0.1617408864056311,13.219367286767708,0.070326617199809,1,0,0,0,0,0
1,61.80009629735426,65.96211247942374,15.80603004288291,0.5836454581954313,4.162016182069479,0.1937227557467855,0,0,1,0,0,0
8,80.87177458360634,68.493518023566,5.432127920641662,0.2441154161661762,12.378256560040342,0.0747481553752609,0,0,1,0,0,0
8,33.670938576667226,32.36511113788169,28.741767399168825,0.106957240606314,1.3058274387855349,0.4336837974860312,0,0,1,0,0,0
7,58.101184451366414,60.43143461863243,14.50738211256937,0.4808020878962076,2.330250167266016,0.3002777418433266,1,0,0,0,0,0
8,11.156899875309342,6.41886954505319,26.15486043750881,0.2234955084490593,4.738030330256152,0.1742758302839711,1,0,0,0,0,0
3,22.15039338705747,15.834812009937451,5.683737127033536,0.2444638737526221,6.315581377120019,0.1366945357381394,1,0,0,0,0,0
2,16.263646655643083,11.82059528616215,11.230734236535724,0.1692195748618012,4.443051369480932,0.1837204781139817,1,0,0,0,0,0
7,70.86485025906401,79.68175502735343,3.51187427868777,0.2845843783512489,8.816904768289419,0.1018651014350471,0,1,0,0,0,0
8,113.59340697828026,158.05025694654776,15.054693755422932,0.7439357617969504,44.45684996826751,0.0219988846719048,0,0,0,0,1,1
1,37.44847517096806,42.983345664153646,11.848224297933376,0.8280345764960122,5.534870493185586,0.1530252207817702,1,0,0,0,0,0
10,60.940231247238856,62.73331513791316,13.935654011535036,0.5072802796263706,1.7930838906743034,0.3580271983017957,0,0,1,0,0,0
9,59.984096548454886,44.57972188625669,6.113810718333067,0.5558984342932759,15.404374662198194,0.0609593489902649,1,0,0,0,0,0
4,107.05889680574975,126.88144250278576,9.103807270438434,0.1293895311347823,19.82254569703602,0.0480248675906301,1,0,0,0,0,0
4,34.05561750676944,30.969450691629437,8.74628143369155,0.1623846352341851,3.086166815140004,0.2447281389234563,1,0,0,0,0,0
3,45.59016837898128,34.06221681772821,6.137975240032376,0.3318109530845652,11.527951561253062,0.0798215091358462,1,0,0,0,0,0
6,22.727319572125428,26.83286860352308,9.5176809988875,0.5895085786418328,4.105549031397654,0.1958653210164643,0,0,0,0,1,0
1,17.45724360484048,23.261122718914557,10.780391609497965,0.7655960338614937,5.803879114074071,0.1469749804830399,1,0,0,0,0,0
6,65.95150502796908,78.13102138267996,12.24752387192579,0.6445027552042297,12.179516354710884,0.0758753184173226,0,1,0,0,0,1
2,26.24561351072433,41.85178351757374,6.017458188948309,0.4529150694881094,15.606170006849414,0.0602185813819524,0,1,0,0,0,0
9,27.290688745742408,22.115499375564674,14.491009107787834,0.2064916657028243,5.175189370177733,0.161938353636468,0,0,0,0,1,0
2,57.10285214530992,50.40941256843844,13.833237358294186,0.8026959113984705,6.693439576871484,0.1299808739651722,1,0,0,0,0,0
7,35.90890513151285,28.002840680433373,12.417319943757864,0.4274074464391514,7.90606445107948,0.1122830410101953,1,0,0,0,0,0
1,66.8356050705909,52.0189645186125,15.287461552631232,0.7624486130345106,14.816640551978402,0.0632245511753073,1,0,0,0,0,0
7,67.65274395657454,91.28396055501126,7.205152979551896,0.5616809577229077,23.631216598436723,0.0405988878382672,1,0,0,0,0,0
5,48.39327218560197,34.98911634001291,3.079273576608707,0.7647958482056427,13.40415584558906,0.0694244085331961,1,0,0,0,0,1
8,44.87453513611744,38.73349241585337,13.87277816804562,0.9165606053073146,6.141042720264075,0.1400355717187223,0,0,0,1,0,0
4,112.25118385614934,147.63180140554485,5.195456198596064,0.9289265644484218,35.38061754939551,0.0274871639724712,0,1,0,0,0,0
10,39.38096253028559,43.18345416308622,1.921945631278713,0.5815961020005431,3.802491632800624,0.2082252456558345,0,1,0,0,0,0
7,69.45178399151452,51.81360496248736,5.315313665574456,0.5603575282890749,17.638179029027164,0.0536533101459427,0,1,0,0,0,1
6,21.25057411760904,20.821659459727016,9.361820070611916,0.3391106189525535,0.4289146578820251,0.699831858035683,1,0,0,0,0,0
5,44.165966562111976,25.409550583847988,20.82048247563091,0.9422198483763622,18.756415978263988,0.0506164681438273,1,0,0,0,0,0
4,69.7437888590793,66.23888212542458,10.849251894348704,0.5121272504796588,3.504906733654721,0.2219801783085361,0,0,0,0,1,1
7,23.441186904622093,23.890952013647087,15.224414862670436,0.2148321153586394,0.4497651090249945,0.6897669103600697,0,0,1,0,0,0
5,40.95944849993772,42.40296233589878,13.659428828126398,0.4894344231638949,1.4435138359610562,0.4092467107339668,0,0,0,1,0,0
5,43.3032563084138,63.62829101843839,10.472154626701707,0.2143479252142035,20.32503471002459,0.0468932413755891,0,0,1,0,0,0
1,24.49569855783757,29.047159123940062,6.766605194633905,0.5522785158313676,4.551460566102495,0.1801327755268679,1,0,0,0,0,0
2,27.41269503452986,19.39014668775283,3.500549578665818,0.605147963370591,8.022548346777032,0.1108334321486027,1,0,0,0,0,0
5,20.829194385977665,21.39531377667238,31.086675537344508,0.4039801853442268,0.5661193906947162,0.6385209237185993,1,0,0,0,0,0
3,7.539073159538372,7.415877313351464,5.436343131975877,0.1644855528083362,0.123195846186908,0.8903166828784663,1,0,0,0,0,0
2,21.603254838277277,31.679038711253053,6.663828729519892,0.9491531820699152,10.07578387297578,0.0902870633328208,1,0,0,0,0,0
4,48.131004566534266,42.82027812363924,7.605439717279148,0.7960178021350867,5.3107264428950245,0.1584603625349435,0,1,0,0,0,0
4,28.20007329734366,29.118969312488368,5.321449232680813,0.8549929724546089,0.918896015144707,0.5211329806865999,0,0,1,0,0,1
4,41.22792981695784,43.98075265870914,11.989315548346912,0.4301815548576064,2.7528228417513034,0.2664660822447289,0,0,0,1,0,0
4,45.182404076649085,33.09862387790702,5.398138244386557,0.7847479270175055,12.083780198742062,0.0764305105107272,0,0,1,0,0,0
3,37.044983194308,22.927217304050725,6.5462992860021245,0.5368356056522748,14.117765890257273,0.066147339974649,0,0,0,0,1,0
7,69.06937883333325,65.1593919267502,5.065203484425961,0.2809751395654414,3.9099869065830433,0.2036665308942584,1,0,0,0,0,0
9,135.73809147721153,158.36585919429024,6.435119870483394,0.2119810392164919,22.62776771707871,0.0423230840921623,1,0,0,0,0,0
5,21.78450474069703,14.633948112069236,2.947062268601206,0.4105457823898512,7.150556628627795,0.1226910069537615,0,0,1,0,0,0
4,77.87679918290239,75.9342201830756,2.341511168055309,0.2237969003276257,1.942578999826793,0.3398379448976093,1,0,0,0,0,0
2,24.59103351391813,20.475958088600414,23.85194815174814,0.9984420785836616,4.115075425317716,0.1955005384769837,1,0,0,0,0,0
2,54.44644257466045,28.09373407451942,15.281697004281249,0.1442700912088198,26.35270850014103,0.0365594507759567,1,0,0,0,0,0
5,16.21646498146226,17.16163786842527,21.393660299723845,0.4970292394321689,0.9451728869630108,0.5140931208234633,1,0,0,0,0,0
7,51.87591844117791,57.18296431100453,22.691766083064785,0.5068841701513458,5.307045869826624,0.15855283450277,0,1,0,0,0,0
10,32.69438446364719,38.17420995280512,3.909561988122164,0.370568735723508,5.479825489157932,0.1543251437362323,1,0,0,0,0,0
10,32.12542715575453,38.41581151748025,20.77116314123968,0.6142164091362508,6.290384361725721,0.1371669791856198,0,1,0,0,0,0
9,48.05154946554928,46.8602130332513,17.148914122941814,0.2349793217363902,1.1913364322979805,0.4563425247082365,0,0,1,0,0,0
7,20.01991769719432,22.024174873827103,6.392470031194333,0.8055211425285103,2.0042571766327875,0.3328609839989843,1,0,0,0,0,0
5,19.91658127657545,20.85208686654839,10.771790601123598,0.3992029464228744,0.9355055899729408,0.5166608689639488,1,0,0,0,0,0
10,33.61177725548599,11.989571341642783,14.922266247904709,0.6322083308187776,21.622205913843203,0.0442043540673489,1,0,0,0,0,0
10,76.63323527256999,47.89951420384862,12.762894479688644,0.7440753124602634,28.733721068721373,0.0336318484218229,1,0,0,0,0,0
10,34.21368875525794,27.880422191708305,7.650248148994214,0.9001379059211451,6.333266563549636,0.136364877961828,0,0,1,0,0,0
6,137.40595793480145,139.20529047563275,9.465668735837715,0.8522086928069801,1.7993325408313012,0.3572280125401021,0,0,1,0,0,0
3,161.2500534498201,172.0435820868185,11.69462477278029,0.6474781252932036,10.793528636998415,0.084792264535893,0,0,1,0,0,0
5,40.68622900186976,47.31937795742429,6.238514250444679,0.4495538623454982,6.633148955554532,0.1310075312066738,1,0,0,0,0,0
8,109.77006179688796,128.28465644421166,12.620640410770276,0.5528842030674676,18.51459464732369,0.0512436982715981,0,1,0,0,0,1
1,22.27288401988519,23.30869206153275,4.709490345053078,0.7918613140409223,1.0358080416475597,0.4912054474402753,0,1,0,0,0,0
1,43.940257156094376,49.34719287010405,21.221518232390167,0.8897909883035258,5.406935714009677,0.1560808543487267,0,1,0,0,0,0
7,49.44897718740498,68.4006590904675,16.609299689010722,0.1934037353590046,18.95168190306252,0.0501210877788956,0,1,0,0,0,0
5,61.75370605200351,68.09688455906007,15.13545399156758,0.4463706362437482,6.343178507056564,0.1361808103996153,0,1,0,0,0,0
5,14.036069775973903,13.91833369876282,11.132718363195549,0.7985049385721505,0.1177360772110844,0.8946655837531403,0,1,0,0,0,0
1,47.39065758417267,52.81891322787709,9.970206415650066,0.4884865863345649,5.428255643704418,0.1555631971449923,0,0,1,0,0,0
9,90.9492939577474,109.4951319043066,17.040306547339966,0.3990049876596555,18.54583794655919,0.0511617871146853,1,0,0,0,0,0
1,6.919635877750997,9.600069214719964,3.225741233101076,0.4701904271409426,2.6804333369689672,0.2717071356666802,0,0,1,0,0,0
5,23.361066939283734,16.966872226566412,4.243310167467628,0.6425602721077157,6.394194712717326,0.1352412316489439,1,0,0,0,0,0
10,92.23526335658472,54.43156356486479,12.838303239444151,0.9998246297204212,37.80369979171992,0.0257707384957499,1,0,0,0,0,0
9,27.723477433259603,29.160382327236576,8.1958419967661,0.5436931861940786,1.4369048939769726,0.4103565972031116,0,0,0,0,1,0
4,46.36576311975403,29.612804694481785,5.339211912895201,0.2876450274588344,16.752958425272244,0.0563286397706226,0,0,0,0,1,0
8,55.56304528342113,52.10163891053496,17.924466355993268,0.2465619177511852,3.4614063728861737,0.2241445670758478,1,0,0,0,0,0
6,23.429824273704515,34.0374437988379,9.273946173695274,0.1381147727287728,10.607619525133384,0.0861503082380285,1,0,0,0,0,0
3,17.75157465623635,17.76691184456968,10.749128674470455,0.6029355114264893,0.0153371883333299,0.9848944877528756,1,0,0,0,0,0
4,36.927872917367466,37.06097676122831,18.224896037782152,0.5901148823399508,0.1331038438608445,0.8825316456368929,0,1,0,0,0,0
2,81.60446118985519,73.43279012689098,7.562855823153619,0.2847105341022782,8.171671062964208,0.1090313851352632,0,0,1,0,0,1
1,47.63705537636475,65.5610624399074,29.027051018655374,0.7257964658073103,17.924007063542653,0.0528429310263,0,0,0,0,1,1
8,18.09206527001571,20.00668532077757,3.4921152942017164,0.7669963374667127,1.9146200507618616,0.3430978935791671,0,1,0,0,0,0
1,69.77559671578467,61.61181068520226,17.85044282104986,0.3331883848439001,8.163786030582415,0.1091252018175334,1,0,0,0,0,0
1,18.87344242929805,25.856396966025137,5.611843352122181,0.4096897876267629,6.982954536727089,0.1252669040515402,0,1,0,0,0,0
4,54.6074235220588,57.13547637436803,15.965171016233455,0.991424505112531,2.52805285230923,0.2834424658194863,1,0,0,0,0,0
10,38.26400881044242,34.2942837917134,4.7767118005161,0.4368380210656608,3.9697250187290223,0.2012183765160801,0,0,0,0,1,0
10,31.181211024901824,14.90352126579946,2.315692193274884,0.7847215045804916,16.277689759102365,0.0578781083549189,0,0,0,1,0,0
6,35.637086934261795,36.86135761144072,16.108250105338747,0.507452883966946,1.224270677178929,0.4495855698948983,0,1,0,0,0,0
9,39.01365487394341,34.611125361629504,6.421541412411114,0.8140103450748783,4.4025295123139045,0.1850984798362905,1,0,0,0,0,1
1,41.48373861269067,38.21969193653334,2.4076460407343347,0.7921209149043831,3.264046676157335,0.2345190088071873,1,0,0,0,0,0
7,49.492227999281305,44.902618784349016,16.630492610097768,0.700980422678682,4.589609214932288,0.1789033833221405,1,0,0,0,0,0
10,76.39252410138907,41.43144872892125,9.92088206844077,0.8693005116660213,34.96107537246782,0.0278078447221745,0,0,1,0,0,0
5,118.763514065865,194.88425718924765,6.404124036518598,0.9452966453899166,76.12074312338264,0.0129666800331544,0,1,0,0,0,0
8,42.488204152636,35.118523391650534,11.158240405921076,0.6219849884068755,7.369680760985467,0.1194788700497887,1,0,0,0,0,0
7,71.22971937480791,83.13085347726125,7.519537785224215,0.3137220165004711,11.90113410245334,0.0775125653340689,0,1,0,0,0,0
4,45.79151153816328,43.28557317454713,6.839474894748706,0.4587660654796676,2.5059383636161456,0.2852303424320802,0,0,1,0,0,0
4,34.16885519615228,10.785608483725165,14.805955468100969,0.7824751421619639,23.38324671242712,0.0410117656517965,1,0,0,0,0,0
6,51.07592934465485,49.18315252064132,10.003980291496092,0.6857951366114825,1.8927768240135376,0.3456886102304172,0,0,0,1,0,0
6,13.929982044135649,14.345963997670642,4.527180634617603,0.2600185047087239,0.4159819535349935,0.706223689859538,0,0,0,1,0,0
9,21.16493325792127,18.2807921754806,8.37567177627562,0.1461155870317822,2.884141082440671,0.2574571774750344,0,0,0,0,1,0
5,16.982201794097534,23.142106293799717,14.654202912399551,0.7146654341878583,6.159904499702179,0.1396666673475317,1,0,0,0,0,0
8,49.24838453936278,71.31142118413614,3.3792272385043005,0.3259711216264108,22.063036644773355,0.0433594246673767,1,0,0,0,0,0
5,8.626870708448077,9.246080419966995,19.020953327262117,0.5497032193561481,0.6192097115189181,0.6175852286989674,1,0,0,0,0,0
2,15.537747608100148,17.181971238637438,9.74669489898052,0.7720720952613348,1.64422363053729,0.3781828391711355,1,0,0,0,0,0
6,10.60406454618009,7.548640362755846,9.200402348124248,0.6064001025906998,3.055424183424245,0.2465833300711932,1,0,0,0,0,0
9,43.01498515149852,30.58074302195897,9.545810323706176,0.1749723248006167,12.434242129539555,0.0744366515325173,0,1,0,0,0,1
3,30.81222966482169,25.770997040754683,24.620892679221317,0.2670222131051998,5.041232624067003,0.1655291332461209,0,1,0,0,0,0
1,35.81146645906496,53.71851627195112,8.417295634530655,0.2973953656278272,17.907049812886157,0.0528903245031092,0,0,0,1,0,0
1,54.67020649891634,47.17260929772733,6.470929210393532,0.3320778282803604,7.497597201189016,0.1176803249582218,1,0,0,0,0,0
3,40.21742312975914,53.45970280135812,7.631588731966659,0.6088630527554538,13.24227967159898,0.0702134786746348,0,1,0,0,0,0
10,33.17244888393516,27.180226543822727,16.103290308867873,0.5535692018428542,5.992222340112434,0.1430160471676191,0,0,1,0,0,1
5,8.435393054908092,6.406191588513478,13.21103628983213,0.282844034527788,2.029201466394614,0.330120003932987,0,0,1,0,0,0
3,54.7349005428887,47.8880217352505,8.515163282042176,0.1607993591101184,6.846878807638205,0.1274392053852792,0,0,0,1,0,0
9,7.856325904345321,6.823393968340234,32.86697323140386,0.2542889840272463,1.0329319360050873,0.4919003840163479,0,0,1,0,0,0
8,47.85692844118997,39.17671243727671,12.468899700070304,0.985943181356743,8.680216003913266,0.1033034799632307,0,0,0,0,1,0
3,206.38560613925597,286.9554005468725,4.040809203914256,0.5216922548123251,80.56979440761657,0.0122594399956784,1,0,0,0,0,0
9,60.63411418772952,59.81275031348324,1.1742844815543982,0.8806109542319012,0.8213638742462805,0.5490391097242013,0,1,0,0,0,1
6,26.26779680925768,24.961200041444,13.33316209618438,0.863877220001959,1.30659676781368,0.4335391490849332,1,0,0,0,0,0
7,74.5442094201298,75.01716208520293,6.83501584454219,0.5603676017165864,0.472952665073123,0.6789084426894032,1,0,0,0,0,0
4,130.4930452138987,160.34052376840503,2.238110454403887,0.7360189376144891,29.847478554506324,0.0324175604250129,1,0,0,0,0,1
4,82.24726245514687,82.76300312013446,7.838864279371053,0.273476809371441,0.5157406649875895,0.6597434660817705,1,0,0,0,0,1
2,98.82495141868424,106.3735265768247,13.967081602170028,0.7195570344342175,7.548575158140451,0.1169785585902864,1,0,0,0,0,0
5,22.185132043294985,27.829459949568243,7.408238732813713,0.3451461213369605,5.644327906273258,0.1505043119644724,1,0,0,0,0,0
8,31.31967130849301,22.94907469358458,8.208244451804264,0.8488558870787357,8.370596614908429,0.1067167909468027,1,0,0,0,0,0
7,66.41362615991073,52.50449810910925,1.0530190467820428,0.1753517197980189,13.909128050801485,0.067073003638616,0,0,0,0,1,1
7,39.56147427133404,40.634089059471535,13.352243445603238,0.7958248055967497,1.0726147881375,0.4824823241267246,1,0,0,0,0,1
6,20.872833713888834,17.179524455786854,1.7726050269935658,0.1899432159117575,3.69330925810198,0.2130692747923476,0,0,1,0,0,1
3,61.27951160484492,57.723832135522,5.296848541483681,0.8930703132048781,3.555679469322918,0.2195062244246572,1,0,0,0,0,0
5,66.25981097371627,47.99173714074061,10.38219759209063,0.3737840663215034,18.268073832975663,0.0518993236515725,0,0,0,0,1,0
1,34.21589337960774,26.83525857350073,4.444609865614037,0.6889540283475173,7.380634806107007,0.1193227032481233,0,0,0,1,0,1
7,18.426240938511928,23.541306810592825,5.231463459172685,0.5387520507582518,5.115065872080898,0.1635305360430581,0,0,1,0,0,0
9,30.28549947324938,27.50756203946911,10.040509186235234,0.429672830736105,2.77793743378027,0.2646946958566708,0,0,1,0,0,0
1,32.01094784404809,28.33956989897019,10.632193059087612,0.6808976498651468,3.6713779450779,0.2140695982549799,1,0,0,0,0,0
2,45.97075087101765,36.4657094624336,8.709204624253575,0.9527706824961142,9.505041408584056,0.095192390120696,0,0,0,0,1,0
3,16.030200677920107,12.481981358022974,0.9315216364054614,0.1371427726371596,3.5482193198971324,0.2198662662605762,0,0,0,1,0,0
3,37.44952063497492,27.736058546550083,1.3766362895831987,0.9269675702947938,9.713462088424832,0.0933405085812952,0,0,0,1,0,1
8,28.70246701447414,19.437970549752684,16.09512784126395,0.6481734895189122,9.264496464721455,0.0974231910388345,0,0,1,0,0,1
7,61.70642867958709,50.84937794271189,6.2950830839068574,0.8265828706921471,10.857050736875197,0.0843380046346617,1,0,0,0,0,1
6,268.18337105174004,260.4292941791296,36.53640071141232,0.4454874580908499,7.754076872610426,0.1142324901359707,0,0,0,1,0,0
10,47.66096252893016,55.29433817673882,10.07722200111511,0.5246586773538524,7.633375647808663,0.1158295481158429,1,0,0,0,0,0
10,40.68240217459483,39.8235752992569,28.669362608620705,0.8819656766210476,0.8588268753379253,0.5379737151789378,0,1,0,0,0,0
4,54.002475583935976,40.40012778182029,7.323184533220007,0.4733631728288408,13.602347802115688,0.0684821381843208,1,0,0,0,0,0
9,67.46362037167972,58.33360212148588,5.688573726929024,0.5811936100741765,9.13001825019385,0.0987165052719291,0,0,0,0,1,0
1,3.514263716114648,2.985561746441762,13.471270041655767,0.1181754307758996,0.5287019696728859,0.6541497426172491,1,0,0,0,0,0
2,40.449324119678295,33.76352034567209,18.33638012737568,0.242738205254238,6.685803774006203,0.1301100092331335,1,0,0,0,0,0
4,72.56763821489096,65.69646588356491,7.353363919698312,0.6775178571773198,6.871172331326051,0.1270458780352393,0,1,0,0,0,0
3,11.530934676538836,14.095405652834003,13.16666799978078,0.7452792109574894,2.564470976295169,0.2805465401879572,0,0,1,0,0,0
1,47.40187576346193,55.38644512288598,1.7829888972384709,0.6243408431060494,7.98456935942405,0.1113019400257715,0,1,0,0,0,0
5,77.05417141444897,107.81232983266632,4.035964426563617,0.2289790326480496,30.75815841821733,0.0314879719041382,1,0,0,0,0,0
7,127.86638284667994,99.3159413225935,11.420631369743017,0.5008648857200514,28.55044152408644,0.033840441916406,1,0,0,0,0,0
2,50.69730341458283,36.5428347754817,6.329943994895015,0.4195852897268708,14.154468639101124,0.0659871371154399,0,0,1,0,0,0
5,61.41801818207688,55.749533568711406,10.36360839418112,0.5460952096315795,5.668484613365472,0.1499591073503755,0,0,0,0,1,0
6,57.52203613142693,74.29548916313608,11.553642021816623,0.8832961310986849,16.773453031709153,0.0562636870964761,0,0,1,0,0,0
7,13.940693723159123,6.605327062046625,13.021184286114975,0.7982752947927867,7.3353666611125,0.1199707272225181,0,1,0,0,0,0
1,158.1106599634594,162.61406679345205,15.85881788136308,0.175590551250243,4.503406829992628,0.1817056290569272,0,0,0,0,1,0
7,53.53633959201077,49.0056723536916,16.1192433187319,0.901278277997108,4.530667238319168,0.1808100102409906,1,0,0,0,0,0
4,36.49554722977391,42.18457484949226,3.305486870373138,0.5245904360348412,5.689027619718345,0.1494985604562516,0,1,0,0,0,0
8,92.17930614201036,101.86364640470856,7.468072233251633,0.7694759303973986,9.6843402626982,0.0935949226075529,0,1,0,0,0,0
4,24.802627718828884,28.641572548435047,7.288090964852176,0.2260353081379169,3.838944829606163,0.2066566235435647,1,0,0,0,0,0
6,58.33600321098466,65.4842130996376,8.074489700230874,0.7036475731363433,7.148209888652936,0.1227263427998564,0,0,1,0,0,0
9,34.16501311650108,58.09938702694517,6.809529920098547,0.3126934158485122,23.93437391044409,0.0401052781028978,0,1,0,0,0,1
5,24.110507284919592,34.86558774152444,8.47597658027188,0.4945428074268384,10.755080456604851,0.0850696006455768,1,0,0,0,0,0
4,43.24594851142206,52.169711499948136,5.0964058358844095,0.1151765830738939,8.923762988526079,0.1007682268466313,1,0,0,0,0,0
8,47.44675881938562,41.691155924213405,15.16218445957314,0.2364495741374284,5.755602895172217,0.1480252785009956,1,0,0,0,0,0
9,39.68230723559302,35.95468568332163,11.566673407415788,0.1828724438112577,3.727621552271394,0.2115228532875158,0,1,0,0,0,0
4,167.83315496232007,216.0489205936595,5.053281735543007,0.3157697556444326,48.21576563133942,0.0203186923371405,1,0,0,0,0,0
3,47.17252047003852,61.18119088656432,8.599468598286212,0.19001628102189,14.008670416525796,0.0666281537436465,1,0,0,0,0,0
8,33.104126508603095,26.062877470573664,26.82829650806926,0.7227190239576057,7.041249038029431,0.1243587899430431,0,0,1,0,0,0
5,46.37927724933972,23.200273779140204,3.474684814462599,0.1261359119882974,23.17900347019952,0.0413581974638654,0,0,1,0,0,0
2,66.77843333015755,36.19465716636586,4.155312767674959,0.6559664505624981,30.58377616379169,0.0316618251982934,0,0,1,0,0,0
10,56.069554832855495,72.50714306148652,15.63809500294916,0.2266370477430168,16.43758822863102,0.0573473800899877,0,1,0,0,0,1
9,109.50508975692664,146.74643386276082,23.126911655914203,0.9506453114601072,37.24134410583417,0.0261497084734382,0,0,0,1,0,0
3,50.89050613860134,51.11068828578402,10.670064314450814,0.9397846657988688,0.2201821471826832,0.8195497715721635,0,0,0,0,1,0
2,6.135903367776022,6.632684482693308,9.007445988458755,0.3029527922688664,0.4967811149172858,0.6681003588525777,0,0,1,0,0,0
1,47.50540309210568,68.6731270713256,2.916362066767788,0.6529791684007266,21.16772397921992,0.0451106302540307,0,1,0,0,0,1
8,47.892500981836704,72.00752652756066,5.915838342880795,0.1252047875252126,24.115025545723952,0.0398168020247249,1,0,0,0,0,0
3,79.29905860543133,92.77327966242892,5.670192413785228,0.9386096887460568,13.474221056997592,0.0690883465204884,0,0,0,0,1,1
7,8.321038007388573,8.275899842428803,5.962673379370415,0.5706885773725388,0.0451381649597699,0.9568112939770912,1,0,0,0,0,0
1,59.96258370588418,53.48135014693588,4.585269812587588,0.1389008362760011,6.481233558948297,0.1336677958414893,1,0,0,0,0,0
1,72.28007127876133,67.19350052835419,2.7460999878187557,0.4082499937073236,5.086570750407134,0.1642961268351492,1,0,0,0,0,0
9,48.15462726016312,38.82963730130356,13.565822975109183,0.1691645156751108,9.324989958859568,0.0968523944318153,1,0,0,0,0,0
8,68.4260160788414,79.57471718195364,11.148195523248836,0.4536499954360239,11.148701103112243,0.0823133264628447,0,0,0,0,1,0
3,21.33230460958942,20.63167536762744,2.754679964536169,0.7029337079451907,0.7006292419619804,0.588017643896515,0,1,0,0,0,0
6,75.13982792641764,59.743262829004834,8.683561434453882,0.5229009172372957,15.396565097412804,0.0609883834851354,0,1,0,0,0,0
3,18.678262288198734,23.95117959269559,6.600914687076381,0.445349957247509,5.2729173044968505,0.1594154603764874,0,0,1,0,0,0
4,27.715054645464264,31.546158480652345,24.972492463309464,0.2072413409864183,3.831103835188081,0.2069920320727424,0,1,0,0,0,0
1,64.47764580687848,68.631416296726,19.50136453669997,0.3204451411242907,4.153770489847517,0.1940326993547566,1,0,0,0,0,0
5,136.4338807158842,130.9532671094912,24.871934900364568,0.190128958964516,5.480613606393007,0.1543063760217888,0,1,0,0,0,0
1,121.69777295062562,135.60612014740448,5.845455639007851,0.8267488584909947,13.908347196778864,0.0670765167191747,0,0,1,0,0,0
1,53.78508626373821,49.101209522565405,1.547465105937559,0.2217158451862503,4.683876741172803,0.1759362571598731,1,0,0,0,0,0
10,11.845295964241789,20.04554115715807,3.209594319446051,0.6358360298940041,8.200245192916283,0.1086927553593842,0,0,1,0,0,1
7,28.49176277371224,44.75055908550622,5.933553639343718,0.4084663722299613,16.25879631179398,0.0579414683349985,1,0,0,0,0,0
6,34.84942207151501,27.729044577934754,6.98317534216017,0.3033805461896651,7.1203774935802535,0.1231469843354662,1,0,0,0,0,0
2,4.2383775567745605,3.9631950595146135,25.242328042871076,0.6755215955428934,0.275182497259947,0.7842014787285377,1,0,0,0,0,0
2,18.392376679717287,14.26016710520533,15.10115574615764,0.5113020784392466,4.132209574511958,0.1948478497383057,1,0,0,0,0,0
7,76.53045672306305,40.64420384340327,11.161899940304668,0.4601309205561033,35.886252879659786,0.0271103709900397,0,0,1,0,0,0
1,116.8896911835508,166.7669534887277,19.696401867780743,0.6335668044029994,49.877262305176856,0.0196551456326738,0,0,1,0,0,0
2,84.3786459032117,81.2194865095423,12.55509771564357,0.5421408656410006,3.1591593936693982,0.2404331994397923,1,0,0,0,0,0
8,29.75192888726561,21.613108241055357,14.487331778812113,0.3731357876964047,8.138820646210256,0.1094233094961423,0,1,0,0,0,0
6,66.44591288161762,37.65930560876505,6.6035789003753536,0.6031551589887265,28.786607272852564,0.0335721349813275,0,0,1,0,0,0
2,42.34618383879207,44.70533904532018,2.228847152181974,0.7025487188956251,2.359155206528108,0.2976938957916032,1,0,0,0,0,0
7,18.27120813207847,19.907888534740533,1.7972511196341356,0.1240238427281688,1.636680402662062,0.379264775127988,1,0,0,0,0,0
4,52.09468383282203,57.45397606367801,1.8283240503232576,0.5192845560169078,5.359292230855985,0.1572502039060086,0,0,0,0,1,0
2,62.59208505696863,79.33925642634665,13.44099168107119,0.1519149561251894,16.747171369378023,0.0563470075983746,0,1,0,0,0,0
6,21.30418066064532,26.077987123578428,4.303720163859918,0.2677648726613,4.773806462933106,0.1731959681052416,0,0,0,0,1,1
9,14.22820552107681,9.648962655146146,6.641469065814154,0.6044578606701758,4.579242865930663,0.1792357895201954,1,0,0,0,0,0
9,30.21499164879236,21.99256030162471,2.5206508012592166,0.8795700237390226,8.22243134716765,0.1084312761305743,0,0,1,0,0,0
8,92.45803546388628,114.98687117110184,17.98851615391581,0.8945251112696364,22.52883570721555,0.0425010405293166,1,0,0,0,0,0
3,70.20087124845988,59.35869365707987,8.357717217014024,0.1629496091247681,10.842177591380008,0.084443928684865,1,0,0,0,0,0
3,31.766777475408578,20.12094835350058,10.011415329582285,0.4771945776580359,11.645829121907996,0.0790774563185874,0,1,0,0,0,0
2,22.74197886327929,14.932118038935736,10.74963016776051,0.6247058347040961,7.809860824343552,0.1135091711365954,1,0,0,0,0,0
5,42.08198639691937,51.93894991105695,11.718984875675991,0.232362914095309,9.856963514137576,0.0921067846178016,1,0,0,0,0,0
4,17.449424889731947,21.46010055974749,18.63562578543807,0.7888889950702945,4.010675670015544,0.1995738830162395,1,0,0,0,0,0
7,48.517891025690645,50.0727865338093,13.770793061666431,0.7698117325935149,1.5548955081186548,0.3914054398006941,1,0,0,0,0,0
4,37.8575718353149,28.93488134476253,3.6334532408967135,0.9130069123361152,8.922690490552366,0.1007791184207674,0,0,1,0,0,0
9,3.7617067330109006,3.702498035816081,4.123509478740076,0.1076374108750987,0.0592086971948195,0.9441010092235588,0,1,0,0,0,0
2,32.98986263540625,31.672850742132145,42.3534133480148,0.2950158195901023,1.3170118932741026,0.4315903612332903,1,0,0,0,0,0
6,4.421275750968417,3.9344479470084304,16.4133531930845,0.8444680428207896,0.4868278039599865,0.6725728408741218,1,0,0,0,0,0
7,50.74267505804572,59.41848145273769,33.39066670723143,0.7035220457442418,8.675806394691968,0.1033505590343961,1,0,0,0,0,0
4,16.37927403299271,14.413715559222368,7.024649607338826,0.9049508683286416,1.9655584737703435,0.3372046138509023,0,1,0,0,0,0
6,10.09990949179306,11.46393135929111,23.06854800285513,0.1514616890772399,1.3640218674980495,0.423007931419156,1,0,0,0,0,0
7,35.63672804677537,38.61092490332347,11.998158846174418,0.6372675691447985,2.9741968565481045,0.2516231671695742,0,0,1,0,0,0
4,33.37815569830775,21.349793219282763,10.477775462330223,0.6121419174043068,12.028362479024988,0.0767556169556957,1,0,0,0,0,0
8,51.85545385222456,77.69687391844505,8.621952333375734,0.1321069747244791,25.841420066220493,0.0372558529888843,1,0,0,0,0,0
9,16.97729573808811,19.42594057097389,14.941240538114728,0.5621698692212352,2.448644832885776,0.2899689728742564,0,0,0,1,0,1
1,99.29877515368835,59.76137483519398,12.386096837996032,0.6485682801789318,39.53740031849437,0.0246685774653331,0,0,1,0,0,0
7,67.82432340531956,43.46036256153512,7.342960114648083,0.2721638567818965,24.36396084378444,0.0394260189155375,1,0,0,0,0,1
9,101.6772116510534,141.94545536796386,5.2601652051797725,0.3459966248121966,40.26824371691046,0.0242317072386153,0,0,1,0,0,0
10,36.89005882248758,38.54789493587016,7.520859673836574,0.6763126116679633,1.6578361133825794,0.3762459223745433,0,1,0,0,0,0
5,20.901526628629615,23.83176055292422,8.43991021559321,0.5214708528399625,2.930233924294601,0.2544377813795091,0,0,1,0,0,0
2,117.04821203602492,128.3988853235287,6.163636117202809,0.8722122918114942,11.35067328750378,0.0809672458109457,0,1,0,0,0,0
10,67.00707910725156,85.22228150849307,3.9946821360176976,0.4081435894082695,18.215202401241516,0.0520421268076462,0,0,1,0,0,0
6,34.963684448812586,44.85689929792323,8.8809169786204,0.339993692549381,9.893214849110642,0.0918002640957406,0,0,0,0,1,1
7,41.02936829369354,32.02788305364762,11.365855952454249,0.9863793463103584,9.001485240045916,0.0999851498051512,1,0,0,0,0,0
2,30.47192481832821,34.30522000686716,10.31531345918932,0.920022193117075,3.833295188538948,0.2068981845700777,0,1,0,0,0,0
2,78.2100798768982,50.73936025130767,3.1609757971722754,0.1260934704990818,27.47071962559054,0.0351238048476007,0,1,0,0,0,0
10,54.59766506061004,39.74819925301531,24.786169831051936,0.7936557537759092,14.849465807594733,0.0630936090931734,1,0,0,0,0,0
10,59.25366854566959,54.75958977051323,28.8708877465332,0.1993012964426826,4.4940787751563605,0.1820141357495443,1,0,0,0,0,0
1,19.438827001372427,11.1748709824884,13.275365020887897,0.1247366753464338,8.263956018884027,0.1079452447703291,1,0,0,0,0,0
4,38.49605977582981,31.01195829555646,15.193662652440423,0.346325964369714,7.484101480273352,0.1178675198929587,0,1,0,0,0,0
7,47.9046250848876,21.887642786763035,10.060385597629216,0.3424112911549939,26.016982298124564,0.037013756346482,0,1,0,0,0,0
9,11.0842056911469,11.02866964035493,10.92657830216983,0.8373868861122682,0.0555360507919679,0.9473859270365048,0,1,0,0,0,0
3,54.03896675229412,76.23007627348036,1.6901648383667744,0.7396005213485516,22.19110952118625,0.0431199722931086,1,0,0,0,0,0
7,44.83722684010977,45.1962601495656,7.865153991098283,0.9834484845988128,0.3590333094558318,0.735817137845141,0,1,0,0,0,0
7,73.99789266893072,74.64311263881532,7.954445275315446,0.7403616102806366,0.6452199698846073,0.6078214574979528,0,0,0,0,1,1
7,82.0683299238103,74.69528510510352,28.27530083856145,0.4764299979304431,7.373044818706774,0.1194308667458501,1,0,0,0,0,0
2,133.58535755952758,166.2075484845223,6.72627790638513,0.7290348948506952,32.622190924994754,0.0297422616578088,0,1,0,0,0,0
6,46.93497561772703,46.327021929134354,24.50908895044384,0.9995131604677618,0.6079536885926728,0.6219084586168826,0,0,1,0,0,0
2,32.991423851052865,23.924333753761488,8.609039223742498,0.7391276943062752,9.067090097291375,0.0993335701116906,0,0,1,0,0,0
6,17.10696132245079,17.832545360290215,5.98729566123796,0.7855132203822864,0.7255840378394254,0.579513937351949,0,1,0,0,0,0
10,14.72320320105003,20.43749439152579,1.8034575413585072,0.9445285136712336,5.714291190475759,0.1489360487401116,0,0,0,1,0,0
3,40.644996546717394,26.14080534361776,10.800055333241945,0.202286135180515,14.504191203099634,0.0644986885739694,1,0,0,0,0,0
2,13.60174532947751,10.401970207542,4.494635398766154,0.7343058641029542,3.199775121935509,0.2381079869674402,0,0,0,1,0,0
6,15.727837176062105,15.317212866600446,2.058591462024075,0.8657253621707041,0.4106243094616566,0.7089059739666863,1,0,0,0,0,0
2,41.63586782181839,37.98753213863024,13.21316255940424,0.9589407401988036,3.648335683188144,0.2151307625257675,1,0,0,0,0,0
5,31.201369923648024,34.477339399915664,11.111726964811655,0.2898723607405294,3.2759694762676403,0.233865093179493,1,0,0,0,0,0
2,20.785114041342503,15.677313243664134,11.817730353948182,0.5535361069518198,5.107800797678372,0.1637250514751739,0,0,1,0,0,0
3,32.79013887380232,28.44770876026396,8.552118654961484,0.7124993628800337,4.342430113538359,0.187180735872591,1,0,0,0,0,0
3,69.27577275815042,70.18402687676229,4.868356239211308,0.3227209565512037,0.9082541186118648,0.5240392200633306,1,0,0,0,0,0
6,54.70523452674812,55.891283745175805,3.5328883531966926,0.6404255769252466,1.1860492184276836,0.4574462420929617,1,0,0,0,0,0
6,80.02522066957025,132.10913732940057,22.491523303599955,0.3318209042481994,52.08391665983032,0.0188380975429554,0,0,0,0,1,1
10,36.95350725151417,44.189824687680826,13.990162092149712,0.4001113184784826,7.236317436166658,0.121413484576114,0,0,1,0,0,0
3,30.474782298719266,18.73768771507793,16.571241428506642,0.4973668268597786,11.73709458364133,0.0785108403987462,0,1,0,0,0,0
3,46.12776492815708,34.4185190198947,7.58667594155377,0.5762710888719103,11.709245908262377,0.078682874437884,0,1,0,0,0,0
1,15.99724833847248,10.551802451077194,4.369216679163218,0.5044292844626356,5.445445887395287,0.1551483043175647,0,1,0,0,0,0
7,34.93003740598604,49.02407081438572,3.9734269410648473,0.5438759678091363,14.094033408399676,0.0662513440207115,1,0,0,0,0,0
8,32.345313506519965,23.69953847159815,9.017505153346123,0.3687298806594633,8.645775034921815,0.1036723328482754,0,0,0,0,1,0
2,183.927450600374,210.9354649399281,4.529660244965572,0.2430685846203675,27.00801433955408,0.0357040662674811,1,0,0,0,0,0
4,89.76315220658215,100.69440023605628,1.5043657901564371,0.1426149795941555,10.93124802947412,0.0838135287716482,1,0,0,0,0,0
10,63.7766527286645,40.40704208935436,12.744780409653456,0.2763808502425009,23.36961063931014,0.0410347138820067,1,0,0,0,0,0
7,55.97524417913894,50.113591060984994,16.56734508694923,0.6237492773552047,5.861653118153946,0.1457374750341561,0,1,0,0,0,0
8,110.60625756435226,103.2946886642399,5.4820705750177385,0.8075039030228192,7.311568900112363,0.1203142285190562,0,1,0,0,0,1
1,55.668986731852485,33.666081984878296,1.9758181872776528,0.2523228376986051,22.00290474697419,0.0434727705478822,0,1,0,0,0,0
4,23.61225032067388,34.14921054438948,9.627180885852283,0.1976998219953836,10.536960223715608,0.0866779446759623,1,0,0,0,0,0
6,22.229408765244152,23.176177847250752,7.515285310408863,0.7743613244943253,0.9467690820066004,0.5136716055554295,0,1,0,0,0,0
3,70.43742103332437,98.49148255696242,6.308358881454161,0.3746424974835607,28.05406152363805,0.0344185958023944,1,0,0,0,0,0
5,62.50972488473196,97.01602946412147,11.648261731220398,0.9563494953046172,34.506304579389514,0.0281640123309389,1,0,0,0,0,0
10,55.48002527316698,57.693802062801645,9.262992731536078,0.7428861735493357,2.2137767896346645,0.311160377791414,1,0,0,0,0,0
9,82.28997039426264,89.97566078876238,11.330670566752868,0.3940804425187277,7.685690394499744,0.115131895632989,0,0,1,0,0,0
3,79.47005689750837,63.81859106685261,8.95064823893412,0.3605884730143345,15.65146583065576,0.0600547729653311,1,0,0,0,0,0
5,9.255286559950664,12.34096829295355,4.520270588508307,0.5713285476441782,3.085681733002886,0.2447571948451848,0,1,0,0,0,0
8,37.63078914674677,37.18089714495612,4.242833215688892,0.1712302014503884,0.4498920017906442,0.6897065428080029,0,0,1,0,0,0
6,59.31043563954103,53.03284056452426,8.562786014787635,0.205908861380769,6.2775950750167695,0.1374080296708038,0,0,1,0,0,0
4,95.29943989320702,77.00970045924947,15.758501043622289,0.2582720931845733,18.28973943395755,0.0518410320379758,0,1,0,0,0,0
8,65.30767396272532,66.50381392504113,9.118652368488428,0.7972512339741041,1.1961399623158115,0.4553443847656723,1,0,0,0,0,0
3,71.01627691136405,82.05079215697222,4.989695415182316,0.5624716233422102,11.034515245608176,0.083094331561459,1,0,0,0,0,0
3,17.973471391476007,18.888526643366845,9.59613066548357,0.1095104104969986,0.9150552518908376,0.5221781455196376,0,1,0,0,0,0
4,12.545620874239916,13.996151670298262,9.883162099295268,0.7061648747248981,1.450530796058347,0.4080748552960401,0,1,0,0,0,0
9,53.8748460728427,50.97013862046623,4.559271940117965,0.4813211607944474,2.9047074523764707,0.256101132337426,0,0,1,0,0,1
5,30.11130027344676,33.91152509685616,28.5977147311379,0.5597671284674182,3.800224823409401,0.2083235758298798,0,0,0,1,0,0
8,60.27842413628443,67.42323197494409,15.210289408556443,0.292704619071642,7.144807838659659,0.1227776050471638,1,0,0,0,0,0
6,26.08710220446958,34.00997800737176,7.613946996422181,0.5966040055546933,7.922875802902176,0.1120714915335646,1,0,0,0,0,0
3,29.51424438305568,35.46329632663119,27.194649558938487,0.9812379157763398,5.949051943575512,0.1439045222455867,0,1,0,0,0,0
8,69.74449040500312,72.44051889294242,10.838156169957031,0.1661002219051853,2.696028487939301,0.2705606851416732,1,0,0,0,0,0
9,43.30202093806204,47.79195022739891,10.200865710318476,0.3555256596979875,4.489929289336864,0.1821517085734252,1,0,0,0,0,0
8,25.022717940247663,17.82035992597504,21.01411863978073,0.3186978335747468,7.202358014272623,0.1219161609698012,0,0,0,1,0,0
4,39.06425976478119,51.5440262855492,15.28629280957453,0.3236943796760616,12.479766520768004,0.0741852611808461,1,0,0,0,0,0
6,63.63895240021671,59.66865160454668,11.968293903905067,0.4408357218088395,3.9703007956700342,0.2011950666790967,0,0,0,0,1,0
1,40.9074589943061,39.63206821768329,6.161965351062353,0.8362988062697507,1.2753907766228068,0.4394849492552772,0,0,1,0,0,0
4,58.93927532591387,51.89004378512615,8.467618290558951,0.9215728209679486,7.049231540787723,0.1242354620975578,0,0,1,0,0,0
8,35.548425283432884,27.66833182741588,7.511792437838812,0.281993578713076,7.880093456017008,0.1126114274532117,1,0,0,0,0,1
1,90.4411352279893,71.95619561807806,5.068706464016403,0.5886549441533014,18.48493960991125,0.0513216884434857,1,0,0,0,0,0
3,38.495897137128,28.125166014252628,34.74994748749205,0.6732090749489322,10.37073112287537,0.0879450924653581,0,1,0,0,0,0
1,28.70008951236915,26.982129130516206,15.37649932902225,0.5696447269274605,1.7179603818529436,0.3679229493839271,1,0,0,0,0,0
9,104.78052468332352,126.61039507206586,7.292033524073264,0.4906687547772276,21.82987038874232,0.0438022635683955,1,0,0,0,0,0
2,43.4992049628106,43.25257879436184,11.127542224784596,0.272777955273314,0.2466261684487563,0.8021650959279586,1,0,0,0,0,0
9,58.34420099476891,68.02103122554726,7.575705955450703,0.5393974232793147,9.67683023077835,0.0936607568337348,1,0,0,0,0,0
4,28.46484066461999,31.88916868284331,4.421261236929056,0.461093344940196,3.424328018223317,0.2260230244866815,1,0,0,0,0,1
2,57.18327767075684,50.7720176395648,1.478762741499036,0.8160070262520427,6.411260031192036,0.1349298224311742,0,0,1,0,0,1
4,63.429127702698224,83.06322027893808,11.814296765284729,0.7872439232466957,19.63409257623985,0.0484634832525419,1,0,0,0,0,0
10,23.66549335194601,29.57739511262254,8.675990690292455,0.2205988130851036,5.911901760676528,0.144677982214568,1,0,0,0,0,0
6,73.47998023248233,88.5659895293761,18.32579308007169,0.1796671473067608,15.086009296893764,0.0621658225818072,0,1,0,0,0,0
7,40.12241536853311,44.2936003794396,5.526724412914446,0.9173385489047526,4.171185010906484,0.1933792733949592,0,0,0,0,1,0
3,73.46486816457036,67.2246463906315,18.34578287093231,0.581957550068048,6.240221773938856,0.1381173161849123,1,0,0,0,0,0
3,25.62553127535515,23.43451734396599,19.768000275546875,0.8720208435543316,2.191013931389161,0.3133800169793256,1,0,0,0,0,0
10,29.69312053744501,29.471321779775053,16.66226970957568,0.152336008509761,0.2217987576699585,0.8184653927026889,0,1,0,0,0,0
8,48.13354227310561,64.71462637146051,14.815823281089363,0.5738640548694672,16.5810840983549,0.0568793138355769,0,0,0,0,1,1
5,22.189332776463463,28.389719431472145,8.050887978730453,0.5854838631186128,6.200386655008682,0.1388814306665583,0,0,1,0,0,0
4,49.19765719757409,31.454179702096845,18.126993214370412,0.8746318292879349,17.743477495477244,0.0533518926912734,0,1,0,0,0,0
7,54.28683957334563,57.81084556957802,16.18003189647724,0.1878489984067367,3.5240059962323897,0.2210430315151668,1,0,0,0,0,0
7,48.07644294806327,18.18274005570567,9.36429552268215,0.3164010073083184,29.8937028923576,0.0323690560333373,0,1,0,0,0,0
9,45.97442451745891,40.90183626125732,2.0761733839956613,0.4658844824983118,5.072588256201584,0.164674428400239,1,0,0,0,0,1
9,18.872766486531276,15.677864796064744,7.0207731592166684,0.879257327877948,3.19490169046653,0.2383846091727566,0,0,1,0,0,0
5,14.107885118408202,16.069114362519212,16.82140993518554,0.9449949835635104,1.96122924411101,0.3376975970329544,0,0,1,0,0,0
8,41.82754545068149,30.44964321887484,10.707807199687664,0.9934521576342652,11.377902231806654,0.0807891338348406,0,0,0,0,1,0
10,10.019916266477932,6.191449614691484,5.992794479367499,0.9632741378126694,3.8284666517864494,0.2071050857584399,1,0,0,0,0,0
1,8.582552910940148,7.512184762021109,8.911844733267761,0.1053475802599189,1.070368148919039,0.4830058849785293,1,0,0,0,0,0
9,29.40522946960126,29.347677023501053,9.344329521042226,0.1429375073084848,0.0575524461002068,0.9455795820694896,0,1,0,0,0,0
8,21.852687343014043,12.35287325641245,4.289621567250492,0.2328461372418298,9.499814086601594,0.0952397815572812,0,0,1,0,0,0
6,55.54207476896963,71.34114472951359,5.839287721800879,0.4139758870932458,15.79906996054396,0.0595271049140639,0,0,1,0,0,0
3,41.76074106345648,39.65889064083009,33.06512690753311,0.8469262278882629,2.1018504226263914,0.3223882082467672,1,0,0,0,0,0
3,54.08148740826398,54.42339275418087,0.4899697057905557,0.9033905758019324,0.341905345916885,0.7452090440229441,1,0,0,0,0,0
8,72.84632052481827,92.92679509865766,8.834892221998599,0.2681509656651247,20.0804745738394,0.0474372622161451,0,1,0,0,0,1
5,91.20537962789952,74.49544034584918,16.82072391425264,0.6576977364577378,16.709939282050357,0.0564654674459293,1,0,0,0,0,0
10,67.6037681372224,92.63900200083368,8.724363458336011,0.9256257865587488,25.03523386361128,0.0384094878977704,0,0,0,1,0,1
7,47.312527380264775,47.37812317846482,5.349993248616957,0.5173585623381887,0.065595798200043,0.9384421388383432,0,1,0,0,0,1
5,20.5173895526886,24.57970712880937,6.616272243163839,0.1931892147575055,4.062317576120776,0.1975379823496364,0,0,1,0,0,0
8,86.37948538390718,95.96681883112376,27.724387498726127,0.5120322850761625,9.587333447216563,0.0944524893813467,0,1,0,0,0,0
10,17.458420317645633,20.456902387882387,13.662190649799108,0.4382154120592515,2.9984820702367543,0.2500949066256008,0,0,1,0,0,0
10,74.00970277229848,75.41628125006397,13.086986009728578,0.6198921964594063,1.4065784777654926,0.4155276917993963,1,0,0,0,0,0
4,97.16045106485124,85.78967217007217,8.017849330862198,0.4947928159663933,11.370778894779065,0.0808356538020445,0,0,1,0,0,0
2,56.29004137361925,83.57330374907357,10.292198986117862,0.1156113341683461,27.28326237545432,0.0353566001943202,1,0,0,0,0,0
3,20.971999199580885,20.866429005227413,3.707655500553488,0.994597960072304,0.1055701943534721,0.9045106363280636,0,1,0,0,0,0
8,30.952230118284305,22.458428896125515,28.79870920024284,0.5891862139575138,8.49380122215879,0.1053318872598651,1,0,0,0,0,0
7,50.177328265141256,68.60259967673066,14.29543060132589,0.5262676799361486,18.425271411589407,0.0514793321962742,0,1,0,0,0,0
2,24.790110127642468,22.86409618911652,8.782866144909239,0.9591556343536486,1.926013938525948,0.3417618716142462,1,0,0,0,0,0
6,7.344301007197266,4.180348024405419,9.76574752719275,0.2402743308283694,3.163952982791847,0.2401564100585785,1,0,0,0,0,0
9,46.85361958641485,37.19908919970394,12.311143970773909,0.2703138422907234,9.65453038671091,0.0938567880239256,0,0,0,0,1,0
4,55.708294829318106,28.438016470246797,3.677599522678421,0.8272132741565051,27.270278359071312,0.0353728388273588,1,0,0,0,0,0
9,59.21341960174204,47.692728552150896,6.898476814412941,0.3347479720225079,11.520691049591145,0.0798677961175836,0,0,1,0,0,1
2,30.63819211778137,44.10450715535234,3.785710478697228,0.8193043956623742,13.466315037570972,0.0691261041531907,0,0,0,0,1,1
2,43.38197675917255,48.35958417202541,14.232930596353896,0.3443801346176522,4.977607412852862,0.1672910130982894,1,0,0,0,0,0
9,48.681543952674346,48.62375063124183,2.735768405370297,0.1298688672025013,0.0577933214325199,0.9453642594809984,0,0,1,0,0,0
7,12.020232561638116,10.285015405479156,4.011083416235272,0.5653132514980445,1.73521715615896,0.3656016845859108,1,0,0,0,0,0
7,29.845280003089748,28.81508924086678,15.4981770463925,0.2770177907141752,1.0301907622229685,0.4925645503898582,1,0,0,0,0,0
1,45.23020451106173,57.835225863948224,10.321955233738487,0.7820616636392239,12.605021352886496,0.0735022734666885,1,0,0,0,0,0
6,55.29148827262682,30.02739615006196,25.714785601774896,0.6770796699089333,25.26409212256486,0.0380747979154721,0,0,0,0,1,0
7,102.53471963455276,177.8830762059955,6.837426545056809,0.931242401180126,75.34835657144275,0.0130978588787861,1,0,0,0,0,0
6,52.43829170984472,40.86704912190053,7.760111913733846,0.8046895215391623,11.571242587944193,0.0795466313695194,0,1,0,0,0,1
6,16.86196445363806,15.810202039561918,22.175523563520077,0.2626983593566542,1.0517624140761406,0.4873858655073745,0,1,0,0,0,0
2,23.41794066261954,22.48243753520037,18.47986780764598,0.8201424129983167,0.935503127419171,0.5166615263150802,0,0,0,1,0,0
6,76.59545287852623,73.03280404827346,15.722479714008188,0.6775633403326209,3.562648830252769,0.2191709327637648,1,0,0,0,0,1
4,125.4000664180536,104.33952270872388,4.744541805074612,0.7020564775845625,21.060543709329707,0.0453297984481264,0,0,1,0,0,0
9,20.04540853645027,24.42938205947652,5.081615513143455,0.8490365973731339,4.3839735230262455,0.1857364260286919,0,0,1,0,0,0
1,29.12419677425564,37.43106207401136,8.257602836397824,0.6164416622700463,8.306865299755717,0.1074475634697589,0,0,1,0,0,0
8,128.80171682742537,159.5625373236881,8.099554290744248,0.5194031629177116,30.76082049626274,0.0314853326952831,0,0,0,0,1,0
5,110.45024576446636,112.91041833144516,4.818675437127689,0.6729769318228551,2.460172566978798,0.2890029270630095,0,0,1,0,0,0
1,62.623770102574426,53.39718087340959,6.604180342584121,0.3681616860625232,9.226589229164835,0.0977843127939603,1,0,0,0,0,0
4,29.524206487741765,28.15459741476624,8.433054786282263,0.2643374179783894,1.3696090729755284,0.4220105381113753,0,1,0,0,0,0
1,19.366005101227653,18.94738596912599,17.802904889476377,0.6549290542641217,0.4186191321016643,0.7049108371452132,1,0,0,0,0,0
6,27.96607327234632,21.11139029690052,21.143837644802723,0.3104635321769299,6.854682975445797,0.1273125857690321,1,0,0,0,0,0
2,33.47051884536791,34.961272337412694,13.888138082475123,0.171923598411946,1.4907534920447816,0.4014849334524273,0,1,0,0,0,0
5,34.566554640599875,50.117423314108585,2.343739218778758,0.1004987661267285,15.55086867350871,0.0604197894217237,1,0,0,0,0,0
7,11.879708845447636,11.375516400760906,19.392758283639782,0.6474874612600604,0.5041924446867281,0.6648085512809937,1,0,0,0,0,0
2,22.33314916503948,25.124344892448462,13.934817834862,0.4259339051322132,2.7911957274089865,0.263769024840991,0,0,0,0,1,0
6,46.12868729418996,38.55298173323053,16.12872111585054,0.7770798736061104,7.575705560959435,0.1166084811204877,1,0,0,0,0,0
6,28.775188023115817,35.14710441809307,5.065564991321068,0.4376587584817922,6.371916394977255,0.1356499377395727,0,0,0,0,1,0
5,16.40061549682024,13.703622814255557,22.7303205348552,0.5374031034144041,2.696992682564685,0.2704901215293393,0,1,0,0,0,0
5,20.59895521011528,18.471013939003544,7.550005081843766,0.4663764755338464,2.1279412711117374,0.3196990970500474,0,1,0,0,0,0
3,37.27554869597653,42.0973336624404,4.765714044548846,0.6855173119984115,4.821784966463866,0.1717686252172582,0,0,1,0,0,1
10,13.844201088999032,10.41524786098956,14.772426552912028,0.4205252458134714,3.4289532280094708,0.22578698588999,1,0,0,0,0,0
10,93.30168583409336,103.39025184556505,8.340829717099927,0.967390884948078,10.088566011471684,0.0901829865976763,1,0,0,0,0,0
2,14.567444783412668,18.395457345221452,13.64317004692067,0.9425322879386772,3.8280125618087872,0.2071245646522004,1,0,0,0,0,0
7,65.7662998460574,68.44496950579962,6.571775466057054,0.8632251123915532,2.6786696597422264,0.2718374011517175,1,0,0,0,0,1
1,124.15098761272289,151.1137834957238,3.447075582312661,0.9282702435154732,26.96279588300092,0.0357618030823562,0,0,0,0,1,1
6,15.904850924673909,10.76898799195798,6.44056171260623,0.504225719613452,5.135862932715929,0.1629762611984176,0,0,1,0,0,0
6,18.729308042428336,20.82792105286865,2.796675443725478,0.582787357110543,2.098613010440314,0.3227250375024726,1,0,0,0,0,0
3,37.70105387766533,33.40156275527775,13.966560912449314,0.76788333330242,4.299491122387579,0.1886973629931226,1,0,0,0,0,0
2,31.08095960371606,34.074956905541306,0.6645479303993734,0.726531332444687,2.993997301825246,0.2503757324881022,1,0,0,0,0,1
2,78.07567268337601,108.94982135363104,18.584971235659403,0.9016107360449236,30.87414867025504,0.0313733869520788,1,0,0,0,0,1
9,35.94996365799652,9.122981405918338,3.0130239959235183,0.7446979245310258,26.82698225207818,0.0359363437594932,0,1,0,0,0,1
5,22.02347156270404,18.605902777812982,17.04214849259815,0.9980962374056144,3.4175687848910563,0.226368857779916,1,0,0,0,0,0
7,68.42098947765501,29.234968947632236,12.80144678264804,0.4136552198484319,39.18602053002278,0.0248842753477644,0,1,0,0,0,0
5,33.5682537775248,23.23735110390731,1.1834481816464175,0.8496979680154761,10.33090267361749,0.0882542219984263,1,0,0,0,0,1
7,21.594182780982067,19.028405460072825,10.03218042130323,0.7278713405493977,2.565777320909241,0.2804437602247717,1,0,0,0,0,0
4,24.39116322247471,29.634900168287444,2.6371983679356026,0.7222478006935167,5.243736945812735,0.1601604950174325,0,0,1,0,0,1
8,15.43613543202806,18.553534142810047,10.070538228769236,0.393252035360499,3.117398710781986,0.2428717912067538,0,1,0,0,0,0
10,6.984618691771534,8.344682995775848,5.149874871702736,0.8070416131807203,1.3600643040043146,0.4237172683402324,0,0,0,0,1,0
10,16.68571678000328,19.022470466965835,1.2115228087551717,0.9103384201128392,2.336753686962556,0.2996924837176996,0,0,0,1,0,0
7,36.55179315545884,24.29722955407171,12.346550010778545,0.2966936153685067,12.25456360138713,0.0754457128935838,1,0,0,0,0,0
10,33.01376144194942,39.633439875480256,8.109693964378007,0.6629471534050337,6.6196784335308365,0.1312391341345117,1,0,0,0,0,0
5,12.788629590497386,10.62165610690698,8.735004001328708,0.4529213461924977,2.166973483590405,0.3157588799468878,0,0,1,0,0,0
6,22.349616655549468,24.852262350938847,1.4750064382521964,0.9905933073653892,2.502645695389379,0.2854984737155474,0,0,0,0,1,0
5,62.6717786895024,48.28806166815159,1.3057103093149014,0.5309495342485134,14.38371702135082,0.0650037958064436,0,0,1,0,0,0
7,59.40034336204246,56.72040683299358,6.9452958703728935,0.3054881564172484,2.679936529048881,0.2717438173474314,1,0,0,0,0,0
2,44.30996468585004,43.56005419778534,16.71410791131229,0.4436718626996493,0.7499104880646996,0.5714578013107073,0,0,0,0,1,0
5,18.01270407553543,19.56858851803432,14.14211024945418,0.6884545508349637,1.5558844424988898,0.3912539954358419,1,0,0,0,0,0
10,77.60753558856439,61.32274517176595,12.073721697127793,0.1684804342146186,16.284790416798437,0.0578543318076994,0,0,1,0,0,1
3,37.87342017387762,44.13743938074994,20.34720659182867,0.6432417281991138,6.26401920687232,0.137664834235835,0,0,0,0,1,0
9,24.25215440057292,16.290619551912247,5.383564039303871,0.9381022832610082,7.961534848660669,0.1115880278197493,1,0,0,0,0,0
6,18.56825137920177,26.46220545173811,12.594402909204126,0.8653265088920654,7.893954072536342,0.1124359302785138,0,0,0,0,1,0
10,66.43805266121439,53.954016516968686,1.9209186156514384,0.160906182992185,12.4840361442457,0.0741617709491789,1,0,0,0,0,0
3,2.733791611781049,1.395916244296308,34.40183927902156,0.9940508908651612,1.3378753674847417,0.4277387981874643,0,0,0,0,1,0
7,50.94274996786,50.02453437069149,4.617366820990876,0.7288542313334913,0.918215597168512,0.5213178338639854,1,0,0,0,0,0
4,29.9457410038598,26.86229220636727,11.91300367799887,0.2460527418826213,3.083448797492529,0.2448910344153346,0,0,0,0,1,0
3,84.07745998940321,64.78100078103785,25.378286016717983,0.1111744802524811,19.296459208365363,0.0492696775202958,1,0,0,0,0,0
8,150.1449718544256,200.65838559143688,6.397138903995975,0.2541543726629362,50.51341373701129,0.0194124195516384,0,0,1,0,0,1
4,24.398054618588585,29.00249417073932,11.709382339764216,0.8543583286171647,4.604439552150733,0.1784299733621437,0,1,0,0,0,0
1,78.32094386256797,87.36826623506929,9.89302547401721,0.1194753924506473,9.047322372501313,0.0995290051344343,0,1,0,0,0,0
6,52.56681113487509,40.01131206501927,6.143881828471142,0.3098325732562779,12.55549906985582,0.0737707992045649,1,0,0,0,0,0
10,48.950289016271626,42.464399377095575,5.117570698268533,0.7815750358013879,6.485889639176051,0.1335846570281614,0,0,1,0,0,1
1,13.02094541635463,11.03184553191247,2.9429849772651853,0.6274994823083216,1.98909988444216,0.3345488737947025,1,0,0,0,0,0
5,28.22026333328887,15.331468696461338,7.602118916501727,0.8044621393241727,12.888794636827532,0.0720004886060018,0,1,0,0,0,0
7,76.32900419692263,81.50815383425928,4.725795526128362,0.7715354534441091,5.17914963733665,0.1618345660311638,1,0,0,0,0,1
6,90.61692413952724,98.4213725138623,4.459824794315991,0.1455412484096242,7.804448374335053,0.1135789498084852,0,0,0,0,1,0
2,108.91503623948056,112.2408489839015,13.204883715521056,0.9032602771847364,3.3258127444209435,0.2311704317968254,1,0,0,0,0,0
4,28.32338854359693,29.934230056572183,9.398132372447993,0.3043286508540418,1.6108415129752522,0.3830182701746703,1,0,0,0,0,0
2,58.25372420655526,41.75630791625312,17.484237601060848,0.5980531962067874,16.49741629030214,0.0571512949917208,1,0,0,0,0,0
1,29.242541118267,22.70349245177117,6.089211177276242,0.6798593408750009,6.539048666495827,0.1326427304341574,1,0,0,0,0,0
3,46.351358154251095,42.68470391343233,3.1775989581389714,0.2517653897965858,3.666654240818765,0.2142862848618821,1,0,0,0,0,0
3,57.69704258664799,77.66608280719385,13.352615349944797,0.978608131030877,19.969040220545857,0.0476893548527882,0,1,0,0,0,0
7,30.08538843292241,38.82936742688023,13.841658980859082,0.5393403604785781,8.743978993957818,0.1026274790432218,0,0,0,1,0,0
1,60.74513247726192,68.59630097843008,10.634707806449066,0.1518784260376541,7.851168501168161,0.1129794331525856,0,0,1,0,0,0
9,36.49026294703703,54.871094836854255,4.356042386233341,0.9435358403000564,18.380831889817223,0.0515973723772612,0,1,0,0,0,1
6,40.51460756748824,45.67785382430068,8.834288172275608,0.6276410588739413,5.1632462568124495,0.1622521571151997,1,0,0,0,0,1
4,13.190454799870944,15.287588281259277,3.0433282382355378,0.7292738781832387,2.0971334813883318,0.3228792062109434,0,0,1,0,0,0
3,27.16296114663468,37.21177616056672,4.666350351040303,0.5726582109408017,10.048815013932042,0.0905074434443011,1,0,0,0,0,0
3,27.525420007968133,32.31254790549316,19.09352245299072,0.8512641592992708,4.787127897525028,0.1727972869629628,0,0,1,0,0,0
2,158.26962883927354,223.5007048330177,5.659448076045765,0.1298201159738898,65.23107599374413,0.0150986524829289,1,0,0,0,0,0
2,23.1316316573782,23.296526651386245,16.11865373217618,0.3415405287494329,0.1648949940080477,0.8584464738399343,1,0,0,0,0,0
10,39.98302759134426,33.582466992399674,11.095799000633312,0.522683520762423,6.400560598944587,0.1351248985303373,1,0,0,0,0,0
5,23.497725621376944,22.937363112140424,25.00946054886561,0.168943254682339,0.5603625092365192,0.6408767155584231,0,0,0,1,0,0
9,36.55965523266382,38.73241748734614,10.78974383297949,0.7353160023939924,2.1727622546823184,0.3151827712663355,1,0,0,0,0,1
2,45.78136715512129,35.4259738004123,10.299228702435068,0.4542970726500767,10.355393354708989,0.0880638801988579,0,1,0,0,0,1
2,20.005243378553075,16.442486366375206,1.940884464713219,0.3454011912413296,3.562757012177869,0.2191657362710809,1,0,0,0,0,0
6,73.09775632664903,65.3695841338793,4.783694612585981,0.103040962127571,7.728172192769733,0.1145715251617495,0,0,1,0,0,0
10,20.80173865111791,15.089840307157672,6.926265597726209,0.7478472805749583,5.711898343960236,0.148989145656513,0,0,0,0,1,0
2,11.67152181677302,9.95550130040264,31.60560250409124,0.8504283779855756,1.716020516370378,0.3681857312831992,1,0,0,0,0,0
4,43.24382662587448,51.18890613687317,5.093122484313287,0.4555364821133486,7.945079510998696,0.1117933047739172,0,1,0,0,0,0
6,127.22415475160044,152.47905199685331,3.239591741562424,0.6077961793300289,25.254897245252863,0.0380881323076139,0,0,0,0,1,1
5,8.725129600931051,5.665693393788401,2.333211671800754,0.3049179633366385,3.0594362071426504,0.2463396267295646,0,1,0,0,0,0
1,14.773734480589772,15.915122566906666,1.8761899652682927,0.6599778816521198,1.1413880863168924,0.4669868140155588,0,1,0,0,0,0
6,69.47684215504638,68.27325334716569,32.33952519511212,0.1109237124836804,1.203588807880692,0.4538051729177881,0,1,0,0,0,0
1,23.058643279141545,29.11771932614957,9.72780243057368,0.5397795073888826,6.059076047008031,0.1416615989600859,0,0,1,0,0,0
3,47.648381495379766,44.441421818003136,3.639636928490543,0.6797849336566231,3.2069596773766307,0.237701351257918,1,0,0,0,0,0
10,80.99924193040779,55.89888265498663,20.73498199961938,0.9263725959067606,25.10035927542116,0.0383136488447385,0,0,1,0,0,0
5,66.58139684081269,58.48154272471278,27.22109825049381,0.4432022354100559,8.099854116099905,0.1098918715884413,1,0,0,0,0,0
10,45.51222015947044,31.889125357508615,3.794373987141333,0.7886711826829268,13.62309480196182,0.0683849768836786,1,0,0,0,0,1
5,46.07076956323069,20.098252884122186,5.90439094452219,0.6379183269491506,25.972516679108505,0.0370747754796847,0,0,1,0,0,0
10,45.429923243923234,44.82442129295096,18.5715429324016,0.9343109016325724,0.6055019509722754,0.6228581655689738,1,0,0,0,0,0
6,50.83724586279001,57.435940734383664,13.973373689235755,0.4585399080934875,6.598694871593651,0.1316015469627974,1,0,0,0,0,0
10,93.52774236190535,97.90129122254022,7.449017679436281,0.3871858058856892,4.37354886063487,0.186096753920993,0,1,0,0,0,1
8,17.444510735549446,11.840705958930869,18.917520140814304,0.8984277988247295,5.603804776618578,0.1514278561868755,0,0,0,1,0,0
5,15.50130084224441,10.259728076625224,1.8634456963159411,0.1443199612674602,5.241572765619187,0.1602160284837753,0,0,0,1,0,0
1,60.815235509412815,64.12973733576891,3.105325162432689,0.2227468536403091,3.314501826356093,0.2317764692765403,0,0,0,0,1,0
5,25.59474759091963,36.46131963921808,4.552733288716293,0.17416399112564,10.866572048298451,0.0842703348473235,0,0,0,1,0,1
3,12.5405828011334,16.600315671141882,4.089542443131456,0.8587989609187624,4.059732870008482,0.1976388923469637,1,0,0,0,0,0
4,105.98904448048762,98.20839586416032,0.8389917779278873,0.1095466810332874,7.780648616327298,0.1138868030933997,1,0,0,0,0,0
8,48.89354625681226,51.47939757769176,6.210398345949423,0.8754914399473434,2.585851320879499,0.2788738044372489,0,0,1,0,0,0
7,113.7244126052252,139.68763198001824,12.60992418332987,0.5061410158341402,25.96321937479304,0.0370875593934033,1,0,0,0,0,0
5,65.67956051354332,63.31708373141952,15.363021119141749,0.1036227509685736,2.3624767821237995,0.2973998230460293,0,1,0,0,0,0
2,34.19061685454695,22.703773943783045,14.533026671376854,0.4614806594908377,11.486842910763908,0.0800842940963067,0,1,0,0,0,0
6,42.38528845509513,12.505778865606498,17.734962348814896,0.268120756940532,29.87950958948863,0.0323839339838609,1,0,0,0,0,0
6,77.40586540760526,80.92387374366687,11.591955506376609,0.6619604387249467,3.5180083360616123,0.221336466340323,0,0,0,0,1,1
10,12.195791626835293,11.589813250831728,5.360893685989835,0.7114229109294818,0.6059783760035629,0.6226733902161715,0,1,0,0,0,0
10,80.35980515927413,46.08804203756213,1.4111026134742597,0.5387748133644998,34.271763121712,0.028351290423144,0,1,0,0,0,1
6,40.46715719948562,26.030280600656035,1.3703802591027816,0.136467572895703,14.436876598829585,0.0647799438958927,0,0,0,0,1,1
9,36.31082788036813,33.92724721452106,9.247465220042528,0.6905159239304817,2.38358066584707,0.2955448971835441,0,1,0,0,0,1
8,146.2578732759156,126.27759631079192,3.846205298173013,0.8578349052449691,19.980276965123664,0.0476638130975267,1,0,0,0,0,0
8,94.09039134554236,127.77955351732103,8.896188753322287,0.7482918495937613,33.68916217177868,0.0288274474617766,0,1,0,0,0,1
1,22.416808721499923,30.36854072742265,2.809818854630373,0.8469621270597867,7.951732005922729,0.111710225388603,0,0,1,0,0,1
5,51.70120019832029,40.71620788081293,20.171381098118893,0.2804585711957987,10.98499231750737,0.0834376838556021,0,0,1,0,0,0
7,20.00867439944046,27.53448492583026,6.39826454477152,0.8999991456908344,7.525810526389801,0.1172909011881881,0,0,1,0,0,0
6,57.83032923076925,81.20808660381881,6.823363048682034,0.3899741055831665,23.37775737304956,0.0410210006071163,0,0,1,0,0,0
5,130.16051619576487,139.69279351886317,7.332600557261816,0.1120643328267919,9.5322773230983,0.0949462276127978,1,0,0,0,0,0
8,105.3574469893008,80.83767337161167,18.647204279432348,0.8590524816961637,24.519773617689125,0.0391853005822452,0,0,0,1,0,0
3,56.25722432922741,57.93252474625963,3.170283290420819,0.947639142068254,1.6753004170322183,0.3737897970760706,0,0,0,1,0,0
6,52.17590099376739,24.45442743716524,7.479311198222489,0.6900023776756139,27.721473556602152,0.0348171551166855,1,0,0,0,0,0
5,38.35650091528859,32.71986383427436,8.691028592713506,0.3082929674170822,5.636637081014229,0.1506787229424902,1,0,0,0,0,0
8,135.89865797907882,144.95100065391972,4.192629726454678,0.3265700178542773,9.0523426748409,0.0994792987412585,0,0,0,0,1,0
4,72.6437901729243,79.64495126267163,12.833092845532189,0.5199335860920575,7.001161089747328,0.1249818606053811,0,0,0,1,0,1
8,31.277563177949844,27.799890332098038,17.22497808354436,0.9080479716412776,3.47767284585181,0.223330295541001,0,0,0,1,0,1
10,45.86018605630632,46.66440340764715,1.384795356194302,0.2346378905328025,0.8042173513408315,0.5542569465130323,0,0,0,1,0,1
2,47.3962247124848,35.32111732795168,13.804264535142758,0.8433763026251383,12.075107384533112,0.0764812074264817,0,1,0,0,0,0
9,23.45301727480797,31.706490401530687,1.0856969294555252,0.3621725278346354,8.25347312672272,0.1080675316505909,0,1,0,0,0,0
9,47.587741106596695,64.81320552779314,4.201993251508879,0.8277275524861881,17.22546442119645,0.0548682863102784,0,1,0,0,0,0
10,60.77738614683727,71.57274945107244,5.281380117892553,0.9282440778413849,10.795363304235169,0.0847790758289697,1,0,0,0,0,0
10,20.67461385979298,19.29097521596489,5.412873422727012,0.4847444847948882,1.383638643828089,0.419526677245849,0,0,1,0,0,0
6,82.4314178943353,65.45905820997281,19.304222128559903,0.4285455886949777,16.972359684362488,0.0556409963723398,0,1,0,0,0,0
4,26.522229307617486,32.13040874999145,5.72164915152364,0.8219991870741716,5.608179442373967,0.1513276097782165,0,1,0,0,0,1
4,31.57824687243638,33.03541009088627,5.715638649570211,0.5765345941414546,1.4571632184498924,0.4069733717692765,0,1,0,0,0,1
6,25.961731903537327,19.458878264924376,2.4415850776092527,0.7160041436168774,6.502853638612951,0.133282621275399,0,1,0,0,0,1
5,22.41452493513147,28.345677502362904,10.40623929191745,0.6605463132650615,5.9311525672314325,0.1442761489233006,1,0,0,0,0,0
6,91.42630784669906,81.1978963524295,7.031997347460144,0.2375999610803167,10.228411494269563,0.0890597926973331,1,0,0,0,0,0
7,101.53672306057156,79.61138643285626,11.886386620749104,0.8603113242606055,21.92533662771528,0.0436198611274071,1,0,0,0,0,1
7,28.2660457166832,34.955604993401586,2.3950019377688285,0.2761976002718226,6.689559276718388,0.1300464648250636,1,0,0,0,0,0
9,85.22739417993635,68.42496026448647,25.391312337890067,0.9390539296637028,16.802433915449882,0.0561720944871559,0,0,0,0,1,0
8,13.341996364456849,13.761323024999529,14.495286803057892,0.3255141622799331,0.41932666054268,0.7045594420227755,1,0,0,0,0,0
6,35.019618541382734,46.25322679944636,8.604682679531798,0.7604928759463677,11.233608258063626,0.0817420321875079,1,0,0,0,0,0
6,16.695387319758275,21.63222900785649,16.557906662531867,0.3561898541442329,4.936841688098216,0.1684397281478354,0,1,0,0,0,0
5,142.6187523591532,154.79959306999567,25.83370346512728,0.3860068677281775,12.18084071084246,0.0758676947804556,0,1,0,0,0,0
1,93.24006468856142,65.9059181244374,10.572517528742434,0.3790016675040748,27.33414656412401,0.0352931046550798,1,0,0,0,0,0
9,10.761461469286065,9.423263270920785,7.208768613722443,0.7731030286234749,1.3381981983652818,0.4276797410498117,0,0,1,0,0,0
9,23.579649483790885,37.82261595399947,5.612269291683914,0.6011336061724538,14.242966470208582,0.0656040280580841,0,0,1,0,0,0
9,35.730904755144266,44.196708209331376,6.5172974971537005,0.8946572102627475,8.46580345418711,0.105643435851994,1,0,0,0,0,0
8,41.08476477274312,38.71107722485728,9.509906290865942,0.3766354472836404,2.3736875478858366,0.2964115632541794,1,0,0,0,0,0
10,15.55701318241972,10.658629315861864,6.944719123398736,0.7227932698510698,4.898383866557856,0.1695379654195979,0,0,0,0,1,1
3,68.55055522046628,35.98928417144713,13.604364952188211,0.7776537396967996,32.56127104901915,0.0297962493297531,0,0,1,0,0,1
1,85.05213694282956,110.89016731156408,21.483027725483726,0.2363339017269623,25.83803036873452,0.0372605584784257,0,0,1,0,0,0
8,53.67949099567454,70.25376615692655,2.881410064851999,0.4605304215878301,16.574275161252004,0.0569013510272567,1,0,0,0,0,1
7,51.22721365722924,50.73845104486969,2.866604801497315,0.53453574491537,0.488762612359551,0.6716987595591836,1,0,0,0,0,0
5,26.03740608558175,23.362099031289308,5.778422600589415,0.4201186509049369,2.675307054292442,0.2720861101474735,0,1,0,0,0,1
10,34.42648449210581,44.18851919430793,1.3997795199257976,0.3899013363722243,9.762034702202122,0.0929192320663471,1,0,0,0,0,1
7,49.55285349327588,31.23287550950318,24.20312732196843,0.7177779045978777,18.31997798377269,0.0517598933518414,1,0,0,0,0,0
10,53.09233799925905,79.61530263711492,17.7856836535628,0.2942797578935397,26.52296463785587,0.0363332952375548,0,1,0,0,0,0
4,43.08144386117252,51.02792631301298,7.145394157621209,0.7384516707260159,7.946482451840467,0.1117757739293704,1,0,0,0,0,0
9,80.3136274225845,55.15612847550163,7.675929421726748,0.9415397767516576,25.15749894708287,0.0382299547071766,0,0,1,0,0,0
10,60.389637998486656,72.25583934809995,10.773347692562185,0.6086777690599761,11.8662013496133,0.077723018070913,0,0,1,0,0,0
2,85.82139934240745,71.15811616176036,4.258629874892493,0.6502908130655266,14.663283180647085,0.0638435753517857,1,0,0,0,0,0
9,46.46053584726696,30.945269061017743,6.323549219393279,0.1620394319116802,15.51526678624921,0.060550036093429,0,0,1,0,0,0
9,46.26158699719017,55.31199911804575,4.530349747588643,0.8780292132560454,9.050412120855576,0.0994984074259903,1,0,0,0,0,0
5,75.68583222168778,54.78533291693494,8.716273916027689,0.356903008479879,20.900499304752834,0.0456610594162563,0,0,1,0,0,0
1,20.70436200033917,13.787198732099082,8.897093419945769,0.6535460489757083,6.917163268240088,0.1263078663555577,1,0,0,0,0,0
7,193.99872424809132,217.50645308208692,7.507309088133306,0.981200952770322,23.5077288339956,0.0408034545662534,1,0,0,0,0,0
10,25.963727915444306,25.291313523484902,16.645444351996154,0.635952340515527,0.6724143919593999,0.5979379302209905,0,1,0,0,0,1
10,23.92775438505094,29.978601109279253,7.587585741710838,0.7522385387179398,6.050846724228315,0.1418269378291507,0,1,0,0,0,0
4,82.80107198294935,76.58667850341529,7.959348871239667,0.5007876564013767,6.214393479534067,0.1386117908368624,0,0,0,0,1,0
9,62.98735523117457,56.84508310350366,2.0019725511255246,0.1543292591635516,6.142272127670907,0.1400114672368413,1,0,0,0,0,0
6,69.17221450268131,33.95165014858495,13.310493081535654,0.8178394145408097,35.22056435409636,0.0276086255924641,1,0,0,0,0,0
3,47.23988972935053,53.17229976318673,9.37423450019845,0.1314989571375871,5.932410033836199,0.1442499787403124,0,1,0,0,0,0
6,21.54210308348556,21.446179046839717,14.331584328353983,0.7305920459990687,0.0959240366458438,0.9124720022206771,0,1,0,0,0,0
10,116.10691494449406,150.59859084636054,3.925279654179618,0.1206294158346732,34.49167590186647,0.0281756207501999,1,0,0,0,0,1
6,80.62723372320036,95.9447209718462,3.068704412595701,0.8760747129190035,15.317487248645849,0.0612839455463945,0,0,1,0,0,0
5,28.536068380360007,30.905229598438755,6.867251256631538,0.2418724322496825,2.369161218078748,0.2968097800230071,0,0,1,0,0,0
2,76.22908373474525,62.30317204367351,1.1411815111637489,0.562844345898296,13.92591169107174,0.0669975825060101,0,0,0,1,0,1
10,30.308482172898763,27.16139079435394,25.119250539120337,0.6374356340348326,3.147091378544822,0.2411328588450084,0,0,0,0,1,0
10,33.49251177995563,38.09156686674483,6.686590511187688,0.5117908666360709,4.5990550867892,0.1786015648175117,1,0,0,0,0,1
2,35.38684919519561,34.930193448606985,0.5117541495735544,0.4066871404139985,0.4566557465886234,0.686504002295617,0,0,1,0,0,0
7,26.71914410289054,36.19231956358252,5.447529765798119,0.5210328665628745,9.473175460691984,0.0954820248885554,1,0,0,0,0,0
2,46.65139073288888,61.98350289889412,7.262895871373112,0.3802741784930429,15.332112166005238,0.0612290676083812,0,0,1,0,0,0
6,81.03531310856877,75.96268718585877,21.599599369113577,0.4943101123727769,5.072625922710003,0.1646734069787283,0,1,0,0,0,0
5,58.858976452667534,60.23192880669696,8.641208920738672,0.4230216918982276,1.3729523540294295,0.4214159623988801,0,0,0,0,1,0
4,68.79395821176934,55.13145732413162,2.171079403274349,0.6095843411564308,13.66250088763772,0.0682011893921263,0,0,1,0,0,1
7,52.090302978305225,50.75928096533463,10.87800936126375,0.3141317460204851,1.3310220129705996,0.4289963777414626,0,0,0,0,1,1
8,8.18033885074609,10.122933201361189,8.540092737678645,0.9897908994226112,1.9425943506150976,0.3398361720469448,0,0,1,0,0,0
4,161.2079871143075,139.2883398923357,7.049015878302982,0.5507829580439491,21.91964722197181,0.0436306890029858,0,0,0,0,1,1
1,89.98556768644313,81.73079776604621,6.173412179867748,0.2747458696730587,8.254769920396924,0.1080523890492473,0,0,1,0,0,0
1,53.87710181883229,38.13737519780568,15.871700771870405,0.5293600746105452,15.739726621026604,0.0597381320877671,0,1,0,0,0,0
1,19.473460694426773,16.73062822692406,8.345687382130599,0.8797736165723418,2.742832467502712,0.2671773339262547,1,0,0,0,0,0
1,67.0932986198635,77.38537409244506,7.94612738744401,0.119626113811956,10.292075472581558,0.0885576794476899,1,0,0,0,0,0
5,44.243007324760896,41.58050184661263,18.469629694030147,0.7115987071965599,2.662505478148269,0.2730371342695141,1,0,0,0,0,0
4,50.2881839350696,35.81134709160047,14.629930224892671,0.5931710171145352,14.47683684346913,0.0646126860490861,0,1,0,0,0,0
9,79.94582731258953,84.18497552564575,10.909848742714068,0.2526021949331219,4.239148213056225,0.1908707216008794,0,1,0,0,0,0
3,57.11838529281752,56.38503414641866,4.634466603413162,0.8357287953744286,0.73335114639886,0.5769171480790602,0,1,0,0,0,1
7,101.0821690319967,129.40206729444725,6.509517596018625,0.4319961601366051,28.31989826245055,0.0341065303518014,0,0,0,0,1,1
8,32.522191430613105,31.417814894638653,7.733794427728363,0.3644218259339566,1.1043765359744526,0.4752001283539022,0,0,0,0,1,0
6,12.74481340700894,9.574424713177471,2.4499082949296094,0.8453126726712109,3.170388693831466,0.2397858025749798,1,0,0,0,0,0
10,42.95491641057012,53.2997802888986,5.531591056594576,0.6746725415724981,10.344863878328477,0.0881456146785727,1,0,0,0,0,0
1,33.23235787336766,25.17740128928502,8.57870075440451,0.908433175307342,8.054956584082642,0.1104367525911566,1,0,0,0,0,0
8,61.44251471379667,41.45202946422129,12.62245411355848,0.6668953333040795,19.99048524957538,0.0476406327967205,1,0,0,0,0,0
10,23.88878100736329,17.677780617255998,12.247760755734369,0.7667358921389038,6.211000390107294,0.1386770137153079,0,0,1,0,0,0
3,32.54844617827453,27.578585973335485,1.5901186438494366,0.8528013066336516,4.969860204939046,0.1675081100178308,0,1,0,0,0,1
8,63.00736060761497,33.23064120978622,6.194230614822404,0.1492656723189432,29.77671939782875,0.032492092060681,0,1,0,0,0,0
4,37.44127066342329,21.27937210198585,4.1630639258074105,0.7984440629824423,16.16189856143744,0.0582686115070617,0,0,0,1,0,1
8,83.81408528545853,100.1750921325062,1.2628563338488703,0.6523358336646191,16.361006847047662,0.0576003459252166,0,0,1,0,0,1
1,24.251634654229957,23.213974575269894,7.444445269420822,0.1625570168636739,1.0376600789600552,0.490758988864503,1,0,0,0,0,0
3,18.397190273125844,17.63771433473668,5.473297334809343,0.5577201296818436,0.7594759383891656,0.568351051686174,0,0,1,0,0,0
6,67.64551095260768,66.69261050467593,8.360541686902238,0.1742122701855585,0.9529004479317535,0.5120588717459018,1,0,0,0,0,0
9,16.10146686933352,18.3723950852193,12.330741237763586,0.7623524815509001,2.270928215885778,0.3057236154383769,1,0,0,0,0,0
2,9.573149425256606,7.612992387826392,10.833439215714751,0.5918515425080948,1.9601570374302133,0.3378199154150704,1,0,0,0,0,0
1,18.1437701406142,20.685648204915832,27.493103430244297,0.9582161836710676,2.541878064301631,0.2823360888899417,0,1,0,0,0,0
10,87.84414501142166,90.31941466329155,9.349552496477669,0.2648218344145928,2.475269651869894,0.2877474556433175,1,0,0,0,0,0
3,29.12625674049956,22.152780055576628,21.04336853400456,0.6454301072683406,6.973476684922929,0.1254158053651681,1,0,0,0,0,0
4,33.85884312982441,39.0138967403789,3.2135965790672207,0.2904239211134422,5.155053610554496,0.1624681218511615,0,0,1,0,0,0
5,70.81711501720714,71.8310627301695,10.712130456692485,0.6526584862546585,1.0139477129623629,0.4965372206853755,0,0,1,0,0,0
3,80.02010824014873,59.08377981037557,4.583120000155702,0.7503847321247709,20.93632842977316,0.0455864801259424,1,0,0,0,0,0
10,71.91112375301925,54.46055918158807,6.786746534575974,0.7500738963965847,17.450564571431187,0.0541988835153802,1,0,0,0,0,0
2,67.52292135498189,75.62172771894048,14.876527333814272,0.8335665916143489,8.098806363958587,0.1099045259344252,0,0,1,0,0,1
2,27.73016917171605,34.76305800170139,6.7358839347185455,0.868195205162485,7.032888829985339,0.1244882160284826,1,0,0,0,0,0
7,47.71523691175033,51.08657594703398,16.84844611276971,0.1695445536404593,3.371339035283647,0.2287628554839632,0,0,0,0,1,0
9,15.971486782127808,19.522635420138958,4.706917844717228,0.4089404413651637,3.5511486380111474,0.2197247507251268,0,1,0,0,0,0
10,35.2383470712973,46.09766217000264,3.101724569671691,0.7184102683238252,10.859315098705345,0.0843219015328438,1,0,0,0,0,1
2,11.397229454263744,10.75560526381926,9.785894353784016,0.5487276586520909,0.6416241904444835,0.6091528169606477,1,0,0,0,0,0
7,83.875980649223,87.32669991898474,10.115499326830133,0.2716083520793123,3.4507192697617484,0.2246827848240203,1,0,0,0,0,0
7,33.8795099447807,39.54840997663469,6.398556708468414,0.5974386131500282,5.668900031853994,0.1499497661118776,1,0,0,0,0,1
7,46.75100163904438,33.342033128983225,12.991498987177906,0.4666920874895294,13.408968510061158,0.0694012204483439,1,0,0,0,0,0
3,30.57363516337869,38.47877944272136,1.03329390481481,0.4510344498888746,7.905144279342668,0.112294643256899,0,1,0,0,0,0
7,90.44378026194052,121.27005086634796,3.5662124928808376,0.8287783456920974,30.826270604407423,0.0314205837193351,1,0,0,0,0,1
1,14.994601266022984,12.227513008390645,11.313698262600758,0.4668385004489631,2.767088257632341,0.2654570139082729,0,1,0,0,0,0
10,19.48037747147196,33.456226687372755,6.954291548310919,0.1238090549323817,13.975849215900794,0.066774176581468,0,1,0,0,0,0
1,46.08137765092935,55.23482451997162,4.888464431991257,0.1522570050019821,9.15344686904227,0.0984887214064208,1,0,0,0,0,0
5,47.70860976339338,45.88830152783053,9.235867594055645,0.8706196375224582,1.8203082355628557,0.3545711732463979,1,0,0,0,0,0
2,84.43915065689409,40.5889933902411,15.986467572002072,0.9645407290112692,43.850157266652985,0.0222964658530533,1,0,0,0,0,0
9,52.49789735590323,51.29351558186249,10.752091985290964,0.7195684028101368,1.2043817740407334,0.4536419288964424,1,0,0,0,0,0
7,47.447290982285885,52.45259020138869,14.22326700233242,0.4279314646900721,5.0052992191028025,0.1665195960292884,0,0,1,0,0,0
4,25.836360796392174,27.823298628617216,11.155609704072498,0.9447402842152548,1.9869378322250384,0.3347910322107632,1,0,0,0,0,0
4,90.76426308357664,61.024277761078935,18.86584467783784,0.6965227777381622,29.73998532249772,0.0325309198917583,0,0,1,0,0,0
2,39.1590435972098,32.68418314497871,5.513084947225925,0.8599001942794039,6.474860452231091,0.1337817617319559,1,0,0,0,0,0
5,27.08856319041779,31.69484519783508,16.702153531341306,0.7892670736333084,4.606282007417292,0.1783713339209422,0,1,0,0,0,1
4,24.354243156680045,27.96257075879238,1.7205575039608556,0.4412253841953332,3.608327602112336,0.2169984615550392,0,1,0,0,0,1
1,47.03278407869235,58.11142580583866,2.811073452604594,0.530831980765707,11.078641727146312,0.0827907659312831,0,0,1,0,0,0
8,14.342557886058842,14.768321380921526,12.789716467186174,0.2675189389312895,0.425763494862684,0.7013785972240161,1,0,0,0,0,0
3,15.255096131680634,15.134124687511036,2.6521168170300418,0.3628126903966606,0.1209714441695979,0.8920833846403535,1,0,0,0,0,0
6,15.228142656794828,17.17550107566363,6.406700821230379,0.8003130951578695,1.9473584188688025,0.3392868656889719,0,1,0,0,0,0
4,121.47379435966609,124.34096515702596,18.673901566844563,0.9045805526947974,2.867170797359876,0.2585869754402111,1,0,0,0,0,0
9,103.80651858306874,64.09936129985061,3.167696042878942,0.7520143809262706,39.70715728321812,0.0245657045772699,1,0,0,0,0,0
7,22.773524232212843,31.42996363096531,15.106383250193192,0.5186563269909745,8.656439398752468,0.1035578393552795,0,1,0,0,0,0
9,53.34871059883212,65.64212843325711,6.150285035329382,0.1778583420457727,12.293417834424991,0.0752251988506953,0,1,0,0,0,1
10,69.02808527504918,76.32887828979327,2.912398675501218,0.1512531538286034,7.300793014744087,0.1204704174918918,0,1,0,0,0,1
3,58.03776085796992,38.18657865874354,8.289169235709771,0.4368930081515685,19.85118219922637,0.0479589114154449,0,1,0,0,0,0
1,18.07553839953166,21.860976759466705,17.83868186830994,0.5174395468908968,3.7854383599350463,0.2089672721254261,0,0,1,0,0,0
5,25.322842538493685,22.545659119374584,2.57010424857619,0.6482085599919671,2.777183419119101,0.264747535144379,0,0,1,0,0,0
3,52.77721997272607,63.7302973524801,2.429758445234327,0.1058405692482974,10.953077379754028,0.0836604640152156,0,1,0,0,0,0
6,14.833593854610315,16.859895212664195,12.49903660632098,0.9907506014196756,2.0263013580538782,0.3304363583417447,0,0,1,0,0,0
8,87.04896368717147,79.65279868250055,5.2870632227120495,0.4275449950636386,7.396165004670919,0.1191019947135012,0,0,0,1,0,0
4,17.665993471359883,22.311989088810915,27.713378017516384,0.8632851974210093,4.645995617451032,0.1771166801669365,1,0,0,0,0,0
5,49.160381509820176,34.51216037460432,10.122289027977274,0.581470035098864,14.648221135215856,0.063905027373976,1,0,0,0,0,0
5,75.49939882678876,76.56038335282148,15.94051964919984,0.2173955090800118,1.060984526032712,0.485205001478079,0,0,1,0,0,0
4,81.19602337842578,114.86569411191596,9.869054077166568,0.8178089972810697,33.66967073349019,0.0288436543769658,0,1,0,0,0,0
4,81.94628185607753,91.91628572980444,2.634347896804732,0.7388443674278885,9.97000387372691,0.0911576706362879,1,0,0,0,0,1
4,26.151198328223085,32.12328057093847,3.821873104620368,0.5746924764363052,5.972082242715384,0.1434291744112494,0,0,0,1,0,0
4,28.46529277162801,29.029814400851016,4.302761316242193,0.5630977822004021,0.5645216292230053,0.6391730106643742,1,0,0,0,0,0
4,55.8104202269345,55.51145392865766,11.636176657704102,0.1787316451758352,0.2989662982768379,0.7698429138050495,0,0,1,0,0,0
5,67.54251971613559,46.93244023289606,8.067176475993802,0.6902640537164867,20.610079483239524,0.0462747025421903,0,0,1,0,0,1
2,65.58414967030605,63.02835881887237,1.3633208896813456,0.9201206401788696,2.5557908514336773,0.2812313889600129,0,0,0,0,1,0
2,70.58755006409905,82.4769755646378,13.245093559803376,0.1839204272992225,11.88942550053875,0.0775829768330793,1,0,0,0,0,0
9,60.515228146292216,43.964346929516935,31.155190180067173,0.3371603055840144,16.55088121677528,0.0569771960535059,0,1,0,0,0,0
2,53.716704929317686,40.78487231863557,3.118737806066996,0.9120771760978889,12.931832610682122,0.0717780659547443,1,0,0,0,0,1
6,27.808343625819504,30.723212255487017,3.571386849692409,0.3559095188378139,2.914868629667513,0.2554364129671777,1,0,0,0,0,0
2,54.72626772354786,66.03694221708817,4.746078706611517,0.6885493049619337,11.310674493540304,0.0812303176828144,1,0,0,0,0,0
5,113.43449317307132,170.5794832607824,7.351895652483234,0.5813363484488298,57.14499008771108,0.0171983862838657,0,1,0,0,0,0
4,36.09131496208924,33.617387652514545,3.350419007020023,0.6366948445034758,2.473927309574691,0.287858642650306,0,1,0,0,0,0
7,33.73690375698726,31.65301539052509,18.51361845357735,0.4742100114195278,2.083888366462169,0.3242659529687186,1,0,0,0,0,0
7,64.02108290691228,77.33085872941338,23.29217252441515,0.36999232349834,13.309775822501097,0.0698822967182736,0,1,0,0,0,0
6,17.652514737133306,20.170591213871205,8.892771569186026,0.143680105656702,2.5180764767379,0.2842462370025679,0,0,1,0,0,0
10,48.78791159097664,45.63803935359471,7.736438313163251,0.7698528453647477,3.149872237381928,0.2409712740050234,0,0,1,0,0,0
5,84.81356551528323,84.21282950303313,1.5609933903332318,0.7714841159748042,0.6007360122500955,0.6247126274083987,0,0,0,0,1,1
1,49.06584833341338,41.35933141169876,2.8545262762969648,0.7036531660708509,7.706516921714616,0.1148564930145527,1,0,0,0,0,1
3,48.87128204048486,34.74673165001536,0.8442002906447337,0.6792704093076585,14.124550390469494,0.0661176679096613,0,0,0,0,1,0
9,7.522879027390442,7.268727597655358,4.942387864191352,0.3193454189507736,0.2541514297350833,0.7973518797576397,0,0,0,1,0,0
1,36.68491120969737,50.64943091013201,5.728350135726251,0.1201104403896621,13.964519700434645,0.066824730764393,1,0,0,0,0,0
5,21.4510706694886,17.597543291747755,12.38236404977996,0.8278438571968957,3.8535273777408463,0.2060357183903362,1,0,0,0,0,0
2,16.6116340783857,10.652160649955723,8.963509641537208,0.5420246821262442,5.959473428429975,0.1436890319768912,1,0,0,0,0,0
4,41.23956587124084,30.89144120510124,4.082910046302985,0.3761543176323565,10.348124666139594,0.0881202867804042,1,0,0,0,0,1
1,67.4520695980381,76.41670836108364,12.859142144647704,0.191738716102513,8.964638763045542,0.1003548672239439,0,1,0,0,0,0
3,39.19029611795827,43.39138287309882,34.50834425502229,0.1564494318112495,4.201086755140551,0.192267510056747,0,1,0,0,0,0
10,76.87810419625211,101.3010079989329,13.328917316912325,0.4139800496156596,24.422903802680796,0.0393346097582508,0,0,1,0,0,1
7,66.7156450465431,84.42140495185858,5.338538486340792,0.8242633582902464,17.705759905315475,0.0534594694394552,0,1,0,0,0,0
10,29.012259012057434,31.17062834361617,9.693224752313688,0.9268513744004474,2.1583693315587347,0.3166190825144806,1,0,0,0,0,0
3,31.881253371109118,37.06636360573993,3.2637979634899343,0.9070762281517584,5.185110234630816,0.1616786058882084,0,0,0,1,0,1
4,9.687663516664957,7.872714016180095,2.946846766602409,0.9280007512746894,1.81494950048486,0.3552461597722287,1,0,0,0,0,0
2,137.11602706331743,160.74323164972483,24.48257053984239,0.9169528088164084,23.6272045864074,0.0406055017934083,0,0,0,0,1,0
3,22.7195184109702,22.10140057322592,9.809378429075691,0.5745022764403562,0.6181178377442791,0.6180019629435888,1,0,0,0,0,0
9,50.01483643204833,60.65203978948167,16.311170593883787,0.2974740747012134,10.637203357433345,0.0859312988941834,0,0,0,0,1,1
3,40.45517557493115,44.68967899459631,6.550303362456422,0.8182419245531384,4.234503419665167,0.1910400891597787,1,0,0,0,0,0
5,109.78075468274612,96.78938420478488,2.9275128399510484,0.2923416773673211,12.991370477961254,0.071472626757698,1,0,0,0,0,0
2,54.51826215131271,39.51991221732997,2.416725181499434,0.3404865490809122,14.998349933982738,0.0625064462351745,1,0,0,0,0,0
4,44.173250900944566,38.648495065380736,3.738972484085604,0.3099288896402936,5.52475583556383,0.1532624400363613,0,0,1,0,0,1
7,94.5758029014813,98.94138839731332,10.78391132867937,0.5634841633262253,4.365585495832036,0.1863729504966039,0,0,0,1,0,0
7,50.0165994817075,39.81253722675845,1.944331839781931,0.3896447573521719,10.20406225494905,0.0892533419794486,1,0,0,0,0,1
3,24.42692148234648,23.493413425095827,8.330692328762833,0.2387404446628073,0.933508057250652,0.5171946381345564,0,0,0,0,1,0
5,61.90384768728508,78.73662510657164,11.824059544839134,0.5078560707044941,16.832777419286558,0.0560765144143209,0,1,0,0,0,0
1,16.008052304315584,20.71002997719277,2.8259476252831144,0.8865165149066503,4.701977672877192,0.1753777474010003,0,1,0,0,0,0
10,21.853856425296343,24.46633919750361,34.38235161458679,0.613497569454975,2.6124827722072688,0.2768179291244034,0,0,1,0,0,0
10,32.97116269257462,44.20839659276209,14.96722062677926,0.8905020452988284,11.23723390018747,0.0817178136951913,1,0,0,0,0,0
10,18.35559075788422,12.548945516222664,7.325816345079854,0.2762849665712237,5.806645241661556,0.1469152518599444,1,0,0,0,0,0
1,35.60414437266974,47.15354000299016,4.324193131853625,0.2502764863052986,11.549395630320426,0.0796851122920942,0,0,0,0,1,0
5,4.904889111598923,3.2374320965968533,10.071037941521308,0.6180194131285782,1.6674570150020696,0.3748888901961271,0,0,0,0,1,0
10,49.199497703504605,49.32294468568769,9.832750033896808,0.5169960113916457,0.1234469821830828,0.8901176609658957,0,0,0,0,1,1
9,59.738440115624826,47.59842648684648,8.47114496185786,0.6941553774822612,12.140013628778348,0.0761034218267376,0,0,0,0,1,1
1,29.923739453090867,35.45131230350604,10.347031515851926,0.8151641119241034,5.527572850415169,0.1531962986726985,1,0,0,0,0,0
1,11.788046400273624,7.1732903613595465,3.436601380109732,0.7761765660869588,4.614756038914079,0.1781021282259317,0,0,1,0,0,0
4,43.38314355669604,24.241784329147112,13.28310205668441,0.948035056292705,19.14135922754893,0.0496490822045525,1,0,0,0,0,0
4,66.60772588758864,55.70979435942146,2.2516824576653818,0.4584307682413104,10.897931528167184,0.0840482228051656,0,0,0,0,1,0
2,14.86875793449736,12.173044229608012,0.939902449670786,0.2857480680233627,2.6957137048893465,0.2705837301945284,0,1,0,0,0,0
9,193.1467073770979,165.5780650708568,12.26378998780885,0.5958213759530971,27.568642306241088,0.0350034135077374,0,1,0,0,0,0
9,50.24744308886659,41.76863359607629,10.581372706420568,0.199668808172067,8.478809492790297,0.1054984806647514,0,1,0,0,0,0
2,68.59232848035296,80.37829790513544,7.91882368981855,0.3599660109984682,11.78596942478248,0.0782107298068259,1,0,0,0,0,0
9,165.38256594971244,161.87924281807173,4.7480962887368445,0.28709924973683,3.5033231316407125,0.2220582380540093,1,0,0,0,0,1
6,57.29231811823831,79.48009670385913,5.498568508528011,0.4569073451173728,22.187778585620823,0.0431261664979032,0,0,0,1,0,1
8,23.824624368589635,25.199737731075125,3.3284458537273687,0.2000949175019938,1.3751133624854894,0.4210325350338343,0,0,1,0,0,0
10,27.67233418662654,33.77592547145911,9.71070431899813,0.128657570093288,6.103591284832572,0.1407738649231097,1,0,0,0,0,0
4,82.18236919295583,94.09524881063244,0.7470419777205757,0.6911146041670286,11.912879617676596,0.0774420601452125,0,0,1,0,0,0
2,73.68483809980415,57.13797177120522,1.281375772761737,0.6492240804608244,16.54686632859893,0.0569902329722624,0,1,0,0,0,0
2,83.09837691605884,72.27887689692265,3.4760715918298595,0.737523042434795,10.819500019136186,0.0846059476611502,1,0,0,0,0,0
9,64.25699201185475,80.22726079708048,8.85832617895172,0.6943477962442096,15.970268785225729,0.0589265858222939,1,0,0,0,0,0
1,58.484797029871416,32.51565798604564,7.441122539006413,0.2028652130281451,25.969139043825777,0.0370794187524846,0,0,0,1,0,0
7,6.177490070377639,6.929080179446591,19.453667903368117,0.3619709932380817,0.7515901090689523,0.5709098234926345,0,0,1,0,0,0
3,70.04224614605413,66.92096671220087,6.427357995232507,0.2165739489103171,3.1212794338532603,0.2426430956818264,0,1,0,0,0,0
3,56.33791062338842,45.84654655776896,14.039350924157375,0.8586751618437068,10.491364065619464,0.0870218708840544,0,1,0,0,0,1
2,20.01484585131408,18.68243505106697,8.526003064006826,0.772213289819971,1.3324108002471071,0.4287409404441341,1,0,0,0,0,0
10,27.758845739083988,39.003613737820174,0.9128553853518794,0.2813743026264182,11.244767998736188,0.0816675334398506,0,1,0,0,0,1
6,76.24953987297505,43.3902967749392,2.927881142617044,0.4071783164409041,32.859243098035854,0.0295340329110312,1,0,0,0,0,0
10,167.23801435218962,116.28546516210018,3.328849064378636,0.9699534930377928,50.95254919008944,0.0192483336350078,1,0,0,0,0,1
2,85.19939205129268,43.91979859578544,4.097639299613917,0.6347434220916863,41.27959345550724,0.0236520722710436,0,0,1,0,0,0
10,115.84917152448584,103.16298299167164,5.903794573297937,0.8210400375710415,12.6861885328142,0.073066361580683,0,0,0,0,1,1
4,13.909267456352516,11.737290119705994,16.58972760379399,0.3381319312918562,2.1719773366465205,0.315260764459692,1,0,0,0,0,0
10,88.5654720560049,92.12038157730484,6.814283197267272,0.2890476281613747,3.5549095212999333,0.2195433290878209,1,0,0,0,0,0
9,71.95615314892315,63.33080633762377,4.558816871734125,0.8055252359618935,8.62534681129938,0.10389236041096,0,1,0,0,0,0
9,54.11940292110532,60.22070895473003,14.69835651866683,0.7172852097082961,6.101306033624709,0.1408191669623864,0,0,0,1,0,0
6,31.76346108904276,25.508197454982163,14.62275456428828,0.7128801362905873,6.255263634060597,0.1378309666523205,0,0,1,0,0,0
4,60.00086873897931,91.46295808911506,0.5560306098037394,0.5973711236462745,31.46208935013576,0.0308051644246927,0,0,0,1,0,0
7,78.72628554590344,90.82948427529756,7.386934014133121,0.607220508498894,12.103198729394109,0.0763172428848783,0,1,0,0,0,1
1,45.98719531622198,51.91590740935172,18.062322121918328,0.7621277547756284,5.92871209312974,0.1443269667665314,0,0,1,0,0,0
4,26.661168754695275,30.83702673969913,6.507588373585115,0.3430022330090758,4.175857985003855,0.1932046827593271,1,0,0,0,0,0
5,105.14556345278882,77.65127371688358,3.061093999270966,0.4174916192712602,27.49428973590524,0.0350947508875757,1,0,0,0,0,0
8,37.08326404833437,34.79571231960868,13.94836590150604,0.8844730934680496,2.2875517287256883,0.3041777232772599,1,0,0,0,0,0
2,55.36573752332225,52.5490708272441,2.655736739866365,0.377978680910942,2.8166666960781512,0.2620087316053976,0,1,0,0,0,0
5,8.337570799932974,7.353758814946607,8.619300652691894,0.5916786142413691,0.9838119849863672,0.5040800275268384,0,0,0,0,1,0
6,24.948836614280676,22.78382701733729,6.451608824904847,0.7323755176060157,2.165009596943378,0.3159548081515312,0,0,0,1,0,1
5,89.73964979884175,108.34450613672806,1.5548700654791938,0.9999323441498588,18.604856337886304,0.0510077698487136,1,0,0,0,0,0
9,85.48553664981387,84.2307595994787,16.023145987022012,0.4917621983457988,1.2547770503351643,0.4435028287392555,1,0,0,0,0,0
10,59.61293671436258,64.07761001080468,10.28250126274116,0.4852835889624494,4.464673296442093,0.1829935562023577,1,0,0,0,0,1
1,9.631499185949718,5.564866889981212,19.9527858805283,0.8583295414903007,4.066632295968506,0.1973697599479826,1,0,0,0,0,0
3,27.59727027253263,15.53518864568546,7.4071506843252095,0.824952800133877,12.06208162684717,0.0765574759496716,0,1,0,0,0,0
2,134.7494261905528,102.95069094128388,3.279448666280492,0.7579682935610936,31.79873524926893,0.0304889805170853,0,0,0,0,1,0
3,46.74206204066994,65.89989273752207,1.709872115729662,0.516906673668126,19.157830696852123,0.0496085126935886,0,0,0,0,1,0
10,76.775949249886,115.32851121931,14.826159386692206,0.3915452081446442,38.55256196942399,0.0252828122935006,0,0,1,0,0,0
9,26.92212016842433,33.53830063942109,2.990133849864496,0.6478574343263638,6.616180470996756,0.1312994096986158,0,0,1,0,0,0
9,45.43292596984829,40.95382532193489,34.26066706042881,0.8886009638184769,4.479100647913391,0.1825117047960837,0,1,0,0,0,0
10,27.179639772862675,30.077709782289013,25.17081953018583,0.8953997123877279,2.8980700094263376,0.2565372088191832,1,0,0,0,0,0
2,34.695742595383486,45.64383303523175,7.98066784092474,0.1976485105633946,10.948090439848263,0.0836953825412037,0,1,0,0,0,0
3,23.86446963248892,34.92810780731061,6.077391720121713,0.4855152554318356,11.06363817482169,0.0828937328448,0,1,0,0,0,0
4,39.24578192414338,27.96255459792455,4.067237282833319,0.5182497605788745,11.283227326218828,0.0814118287842379,0,0,1,0,0,0
9,40.59233404772095,42.663590625707975,4.518041497315112,0.979853830771378,2.071256577987029,0.3255996282327615,1,0,0,0,0,1
3,71.02694107801736,65.29872560258926,30.23307759468862,0.710198213718326,5.728215475428101,0.1486278202076119,1,0,0,0,0,0
7,11.502824989289406,13.188147793005031,5.331573446214071,0.4665217755358635,1.6853228037156267,0.3723947074878,1,0,0,0,0,0
3,17.194678306857792,17.41941025154336,10.824010391471605,0.1234520973870337,0.2247319446855691,0.8165051988226979,0,0,0,0,1,0
7,45.85397881021906,34.386777639381975,11.421280906815594,0.6088466440892764,11.467201170837086,0.0802104647464236,1,0,0,0,0,0
7,18.92976809409335,20.79824382706703,15.415368084216468,0.1864683780745205,1.8684757329736783,0.3486172075659586,0,0,1,0,0,0
9,20.68211420619378,17.08057058341557,10.174271249765896,0.8510049616129868,3.601543622778209,0.2173183787826929,0,0,1,0,0,0
2,114.037426702334,113.02919954559948,7.471402026043065,0.7772667945133259,1.008227156734506,0.4979516369184341,1,0,0,0,0,0
6,68.1443503204497,68.35882786861869,3.7245918798126354,0.514458243917361,0.2144775481689862,0.823399330442671,0,1,0,0,0,0
9,39.36077670598672,55.96163226513267,11.20818518355283,0.4862897015875298,16.60085555914595,0.0568154199458996,0,0,0,1,0,1
2,25.99551694326945,28.07946441968964,9.552078079100363,0.907605069011892,2.083947476420189,0.3242597377698496,0,1,0,0,0,0
2,119.4807823187277,116.81618978182568,5.246091389475147,0.3596125153763155,2.6645925369020205,0.2728816341599008,0,0,0,0,1,1
5,14.696738292121054,17.357816948322675,10.52310900306749,0.3241179658960937,2.661078656201621,0.2731435442683175,1,0,0,0,0,0
10,82.47614541144998,64.24570466074611,6.985901905782415,0.9452776895431858,18.230440750703863,0.0520008882252685,1,0,0,0,0,1
10,124.02349244293904,127.15359614806104,9.554030674844944,0.8283212530781343,3.1301037051219964,0.2421246708066527,0,0,0,1,0,1
10,46.07772850358845,53.38599912186909,12.808869149576443,0.8385630337604751,7.308270618280638,0.1203619917964282,0,0,1,0,0,0
8,57.53042004687737,65.99894496494969,8.549547570180675,0.275674432848333,8.468524918072319,0.1056130715874578,0,0,0,0,1,0
9,59.739988261478885,51.830891057518926,13.674213070589843,0.228966392287841,7.909097203959959,0.1122448186507062,0,0,1,0,0,0
2,70.40398727552109,76.8095485475536,8.432832838222682,0.1234265948354214,6.405561272032514,0.1350336542047868,0,0,0,0,1,0
5,52.95376876322685,61.96009416619123,15.406708857500194,0.313337358026812,9.006325402964386,0.0999367859557864,0,0,1,0,0,0
7,56.77519998484672,43.92812164573584,5.840722898914782,0.7967714425428922,12.847078339110888,0.072217400343256,0,0,1,0,0,1
6,25.40720623740682,21.5699309250564,3.084036188547981,0.3160345768877348,3.8372753123504246,0.2067279481585061,0,1,0,0,0,1
6,9.270283049576644,8.523058865624114,9.213501547622576,0.7561929552353885,0.7472241839525307,0.5723364003226094,1,0,0,0,0,1
7,79.19803281376193,125.32158289121972,22.891393832654007,0.3267174388306794,46.12355007745779,0.0212208120643772,0,0,0,0,1,0
3,17.782421987935024,14.457163123188565,14.35228164739566,0.4557632481556045,3.325258864746459,0.2312000347888122,1,0,0,0,0,0
3,108.85572480423129,117.7037438689244,22.708411774962,0.9848460609202676,8.84801906469312,0.1015432640240488,0,1,0,0,0,0
10,41.0306907226188,37.40908040471157,5.208886104540839,0.320330558155722,3.6216103179072254,0.2163747982224567,1,0,0,0,0,0
9,142.8674001610857,109.38165172594216,7.442938697105532,0.4387335645684409,33.48574843514355,0.0289974857840384,0,1,0,0,0,0
8,56.40733719664915,66.24914939871759,3.2461765243657217,0.3709784624186922,9.84181220206844,0.0922355028257376,0,1,0,0,0,1
5,33.144986841439895,21.454702456262314,2.424286934452016,0.198662487697002,11.69028438517758,0.0788004405297656,1,0,0,0,0,0
6,67.24556134619937,91.51325757064568,20.624682075680063,0.5409047279177425,24.267696224446325,0.0395762237727279,0,0,0,1,0,0
10,132.52913359991294,98.09331302049478,19.24190263590155,0.440821596999702,34.43582057941816,0.0282200322625185,1,0,0,0,0,0
1,48.145161298340696,40.13460151767517,11.993710561716584,0.7253983772265521,8.010559780665524,0.1109808962308598,0,1,0,0,0,0
10,46.58429179714272,53.24414462468184,5.270988853684779,0.8358350922563916,6.659852827539119,0.1305508111598105,1,0,0,0,0,1
1,43.94370016643805,52.2108131502648,13.054801887653948,0.5898247430460747,8.267112983826749,0.1079084717910778,1,0,0,0,0,0
4,32.70237687878863,34.60977920762076,18.159393771877724,0.1289767798786031,1.9074023288321345,0.3439496453872921,1,0,0,0,0,0
2,53.26670344906575,46.1715567465143,24.62005521916588,0.6570301206112494,7.095146702551453,0.1235308063885756,0,0,1,0,0,0
7,58.5368719552565,35.218086613700244,1.89538961674972,0.1498516570188452,23.318785341556257,0.0411204748080565,1,0,0,0,0,0
2,141.3502063696698,138.17255509232407,5.934465471382633,0.6547206912391225,3.177651277345717,0.2393689500659693,0,0,0,0,1,0
10,33.173508606492426,26.12380890881245,5.467127742990995,0.7165269543422697,7.049699697679976,0.1242282367736292,1,0,0,0,0,0
2,117.61197666676458,188.53354601418317,6.685489636118923,0.2779908648557666,70.92156934741857,0.0139040347572156,1,0,0,0,0,0
5,60.86056642804533,62.88444188994139,11.37472331737862,0.8374115338495939,2.0238754618960613,0.3307014500435047,1,0,0,0,0,0
4,67.65111217161726,45.8473246766159,0.9923662372594662,0.9199766184166436,21.80378749500136,0.0438523644468798,1,0,0,0,0,0
8,29.802691795079298,27.32741288608943,5.166659199739679,0.8317782677024377,2.475278908989868,0.2877466891688017,0,0,1,0,0,0
4,41.48395584587605,49.3447745192089,5.606387746768492,0.3745982711908739,7.860818673332851,0.1128563891065233,0,0,0,1,0,0
6,36.28116294462443,46.825154317809165,8.371370683333136,0.627978711201071,10.543991373184738,0.0866251513599426,0,1,0,0,0,0
5,71.89139939750838,66.33159243736102,9.194086690666822,0.923333634272105,5.559806960147355,0.1524435103159707,1,0,0,0,0,0
2,22.28914612097811,21.62815751697932,6.598065761244024,0.388598253600565,0.6609886039987884,0.6020510902919654,1,0,0,0,0,0
8,21.366152789145097,24.382951003211417,28.073784322269187,0.8380250400388826,3.01679821406632,0.2489545022446301,0,1,0,0,0,0
2,7.395347075160908,5.665435042227544,7.090983242439984,0.1085276181355268,1.7299120329333642,0.3663121697461705,0,0,0,0,1,0
9,67.86765601257315,73.75944943391464,11.295405719208071,0.1032820325062086,5.8917934213414895,0.1451001123892291,1,0,0,0,0,0
9,17.47320470217052,18.721101284950414,12.762712994762872,0.7837404943050706,1.247896582779898,0.4448603230506866,0,0,1,0,0,1
3,45.098822627642186,51.11497134286718,3.5891932929808963,0.7853028239144091,6.016148715224993,0.1425283357848454,1,0,0,0,0,0
4,15.236786788874534,15.08881324387403,3.771672320578664,0.8100794690670644,0.1479735450005037,0.8711002133760506,1,0,0,0,0,0
8,45.95354987490624,27.979210954464342,12.92570465404909,0.937024154099346,17.9743389204419,0.0527027584040177,0,1,0,0,0,0
9,44.09974627714261,46.61076158250432,19.40440895770716,0.2061156806382558,2.5110153053617026,0.2848178982509393,1,0,0,0,0,0
3,30.88315717321393,24.11952903408208,24.51722411194296,0.3087864864853195,6.763628139131853,0.1288057570608762,0,0,1,0,0,0
5,58.794503027450354,84.16277624213924,3.6867571704020814,0.9133524283364268,25.36827321468889,0.0379243643244311,1,0,0,0,0,0
8,29.55852753941043,42.52354420837289,15.97678535521294,0.2595125779951181,12.96501666896246,0.0716075049321295,0,0,1,0,0,0
3,78.00834689752492,55.68198561193575,7.881403365945392,0.7140063408189256,22.326361285589165,0.0428699524866654,1,0,0,0,0,0
7,89.76850737263558,70.57978371392971,19.206867915675065,0.5774167000367338,19.188723658705868,0.0495326013127519,0,0,0,0,1,0
8,93.12652968280575,39.395935110828766,10.411921574550838,0.1748743091663565,53.73059457197699,0.0182713162139118,1,0,0,0,0,0
10,45.60453632748876,53.989451291985546,12.064416174787771,0.3567372957473795,8.384914964496787,0.1065539755856082,0,0,0,1,0,0
3,65.79393681009901,56.36734265111829,21.544147389591373,0.5683349947968711,9.42659415898072,0.0959085953430605,0,0,1,0,0,0
2,45.495959099685095,48.57404819827413,23.040389149284803,0.8671151050154506,3.0780890985890323,0.2452128866792016,0,0,0,0,1,0
10,60.96728606297472,52.749374480859615,8.871606265915204,0.7367846406532064,8.217911582115107,0.1084844426084789,0,1,0,0,0,1
7,47.086973876440055,28.22710511369245,1.6586231240738571,0.6596948453094398,18.85986876274761,0.0503528000082136,0,0,1,0,0,1
9,50.32959149796143,52.97985662414366,4.370029513344013,0.5464296009472733,2.6502651261822265,0.2739527035522182,1,0,0,0,0,0
1,112.12715167897257,148.25392316737486,30.791034346754277,0.3688155854327208,36.1267714884023,0.0269347416947466,1,0,0,0,0,0
3,9.750598592842966,9.682334366210648,12.503108168855189,0.207320420187335,0.0682642266323192,0.936097994362761,1,0,0,0,0,0
5,51.77067658237245,38.479360737048175,3.704219445413231,0.468168431109486,13.291315845324275,0.0699725631161648,1,0,0,0,0,0
3,51.53784792031249,49.62859806220746,4.962684332044432,0.1256666445201633,1.909249858105028,0.3437312189649331,0,0,0,0,1,0
1,28.86577886984777,32.56994143992742,17.230968753264417,0.2899503003401655,3.704162570079653,0.2125776873359773,1,0,0,0,0,0
7,64.60609941276343,61.34625046970383,27.618191840268004,0.4892350382853938,3.2598489430595947,0.2347501081298342,0,1,0,0,0,0
7,43.9511478388646,31.880376967509697,8.257158175043935,0.4767446671047236,12.070770871354902,0.0765065817343289,0,1,0,0,0,1
10,31.44739965477921,47.32672772423689,19.239226019320878,0.1398658878972931,15.879328069457674,0.0592440644488361,0,1,0,0,0,0
8,49.96837034512859,31.07348373903266,15.80173316101979,0.6301541381727621,18.89488660609593,0.0502641718849301,0,0,1,0,0,0
5,116.088443135597,182.1022611791012,10.511083996485466,0.5947158302679126,66.01381804350422,0.0149222955682187,1,0,0,0,0,0
10,171.29931227092655,167.3247657155163,13.667342245110705,0.1702938736188215,3.9745465554102566,0.2010233473264839,0,1,0,0,0,0
5,39.16299662036243,47.94732763328602,10.181242626170548,0.9488467472143952,8.784331012923595,0.1022042282378993,1,0,0,0,0,0
5,36.31336067551928,38.26718471137726,19.70464558779304,0.1894445010557741,1.953824035857977,0.3385442016384489,0,0,0,0,1,0
1,43.68542509758306,34.099936071240776,14.213689949038608,0.8693507361136025,9.58548902634228,0.0944689468300871,0,0,1,0,0,0
10,12.85197802338586,17.121678331497943,1.900317377383701,0.1002787587235053,4.269700308112082,0.1897641120996231,0,0,0,0,1,0
5,40.55581982334787,46.80081792121137,7.029020277070628,0.8940529855408448,6.244998097863501,0.1380262612208128,1,0,0,0,0,1
6,9.457173706165651,9.23117080246914,3.6608655566639,0.1177477589838813,0.2260029036965125,0.8156587533234279,1,0,0,0,0,0
1,24.869366118538952,29.39352768463897,9.006214009766856,0.7820308287029044,4.52416156610002,0.1810229458415326,1,0,0,0,0,0
7,61.21853764571953,59.11675401150169,6.719635912826081,0.4255217301702276,2.1017836342178384,0.3223951499931635,1,0,0,0,0,0
1,22.16006616085773,9.96570471241714,4.846766615383816,0.7643951201226878,12.19436144844059,0.0757899504199339,1,0,0,0,0,0
2,54.17177933011985,31.0046361641178,2.68236740420157,0.4615706848824806,23.167143166002045,0.041378494476202,0,0,1,0,0,1
2,36.56416523925377,36.36232670085744,0.8688215643229101,0.1638171300986575,0.2018385383963234,0.8320585237134704,1,0,0,0,0,0
5,29.16389479644116,26.847845337681093,19.48108615010505,0.7907560258558277,2.3160494587600624,0.3015636565245683,0,1,0,0,0,0
10,80.52711128628926,78.72435879579116,19.458545530624225,0.1641274167892285,1.8027524904980936,0.3567921189581332,0,0,0,1,0,0
7,48.15262661527565,44.05794305791744,2.5724655666092247,0.929908392365096,4.094683557358216,0.1962830446173064,0,0,1,0,0,0
1,59.301212725048615,42.67254638192567,10.373356940481912,0.1458766322124952,16.628666343122944,0.0567257885841209,1,0,0,0,0,0
10,36.32270754361424,23.76763356817849,1.4091054724358365,0.5313927499943639,12.555073975435754,0.0737731126965578,1,0,0,0,0,0
1,73.66700795228405,58.09029516965781,4.133841478457544,0.7507309877657161,15.576712782626238,0.0603255912745307,0,1,0,0,0,0
1,18.721094247526395,22.251405492059146,6.361061109622305,0.4539218183128339,3.5303112445327507,0.2207353857214149,1,0,0,0,0,0
6,92.1837022611794,73.35244409020139,4.563737140308841,0.2955101271331912,18.831258170978018,0.0504254440831921,0,1,0,0,0,0
2,5.49619470085537,6.928157117466702,12.471488079732389,0.7831818652564243,1.4319624166113316,0.4111905649403038,1,0,0,0,0,0
1,6.438860140745338,4.770178552918759,0.3325053020813775,0.8058652343098538,1.6686815878265788,0.374716865646912,0,0,0,1,0,0
6,31.057734952501576,40.25950453060376,4.005707768594159,0.9304254855589305,9.201769578102189,0.0980222100042792,0,0,1,0,0,0
2,36.06068989982893,31.41263886661387,15.068785373540338,0.43854859938797,4.648051033215058,0.1770522245849409,0,1,0,0,0,0
6,35.18666633733708,32.47701706488971,1.269325865108356,0.5556265610475942,2.709649272447372,0.2695672627132938,1,0,0,0,0,1
10,22.25794831057337,20.592116888403392,4.427276508964527,0.4268155985614649,1.6658314221699762,0.3751174930581334,1,0,0,0,0,0
8,120.32617026477944,137.83718269428766,16.507097075974116,0.3313736396662313,17.511012429508213,0.0540218966308893,0,0,1,0,0,0
2,42.36055564043611,45.03008356992647,29.63483792458363,0.7759296653838477,2.669527929490357,0.2725146174698513,0,1,0,0,0,0
9,93.3088541040494,96.55533160900347,19.47678268831075,0.4056866605152599,3.2464775049541004,0.2354892964423719,1,0,0,0,0,0
8,10.306459550392772,10.098037381879116,6.217799828455938,0.4853344977931169,0.2084221685136587,0.8275253682493968,1,0,0,0,0,0
10,23.115897685164946,19.82538506191077,29.491417084772472,0.4633062918616251,3.2905126232541733,0.2330723826752296,1,0,0,0,0,0
1,18.795885565335656,23.95020634550791,15.381817446699497,0.7413951030820712,5.154320780172256,0.1624874678651395,0,0,1,0,0,0
7,8.614698761408103,8.799830655619454,2.641684448682212,0.9260160634996116,0.1851318942113504,0.8437879402996348,1,0,0,0,0,0
10,50.89844974814599,58.20458045328956,1.4951097985203117,0.7000804551766395,7.306130705143566,0.1203930007242422,0,1,0,0,0,1
6,30.3123649160324,31.82899176051211,14.49258760877272,0.5244243364848094,1.5166268444797133,0.3973572809149382,0,1,0,0,0,0
6,15.000003802894469,13.419108972865637,7.207202442796755,0.8012846032649951,1.580894830028834,0.3874625143050978,0,1,0,0,0,0
6,24.7595046320991,39.58661686004629,2.540489356846967,0.6768741917099238,14.82711222794719,0.0631827199806052,0,0,0,1,0,0
6,66.49601895662704,86.94587515239697,6.9141538221686965,0.1545493214060321,20.449856195769925,0.0466203591703895,0,0,0,1,0,0
10,103.8841910771344,89.85702045178434,17.389091613928148,0.1860972277769574,14.027170625350069,0.0665461266749078,0,1,0,0,0,0
7,31.06865043393088,47.011282925381884,4.611697338863797,0.13412524966627,15.942632491451008,0.0590227050314987,1,0,0,0,0,0
3,26.964451924315306,33.215970200995635,4.495524380525738,0.5111346935856879,6.251518276680329,0.1379021553618409,1,0,0,0,0,0
6,32.537593130214944,23.64688776175888,6.843229994440939,0.8432680909050684,8.890705368456064,0.1011050236304935,0,1,0,0,0,1
3,25.8609442903154,31.56326689579171,7.624129030244582,0.3817748524162169,5.702322605476308,0.1492020093426902,0,1,0,0,0,0
7,27.186728687947465,30.01531764764589,5.850731684176651,0.4457441647832335,2.828588959698429,0.261192833842045,0,0,1,0,0,0
7,110.28022688292032,114.8451055813768,12.598389507046324,0.9185293975311016,4.564878698456482,0.1796984362439684,1,0,0,0,0,0
8,68.59648493903558,85.99842368248684,13.620626982774224,0.8532131007849894,17.401938743451268,0.0543421002504897,0,1,0,0,0,0
2,75.43682043649787,81.86485247768698,7.428572299911033,0.698543301144304,6.4280320411891125,0.1346251597266825,1,0,0,0,0,0
9,21.951451959284203,10.921644835595142,4.356003137485804,0.3401234038830262,11.02980712368906,0.0831268523026277,0,0,1,0,0,0
5,66.05562272258061,43.70537576839042,5.178040010854196,0.2053373344195991,22.35024695419019,0.0428260995252793,1,0,0,0,0,1
9,37.59012204387834,29.549900360407303,20.76700771463552,0.1144529404121023,8.040221683471035,0.11061675642627,0,0,1,0,0,0
10,19.672797214647197,29.487488933773925,29.175747210465644,0.1963096053439788,9.814691719126731,0.0924668058943753,1,0,0,0,0,0
5,154.0092608626026,179.10059119683098,2.117587339202113,0.3633367992615485,25.091330334228388,0.0383269073362706,1,0,0,0,0,0
7,57.456316013219165,65.22891910029836,2.768160348011632,0.5966110572215462,7.77260308707919,0.1139912509518251,0,0,1,0,0,1
9,108.4595197595396,111.38387380172551,5.081166514297269,0.1576000744771482,2.924354042185925,0.2548190069627318,1,0,0,0,0,1
4,85.89819329947288,66.10822888114635,21.115629043418988,0.2226050004866041,19.789964418326534,0.0481001304224691,0,0,1,0,0,0
2,9.63962113781604,6.136514033124133,5.837357022315436,0.2629726320771469,3.5031071046919067,0.2220688908238654,0,1,0,0,0,0
9,22.417939950032007,27.99882652499669,12.55731573549654,0.6687838836849755,5.580886574964683,0.1519552097743557,0,1,0,0,0,0
2,65.9190439543662,93.3315441213969,6.91020631835575,0.654210819082112,27.4125001670307,0.0351957762999111,1,0,0,0,0,0
3,35.03352857746213,40.96768211802198,5.187690476774224,0.5956891537349377,5.934153540559855,0.1442137088760312,0,1,0,0,0,0
10,58.10256062032402,50.97312223388522,6.565367067828836,0.3254512822263457,7.1294383864388,0.1230097274207969,0,1,0,0,0,1
2,84.29141975199587,75.67297405702448,2.5572346625992752,0.4340077220968588,8.618445694971399,0.1039669019000448,0,1,0,0,0,0
3,9.26066639495698,10.865372103190928,13.679198714800314,0.1870207447039687,1.604705708233945,0.3839205315359886,0,0,1,0,0,0
6,55.218091719182574,53.60907939220284,4.293684888444599,0.3038145433822494,1.6090123269797374,0.3832868053780439,1,0,0,0,0,0
3,30.13656327913465,28.95119714797672,4.73956507774694,0.9079347038253224,1.185366131157927,0.4575892276092633,1,0,0,0,0,0
10,70.58788344382462,61.08487482329314,3.804893427845665,0.9817225717922456,9.503008620531482,0.0952108139800229,1,0,0,0,0,1
8,93.24245724280227,77.77955948457011,23.224460426531124,0.6828936270762652,15.462897758232174,0.060742647782038,1,0,0,0,0,0
6,42.28614535676775,41.01408305566821,5.47794623347503,0.9251409628210782,1.2720623010995382,0.4401287761854336,1,0,0,0,0,0
7,38.66601311221717,23.356989950417184,9.499345572468629,0.6784677103612826,15.309023161799988,0.0613157508012044,0,0,1,0,0,0
1,57.39671340943482,66.28330183125723,0.7736319236684591,0.1298768374949229,8.886588421822417,0.1011471255132584,0,0,1,0,0,0
3,69.81404353667347,37.22522498960641,0.2955298821344795,0.997086326487768,32.588818547067056,0.0297718122654039,1,0,0,0,0,0
3,136.1972796176046,172.4717634287319,2.6311721661179286,0.1890570715178814,36.27448381112728,0.0268280039789974,0,0,0,0,1,0
2,6.668954314352272,5.789171860271536,16.500370198904484,0.7143776213005546,0.8797824540807353,0.5319764517586303,0,1,0,0,0,0
7,131.45395197214924,127.54519073798008,9.033056866570329,0.327552582767311,3.908761234169148,0.2037173845489062,0,0,0,0,1,0
9,87.29027012482888,99.46804687228136,24.85690301523014,0.4527830016162641,12.177776747452484,0.0758853347696392,0,0,1,0,0,0
4,107.63559436635802,99.8882070339502,18.2899663140867,0.6813407663208444,7.7473873324078255,0.1143198491159917,0,0,1,0,0,0
5,41.77457970463466,34.062765398084146,3.889686034086786,0.4928386143769363,7.711814306550515,0.1147866523334971,1,0,0,0,0,0
3,33.63951189100711,36.04839150863253,6.931364351432397,0.3254914530380154,2.4088796176254235,0.2933515149169702,1,0,0,0,0,0
9,11.015458503914658,17.06934817933004,20.34716847558496,0.4010015681904922,6.05388967541538,0.1417657556348318,1,0,0,0,0,0
4,27.241640899510333,32.606898301275905,6.378629749159634,0.4073933052308587,5.365257401765572,0.1571028376201445,0,0,1,0,0,0
5,66.30123550493292,53.7383426762065,13.317575875801191,0.9633915140573924,12.56289282872642,0.073730583337058,1,0,0,0,0,0
1,26.78058403305515,24.423735018545464,2.1611799512838763,0.8187517143311059,2.3568490145096845,0.2978984147566924,0,0,1,0,0,1
2,47.610139456747255,41.92926109156195,10.368331266558396,0.5126938943314601,5.680878365185308,0.1496809169900615,1,0,0,0,0,0
9,60.3711801965273,44.80095191432502,7.860974658971286,0.2798388283072277,15.57022828220228,0.0603491987538927,0,0,1,0,0,1
2,71.7074284630589,82.46097983230942,3.93468969066898,0.8299144992363904,10.753551369250516,0.0850806678410566,1,0,0,0,0,0
5,149.42408935570856,137.24440672355925,7.135867600997541,0.2414642244475361,12.179682632149309,0.0758743611595541,1,0,0,0,0,0
8,47.07157789327459,50.81096082112725,10.209905171145747,0.289415995427803,3.73938292785266,0.2109979326893268,1,0,0,0,0,0
3,68.80423484235556,23.82634231016541,16.074197479505447,0.429412052656136,44.97789253219014,0.0217495832219773,1,0,0,0,0,0
6,35.850026405001,42.03436637629296,23.582567341799525,0.8923133762667911,6.184339971291962,0.1391916312418285,1,0,0,0,0,0
4,19.754094669805717,16.83046457696319,14.592991816949825,0.2186080017706992,2.9236300928425223,0.2548660236407601,0,0,1,0,0,0
7,29.391899071019573,22.00528797742966,19.005195923092103,0.2100107735690735,7.386611093589913,0.1192376740545801,1,0,0,0,0,0
10,40.24546378673087,26.78662330060609,3.4346759605687693,0.5445774894747394,13.458840486124773,0.0691618391502165,1,0,0,0,0,1
3,60.2314698693477,46.38043541105022,2.89867854141,0.3487694869843072,13.851034458297477,0.0673353767246352,0,0,1,0,0,0
6,132.96784758636826,118.74485127304465,12.143932244183617,0.6118551474833439,14.22299631332362,0.0656900901384815,1,0,0,0,0,0
10,44.44851547867315,54.32391537647242,2.3278577199719224,0.5064730162149012,9.87539989779927,0.091950641760066,0,0,0,0,1,1
9,31.751553524245576,28.22942583113092,6.59600556005704,0.4914631957160952,3.522127693114655,0.2211348435654724,0,0,0,0,1,0
10,31.591257025252517,39.352658105564,14.36837535374585,0.2007756734382939,7.76140108031149,0.1141369959933905,1,0,0,0,0,0
1,54.80235969120309,58.80501346341151,21.190985376421796,0.2269447212248561,4.002653772208419,0.1998939054218318,1,0,0,0,0,0
3,53.89858607322811,78.41335490139919,10.577784361948163,0.8389707197021651,24.51476882817108,0.0391929868827928,1,0,0,0,0,0
2,51.229613281355306,44.81408545478909,3.146989626597096,0.89729446381457,6.415527826566212,0.1348521674232667,0,0,1,0,0,0
8,41.60018768027517,45.902982402907085,8.153999466970927,0.3112151795967252,4.302794722631916,0.1885798059902409,0,1,0,0,0,0
7,73.9330025542484,97.01514710028763,8.917775015482992,0.2021144513722921,23.08214454603923,0.0415245410593829,0,1,0,0,0,0
2,8.525085611333049,9.868521484613504,4.381203114821647,0.1480750047410595,1.3434358732804554,0.4267238593561988,0,0,1,0,0,0
6,65.68792192702479,62.89145481460748,1.6402167892457058,0.6474678523677071,2.796467112417311,0.2634027822154038,1,0,0,0,0,0
3,33.69431749382886,29.58701911577452,14.602774067476208,0.743817891250185,4.107298378054342,0.1957982334255075,0,0,1,0,0,0
8,58.50714148748309,30.077612178048703,6.751169884754892,0.4355289902828849,28.429529309434383,0.0339794765144077,0,0,1,0,0,0
10,64.5844684357685,60.716600798862686,13.17534818201825,0.7117082807415757,3.867867636905814,0.2054287574334364,0,1,0,0,0,0
3,31.20850831768805,24.011574188018518,9.81703806603475,0.7416629340035735,7.196934129669536,0.1219968324962391,0,0,0,1,0,0
10,162.54233910304902,140.5281400860836,6.782671282205954,0.9418080532572148,22.01419901696542,0.0434514361878433,0,0,1,0,0,0
9,22.130871407653512,22.416737251829563,6.00977888901636,0.1583862740515965,0.2858658441760511,0.7776861050701395,1,0,0,0,0,0
1,100.53361873011566,61.29786906856722,7.67080511975604,0.2730625509079718,39.23574966154844,0.0248535197781006,1,0,0,0,0,0
5,41.328336706169736,31.07044416444187,12.077328732778623,0.1616733888372893,10.257892541727866,0.088826571784502,0,1,0,0,0,1
3,81.23912541609938,89.10615751523557,0.518782682532749,0.8811945400024994,7.867032099136182,0.112777306862058,1,0,0,0,0,1
6,11.811747332437664,8.076242970646833,11.840313818494913,0.8133284440302117,3.735504361790833,0.2111707483723716,0,0,0,0,1,1
10,62.637610448934765,61.92965203431105,11.169704206091447,0.6171778635596551,0.7079584146237181,0.5854943489477822,1,0,0,0,0,0
2,43.65724282657261,28.35887445832281,14.507155797150231,0.1752970690460648,15.298368368249808,0.0613558349772029,0,0,1,0,0,0
9,66.30496616919875,75.02947246404177,21.962368799651827,0.3459811227883477,8.724506294843025,0.1028329839768119,0,1,0,0,0,1
6,66.09514794046889,76.95291846367644,4.489276940934079,0.3679478632526652,10.857770523207549,0.084332885177938,1,0,0,0,0,1
7,77.51849933997262,101.45075406313649,1.9610817808266328,0.6046688764138753,23.93225472316385,0.0401086869640766,0,0,0,0,1,1
5,99.30600941829488,130.21980352790646,9.3920179627168,0.3322395046330439,30.913794109611587,0.031334412842465,0,0,0,1,0,1
9,116.13547955613164,124.09516273617884,8.82396808281014,0.1656638775216593,7.959683180047207,0.1116110893549174,0,1,0,0,0,0
1,14.6296915610919,8.186468317833452,6.135749955893973,0.7576860716679694,6.443223243258448,0.1343503973101613,1,0,0,0,0,0
5,10.602254076632205,10.607793572192316,11.42916155674866,0.3691721904898701,0.0055394955601126,0.9944910214023696,1,0,0,0,0,0
10,33.0424870319873,36.82517350953688,4.785895849055954,0.5071367593209706,3.782686477549582,0.2090875085987973,1,0,0,0,0,0
6,52.10474088311158,53.680015193800216,6.811471401228891,0.2148999714840748,1.5752743106886342,0.3883081487084759,1,0,0,0,0,0
7,33.986228833771534,48.11392064887708,11.81375024817016,0.8222934730551217,14.127691815105544,0.0661039378791061,0,1,0,0,0,0
4,81.91986093270916,108.49608997183137,6.237901097265159,0.6089786892316519,26.57622903912221,0.0362631162723992,0,0,0,0,1,0
1,109.72601601319596,110.4448092972843,8.844331660934753,0.9114270635888764,0.7187932840883349,0.5818035299866848,0,1,0,0,0,0
8,74.60608722304484,88.5160146411596,6.27493411397961,0.5459244067588,13.909927418114762,0.0670694076474881,0,0,0,1,0,1
10,16.24190518715173,10.287641709839168,3.209306223455285,0.9472831046360918,5.954263477312562,0.1437966800168527,0,0,1,0,0,1
4,101.29096925458656,106.08166975914048,14.364581787538386,0.9026813839431934,4.790700504553911,0.1726906786516729,0,1,0,0,0,0
3,30.18585202435817,20.648565851711957,13.473708142367826,0.6188138708133105,9.537286172646215,0.0949010953689294,0,0,0,1,0,0
7,7.268287805349795,6.942925607164894,13.1717879037985,0.940504094334877,0.3253621981849006,0.754510730251332,0,1,0,0,0,0
2,19.10446725255405,15.862750020791124,7.252171831371806,0.390779872565097,3.2417172317629266,0.2357535746399539,0,0,0,1,0,0
8,81.0171796558106,67.82741454294258,15.15332113680818,0.4290779464337902,13.189765112868017,0.0704733300407593,1,0,0,0,0,0
6,67.14861454189231,53.51052438772012,15.623992485208376,0.1409301561754332,13.638090154172197,0.0683149228804945,1,0,0,0,0,0
7,45.62088218759919,41.05720931963021,20.175610584113706,0.6302808160874678,4.563672867968975,0.1797373827920711,0,0,0,1,0,0
5,36.06344309295939,30.907699932940428,7.360757230978797,0.74973157293604,5.155743160018961,0.1624499226177785,0,1,0,0,0,0
9,17.485570620589378,20.254004477923992,9.282406871963856,0.7961672712178928,2.768433857334614,0.265362226818356,0,0,0,1,0,0
5,32.52058649225592,30.3709206395243,3.190394879620158,0.2348346574414929,2.149665852731616,0.3174939967465845,0,0,0,0,1,0
5,14.182808442159471,14.02118356354916,21.93413546176213,0.4997431650812503,0.1616248786103131,0.8608631051328121,1,0,0,0,0,0
3,66.86133268613439,71.72673007761205,6.383835334760351,0.2591768908845241,4.865397391477657,0.170491431910988,0,1,0,0,0,0
1,79.96672067328481,85.72156101792264,2.42004904817327,0.6959146139688239,5.754840344637827,0.1480419890003509,1,0,0,0,0,0
2,69.1013300281951,50.63625390552049,20.57472605730069,0.2421517351795913,18.465076122674603,0.0513740605840792,0,1,0,0,0,0
8,84.32588632583267,78.7535700154987,7.144050948717167,0.9137473155604674,5.572316310333974,0.1521533585393099,0,0,1,0,0,0
1,50.52879039736688,53.52570913735013,27.76926392932029,0.307571181095272,2.9969187399832578,0.2501927272117092,1,0,0,0,0,0
7,81.93810780423861,63.89340297810205,8.393814830652424,0.3622620396594204,18.04470482613656,0.0525080335520674,0,1,0,0,0,1
5,4.190552018160257,3.149377236642032,4.357525694406444,0.8658156899358997,1.041174781518225,0.4899139500715369,0,0,1,0,0,0
3,42.57856524595866,30.090668329859337,14.736602324078577,0.5126208491311515,12.48789691609932,0.0741405429045344,1,0,0,0,0,0
7,67.92759594720334,71.35836049815734,6.798830515226585,0.1215963512200657,3.4307645509539952,0.2256946828250416,0,0,1,0,0,0
9,29.62632662129614,27.44997028433069,12.830954598902853,0.5451276260823812,2.176356336965455,0.3148261384789573,0,1,0,0,0,1
2,40.58132551288576,39.04585053831213,4.584530272453746,0.1760890018421107,1.5354749745736245,0.3944034194887544,0,0,0,0,1,0
8,41.30238744989764,22.92105422278143,11.835903207716424,0.9868102468185797,18.381333227116208,0.0515960377070918,1,0,0,0,0,0
9,47.02372048994735,47.8573632493828,5.946472881072186,0.6293004134100422,0.833642759435449,0.545362500331245,1,0,0,0,0,0
3,23.446457923477727,24.153298358399766,14.068063847402232,0.3308793558498806,0.7068404349220394,0.5858778474776849,0,1,0,0,0,0
2,41.50441880141272,44.23783308412157,7.655556486263343,0.607345911592856,2.73341428270885,0.2678513350718825,1,0,0,0,0,0
7,79.80690920591505,108.58017059740288,9.271337408006843,0.1691803930435793,28.77326139148782,0.0335871837099411,0,0,0,0,1,0
5,17.130416947210293,13.87689176551019,6.696761262800711,0.8199021738419353,3.253525181700102,0.2350991136251619,1,0,0,0,0,0
5,24.43225389202893,27.411485090095145,7.909717427101778,0.9327952484777472,2.9792311980662127,0.2513048250340342,0,0,1,0,0,0
10,44.274623423107954,47.97678666114718,13.891041475005649,0.8869999493855436,3.702163238039226,0.2126680741132658,0,1,0,0,0,1
5,66.97977425469146,74.60343993886794,3.129763227473723,0.4075818420687065,7.623665684176473,0.115959968373414,1,0,0,0,0,0
4,17.214752733782717,15.878812023236843,10.12721468575274,0.3931913076790316,1.3359407105458718,0.4280930571077363,1,0,0,0,0,0
5,29.03057991134213,34.5717987365009,37.367710143921904,0.13157885009467,5.541218825158772,0.1528767079544579,0,1,0,0,0,0
4,114.77818311056964,93.84968870550674,18.62641709047576,0.686260322830825,20.928494405062903,0.045602766041663,0,1,0,0,0,0
6,47.93054569277439,42.30200308543878,7.253485005783194,0.5814143057708154,5.628542607335611,0.150862724921362,1,0,0,0,0,0
4,64.268760323087,61.29300964206361,8.88606438539568,0.5134117341946073,2.975750681023385,0.2515248264367003,0,0,0,0,1,0
2,84.7820441329786,79.91942378424646,5.622433803743286,0.9168678580012364,4.862620348732136,0.1705721913608583,1,0,0,0,0,0
9,48.105951306498646,52.599176503433725,12.518905486516246,0.2510910109745616,4.493225196935079,0.1820424184608244,1,0,0,0,0,0
2,17.698520673179104,18.85021410308766,2.4650220721957177,0.1086996400211641,1.1516934299085548,0.4647502223597435,0,1,0,0,0,0
9,38.34087998814809,40.9177594898753,5.938512396550308,0.1659848069086889,2.5768795017272126,0.2795732983224952,1,0,0,0,0,0
10,66.86271975011638,88.9566850943696,4.355536009912256,0.301034294044632,22.09396534425322,0.0433013553581365,0,0,0,0,1,0
6,71.28655817359497,67.58088433054819,5.799578840107244,0.1299569943371112,3.7056738430467817,0.2125094159421236,1,0,0,0,0,0
9,30.29122972338245,38.28983481364316,9.752642271813796,0.552559339578822,7.99860509026071,0.1111283348885163,1,0,0,0,0,0
9,28.05123966902724,20.58593479389516,0.6284938999583735,0.3826814097102202,7.46530487513208,0.1181292363063766,1,0,0,0,0,1
3,27.980409616953693,27.0830551063268,6.474171548879102,0.2624347072613194,0.8973545106268972,0.5270496337922606,0,1,0,0,0,0
1,71.76184858564699,70.55913575725795,5.395835794959888,0.775075667453796,1.2027128283890391,0.4539856431177881,0,1,0,0,0,0
1,32.01224150454946,21.542016209620463,16.098994619662147,0.284006193609277,10.470225294928994,0.0871822457089924,0,0,1,0,0,0
3,9.062855979674737,9.164873245426216,3.671025713932268,0.7188445908944139,0.1020172657514812,0.9074267990874768,1,0,0,0,0,0
5,35.88240297236359,36.92119195866318,9.868752904184872,0.414338415262875,1.0387889862995865,0.4904872484204487,1,0,0,0,0,1
3,65.97512476880766,75.82759158599742,7.268564455214914,0.5606449845962991,9.852466817189764,0.0921449488715367,0,0,1,0,0,0
9,81.45642056395099,91.27446170358944,16.91740183877829,0.9404803358661878,9.818041139638469,0.0924381768466282,1,0,0,0,0,0
9,29.560304164857804,20.11964307306282,15.349571924638967,0.1336164713342315,9.440661091794984,0.0957793755786088,0,0,0,1,0,0
3,43.89720844906406,57.02184155097439,24.451335259448385,0.5502380567297157,13.124633101910328,0.0707982991689003,1,0,0,0,0,0
3,42.38195650076422,37.48201951287473,17.33332352062148,0.8689806642948564,4.89993698788949,0.1694933356157279,0,0,1,0,0,0
5,38.59275656742147,32.75722150298843,10.399530820569607,0.6291768235333136,5.835535064433039,0.1462943267167547,1,0,0,0,0,1
2,38.44008702141213,43.15148174274324,14.623969771152003,0.3491834652686409,4.711394721331104,0.1750885814747083,0,1,0,0,0,0
6,9.314076017057069,11.29578969956384,6.744428197082568,0.4579130216305309,1.9817136825067705,0.3353776071347284,1,0,0,0,0,0
7,60.46354576056479,53.3269008941261,9.024787401559063,0.7122390658557171,7.136644866438694,0.122900779917864,1,0,0,0,0,0
9,82.94010210184098,82.02053866257768,9.325424388589592,0.9017307048824228,0.9195634392632996,0.5209517849453235,1,0,0,0,0,0
6,39.26160818312502,48.20477295618926,3.8496625117788303,0.1369597363719504,8.94316477306424,0.100571600976479,1,0,0,0,0,0
3,21.02868125146671,16.136184588851577,16.5072230910575,0.1643849397013387,4.892496662615134,0.1697073511037327,1,0,0,0,0,0
5,57.221350991344025,17.186561433964584,20.90846857862056,0.3925463712486288,40.03478955737944,0.0243695656974599,0,1,0,0,0,0
4,132.46863262666005,150.27707806970596,7.353025477476108,0.3095017159937311,17.808445443045912,0.053167605107403,0,1,0,0,0,0
5,55.9804315812129,68.78607333908768,7.800092486307903,0.3384377976001654,12.80564175787478,0.0724341553647512,0,0,1,0,0,0
8,49.884347915696175,30.00128549450803,4.79015363542436,0.2991429987632928,19.883062421188143,0.0478856970223577,0,0,1,0,0,0
8,22.45064751196168,22.33724980346208,2.8327627187686524,0.276242543969642,0.1133977084996011,0.898151659884037,0,1,0,0,0,0
6,10.08119014903709,8.825978699363434,13.520323853551606,0.2175615701823626,1.2552114496736555,0.4434174011242745,1,0,0,0,0,0
1,41.23251340835332,42.55844207895826,3.024472582803927,0.9405587186157142,1.325928670604938,0.4299357983922677,0,1,0,0,0,0
8,56.25911177570928,27.16675139621264,2.863150108549044,0.2297705175155377,29.092360379496643,0.0332310256619599,1,0,0,0,0,0
8,100.35501304794224,68.55961966472385,12.928162412078349,0.2839633972889825,31.795393383218386,0.0304920873585772,0,0,1,0,0,0
2,48.53651760334991,53.98146414864711,9.427834656081872,0.3216391515827072,5.444946545297199,0.1551603249106368,1,0,0,0,0,0
4,12.23846411634164,11.830861896056902,13.574948783740508,0.9397133858173784,0.4076022202847387,0.7104279785788585,1,0,0,0,0,0
2,22.77289899801392,31.33844594403852,4.295345378610274,0.7801427202409763,8.565546946024604,0.1045418527181653,0,0,1,0,0,1
4,51.06684416681708,58.580685125539205,26.55366262502332,0.8107294872839632,7.513840958722127,0.1174557998967006,1,0,0,0,0,0
10,50.91677756156552,38.65842138795755,3.7402363167453423,0.1942824335846482,12.258356173607972,0.0754241315368036,0,0,0,1,0,0
7,70.56765898578887,83.25929883080684,5.39233842509764,0.8526788875141045,12.691639845017974,0.0730372702846017,0,0,0,1,0,1
9,25.228252095968923,36.003427355311736,4.45543427555787,0.4673737736356762,10.775175259342811,0.0849244260043235,1,0,0,0,0,0
8,102.30467109962342,100.45610718873166,26.04196735597264,0.3365407235911498,1.8485639108917555,0.3510540859470994,1,0,0,0,0,0
9,59.62174812893806,65.62577301812247,6.014042709116917,0.6181750751682795,6.004024889184414,0.142775049463944,0,1,0,0,0,0
8,24.672941486619607,29.764085798080306,3.467326321363676,0.8399646152350605,5.091144311460699,0.1641727644046235,0,1,0,0,0,0
2,37.47285023051129,35.91003194472611,35.79155811771095,0.8007869359674185,1.562818285785184,0.3901954366201288,1,0,0,0,0,0
7,17.78435500984731,8.3801010529592,23.282657955362428,0.9009977343230188,9.40425395688811,0.0961145320119711,0,0,1,0,0,0
2,70.08303965349161,79.8226249718648,18.861568792550173,0.9353189674138996,9.739585318373187,0.0931134648457244,0,1,0,0,0,0
2,89.38469881556568,107.2562109597448,22.40090057239064,0.3143098642849746,17.871512144179107,0.0529899243028306,1,0,0,0,0,0
4,123.10694360303602,168.13821952585096,3.5964518851197136,0.4814721047523445,45.03127592281494,0.0217243597956484,1,0,0,0,0,0
1,42.98078086559074,31.15848135234519,24.478218091339848,0.113165685284563,11.822299513245548,0.0779891312761015,0,0,1,0,0,0
5,52.43873459314506,38.620319259963686,6.963061075767273,0.891389493338554,13.81841533318137,0.067483599124179,1,0,0,0,0,0
6,49.4999114485657,40.972584803984006,10.708055068786315,0.2391149363272908,8.527326644581692,0.104961238058182,0,0,1,0,0,0
9,86.24890119557864,82.62830419719273,8.113829823442057,0.8753273311084249,3.6205969983859054,0.2164222502740069,1,0,0,0,0,1
10,26.913143479432943,30.53564826977989,20.78162588232211,0.3964485897879367,3.622504790346948,0.2163329288675423,0,1,0,0,0,0
8,37.49489282194566,26.986008989474414,0.54333695077479,0.4313202309830244,10.508883832471248,0.0868893990552405,0,0,0,1,0,1
2,53.89065906408759,66.67966332478407,3.130825076982537,0.1352190290354734,12.78900426069648,0.0725215527600025,0,0,0,1,0,0
1,83.04358419671354,101.7034849334014,22.374123910712484,0.3941909107887876,18.659900736687877,0.0508649567153649,1,0,0,0,0,0
2,96.50306067404529,118.8766406124657,4.85709862639845,0.8995273145211377,22.373579938420438,0.0427833478069931,1,0,0,0,0,0
7,77.7861336388453,71.75145452495723,20.262993319307935,0.1229926610094437,6.034679113888075,0.1421528947959786,0,0,1,0,0,0
4,39.79360898210554,17.558779539612686,4.649232716239505,0.4656947257420528,22.234829442492853,0.0430388354033344,1,0,0,0,0,0
10,64.11734577495255,89.78481307225582,6.753759839818122,0.128259666831467,25.66746729730326,0.0374988741469695,1,0,0,0,0,0
5,45.34510131227254,38.62396118891076,27.96006497428074,0.4338310825981585,6.721140123361785,0.1295145514811095,0,0,0,0,1,0
7,31.814540266775595,37.52219036729837,14.533311123346502,0.2553765767022621,5.707650100522777,0.1490835068934294,1,0,0,0,0,0
3,49.17526388183529,50.67119909327924,9.556695855070474,0.3269965539415348,1.4959352114439426,0.4006514253314621,1,0,0,0,0,0
10,181.81935653700992,233.12577988434785,12.169299839611323,0.8898385358452771,51.306423347337926,0.0191181108553256,1,0,0,0,0,0
2,26.490386103334075,26.15068590247694,17.381938539470575,0.4924442985597019,0.3397002008571341,0.7464356572912392,0,1,0,0,0,0
7,28.777535681741924,29.272306032464822,9.142817382694783,0.346418192261721,0.4947703507228986,0.6689990870613546,0,0,1,0,0,0
5,43.160945572451325,45.10222921680953,12.894784092806416,0.630404540155493,1.941283644358208,0.3399876111636289,1,0,0,0,0,0
1,81.11257199260069,89.5802144369745,36.26952619253935,0.2278962638493241,8.467642444373809,0.1056229157232542,1,0,0,0,0,0
1,12.0464533637497,8.326182588325846,3.3476883785885203,0.3334524466787703,3.720270775423854,0.2118522533085415,1,0,0,0,0,0
9,72.63926643377256,106.70029469087048,9.482694955026874,0.5916231708425996,34.06102825709792,0.0285216963024338,0,0,1,0,0,1
5,31.01031578297456,30.46238765522717,5.603297090477346,0.3137707376632619,0.5479281277473831,0.6460248263950384,1,0,0,0,0,0
1,69.1596753434363,79.10283045263002,3.922865312204486,0.711214963660786,9.943155109193713,0.0913813237609934,0,0,0,0,1,0
7,54.42374872735677,75.04836745478066,9.402639223178038,0.5423421720335703,20.624618727423886,0.0462435898919143,1,0,0,0,0,0
9,36.72853683444333,36.65649258054148,3.9952763321375033,0.7947901632292218,0.0720442539018577,0.932797313506749,0,0,0,0,1,0
1,16.342412245624274,12.273012862456714,3.4829647641331847,0.9534200821502216,4.069399383167561,0.197262027395277,1,0,0,0,0,0
10,82.98837631904073,61.66420170719187,7.691880175132633,0.2042244004126669,21.324174611848854,0.0447944892649798,0,0,1,0,0,0
4,42.227302391039245,37.479497381825375,12.6217768172292,0.4011985089860903,4.74780500921387,0.1739794579664717,1,0,0,0,0,0
3,36.61328817124775,39.664520668864434,11.915421435752911,0.3875941565905659,3.051232497616688,0.2468384622675428,1,0,0,0,0,0
5,27.556495531575468,30.57333615394907,7.817931637231069,0.2360646274035288,3.0168406223736035,0.2489518738757145,0,0,0,1,0,0
7,57.50715648603717,73.75095004448573,2.451342649940496,0.8292728236001238,16.243793558448566,0.0579918796064484,0,0,0,1,0,1
8,81.63209803131801,50.27262861867932,2.310980453726017,0.783890833634911,31.35946941263869,0.0309028552739319,1,0,0,0,0,1
2,45.5726610372865,48.09855189508532,10.962572681613942,0.5359829237509591,2.525890857798821,0.283616266166642,0,0,1,0,0,0
7,27.480232709252345,31.70994691153296,4.975485489120236,0.5839937000151486,4.229714202280615,0.1912150380156361,0,1,0,0,0,1
1,93.8961945057097,107.4677714799882,9.891626302338071,0.1535897242022466,13.5715769742785,0.068626752050597,0,0,0,1,0,1
7,21.29483257848659,8.428177580561117,8.942229676836439,0.5999566170943411,12.866654997925474,0.072115445300226,1,0,0,0,0,0
8,40.60330252049167,36.82738144019693,1.258641165901401,0.8122073716176728,3.775921080294737,0.2093836944094325,0,1,0,0,0,1
2,86.59145826187444,104.20683411567715,22.656532434655624,0.6164448162254714,17.615375853802732,0.0537190335480506,0,1,0,0,0,0
9,38.35638484353392,30.56566148055717,2.2789489236008014,0.338775733108377,7.790723362976745,0.1137562813330729,1,0,0,0,0,0
1,15.437840719859404,10.85939778248785,6.909312411692946,0.7007934451009035,4.578442937371554,0.179261491284731,0,0,0,1,0,0
6,52.07882011020988,59.42062294375373,2.7475047016735203,0.4253395869687228,7.341802833543852,0.119878163024763,1,0,0,0,0,0
1,95.479839834388,102.62096469145574,4.877926643480079,0.5903859558571617,7.141124857067752,0.1228331486811488,1,0,0,0,0,0
3,31.29633608627797,33.09972728377222,5.383445576127067,0.5388088269510323,1.8033911974942465,0.356710829688639,0,1,0,0,0,0
6,34.14318197799591,28.626510417522105,5.826908192066727,0.4430575008686621,5.516671560473807,0.1534525701840485,0,0,1,0,0,0
3,82.35921134117673,55.29048973601019,7.0671581954038505,0.7469901823547216,27.068721605166544,0.0356268452146367,1,0,0,0,0,1
8,3.7383461699532488,4.625682517398724,25.9667026314852,0.8954885007872936,0.8873363474454754,0.5298472640308697,1,0,0,0,0,0
5,96.99796602730764,177.92778036908504,3.784636945312572,0.1046912666292324,80.92981434177742,0.012205568974298,0,0,0,0,1,0
2,29.568299043430255,17.591513209691147,12.942298383576816,0.9402548673073304,11.976785833739113,0.0770606845803096,1,0,0,0,0,0
4,12.571393046480797,15.7778267898684,18.76260290328394,0.5603636224749025,3.2064337433876027,0.2377310712600602,0,0,1,0,0,0
9,39.35851411131016,37.673756986913645,11.993702785988845,0.7306586923269387,1.6847571243965191,0.3724731711904034,0,0,1,0,0,0
4,66.4002656416204,71.6650715303917,21.43698335583909,0.8700621095582894,5.264805888771306,0.1596218650273498,1,0,0,0,0,1
10,36.82422388315379,36.27436154238719,12.075112303489863,0.520393323082843,0.5498623407666017,0.6452185937399927,0,0,0,0,1,0
10,19.233979713119005,29.789662736428816,11.81862085326233,0.8514766660284012,10.555683023309811,0.0865375069550477,0,0,1,0,0,0
8,81.64358417817883,65.27317228300831,19.13226842926569,0.259857837509682,16.37041189517052,0.057569158753111,0,1,0,0,0,0
5,41.372046350281096,35.151275628968364,10.63651978852029,0.243250781031833,6.220770721312732,0.1384893716467707,0,1,0,0,0,0
10,11.017479912440397,11.227303936637188,18.830126699311105,0.6917242319705382,0.2098240241967897,0.8265664923160265,0,0,1,0,0,0
1,12.06507603569662,13.776678528011924,10.610218659175985,0.8831287049965635,1.7116024923153024,0.3687856176685211,0,1,0,0,0,0
7,57.53591232073877,76.73729853117257,18.601194418690724,0.9031835597824356,19.2013862104338,0.049501553486637,0,0,0,1,0,0
3,15.580806320595928,17.495888311241465,24.329206182659643,0.6793664125395219,1.9150819906455376,0.3430435244047981,1,0,0,0,0,0
10,124.3715309383966,131.38284707352608,6.225724164138054,0.5729403071883857,7.011316135129476,0.1248234351425751,1,0,0,0,0,0
8,48.188267355328406,42.86640305870082,5.503755559329795,0.3982537789268646,5.321864296627588,0.1581811872383044,1,0,0,0,0,0
3,25.21238018439572,28.442377100743496,21.40391312210211,0.9820003740393982,3.229996916347776,0.2364067917249004,1,0,0,0,0,0
1,24.725953054209437,20.31509103521337,18.35191332291821,0.3877261179996254,4.41086201899606,0.1848134357315475,1,0,0,0,0,0
5,46.8554696006394,49.22246572033787,1.4962812474622913,0.7697674965084339,2.366996119698477,0.297000639278893,0,0,0,1,0,0
2,107.49383212231676,101.63603889856223,9.98387868909812,0.5787836199145007,5.857793223754513,0.1458195030634824,0,0,1,0,0,0
4,29.160918859098647,21.997823903011387,27.812638286656632,0.647661108272812,7.16309495608726,0.1225025563685615,0,0,1,0,0,0
1,37.83750990602198,52.581568050865,3.1170781924415616,0.4541324955297635,14.744058144843024,0.0635160255888378,0,1,0,0,0,0
9,56.55418558233979,42.70327634428813,2.7138965422667773,0.968340812925023,13.850909238051663,0.0673359444846484,0,0,1,0,0,1
6,38.31487100905201,34.541434632622774,4.738819547534614,0.6145140934893439,3.7734363764292382,0.2094926843348959,0,1,0,0,0,1
8,15.190237924421714,9.17143399316837,5.896838567344586,0.944008867412911,6.018803931253345,0.1424744172646279,0,0,0,1,0,0
4,47.04861989341693,45.07302297593137,1.80314563316096,0.1068322745565227,1.9755969174855608,0.3360670237704843,1,0,0,0,0,0
9,28.69395446822028,31.80419593927415,3.154837829798317,0.6154035248720089,3.110241471053872,0.2432947083626205,0,0,0,0,1,1
2,36.89299364606975,28.5302229046976,1.6345178934094773,0.7454682007527443,8.362770741372145,0.1068059901948904,0,0,1,0,0,0
9,116.495450529329,63.51816038388931,9.74306868105124,0.7705721540459962,52.97729014543968,0.0185263098111361,1,0,0,0,0,0
5,38.31562288830211,34.72329402896812,9.59287948748087,0.9144791936035132,3.592328859333989,0.2177544402046649,0,1,0,0,0,1
6,6.868879817808471,6.599797373500201,21.53281723033788,0.1039614481034076,0.2690824443082702,0.7879708717782027,0,1,0,0,0,0
3,35.73165769540511,33.63075509611633,10.338574880853866,0.1002971433335288,2.10090259928878,0.3224867495771583,1,0,0,0,0,0
4,42.35865662165697,59.1456810093353,12.772156745651332,0.5250371147156938,16.78702438767833,0.0562207583575774,0,1,0,0,0,0
6,65.6593316977482,71.15719553545924,13.751973610881649,0.1263643345048336,5.497863837711037,0.153896730521867,1,0,0,0,0,0
7,51.88216630753293,55.20808437593092,3.645054957725696,0.9770792982961372,3.3259180683979963,0.2311648034449082,1,0,0,0,0,0
1,51.353449075540674,55.58942411474693,3.2501671627870508,0.2998586570872528,4.235975039206259,0.1909863955637943,0,0,0,0,1,0
7,54.26448330342055,58.65425624145429,2.808207753339078,0.5253982564283602,4.389772938033744,0.1855365729682876,0,1,0,0,0,0
1,71.5641497252243,63.63511265162765,5.881308048464686,0.1550238670110012,7.929037073596653,0.1119941592534116,0,0,0,1,0,0
5,14.940799783747334,11.446243922162612,5.483499141860381,0.5698435745541327,3.494555861584722,0.2224913942102864,0,0,1,0,0,0
6,142.54593963000963,230.61738000985088,8.804315691488897,0.4419605126326676,88.07144037984125,0.0112269431788185,1,0,0,0,0,0
2,34.3315749069137,33.0767343091374,14.514291307304909,0.1401940259895014,1.254840597776301,0.4434903296428976,0,1,0,0,0,0
10,20.367703872817824,20.47782117804674,12.75527123437796,0.4016118400266023,0.1101173052289148,0.9008057034060848,0,0,1,0,0,0
9,57.56052572151441,58.21193305879818,5.442062149777964,0.4522924182005701,0.6514073372837714,0.6055441182941552,0,0,0,0,1,0
10,37.16708017596328,30.1332357987538,4.657977614693554,0.990929342147446,7.033844377209476,0.1244734093725806,1,0,0,0,0,0
6,77.70106967840745,81.1676763448178,5.172833058362063,0.2870972847274379,3.4666066664103568,0.2238836044194736,0,0,0,1,0,0
7,29.707620777255688,20.20883983591697,5.761664636207385,0.5903016538330897,9.498780941338715,0.0952491537434143,0,0,0,0,1,0
10,84.17280117599516,99.23789055418436,2.136481354969915,0.9885839942787658,15.065089378189214,0.0622467747585426,0,0,1,0,0,1
8,20.68932229447434,19.364280874582853,10.446317528821096,0.8128172871461217,1.3250414198914875,0.4300998646495816,0,0,0,0,1,0
10,125.1918892594517,160.50363414705365,27.91558588217115,0.99403075079388,35.31174488760195,0.0275392990090496,1,0,0,0,0,0
1,43.69487435487537,49.34641941097633,8.44759670912153,0.9714684831941524,5.651545056100964,0.1503410097301791,0,0,0,0,1,0
8,104.63888714945854,114.93961310252848,8.744355280885765,0.5405855878847389,10.300725953069929,0.0884898903090683,0,0,1,0,0,0
4,18.29061308205944,14.661026013825843,11.580341108428389,0.7267382648835092,3.629587068233597,0.2160019857627489,1,0,0,0,0,0
10,69.49466248505064,70.71416995712171,3.07524604794367,0.1993988142470359,1.219507472071072,0.4505504093062942,0,0,0,0,1,0
8,68.40418968706278,81.32571026110091,4.786303502566697,0.4970339425421217,12.921520574038126,0.0718312338570883,0,1,0,0,0,0
6,39.24301759156304,40.38653600487949,5.2265391053320105,0.8281166880400277,1.1435184133164498,0.4665227010822831,0,1,0,0,0,0
9,7.216713972175077,4.767384993914147,2.9443305536011706,0.5548017888794291,2.449328978260929,0.2899114599687086,0,1,0,0,0,0
4,69.90835107028333,87.1310960311032,24.14507414393116,0.7324291295355086,17.222744960819867,0.0548764745459626,1,0,0,0,0,0
2,35.40574957486285,42.096428728017294,14.22286881568524,0.7711761969858493,6.690679153154441,0.1300275281396748,0,1,0,0,0,0
2,94.44294669453716,59.011137946562215,14.950960874851454,0.3281222271186045,35.431808747974955,0.0274485411064193,0,0,1,0,0,0
5,79.43672945293213,81.9359755960577,6.33751602607993,0.8881294356483089,2.499246143125575,0.2857758383086439,1,0,0,0,0,0
10,94.15245144937636,113.34267654569815,9.276403610992078,0.5138401878182611,19.190225096321782,0.0495289178416429,1,0,0,0,0,1
9,62.617510183505416,53.23160521832594,5.9024403211279965,0.2891665932593893,9.385904965179478,0.096284339530611,1,0,0,0,0,1
3,47.85189304614537,32.00057884154863,6.99750706053968,0.8788742936095993,15.85131420459674,0.0593425526257897,1,0,0,0,0,0
8,106.89766354356378,78.1759763606754,8.78114010020522,0.4760369254956282,28.72168718288837,0.0336454654759884,0,0,1,0,0,1
4,174.41661164576402,169.66872945079862,7.331769853730975,0.7752811945417477,4.747882194965399,0.1739771216737715,0,0,1,0,0,0
6,45.01028296637894,55.48212947599312,8.696999857470496,0.5932297649994337,10.47184650961418,0.0871699250126762,0,0,0,0,1,0
10,93.19221261806165,67.86027243406393,1.871090097872524,0.4436845770110503,25.33194018399772,0.0379766926786395,0,1,0,0,0,1
6,27.682817001432905,20.21014816715291,3.134038611246201,0.8288887735347124,7.472668834279997,0.1180265651306999,1,0,0,0,0,0
3,19.89423985969064,18.38512114766568,5.884725686570112,0.6260229384801517,1.5091187120249536,0.3985463083940584,0,0,0,0,1,0
5,28.056048626772736,32.879153823842934,6.745547156941213,0.4515058921843285,4.823105197070198,0.1717296813568015,0,0,1,0,0,0
3,26.33294199195312,37.87863384034942,6.744393217993054,0.1986380833016143,11.545691848396302,0.0797086372026448,0,1,0,0,0,0
1,71.33132627446761,72.89911098219335,12.47854426127615,0.9059007823900372,1.5677847077257354,0.3894407490594067,0,0,1,0,0,0
7,31.97380773868344,26.58008012951461,10.02511151331512,0.1319226268074999,5.393727609168835,0.156403284770212,0,0,0,0,1,0
4,21.201454611066403,16.980451382846617,11.161871335094917,0.8768686135312506,4.221003228219786,0.1915340704244252,0,0,1,0,0,0
7,21.38047964108573,28.71488429134852,5.156286836392118,0.4239653723948399,7.33440465026279,0.1199845750192209,1,0,0,0,0,0
3,61.75015300918828,42.254659810676834,3.612514545379762,0.6754048871512652,19.495493198511447,0.0487912142593684,0,0,1,0,0,1
5,71.04094997656793,74.48360659089711,7.1984903763566574,0.9299797514521168,3.442656614329181,0.2250905453225074,1,0,0,0,0,1
5,64.66094289098722,85.96132756247489,13.51922591777238,0.2365359539535085,21.30038467148768,0.0448422758051594,1,0,0,0,0,0
2,69.34276404018983,66.59829394291995,23.465128674433533,0.6102554280749292,2.7444700972698826,0.267060484934599,1,0,0,0,0,0
10,35.432874954690064,25.856536381358303,5.289444010099768,0.7879895761331728,9.57633857333176,0.0945506796200246,1,0,0,0,0,0
2,139.76745564265502,158.25929031659848,23.426752900798355,0.7818254494471516,18.49183467394346,0.0513035338503456,1,0,0,0,0,0
4,36.017173055041226,36.953238127023845,3.26801643804163,0.5730687231395536,0.9360650719826182,0.5165115648597259,1,0,0,0,0,0
4,30.691409473080583,34.300768871577944,2.044640253372017,0.6622655139158122,3.609359398497361,0.2169498868597656,0,0,1,0,0,1
4,70.12050924701893,80.2638061294814,6.584945665853253,0.7817742947195601,10.143296882462463,0.0897400482593099,0,0,1,0,0,0
6,35.05995096202826,39.59818927056287,3.627383622647376,0.8569248739816706,4.538238308534609,0.1805628332134005,0,0,0,0,1,0
2,30.270844489479423,32.51112858240413,4.618683832861988,0.7856317871882773,2.2402840929247105,0.308614915026599,1,0,0,0,0,0
6,37.11975404304621,43.402136509871525,15.907930195137263,0.4186044488631184,6.282382466825311,0.1373176985080736,0,1,0,0,0,0
7,50.69168815244869,67.78827007270426,14.870373192553147,0.99705376095196,17.096581920255574,0.05525905413556,0,0,0,0,1,0
10,84.21076807262344,67.71749181589759,10.045692855725502,0.4910524243473739,16.49327625672585,0.0571648206616252,1,0,0,0,0,0
3,11.761619724688268,10.98047014188213,9.468656794943964,0.12201823248304,0.7811495828061386,0.5614351594348046,0,0,1,0,0,0
8,84.49707450281814,101.26455226006212,4.554949403836815,0.4263552564269158,16.76747775724398,0.0562826088014822,0,0,1,0,0,1
2,14.798990081892766,14.529599337737144,7.274850492915248,0.2150046591164589,0.269390744155622,0.7877794954816562,1,0,0,0,0,0
8,16.510911065503485,11.294749447249297,6.351039632516806,0.2092983541555375,5.216161618254191,0.1608709781713896,0,0,0,1,0,1
5,52.454931130689324,56.81983941879936,2.533145981422134,0.3533815360962049,4.364908288110037,0.1863964761925655,0,0,1,0,0,0
2,12.56157519904921,11.018339975977886,26.24573542634603,0.1480379447595347,1.5432352230713242,0.3931999647253845,1,0,0,0,0,0
7,29.70619335319485,45.45309037255114,6.489923847406921,0.7196609695686068,15.746897019356286,0.059712554441828,1,0,0,0,0,0
2,78.69745247567126,98.2398230775368,3.372236864432192,0.1665899957817145,19.54237060186556,0.0486798733885749,1,0,0,0,0,0
6,70.0015488965181,90.29530374141342,2.2914188779225437,0.2829605998923605,20.29375484489532,0.0469621260920887,1,0,0,0,0,0
10,84.13638386928872,85.01319971847983,11.671180096206024,0.1836097430447074,0.8768158491911038,0.5328173248488891,0,1,0,0,0,1
3,28.266983896332643,30.461364758385013,24.769598697567456,0.1568509578127279,2.1943808620523697,0.3130497092189271,0,1,0,0,0,0
9,36.18446684611414,33.08722140730583,30.158461251429788,0.3409764989855875,3.097245438808308,0.2440664136271153,1,0,0,0,0,0
3,15.42229406979886,12.191016323764858,7.647107375885209,0.6147090708943329,3.231277746034001,0.2363352301647664,0,0,0,0,1,0
3,37.0411505218415,28.598048705443635,6.493320425091666,0.9682170008021576,8.443101816397867,0.1058974073819164,1,0,0,0,0,1
5,15.987972744718302,24.5279584550634,8.873231332689846,0.8880009889146456,8.5399857103451,0.104821959944406,1,0,0,0,0,0
7,178.4242880260255,196.1268101177742,8.724412233439324,0.8883405329007923,17.702522091748733,0.0534687244369669,1,0,0,0,0,0
8,58.50933673278554,39.1618892765496,1.2515418586108589,0.2584603324338919,19.347447456235948,0.0491462136541125,0,1,0,0,0,0
7,50.38625668757361,62.497684174925176,5.870986158871283,0.3384164741480381,12.111427487351564,0.07626934603152,1,0,0,0,0,0
9,27.08130608278106,44.84112282645146,10.509324803269177,0.1687539851157751,17.7598167436704,0.0533054247631391,1,0,0,0,0,0
5,25.30734355439801,15.591513798777743,12.099264401576624,0.8006215059236665,9.715829755620266,0.0933198849557606,1,0,0,0,0,0
10,32.66680325439127,37.56915112460501,12.74302219485078,0.1628346713370057,4.902347870213738,0.1694241041004226,0,0,1,0,0,0
3,54.581378647920815,39.2621266894172,8.63207864741417,0.601026103738768,15.319251958503614,0.0612773185034943,0,0,0,0,1,0
6,20.107753050613518,25.9164330709864,3.234381165886217,0.3230880150915557,5.808680020372883,0.1468713461357865,1,0,0,0,0,0
5,15.666129842723372,7.28694942523315,7.494246722591241,0.3191010706258703,8.379180417490224,0.1066191240052497,1,0,0,0,0,0
4,3.662823442399067,3.735037509398912,19.330818962390705,0.9916525497228446,0.0722140669998445,0.9326495806924952,0,1,0,0,0,0
2,59.43548967748234,66.02902239195164,11.077838369929074,0.7811018262806837,6.593532714469298,0.1316910109697063,0,0,1,0,0,0
7,40.15127207096348,26.25275464886301,6.709100456884403,0.8532454224619451,13.898517422100465,0.0671207726022859,1,0,0,0,0,0
5,32.52926117516004,36.1405285248888,31.982306478365672,0.6147844168096114,3.611267349728763,0.2168601219920203,0,0,0,0,1,0
4,19.840271972031115,17.53469612119998,8.975553776142391,0.8839128586543743,2.3055758508311364,0.3025191510122405,0,1,0,0,0,0
8,32.61944323324162,46.671453422177954,7.402329896484209,0.6809414852497176,14.052010188936336,0.0664363090011079,0,1,0,0,0,0
9,95.51147271309766,61.51473616398894,13.53127913564803,0.9515563343167108,33.99673654910872,0.0285740928613947,0,1,0,0,0,0
9,24.363199356156585,29.896671345900383,2.9437306601252624,0.3532047274410731,5.533471989743799,0.1530579761526174,0,0,0,0,1,0
3,63.91975137458245,62.32222291230246,6.483602087188837,0.6357875912046055,1.597528462279989,0.3849813445825524,0,0,1,0,0,1
3,69.91726811047702,92.52918027031292,7.533793851660424,0.7211182131432029,22.611912159835896,0.0423515043267444,1,0,0,0,0,0
5,18.68776270390157,24.838970860716397,1.7424909254096423,0.453643574525026,6.151208156814828,0.139836511267965,1,0,0,0,0,0
5,21.39389759260548,20.04812529095918,9.607434542227644,0.8917371841636479,1.3457723016462957,0.4262988352698111,0,1,0,0,0,0
10,41.662933843145325,41.197511903093286,12.057347968431262,0.981822846793739,0.4654219400520389,0.6823973168877824,1,0,0,0,0,0
2,135.40457887449944,166.16654196268487,5.4130525570986485,0.5443925422353955,30.76196308818544,0.0314842000547495,0,0,1,0,0,0
1,79.05268582452547,89.36828472726613,14.01011733029786,0.4515765893239052,10.31559890274066,0.0883735813362736,0,0,1,0,0,0
8,41.70779224109109,40.48463796200464,17.402141699791503,0.5247441357008128,1.2231542790864438,0.4498113376148271,0,0,1,0,0,0
3,80.75250439206548,63.92791817005123,18.897413998669585,0.8674630711587384,16.824586222014247,0.0561022840892065,0,0,0,0,1,0
1,6.695816643449594,7.307351899739852,3.333943807680604,0.6809215829663509,0.6115352562902583,0.6205262938534726,1,0,0,0,0,0
1,39.36139425986828,28.427858562817782,9.336696137413794,0.1402951352662855,10.933535697050493,0.0837974616564947,0,0,0,1,0,0
2,6.361814345619004,7.392813817661872,12.990207373590838,0.5879529194011434,1.0309994720428677,0.4923684194728798,0,0,1,0,0,0
6,48.259185503295896,61.658122810009296,9.31410226213815,0.1155701104668728,13.3989373067134,0.0694495696938521,1,0,0,0,0,0
6,67.84845903065849,53.83422309193993,16.571358108375275,0.8006818339030649,14.014235938718556,0.0666034558189678,0,0,1,0,0,0
3,29.61757975823759,26.528122552760298,9.889219260475915,0.3954810461882173,3.0894572054772915,0.244531229880736,1,0,0,0,0,0
4,28.56865301234084,24.06465397852924,3.237845671335131,0.5248067339055964,4.503999033811606,0.181686078405338,0,0,1,0,0,1
2,42.38727388254895,53.55512165968845,16.77707902007407,0.8188102953168688,11.167847777139508,0.0821838026178107,0,1,0,0,0,0
2,31.445089191979744,31.87516192403995,9.097317680799224,0.1418039355571854,0.4300727320602071,0.6992651335707722,1,0,0,0,0,0
7,34.89824538165792,31.704750161258456,23.95107041568396,0.2426873820324494,3.193495220399466,0.2384645617659107,0,0,1,0,0,0
1,85.93449070391337,99.8458486070053,3.2567133572064275,0.4581643388006033,13.911357903091924,0.0670629735064334,0,1,0,0,0,0
7,70.1078588396855,61.68176767818251,9.223704977783845,0.3069326471910045,8.426091161502995,0.1060885135594794,1,0,0,0,0,0
1,55.00056969762384,52.19870444411897,22.76907183174412,0.4041112831975568,2.801865253504872,0.2630287854305509,1,0,0,0,0,0
6,13.11909679256066,9.46230949419482,10.051342348268935,0.9983572641032186,3.656787298365842,0.2147403211546552,1,0,0,0,0,0
3,61.45630590429613,74.34134598001522,14.590784165604934,0.8428729938164297,12.88504007571909,0.0720199577780628,0,1,0,0,0,0
8,41.28059038340025,30.011440924879903,17.83546563751821,0.8955116334640977,11.269149458520346,0.0815052423463263,0,0,0,1,0,0
6,31.773853976777808,43.15637546713338,8.81776543432055,0.9433491702091978,11.382521490355572,0.0807589957165731,0,0,0,0,1,0
2,35.0698714429283,37.16517295310545,4.226123248521373,0.4068422922827761,2.095301510177144,0.3230703040437472,0,1,0,0,0,0
8,96.75723262459228,92.96638482775788,15.89623358922978,0.3673692620168254,3.790847796834399,0.2087313232244113,0,0,1,0,0,0
5,77.25298389459647,77.00001720626736,7.621182653196797,0.3106562433148674,0.2529666883291099,0.7981058150345138,1,0,0,0,0,0
8,34.62451166330036,49.426074046987154,1.162970861734075,0.8471052201773104,14.801562383686791,0.0632848813122669,0,0,1,0,0,1
8,110.27422399546444,73.16257732251317,20.001010808062883,0.7115966760566664,37.11164667295128,0.0262386983323321,1,0,0,0,0,1
6,73.63116608725517,50.21547285702291,25.9572803117932,0.3125547842345896,23.415693230232257,0.0409572642713977,1,0,0,0,0,0
2,25.15021674623516,31.18243666853149,5.202790142168693,0.4392944462894094,6.032219922296338,0.1422026061541964,0,1,0,0,0,0
8,24.69603494180664,19.00760376727973,8.524768061422028,0.5560405875395185,5.688431174526912,0.1495118920874195,1,0,0,0,0,0
6,47.76160494622759,38.93525725640468,27.420177116008976,0.5753260515463783,8.82634768982291,0.1017672111313233,0,0,1,0,0,0
6,21.102433950796225,18.764935263558844,23.07767622050524,0.8998549556965432,2.3374986872373817,0.2996255860186573,0,0,1,0,0,0
8,118.22826953724324,151.49392015439986,13.017875742499609,0.4425095196524947,33.26565061715661,0.0291837447119508,1,0,0,0,0,0
1,48.64325320852483,58.48799394283742,21.627369019490175,0.917671627450461,9.844740734312587,0.0922105953935824,1,0,0,0,0,0
2,22.19692100785693,21.4134799367184,7.23505927053648,0.4972308042878106,0.7834410711385331,0.5607137887441432,0,0,0,1,0,0
9,101.13299663001004,111.25933818442756,2.4709323445300417,0.7717354073131184,10.126341554417522,0.0898768022812464,0,0,1,0,0,0
8,6.132999768678031,6.710008572968059,18.770115151532277,0.9372288879865504,0.5770088042900277,0.6341118687984763,1,0,0,0,0,0
7,48.858862990158585,36.61330199303899,8.317413582832758,0.9168181335669398,12.245560997119595,0.0754969910460917,1,0,0,0,0,0
7,40.08247016206738,30.718211343857547,1.9017314698407044,0.151257580566113,9.364258818209834,0.0964854330193893,0,0,1,0,0,0
5,15.363291794310337,7.54070952222962,5.3632777047574685,0.2851338654789128,7.822582272080717,0.113345500122399,0,1,0,0,0,0
2,106.44137412664556,146.10671205363582,7.005519725274654,0.5292148829790476,39.66533792699026,0.0245909674178874,1,0,0,0,0,0
6,30.488851207332925,25.38129316203216,7.675871732144373,0.4883988609577966,5.107558045300767,0.1637315589279438,1,0,0,0,0,0
10,27.75409554383213,27.84838246167708,4.65869270933186,0.6768024983534864,0.094286917844947,0.9138371150130968,0,0,0,1,0,1
3,70.60391201943703,80.11617014207268,3.516814321018065,0.950238145742871,9.512258122635645,0.0951270401025197,0,0,1,0,0,1
4,47.52116138922357,35.98221526019747,1.6571730271767835,0.2011642401501539,11.5389461290261,0.0797515189641914,0,0,0,0,1,0
10,22.755756869224868,17.933835000828218,1.5893376432285289,0.5066727986208164,4.82192186839665,0.1717645860945569,0,0,1,0,0,0
2,30.227791915411665,23.268434542910207,8.179067124767595,0.2731699340984254,6.959357372501458,0.1256382837457292,0,0,0,0,1,0
2,97.92008375328425,27.00602847876372,10.283028714496831,0.9046968385581527,70.9140552745205,0.0139054875459694,1,0,0,0,0,0
8,36.93140667226602,36.329987729296434,3.43872841483753,0.9681221672214876,0.6014189429695875,0.6244462165194901,0,0,1,0,0,1
8,133.6196709614634,211.6923070855315,21.296613762241595,0.5308315137013151,78.07263612406808,0.012646599999916,1,0,0,0,0,0
10,20.810045394438752,18.05562785671711,6.083280338345331,0.1936092679553266,2.7544175377216438,0.2663529002708758,0,0,1,0,0,0
6,33.57537235682108,29.36061620651606,7.696645129217458,0.8067652000504059,4.214756150305018,0.1917635208966595,0,1,0,0,0,1
5,25.804847305600592,23.419109613814864,7.335087960313862,0.7274272154431591,2.385737691785728,0.2953566079339635,1,0,0,0,0,0
8,67.17377775404073,72.40677360176055,1.3326297096848083,0.4192037439492794,5.23299584771982,0.1604364938516402,0,0,0,1,0,1
4,137.5377554745481,167.84577924885494,16.688011038997843,0.8986667265720671,30.308023774306804,0.0319406937725867,0,0,0,1,0,0
4,45.32491673780277,35.86918571062317,12.817172549854291,0.9782487008044364,9.455731027179604,0.0956413279378081,1,0,0,0,0,0
5,50.84066367292132,56.7200642077726,21.767735021439574,0.6020684642171759,5.879400534851271,0.1453615027841404,0,1,0,0,0,0
1,32.37183162121545,31.677883911905816,20.820908973358836,0.6091551202098631,0.6939477093096329,0.5903369947632854,1,0,0,0,0,0
1,14.203582506027852,15.264870655857864,11.699280987825327,0.3677621546024,1.0612881498300126,0.4851335317104824,1,0,0,0,0,0
2,37.10519383652868,41.291508872505375,13.459880085437913,0.6260554323849827,4.186315035976698,0.1928151284800766,0,0,1,0,0,0
8,58.04673962035182,43.90070878044514,3.223178683216984,0.4956780884723619,14.14603083990668,0.0660238983117085,1,0,0,0,0,0
7,29.123636596537587,25.29332032999635,6.1173907569846016,0.3719719242352467,3.830316266541235,0.2070257815056183,0,0,0,0,1,0
10,15.499393466660775,17.290971428605577,7.296230002066641,0.1604666768715112,1.7915779619447996,0.358220337612686,1,0,0,0,0,0
9,4.211799562802095,4.064192187631104,5.453343445200362,0.3274370737382124,0.1476073751709909,0.8713781574042274,0,0,1,0,0,1
5,110.1128287113132,131.9217344973445,20.48835306448923,0.278069184709898,21.80890578603129,0.0438425240290318,0,0,1,0,0,0
2,32.05995474778821,30.277468476607865,9.543145499325515,0.5878377860985541,1.7824862711803462,0.359390811864022,1,0,0,0,0,0
7,56.39346045116962,70.63954711823992,4.307650205383115,0.6415030195872344,14.2460866670703,0.0655906018270169,1,0,0,0,0,1
8,82.99127935004645,42.27177749250524,19.599993743916148,0.6477145518754148,40.71950185754122,0.0239696054716731,0,0,1,0,0,1
7,93.74352093236982,101.32138701902473,9.780403063323812,0.4493629009411112,7.5778660866549075,0.1165791106899837,0,0,1,0,0,0
7,28.54945878595036,19.344707676635466,16.211506783857782,0.4791067603169464,9.204751109314897,0.0979935707679533,1,0,0,0,0,0
5,54.85964310367276,70.239175815376,3.1646106545903354,0.850814586676576,15.37953271170324,0.0610518027346101,0,1,0,0,0,0
2,58.883345232006256,56.68464196678993,10.347203901559451,0.5286095321654461,2.198703265216324,0.3126266855929731,1,0,0,0,0,1
6,75.6314159866457,69.19321880203954,4.1345128781498754,0.9889959989234102,6.438197184606167,0.1344411791165694,1,0,0,0,0,0
4,58.448255463800194,46.37550907919048,9.941032854560932,0.4956555070079784,12.072746384609715,0.0764950202948387,0,1,0,0,0,0
10,50.88000231427284,59.32220235605177,12.846625060769064,0.6846228501560551,8.442200041778925,0.1059075210835713,1,0,0,0,0,0
2,21.07465530845151,24.06800997139497,2.879956907872953,0.1453266990940562,2.993354662943464,0.2504160247221592,0,0,1,0,0,0
9,66.0718544067612,61.421567744880456,8.093362427169614,0.6880059319769297,4.650286661880749,0.1769821709660198,0,0,1,0,0,1
7,42.405014380311485,49.45945084266035,3.1437702177176035,0.8662837549735055,7.054436462348868,0.1241551789097329,0,0,0,0,1,1
6,101.84347625317004,107.46071385678792,16.807563397324174,0.9482120546799666,5.617237603617866,0.1511204614223413,0,0,1,0,0,0
5,66.40547080327416,67.83253820192222,8.731563604716445,0.9975885504757934,1.427067398648063,0.412019872442366,0,0,0,0,1,0
3,8.767346634425698,10.483286271377889,4.295858518940909,0.3539607810843098,1.715939636952191,0.3681966956828956,0,1,0,0,0,0
10,19.931381816914644,28.95704890861845,5.298350922603899,0.6178330583431452,9.025667091703806,0.0997439861959405,0,1,0,0,0,1
10,32.53327017673385,34.826004527806724,5.96566301116988,0.5056461869789326,2.2927343510728733,0.3036989606143506,0,0,0,0,1,1
4,41.61288254177634,44.56151817489588,21.54854801366714,0.6074357325176539,2.948635633119544,0.2532520325786477,0,1,0,0,0,0
3,147.52538650760312,181.4050068675932,7.877965169832341,0.2417076614708619,33.87962035999004,0.0286700368203286,1,0,0,0,0,1
8,71.29663989599413,54.31971617064112,14.88586318172099,0.8705346153363474,16.976923725353018,0.0556268700517258,0,0,1,0,0,0
3,25.871813618723472,24.68767943298337,8.170377525392134,0.9186120490101288,1.1841341857401062,0.4578473275721126,0,0,0,0,1,1
7,72.57923167611482,65.57379277211933,3.2300471835703446,0.5046954968016303,7.005438903995483,0.1249150748625292,0,0,1,0,0,1
7,49.31679957758672,53.02044982332419,5.256594276151633,0.3523868754162191,3.703650245737478,0.2126008414223008,0,1,0,0,0,0
7,73.04131484248191,77.00271314465166,10.698525108175058,0.2267500848877111,3.961398302169755,0.2015560813899325,0,0,1,0,0,0
7,34.70170963409734,49.9580156723373,1.3501871925264015,0.715388342300024,15.256306038239956,0.0615145899472909,0,0,0,0,1,0
2,155.65828229160158,213.9985073653311,12.034806516705675,0.3810086556586617,58.34022507372953,0.0168519751780097,1,0,0,0,0,0
10,109.7755397305659,68.20316891986852,4.687621711162368,0.9185847129220498,41.57237081069738,0.0234894129915058,0,0,1,0,0,0
3,64.7441611483342,70.52691169371644,9.48097677616725,0.703911227360383,5.7827505453822425,0.1474328140640243,1,0,0,0,0,0
10,31.84683508650089,37.485236321512616,5.439348126219948,0.6811167926568167,5.638401235011727,0.150638680097533,0,1,0,0,0,0
9,72.9751872659947,74.50860297582862,13.702078994357583,0.6034619043084167,1.5334157098339176,0.3947240068490601,0,1,0,0,0,1
3,14.23302247244126,12.397011352989486,8.61936426940252,0.141198705485853,1.836011119451776,0.3526079263727669,1,0,0,0,0,0
2,114.7319510076511,154.27762945558234,13.349281504546704,0.9387301921170282,39.54567844793124,0.0246635409315989,1,0,0,0,0,0
9,99.7694955812622,108.00444891050012,1.6647300453336211,0.665143743969514,8.234953329237939,0.1082842505369238,0,1,0,0,0,1
10,60.04130268724605,44.37924599089239,7.206992446299212,0.9946557850447992,15.662056696353666,0.0600166004847913,1,0,0,0,0,1
9,21.62564962724061,26.902428532835145,4.611511174238358,0.5836207642955984,5.276778905594533,0.159317384767001,1,0,0,0,0,0
4,34.54134232142845,38.58045131793874,11.792893348804151,0.7390998027155918,4.039108996510286,0.1984477812828668,0,0,1,0,0,0
9,6.592418735931842,5.531596710764874,16.671222030392528,0.1505886020795999,1.060822025166968,0.4852432610812086,1,0,0,0,0,0
3,6.867622745985677,5.55682297501831,16.2605057104973,0.6685625591410698,1.3107997709673669,0.4327506054673752,0,1,0,0,0,0
7,37.98077479591087,30.421359051679715,22.32822182739423,0.7881846504313216,7.559415744231153,0.1168304040698077,0,0,0,0,1,0
7,20.086273322767813,26.0305651309557,16.950628342555834,0.8006628653673016,5.944291808187888,0.1440031651349844,1,0,0,0,0,0
8,9.158508488031508,10.508170771704233,7.152780709538763,0.7931004870072569,1.349662283672723,0.4255930764811505,1,0,0,0,0,0
10,31.77433743104205,39.370221096513454,3.729802400528104,0.3036543645643009,7.595883665471405,0.1163347526464179,0,1,0,0,0,1
4,33.799897623502865,35.5279011141658,1.7981280463329343,0.9778586298447032,1.7280034906629351,0.3665684459065662,0,0,1,0,0,0
3,16.316172548135377,13.536094981500572,3.587067379049332,0.9956639085624448,2.780077566634805,0.2645448360178082,0,0,0,0,1,0
3,53.32125662604902,42.73250214067421,1.4944744411607689,0.1680362876454411,10.588754485374809,0.0862905501416926,0,0,0,0,1,0
5,80.42287104875142,101.99929568189948,2.556263780435212,0.9428017805305816,21.576424633148065,0.0442939932362779,0,0,1,0,0,0
1,55.378837716120096,61.55674788381936,10.110135059346684,0.3605042748739324,6.177910167699267,0.1393163158407887,1,0,0,0,0,0
10,41.60078399822524,38.83751976446587,1.6608336918224709,0.7203556735758683,2.763264233759372,0.2657267568482785,1,0,0,0,0,0
3,43.96818154095051,44.20291028308971,11.083180519112297,0.4042998286625189,0.2347287421391968,0.8098944860289526,1,0,0,0,0,0
6,36.00841234464754,44.993300223323125,5.278442928301244,0.9709788910358094,8.984887878675586,0.1001513499351023,1,0,0,0,0,0
3,31.546475175684115,35.988096274790344,8.906190957455278,0.1913534724731819,4.441621099106229,0.1837687670250042,0,0,1,0,0,0
5,54.64860143438677,53.38800953945006,9.079667865595598,0.5479721352607384,1.2605918949367094,0.4423620213094665,0,0,1,0,0,0
9,56.58584577140302,55.93157996426189,22.388610874375857,0.4852430127478672,0.6542658071411296,0.6044977751962248,1,0,0,0,0,0
2,44.20571567240799,37.67972778868157,9.329450976714016,0.3934211070501864,6.525987883726423,0.1328729218608387,0,0,1,0,0,0
2,32.36615903383379,32.55350875199214,2.673205980972975,0.6809805917921338,0.1873497181583516,0.8422118477031839,1,0,0,0,0,0
6,21.371394052978022,19.833430257396447,3.9130784414405344,0.2179501690795007,1.5379637955815788,0.3940166529329266,1,0,0,0,0,0
6,11.857965635942737,11.709336134201724,9.062666733737611,0.7449961763203272,0.148629501741011,0.8706027474344608,0,0,1,0,0,0
8,21.395679523230577,18.49890435985045,6.89779027494434,0.9825329114243084,2.896775163380127,0.2566224526879255,1,0,0,0,0,0
2,32.166963341862925,21.393212694240976,9.379439065517657,0.8241028430217672,10.773750647621949,0.0849347017725383,1,0,0,0,0,0
9,34.373032522682344,42.56927817371623,11.22851266441649,0.8740150776185909,8.196245651033884,0.1087400269573677,1,0,0,0,0,0
2,176.27937693636585,201.53668170746064,4.050255957174812,0.4236730688611022,25.257304771094766,0.0380846400160935,1,0,0,0,0,0
1,75.33677997133198,70.33682521570748,11.4712889174338,0.3923979458330968,4.9999547556245005,0.1666679234643521,0,0,1,0,0,0
10,54.854656437418654,50.44145333039052,12.414156850203838,0.5653435192211199,4.413203107028139,0.1847335080964664,0,0,0,0,1,0
2,64.83188672569084,42.323129889669815,9.491187522741916,0.1411539532860454,22.50875683602102,0.0425373407439291,1,0,0,0,0,0
7,153.63417364049445,194.5730045745152,26.944184307807596,0.9508223210108794,40.93883093402073,0.0238442507272848,1,0,0,0,0,0
8,26.318609863077043,34.56916455583074,1.8583285624028751,0.229406655714573,8.250554692753695,0.1081016256012558,0,0,1,0,0,1
5,118.0961461717812,115.4983780675748,24.76956302638903,0.9127117352512832,2.5977681042063807,0.2779500987934258,0,0,0,0,1,0
6,4.407060420309456,4.7670975859390285,6.4030119766416576,0.1752239998003201,0.3600371656295724,0.7352740243220425,1,0,0,0,0,1
1,37.55151147657209,28.269701892407085,4.571315401304333,0.8403624349107041,9.281809584165003,0.0972591441043703,1,0,0,0,0,0
6,19.114301696376447,19.523341417615494,11.774661302055373,0.2367662732903936,0.4090397212390506,0.7097032006455019,0,0,1,0,0,0
8,11.122236714692086,9.209207669738172,5.300953075122345,0.1343184526823254,1.9130290449539145,0.343285282971087,0,1,0,0,0,0
3,99.64404874883832,82.59156055681106,15.92654026973033,0.7475405052334678,17.05248819202727,0.0553940259848302,1,0,0,0,0,0
1,37.1375915008956,34.4581416214845,6.256290858706387,0.3522387701569854,2.679449879411102,0.2717797585980572,0,1,0,0,0,0
4,32.81033959223423,29.330084421465667,17.44425424845472,0.7430465375059145,3.4802551707685616,0.2232015726524915,1,0,0,0,0,0
1,37.51791088321398,36.31483983532254,3.435066305985659,0.5995767254255377,1.2030710478914417,0.4539118250213036,0,1,0,0,0,0
8,47.74076458800974,60.35204051997205,10.568213187660822,0.197926651207059,12.611275931962313,0.073468498103971,0,1,0,0,0,1
5,23.550728995235385,11.116130871376804,4.284385534373122,0.9389170659710472,12.43459812385858,0.0744346790860899,0,0,0,1,0,0
1,10.984905236059712,9.520426160076344,10.856734091104387,0.5070827572871298,1.464479075983368,0.405765262827798,0,1,0,0,0,0
8,41.84145274698758,48.44989793322566,2.2668156329576643,0.7610025500188192,6.608445186238079,0.13143289798667,1,0,0,0,0,1
9,48.025725516808,50.36359772123847,2.4615952268605747,0.5509185148140626,2.337872204430468,0.2995920570813546,1,0,0,0,0,0
10,104.48180006035798,84.1142608718131,6.210824568421222,0.6439253274650842,20.36753918854488,0.046799960967714,0,0,0,1,0,1
2,40.74408084776452,62.18770169371583,17.980679109359883,0.3724962331210232,21.443620845951315,0.0445560904304972,1,0,0,0,0,0
9,45.91761909120443,76.87005904270212,1.9402317971346177,0.2803242736031053,30.95243995149769,0.0312965144920999,1,0,0,0,0,1
8,20.174854727350905,20.096646370234343,20.236740731330343,0.5883131830672611,0.0782083571165621,0.927464523345271,1,0,0,0,0,0
7,20.247307588041508,15.22880741721112,10.871413166980178,0.4961970756739018,5.018500170830388,0.1661543526818621,0,0,1,0,0,0
3,55.1011956177826,51.6419774542318,17.039071393725283,0.4511018920905398,3.4592181635508013,0.2242545583828795,0,1,0,0,0,0
2,69.69268597139079,50.05119529067719,8.62354870722597,0.7053104755851607,19.641490680713595,0.048446113484156,1,0,0,0,0,0
7,84.14594447890117,92.57413586559764,9.561487268549056,0.7214559688100224,8.428191386696483,0.1060648812677939,1,0,0,0,0,0
5,53.02630859075438,60.6562736890542,7.04129177230623,0.1413280504821367,7.62996509829982,0.1158753237828283,0,0,0,1,0,1
6,23.44898976843797,29.22519649297101,6.442384790777988,0.404870044819305,5.776206724533036,0.1475751907596816,0,1,0,0,0,0
4,12.207254809169594,13.42621575973878,13.964640842569631,0.4705880952037397,1.218960950569187,0.4506613781299258,0,0,1,0,0,0
2,18.81601735120178,19.892103066297853,3.4482819703009286,0.1872029450477513,1.076085715096074,0.4816756806949676,0,0,0,1,0,0
9,52.92529029773807,39.59409319591634,8.483765965933495,0.3123107800284595,13.33119710182173,0.0697778415086401,0,0,0,0,1,0
3,13.4841608075833,9.363115690289266,1.89908421134191,0.146477617500481,4.1210451172940346,0.1952726400755479,1,0,0,0,0,0
7,19.29648533847728,9.548030562512864,2.584115051664853,0.9966178887553184,9.748454775964415,0.0930366290637599,0,0,0,0,1,0
8,25.60746417400742,26.12527187113461,7.861130864351688,0.7629014826728601,0.5178076971271963,0.6588449919530204,1,0,0,0,0,1
2,61.25879904432725,74.47948296993782,4.97089105402933,0.1787051408524783,13.220683925610572,0.0703201059267664,1,0,0,0,0,0
6,95.08867615394703,122.46650764394448,7.185858790980719,0.1182244418110829,27.377831489997437,0.035238774335258,0,0,0,1,0,1
8,44.74389032614585,54.11333806098319,3.957872045927533,0.7473590201370522,9.369447734837337,0.0964371512901681,1,0,0,0,0,0
7,50.66342036627983,46.01252345139415,12.905268963740362,0.4952729491144002,4.650896914885678,0.176963058265279,1,0,0,0,0,0
3,41.48198744218508,60.76231967037092,2.7592466787603067,0.8081170381581184,19.28033222818584,0.0493088569136056,1,0,0,0,0,0
1,37.78025933778586,28.818833543281382,25.283809452710937,0.9311284340365452,8.961425794504478,0.1003872357862345,0,1,0,0,0,0
6,57.59520297173961,43.26122675114163,19.59719721202657,0.6393703501147352,14.333976220597982,0.0652146570213608,1,0,0,0,0,0
8,37.9959624888924,45.27888241529487,11.812304769917349,0.2683975806255277,7.282919926402464,0.1207303715218133,0,0,1,0,0,0
6,113.3927346252214,153.2570777700285,2.3876148995059574,0.8039746324418073,39.86434314480709,0.0244712118938604,0,0,0,1,0,0
5,48.76173102217366,70.61489896284442,7.19690126803668,0.960230568856937,21.85316794067076,0.0437576095618824,0,0,1,0,0,0
8,52.33318603412086,65.3786277637413,12.317875949681174,0.6222081583539604,13.04544172962045,0.0711974759676727,1,0,0,0,0,0
2,42.34122881011263,50.11719746020363,16.41632886695729,0.7137977025526602,7.775968650090995,0.1139475355794065,0,0,0,0,1,0
1,72.10310994726652,86.7549354681187,16.35249936423034,0.4037272255330058,14.651825520852183,0.0638903109843479,1,0,0,0,0,0
1,25.063083038860604,23.320445282517483,14.18023219614984,0.4433749251942801,1.7426377563431217,0.3646124967423126,1,0,0,0,0,0
4,20.086372721738712,16.062671397821955,0.9905782640761888,0.7611890480677576,4.023701323916757,0.1990564198630232,1,0,0,0,0,0
6,65.97170518040676,70.50242522022747,3.575204140360318,0.9349939885661372,4.530720039820707,0.1808082840570642,0,1,0,0,0,0
9,48.609704233511046,28.00329687512082,14.45235608603622,0.666089548501917,20.606407358390225,0.0462825671761519,1,0,0,0,0,0
1,66.55706564379824,61.42660193544669,5.248943743161807,0.8108631176368127,5.130463708351549,0.1631197977141104,1,0,0,0,0,0
1,34.18057559643056,29.645505374808675,10.426816426782084,0.2544715156738357,4.535070221621883,0.1806661812696895,1,0,0,0,0,0
5,46.476243601450335,53.25331253645464,26.39610472745101,0.2907631812321762,6.7770689350043085,0.1285831472444632,1,0,0,0,0,0
10,31.132342129453537,32.845639003180594,5.04198298878409,0.5788312181500511,1.7132968737270566,0.3685553209024169,0,1,0,0,0,1
5,40.90535116793998,56.10650901177162,17.199284450481077,0.2588987730185564,15.201157843831638,0.0617239835349629,0,0,1,0,0,0
5,12.442616214006888,15.000463007366353,10.840078099100744,0.6714955631988312,2.557846793359465,0.2810688762277363,0,0,1,0,0,0
10,6.5817036147608725,5.530085252203462,34.337921800991055,0.362487866855229,1.0516183625574105,0.4874200866254028,1,0,0,0,0,0
6,14.168130550615714,16.550187627296147,10.86328007860618,0.8123793568002028,2.3820570766804323,0.2956780377525512,1,0,0,0,0,0
8,70.91810339459927,40.29451841122557,5.3113387618916965,0.8272993119529091,30.623584983373703,0.0316219682406582,0,0,0,0,1,0
3,69.52699248043824,82.25731745898086,8.510566802845245,0.5174087101798178,12.730324978542626,0.072831488079326,1,0,0,0,0,0
9,116.37903832915264,94.6694907176734,3.389785669207179,0.2627295715338718,21.70954761147924,0.0440343426081512,0,0,0,1,0,1
1,67.37496404841171,57.13770661157309,13.788758279125812,0.6820974649737392,10.237257436838624,0.0889896850384278,1,0,0,0,0,0
4,32.61561268532353,43.56610599966179,6.10961378926964,0.9935083164372276,10.950493314338251,0.0836785539890805,0,0,0,0,1,0
9,41.66987848539482,45.72787372629304,8.50036130457244,0.660331808148271,4.057995240898222,0.1977067894240279,1,0,0,0,0,0
8,6.397814539089625,6.088958295184454,18.14176093750861,0.132197221642607,0.3088562439051712,0.7640258467319132,1,0,0,0,0,0
10,32.91583805231979,41.279676971740514,3.062924384010337,0.1155645781903743,8.363838919420722,0.1067938063229587,0,0,1,0,0,0
9,46.55223515908653,63.698176418271856,16.454259890288455,0.3883257734430756,17.145941259185328,0.055108742264544,0,1,0,0,0,1
1,79.88063926372804,59.91618187707286,2.135610303610542,0.2762054261743644,19.964457386655184,0.0476997797537342,1,0,0,0,0,0
9,44.03352948352718,36.176319259997086,7.709748236595411,0.8317460864289773,7.857210223530096,0.1129023670843214,0,1,0,0,0,0
3,17.768647449005915,21.37210172267733,11.86010285514354,0.8603251003324004,3.603454273671417,0.2172281813939828,0,0,1,0,0,0
10,76.80901660071619,82.69629388551539,14.453969222119271,0.3327568941794285,5.887277284799197,0.14519525766838,1,0,0,0,0,0
9,29.981043706221428,16.03141253710794,3.311915452066029,0.3930802992549034,13.949631169113488,0.0668912823793297,1,0,0,0,0,1
1,23.306681464049568,33.693796527276206,26.660093406503968,0.3126222709436032,10.387115063226638,0.0878185558367969,0,1,0,0,0,0
1,40.09580037328743,35.26654161453806,11.991309016779192,0.9175442926341376,4.829258758749361,0.1715483977270799,1,0,0,0,0,0
9,29.72784224431312,22.25926204225048,14.586218045454158,0.552384401160054,7.46858020206264,0.1180835483799794,0,0,1,0,0,0
6,46.50354045258244,46.638449797412505,12.048246088135198,0.6905233396738178,0.1349093448300706,0.881127646499139,1,0,0,0,0,0
4,64.08323585685407,78.53531378750736,3.445609760859277,0.4739338780296429,14.452077930653289,0.0647162151581073,1,0,0,0,0,0
7,32.993887727837844,42.35313598238769,4.659699309982306,0.667912774154078,9.359248254549849,0.0965321011165838,1,0,0,0,0,1
5,33.47908801449756,33.95757746033526,19.74351251800169,0.4472698390495625,0.4784894458376953,0.6763660050568784,0,1,0,0,0,0
10,64.299533194185,105.06268473415206,20.177277415661397,0.4057105939563029,40.763151539967055,0.0239445531078517,1,0,0,0,0,0
7,64.41639877828096,109.87927116349472,1.249402309445252,0.6710320658561322,45.46287238521376,0.0215225608892453,1,0,0,0,0,0
8,49.42666595925256,54.962072642738384,13.681368551256975,0.6319558702440903,5.535406683485824,0.1530126659947387,1,0,0,0,0,0
8,38.626300207545135,38.0268240031021,7.601995028872043,0.3641751587511547,0.599476204443036,0.6252046746442323,0,0,0,0,1,0
1,88.64776420206438,81.18299498669647,11.462770789259157,0.234413605287526,7.464769215367909,0.1181367116523963,1,0,0,0,0,0
8,25.780401651738984,24.795635428027403,9.659553438773605,0.4317190244543238,0.9847662237115812,0.5038376752149507,0,0,1,0,0,0
6,64.83000447347891,89.06180235356236,9.54524825423328,0.4736778752277183,24.231797880083448,0.039632530537562,1,0,0,0,0,0
4,24.94522713316411,27.03938881882764,4.130173313052809,0.6658159000821443,2.094161685663529,0.3231893163933204,1,0,0,0,0,0
8,45.68907049389127,55.62991629765887,16.73048892783286,0.9230758872731774,9.9408458037676,0.0914006117932526,0,1,0,0,0,0
3,15.75810052094,18.49167432856612,5.27683697386094,0.1325663177796326,2.733573807626115,0.2678398905513591,0,1,0,0,0,0
4,46.64009498175203,53.71056666636241,7.475970188226739,0.3192949112876604,7.070471684610382,0.1239084949528915,0,0,0,0,1,0
6,91.9282565353891,116.95724075069391,4.218511106588096,0.2743443480516043,25.02898421530483,0.0384187101474366,0,0,0,0,1,0
7,74.14786301030547,89.48837423354257,8.497357712667092,0.5520649678244053,15.3405112232371,0.0611975957384947,0,0,1,0,0,0
4,8.58335185460379,9.60622081354765,2.7983146608743765,0.4867307263388438,1.0228689589438584,0.494347394861455,0,1,0,0,0,1
4,89.6177796516128,130.9513991064497,5.499731679811926,0.7561338614381696,41.33361945483691,0.0236218875890552,0,1,0,0,0,0
7,29.078015951287387,19.487391563033285,16.668856273768444,0.3181743212903775,9.590624388254104,0.094423139121909,1,0,0,0,0,0
6,58.216565347328135,62.336046266336055,3.2417678447390847,0.6350485291747827,4.11948091900792,0.195332303376137,0,0,0,0,1,1
8,41.80535585902821,36.29097585298342,13.57860460587258,0.8954715372399634,5.514380006044789,0.1535065499820528,0,1,0,0,0,0
1,27.382318746598795,33.677745490534605,2.559103511596746,0.9196099659264744,6.29542674393581,0.1370721734449916,0,1,0,0,0,1
10,53.97051172038754,31.920736152773337,4.995665412954597,0.962906144252528,22.049775567614205,0.043384370362592,1,0,0,0,0,0
7,28.18396333421061,29.826963577693032,5.062890956535405,0.7959350368719897,1.6430002434824225,0.3783578917429073,1,0,0,0,0,1
7,66.62763998502699,74.6625396076778,15.633860412972712,0.9153891156330236,8.034899622650812,0.1106819158779544,0,0,0,0,1,1
7,27.852182044971062,36.36769771653164,20.305347272791696,0.3110777847867468,8.515515671560571,0.1050915194211431,1,0,0,0,0,0
7,25.533133399935277,22.834395005043746,6.51197779652513,0.2778228499154293,2.698738394891528,0.2703624569342722,1,0,0,0,0,0
10,67.64681809769337,114.83438708556008,2.778400092283289,0.1058392754024738,47.1875689878667,0.0207522400694625,1,0,0,0,0,1
10,145.45043928897633,124.1283443558482,5.708934262553776,0.7361599216861885,21.322094933128128,0.0447986626253391,0,0,1,0,0,1
8,78.86678904671408,56.42496258728881,6.091095679804596,0.94372046903237,22.441826459425265,0.042658792041263,1,0,0,0,0,0
9,71.85269691043496,82.73464589551445,5.552070159018344,0.2682418105375088,10.88194898507949,0.0841612770140428,0,0,1,0,0,0
9,42.98392164134894,41.613249007239965,7.606767056262114,0.673249217884191,1.3706726341089777,0.4218212104075906,1,0,0,0,0,0
2,64.08637158920742,93.58779457238914,4.220076869748665,0.7718137832995998,29.50142298318173,0.0327853556390268,0,0,0,1,0,1
7,32.92564324305191,19.83907149536232,2.928367546798392,0.9348528116332508,13.08657174768959,0.0709895933454508,0,0,1,0,0,1
7,101.0387551360768,101.94019004446255,1.4242025185714566,0.6821742016154995,0.9014349083857808,0.5259186078838469,1,0,0,0,0,0
4,11.123710318880198,13.398831416645324,15.160381502474022,0.973264359473877,2.275121097765126,0.3053322213588923,0,1,0,0,0,0
9,41.65044726633776,34.70929950589659,9.599775449570378,0.410205826911293,6.941147760441176,0.1259263811941013,1,0,0,0,0,1
8,35.21046863229816,22.95378706890977,12.72248623902943,0.4149356803942668,12.256681563388389,0.0754336592621903,1,0,0,0,0,0
1,43.1807464785658,58.81387126187644,11.552323175201042,0.588711259012911,15.633124783310636,0.0601209942826486,0,0,0,1,0,0
2,26.499158267694337,20.938160235514765,8.015876097856209,0.4451516930043164,5.5609980321795724,0.1524158359894826,1,0,0,0,0,0
2,48.02677426306587,60.55981353429509,7.59226458166372,0.1012831554587793,12.53303927122922,0.0738932312216048,1,0,0,0,0,0
8,25.90160919734618,19.917487732429404,26.263073011305927,0.7585948225782886,5.984121464916775,0.1431819313314185,1,0,0,0,0,0
1,31.38249836073168,28.88056215626595,5.614981459507157,0.776545337330635,2.501936204465732,0.2855563155961499,1,0,0,0,0,0
4,59.57131692137968,70.84837838617595,8.64829936486736,0.7722771442180935,11.277061464796276,0.0814527159343006,0,0,0,1,0,1
10,174.7409988258224,190.20187211856157,6.028915737578036,0.4105185999494199,15.460873292739135,0.0607501183087958,1,0,0,0,0,1
5,31.053429126556665,23.82214508123352,3.642800491444669,0.5700605259800547,7.231284045323147,0.121487728341507,0,0,0,0,1,0
9,53.96964846718821,61.12852186841469,33.80381071423632,0.4239761663590025,7.158873401226487,0.1225659414999225,0,0,0,0,1,0
7,86.11146733383846,39.34622805196834,12.320015321885055,0.1144327600275812,46.76523928187012,0.02093572679703,1,0,0,0,0,0
8,56.16695720444255,39.31248900937158,4.919927768210291,0.6062040471442769,16.854468195070964,0.0560083889967704,1,0,0,0,0,0
9,37.85973172615814,54.3813802116691,4.073805595341796,0.2113845994756099,16.52164848551096,0.0570722555487243,0,0,0,1,0,0
7,37.41070069755496,35.82357450174261,13.556165413692918,0.1720371916822965,1.5871261958123457,0.3865292700520952,1,0,0,0,0,1
5,90.0617096824967,106.22620211672726,17.55388257226259,0.7799491618271085,16.164492434230567,0.0582598060403891,1,0,0,0,0,0
5,8.270707370911952,9.695218107610463,3.202072634395328,0.108555582176295,1.4245107366985117,0.4124543500111339,1,0,0,0,0,0
10,47.74693089253783,43.63958796598215,7.353930122969383,0.9631075992478536,4.107342926555681,0.1957965255868154,0,1,0,0,0,0
6,34.30003778244201,35.30596643744805,8.615205665934129,0.5637298277013192,1.0059286550060378,0.4985222168816318,0,0,1,0,0,1
5,12.2673464856007,8.67089297129125,8.664951327743172,0.9847147876355336,3.5964535143094487,0.2175590369590055,1,0,0,0,0,0
9,44.692205190972594,46.14342393818689,9.96448355858928,0.1521978152254376,1.4512187472142983,0.4079603263219391,1,0,0,0,0,0
3,27.913127443105672,24.490378728019422,6.79318946246701,0.6251765939793219,3.42274871508625,0.2261037342205182,0,0,0,0,1,0
3,19.34483725479176,29.460994705833556,7.803341126162993,0.4143943323783201,10.116157451041795,0.0899591432025174,0,0,1,0,0,0
7,96.57893647129367,79.64859820225189,8.139828412676831,0.8591342435328572,16.930338269041783,0.0557713962221551,0,1,0,0,0,1
7,22.07717476776002,24.91044906847053,3.032035603124946,0.4251004617108577,2.83327430071051,0.2608735826222106,0,0,1,0,0,1
6,17.971107764231363,16.742142884542908,25.855767617751816,0.3344388211516141,1.228964879688455,0.4486387421859115,1,0,0,0,0,0
3,14.199779526046097,17.087392491042166,14.12424062778219,0.871797814389922,2.887612964996072,0.2572272520448831,0,0,1,0,0,0
7,52.35861035844752,34.60165676460436,16.91014273140092,0.4371877824879349,17.756953593843164,0.0533135615544862,1,0,0,0,0,0
5,56.2303557948169,54.374480766569874,10.258538660110714,0.1151499878745053,1.855875028247027,0.3501553779871849,1,0,0,0,0,0
7,143.97945703533878,165.3028870247792,34.47536436295047,0.4512601907554003,21.323429989440427,0.0447959834341329,0,0,1,0,0,0
2,34.76386826433735,36.80870571216445,0.4408028958056921,0.6890700421098477,2.0448374478271063,0.3284247573589297,1,0,0,0,0,0
6,30.805961549248863,34.62400804058926,8.871522205794651,0.3289235849257437,3.8180464913403966,0.2075529992907554,0,0,0,0,1,0
8,17.463410656203248,13.843247381182756,3.959834702554998,0.4887888331826415,3.620163275020493,0.2164425671721665,1,0,0,0,0,1
1,58.34132600371654,53.28685540091861,9.403541702267216,0.151043624454003,5.054470602797935,0.1651672071110351,0,0,0,0,1,0
4,13.708105706885387,13.643478218968394,22.458587865649143,0.6292835123625615,0.0646274879169936,0.9392956798030444,0,0,0,0,1,0
1,27.625403936641856,33.01156021297399,13.342405641040262,0.7806654314743544,5.386156276332134,0.1565887142013922,1,0,0,0,0,0
1,50.42115875162285,68.02919149514759,8.199871528196404,0.4719813052609992,17.60803274352474,0.0537402321773096,0,0,1,0,0,0
10,28.42146035882937,15.217271598333824,24.025685532734915,0.4782093695213141,13.204188760495546,0.070401767877176,1,0,0,0,0,0
8,27.833619155962342,25.61011124698704,15.833594796238025,0.1794542487264248,2.223507908975304,0.310221047454443,0,0,0,0,1,0
7,24.289220201391068,20.28800275423951,12.374685312887554,0.2817467780607843,4.001217447151557,0.1999513139684718,0,1,0,0,0,0
10,100.06983101959328,80.72304182837743,12.136087193933282,0.2392077728151214,19.346789191215837,0.0491478036461754,0,0,1,0,0,0
1,26.741800145013077,28.524420663312053,15.194555009109724,0.5335189917953842,1.7826205182989805,0.3593734731070341,0,1,0,0,0,0
2,58.84284690943741,59.32192846271491,5.272134284169466,0.5763299868556752,0.4790815532774957,0.6760952415261354,1,0,0,0,0,0
4,25.44825495158957,18.310373285882697,4.7254135737124106,0.954046118155834,7.137881665706875,0.1228821013967321,1,0,0,0,0,0
1,30.523635540004648,21.588224756301443,3.616025198287912,0.1659083538495105,8.935410783703205,0.1006500910501127,1,0,0,0,0,0
3,43.46563892223712,48.48442308123544,5.468700393934859,0.6398811758395424,5.018784158998315,0.1661465129140677,0,0,1,0,0,1
8,94.4468616156314,68.67340587899012,23.03218072547913,0.5738486745954172,25.773455736641267,0.0373504268495095,0,1,0,0,0,0
8,6.575924037232528,5.433723226613312,7.357090472213683,0.5646097881422463,1.142200810619216,0.4668096450355389,0,0,1,0,0,0
8,87.56936550956408,107.7850554170829,23.355783019609262,0.8858433586445438,20.215689907518826,0.0471349272335282,1,0,0,0,0,0
6,21.864718492486755,22.806936039821423,5.142756164028325,0.2849846236259378,0.9422175473346676,0.5148753811705151,0,1,0,0,0,0
6,47.28271859530638,65.5767433215335,18.03307305961732,0.1366959469072343,18.29402472622712,0.0518295179046112,1,0,0,0,0,0
5,40.265222448438365,39.18830890257525,20.368854786185423,0.7050443568707733,1.0769135458631212,0.4814836910240389,0,0,1,0,0,0
9,16.09683220311323,25.082544700199517,9.533540224661602,0.4106417177223821,8.985712497086283,0.1001430794539487,0,0,0,0,1,1
4,28.018803161705087,26.731914742283024,7.268099682618514,0.1158309245912721,1.286888419422063,0.4372753788541715,1,0,0,0,0,0
10,40.362971954692185,52.449686647423846,4.430098868043741,0.3262366065613724,12.08671469273166,0.076413372147205,1,0,0,0,0,0
7,14.939644386801112,11.8026483383036,16.57207551990259,0.3783940967951307,3.136996048497512,0.2417212847866227,1,0,0,0,0,0
1,76.27852703196122,63.88010580894231,7.058667783877908,0.6551545391058178,12.398421223018907,0.0746356591836334,0,0,1,0,0,1
9,43.63409780479448,62.08859650470691,6.375090051855478,0.2553272146443449,18.454498699912435,0.0514019926920296,0,1,0,0,0,1
7,28.8775708415831,23.85794631130715,11.104638750921785,0.4717489131580582,5.019624530275952,0.1661233179861067,0,0,1,0,0,0
10,33.53075345521581,31.708704632743963,13.378012506305026,0.5342278999760492,1.8220488224718456,0.3543524803812909,1,0,0,0,0,0
9,75.98513087054262,63.42001201280287,4.232278925824015,0.5133136522276819,12.565118857739748,0.0737184841863318,0,0,1,0,0,0
7,87.14419136828178,111.6400039011752,11.072559301837238,0.9765466900001036,24.495812532893424,0.0392221271124366,0,0,1,0,0,0
2,23.081594144809905,16.103569111292583,20.431786743900474,0.1409538140112665,6.978025033517323,0.1253443046115792,1,0,0,0,0,0
6,17.305259190112718,22.961909497650648,3.558566169946891,0.9558713678071594,5.65665030753793,0.1502257071950451,0,1,0,0,0,0
10,63.78256138385286,67.68478905124533,16.818032775151806,0.62374349259463,3.9022276673924736,0.2039888939984516,1,0,0,0,0,0
4,19.167449609369346,20.0609261009448,16.7203723873581,0.8161549434728544,0.8934764915754521,0.528129081321711,0,1,0,0,0,0
3,56.31386817801663,55.50380676605623,17.711995972900095,0.4873533562144678,0.8100614119603975,0.5524674430338494,0,0,0,1,0,0
2,21.217171729412208,27.85170356329127,13.780131432969,0.5084540931312824,6.634531833879063,0.1309838012021106,1,0,0,0,0,0
6,21.10479007380497,19.948065789521927,13.278003941713056,0.8913938491142412,1.156724284283044,0.4636661289008614,0,0,1,0,0,1
8,12.184474352551158,10.018714005958982,16.434712141838045,0.906341046662712,2.165760346592176,0.3158798805084734,0,1,0,0,0,0
6,122.22784052065414,138.13077736806326,11.059612389678506,0.3148199932881679,15.902936847409125,0.059161316700611,1,0,0,0,0,0
9,87.47089630358138,85.602912108144,6.0081244897515775,0.2793176907261563,1.867984195437387,0.3486769563064113,0,1,0,0,0,1
5,34.549459750379576,51.48569727099673,5.89654519251334,0.546611656482956,16.936237520617155,0.0557530529382503,0,1,0,0,0,1
2,48.88209164062352,60.02513068201871,7.986939535307831,0.9102493244149223,11.143039041395184,0.0823517075578062,1,0,0,0,0,0
8,47.96123321869673,52.12003092528811,14.440336876160108,0.3901195840655587,4.158797706591386,0.1938436156785721,1,0,0,0,0,0
9,123.45539230634702,167.71851565860217,8.168323671064117,0.6868131538052181,44.26312335225515,0.02209304011607,1,0,0,0,0,1
10,54.53082725009167,34.75166791590764,7.192350132356619,0.737336518966541,19.77915933418403,0.048125142308086,1,0,0,0,0,1
4,71.58636382407624,81.62750024410472,17.605167972537394,0.8008071984047402,10.04113642002848,0.0905703871375063,1,0,0,0,0,0
6,96.23816710275943,98.69387645585108,9.745984659402351,0.6075320121288669,2.4557093530916347,0.2893761881639017,1,0,0,0,0,0
10,22.67447949572045,21.521591903814944,2.629149067140981,0.4622096604510727,1.152887591905511,0.4644924350717747,1,0,0,0,0,0
8,25.419331057909925,23.63388799576397,3.620607201235233,0.9703143899190756,1.7854430621459514,0.3590093129491519,0,0,0,0,1,0
9,87.26115167476712,111.54703749434942,3.2297519467554703,0.6501976779725674,24.285885819582305,0.0395477543138142,1,0,0,0,0,0
5,33.71908527001039,18.026429300706564,8.32542824599049,0.7557086904699437,15.692655969303823,0.0599065841792284,0,0,1,0,0,0
6,20.376167193927657,22.783107730459264,3.749331070358348,0.4104845611262905,2.4069405365316072,0.2935184777301799,0,1,0,0,0,0
4,46.17203938093827,29.660486404524,7.260970589038331,0.7029542629027721,16.511552976414272,0.057105158026068,0,0,1,0,0,0
5,85.58711196171218,80.35340480475338,5.611178295236357,0.3320178959477133,5.2337071569588005,0.1604181869345084,1,0,0,0,0,0
7,131.3151771415403,129.6636286723389,2.1687836777469824,0.3205872257757726,1.6515484692014013,0.3771381182035047,0,0,0,0,1,0
9,108.65894612336646,152.56997220825718,3.5470841796965384,0.7432499816284838,43.91102608489072,0.0222662470037937,0,1,0,0,0,1
10,5.075588789998452,4.39855974009954,23.96007058209288,0.5692552626366416,0.6770290498989127,0.5962925925822679,0,0,1,0,0,1
6,34.45968522822271,34.927933160827465,6.547391278155084,0.7149489493801507,0.4682479326047541,0.6810838808578766,1,0,0,0,0,0
6,16.56215969926986,11.474257192233466,6.210817911000014,0.3424946416732825,5.087902507036393,0.1642601863029509,1,0,0,0,0,0
8,23.50947221349005,26.482376667115044,5.9679245711043,0.6388510069510573,2.9729044536249987,0.2517050212691548,0,0,1,0,0,1
4,47.26595809569082,31.537877691138693,10.207800278246513,0.4995402847328013,15.728080404552127,0.0597797222284916,1,0,0,0,0,0
3,47.07719361936861,26.14955700212332,8.522614559745103,0.6372642581609751,20.927636617245287,0.0456045499775172,0,1,0,0,0,0
7,5.239485892601032,3.262987547380272,27.549350428810115,0.3617917590197974,1.9764983452207607,0.3359652464130068,1,0,0,0,0,0
5,23.602885497930764,21.9281496387816,18.359458532642307,0.7439058672842115,1.674735859149166,0.3738686930821274,0,1,0,0,0,0
2,113.24385848538188,106.62364473103712,26.97795576411371,0.8253364295435189,6.620213754344761,0.1312299145716007,0,0,0,0,1,0
2,13.710770661947835,17.600224185152257,14.267696982741723,0.3339248264719513,3.8894535232044216,0.2045218336270483,0,1,0,0,0,0
6,85.79584038320066,118.444575698534,13.06458919783398,0.3705585038700778,32.64873531533334,0.0297187989571873,0,0,1,0,0,0
8,29.16232466041339,40.084131685032055,3.420382538696467,0.6950388427471836,10.921807024618666,0.0838799015900013,0,1,0,0,0,0
1,41.74970298847285,53.76034561151482,2.5873523841650874,0.7260266568731898,12.010642623041974,0.0768601543346514,0,1,0,0,0,0
6,92.70574368474996,140.8067874945849,2.2828511955912685,0.733689715957705,48.10104380983496,0.0203661658166154,0,0,0,0,1,1
2,35.716479835065016,39.78245526688861,7.541412389371032,0.7144286542982531,4.065975431823588,0.197395351291712,0,0,0,1,0,1
2,117.5894984144942,131.40446829319612,15.983735868456472,0.453526945257285,13.81496987870193,0.0674992934975591,0,0,1,0,0,0
7,13.30186025261252,19.37758134753188,5.065806824841839,0.4553683069633105,6.075721094919361,0.1413283517800098,1,0,0,0,0,0
10,75.17583113817179,54.23289155885923,4.1224095690051605,0.3293358612799433,20.94293957931256,0.0455727454557995,0,1,0,0,0,1
1,69.27960491294826,85.55736049283489,15.101511074305654,0.2411503299067267,16.27775557988663,0.0578778878643311,1,0,0,0,0,0
6,109.53076335841304,108.23929066466232,4.15916265442728,0.7233196414572151,1.2914726937507055,0.4364005744983109,1,0,0,0,0,1
7,61.82985594876422,82.43758440883335,23.06190352225363,0.1838699073750815,20.60772846006913,0.0462797374489405,0,1,0,0,0,1
8,38.31076807316076,49.62957457965162,3.6766602685243774,0.9440130581081034,11.318806506490866,0.0811766951184023,0,0,1,0,0,1
7,22.32170592802936,21.40462128807184,15.936348494734418,0.8440176733043062,0.9170846399575224,0.5216253780126042,0,0,0,1,0,1
6,33.59316048727575,23.47508041802994,10.383229187183789,0.8717551659615305,10.118080069245812,0.0899435868218058,1,0,0,0,0,0
9,11.9613228284435,15.996879500107122,0.7981317514052468,0.9160019331536712,4.035556671663622,0.1985877759309627,1,0,0,0,0,0
3,72.67032786163954,64.07466316179702,4.477810361273734,0.4677444736509161,8.595664699842516,0.1042137289370284,0,0,0,1,0,1
6,41.55266774036734,42.81044207686735,16.563506071535123,0.8620306510153609,1.2577743365000131,0.4429140609110623,1,0,0,0,0,0
4,37.59764746043257,27.08050843864015,2.232612585739299,0.2422551702624844,10.51713902179242,0.0868271189665963,0,1,0,0,0,0
2,31.84112800684121,28.970625240687266,6.260873458568511,0.1194776151474121,2.8705027661539475,0.2583643677365674,1,0,0,0,0,0
1,66.81684029950655,83.79352210842754,2.3325988496530154,0.8064022551974651,16.976681808920986,0.0556276186355897,1,0,0,0,0,0
1,37.41447505137641,41.0171603620094,7.570011481650306,0.1673169831972453,3.6026853106329924,0.2172644733477278,0,0,0,0,1,0
10,44.45644344542593,36.10657107686716,11.201248474129926,0.9896722005933294,8.349872368558778,0.1069533316158136,1,0,0,0,0,0
3,43.917931920062,23.29017874323488,9.249128831020858,0.7073167866414003,20.627753176827124,0.0462368879385696,1,0,0,0,0,0
4,61.29675288628945,71.84271957339875,9.832531456240778,0.7781047392178949,10.545966687109306,0.0866103313043911,1,0,0,0,0,1
2,58.376488409010925,52.31619196025319,9.21286352479171,0.3212234706500794,6.06029644875774,0.1416371121606303,0,0,0,0,1,0
1,92.57660377316591,96.623829601407,7.025234993732859,0.7064788545277193,4.047225828241082,0.198128642155188,0,0,0,1,0,0
4,85.34127420606592,82.42114099519891,14.734751000981658,0.1388979435294615,2.9201332108670077,0.2550933721404921,1,0,0,0,0,0
7,31.487818110953384,28.13926995923245,2.168054480849776,0.8540431479312408,3.3485481517209337,0.2299618091165096,1,0,0,0,0,1
10,128.2342898413384,148.10784949196216,22.22570166510596,0.2526616837284152,19.873559650623747,0.0479074971752658,0,1,0,0,0,1
6,57.86735391793126,45.30470176389683,9.520079264575546,0.7276222601503934,12.562652154034431,0.0737318917157758,1,0,0,0,0,0
6,145.26057157066026,150.69371677027704,2.462096329805484,0.3020324511094555,5.433145199616774,0.1554449602753518,0,0,1,0,0,1
9,52.88559806824758,58.36868514218889,20.2664191716578,0.1616078524834384,5.483087073941306,0.1542475040971589,1,0,0,0,0,0
2,33.68156308403854,45.02826860858481,7.210474523546896,0.5333443106944549,11.346705524546271,0.0809932656133992,1,0,0,0,0,1
4,28.59688629035333,28.96986968738116,5.503526623265137,0.2523575892455105,0.3729833970278307,0.7283409268930364,0,0,1,0,0,1
5,11.069001154848849,7.770769068510906,2.5211396649138966,0.7564995894938948,3.298232086337942,0.2326537934465031,1,0,0,0,0,1
1,49.91134620993098,58.33141942850978,5.008281944787722,0.3138092590451363,8.4200732185788,0.10615628740844,0,0,0,1,0,0
8,51.698041594906215,40.21984500319212,15.245581955677997,0.4082253006122459,11.478196591714095,0.0801397856372955,1,0,0,0,0,0
8,42.0477145413098,35.003695346830085,3.936733420693335,0.6106953261380256,7.044019194479716,0.1243159639258766,1,0,0,0,0,1
6,54.98792782210269,48.11622855256547,15.453092659039388,0.3564714498195804,6.871699269537224,0.1270373734766406,0,0,0,0,1,0
5,15.240206108576988,14.53622063554485,6.303197178685258,0.4401893045889655,0.7039854730321373,0.5868594631975128,1,0,0,0,0,0
8,39.65360511401237,52.46968576557678,3.478910214308339,0.834059593936348,12.816080651564404,0.0723794269315277,0,0,1,0,0,0
3,18.439629604065907,21.445086035435924,5.23361919362964,0.2612888646049232,3.0054564313700176,0.2496594376032102,1,0,0,0,0,0
3,56.07976968052597,40.65764324491096,11.736511152618212,0.1739814305337403,15.422126435615011,0.0608934539580257,0,1,0,0,0,0
2,47.53692941286762,65.51341028160573,9.820908840711946,0.3955220066197173,17.976480868738108,0.0526968096412123,0,0,1,0,0,0
5,84.84376897645683,107.35050092661682,23.9335950586258,0.4819390903124904,22.50673195015999,0.0425410049393613,1,0,0,0,0,0
3,34.39906675927291,37.98167661189284,6.565124996571198,0.5883933539229109,3.5826098526199246,0.2182162636926837,0,0,1,0,0,0
3,84.51472418952875,35.55086574027605,15.776907577759092,0.4351813265575063,48.9638584492527,0.0200144670775512,0,1,0,0,0,0
6,39.4455981351236,31.121780031562743,7.535869976589733,0.8109205302005246,8.32381810356085,0.1072521995702695,1,0,0,0,0,0
8,66.14736826137799,66.2968355456053,4.252585587322105,0.1353875389016259,0.1494672842273132,0.8699682137297304,0,1,0,0,0,1
2,24.39575945497273,34.49210431091214,2.930359635643715,0.4885907843787022,10.096344855939414,0.090119765831245,0,1,0,0,0,1
4,44.00044238501104,58.58074324595822,6.636686848022584,0.4440303231907642,14.580300860947183,0.0641836129433515,1,0,0,0,0,0
7,40.93869832888453,31.057826164414116,8.275011989656221,0.6828206417261731,9.880872164470414,0.0919043974494365,1,0,0,0,0,0
1,87.9550485569486,51.008077852435584,19.83581913801909,0.9696486267076564,36.94697070451301,0.0263525646826156,1,0,0,0,0,0
1,40.86312556799453,38.99962692124038,23.749670127660632,0.559337865965976,1.8634986467541523,0.3492231439094707,1,0,0,0,0,0
10,41.16553770135836,42.61026631865536,23.705872972607324,0.9881891622475484,1.4447286172969953,0.4090433567655644,0,0,1,0,0,0
7,138.7289215051989,95.68081922214736,4.665275038612803,0.3720244554218778,43.04810228305155,0.0227024536397512,0,1,0,0,0,1
7,73.04621120098463,57.14209997932023,3.879859506064917,0.1277813192882149,15.9041112216644,0.0591572066041777,0,0,0,0,1,0
1,35.408675336299275,54.14113553117668,5.02240141854781,0.2490968507287714,18.732460194877405,0.0506779180154942,1,0,0,0,0,0
1,61.96612123562253,56.17194201218419,7.370101583692606,0.4556123962971106,5.794179223438341,0.1471848132222111,1,0,0,0,0,0
4,77.55314017361019,71.72063794388276,1.6803770063379804,0.384700518269697,5.8325022297274245,0.1463592643481499,0,0,1,0,0,0
5,46.51183612560766,79.37600624621004,3.648280402862535,0.1873487178850399,32.86417012060238,0.0295297358960412,0,1,0,0,0,1
