region,date,lead_day,weather_regime,weather_variability,historical_mae,rainfall_forecast,previous_forecast,forecast_revision,forecast_stability,rainfall_actual,rainfall_error,bust
West Bengal,2024-01-01 00:00:00,3,Normal,0.592325331782003,1.11792964180331,89.94984854856321,107.88405186012841,17.9342033115652,0.05281447460687137,94.74855963354062,4.798711084977413,0
Tamil Nadu,2024-01-01 06:00:00,4,Normal,0.14800614670466516,4.218352443200841,51.96579382456519,58.3043570939843,6.338563269419112,0.1362664547932903,63.98550548892054,12.019711664355349,0
Rajasthan,2024-01-01 12:00:00,7,Normal,0.4587396964466103,6.311960135447167,29.50643116453971,26.592824944220425,2.9136062203192843,0.25551880892054,44.513141890100336,15.006710725560627,0
West Bengal,2024-01-01 18:00:00,3,Normal,0.3436603591795593,13.438177706600174,12.301667436298054,13.450458964701088,1.1487915284030343,0.46537785856927333,7.244747828697772,5.056919607600282,0
Telangana,2024-01-02 00:00:00,9,Monsoon,0.9994016105480038,1.8976665983011853,51.198182389375134,51.25875605501895,0.06057366564381539,0.9428859421970991,68.75672511574803,17.55854272637289,0
Karnataka,2024-01-02 06:00:00,8,Normal,0.37751956356907923,5.901795078080495,44.78683784377991,42.32786378280641,2.458974060973496,0.28910306419544507,47.582535953796594,2.795698110016687,0
Rajasthan,2024-01-02 12:00:00,4,Normal,0.8960468813144771,2.8132343103849378,21.253393296837658,16.15260754731946,5.100785749518199,0.16391331232685455,22.119362205232594,0.8659689083949367,0
Rajasthan,2024-01-02 18:00:00,1,Heavy Rain,0.7086103615364298,4.9571745952307475,67.05821612500547,70.39521065771466,3.336994532709184,0.23057442024842292,3.236249712149032,63.82196641285644,1
West Bengal,2024-01-03 00:00:00,1,Normal,0.4068247682728814,29.720369430068615,30.511523058221194,14.691015406766809,15.820507651454385,0.05945123778196641,13.948153372412612,16.56336968580858,0
Odisha,2024-01-03 06:00:00,1,Normal,0.5891809405367113,3.492847245272968,47.98853547253583,65.24163936734196,17.25310389480613,0.05478520287634736,59.70229790140094,11.71376242886511,0
Telangana,2024-01-03 12:00:00,1,Monsoon,0.8564822919542744,2.90745088510256,109.66785876462914,142.21909543817583,32.55123667354668,0.029805160677980176,113.1172816563409,3.449422891711748,0
West Bengal,2024-01-03 18:00:00,8,Monsoon,0.8950314682278206,42.619431549163295,64.81547496866865,48.21446827232909,16.60100669633956,0.05681493208044558,16.741731275187732,48.07374369348092,0
Telangana,2024-01-04 00:00:00,3,Heat Wave,0.2443544875055307,12.28163359303763,15.74750643345314,10.08269550680958,5.664810926643559,0.15004176577648337,0.0,15.74750643345314,0
Telangana,2024-01-04 06:00:00,6,Cyclonic,0.40561582708735267,11.644674640502624,64.98240594722381,83.97719043700992,18.994784489786113,0.05001304217661499,124.14118195659294,59.158776009369134,1
Karnataka,2024-01-04 12:00:00,3,Monsoon,0.40170086219221457,3.6503757877406584,26.913298239880845,25.795573661987486,1.1177245778933589,0.47220493658092516,51.130711472615,24.217413232734152,1
Rajasthan,2024-01-04 18:00:00,5,Normal,0.13784031646835024,29.336315413430064,58.932281018278644,59.8138804975908,0.8815994793121575,0.5314627321036264,46.79669954322006,12.135581475058586,0
Tamil Nadu,2024-01-05 00:00:00,7,Monsoon,0.6384139838667069,2.036650819320219,75.90917183170677,76.36243397691578,0.45326214520900976,0.6881070998076393,93.46815334886448,17.558981517157704,0
Karnataka,2024-01-05 06:00:00,2,Monsoon,0.8693380476929692,16.975300804572157,48.00866875508877,32.23729024674878,15.771378508339993,0.0596253909303117,72.20757384299623,24.198905087907455,0
Karnataka,2024-01-05 12:00:00,6,Monsoon,0.443416949042966,18.60011216108279,16.74261995167388,20.03027947507026,3.2876595233963783,0.23322747399678584,10.51150856117905,6.23111139049483,0
Telangana,2024-01-05 18:00:00,6,Heavy Rain,0.7660323504857594,21.466704496603732,8.061639242946269,8.966309430325342,0.9046701873790735,0.5250252808209556,0.0,8.061639242946269,0
Maharashtra,2024-01-06 00:00:00,3,Normal,0.6649303722406659,23.176116887230116,85.72135556513035,86.12366134538615,0.40230578025580144,0.7131112301466697,91.94959143235526,6.22823586722491,0
Rajasthan,2024-01-06 06:00:00,6,Monsoon,0.43808386194370075,6.540136090725193,101.8660919858464,44.085153899100604,57.78093808674579,0.017012317811673113,151.19089765161522,49.32480566576882,1
Odisha,2024-01-06 12:00:00,10,Monsoon,0.22695381954306737,10.063225953716126,25.79227345297996,29.03958476592036,3.2473113129404005,0.23544306652382,42.802607824091695,17.010334371111735,0
Karnataka,2024-01-06 18:00:00,10,Heat Wave,0.7383914674983706,8.388457724562958,6.936036830792567,7.591844994840483,0.6558081640479161,0.6039346958861002,48.7871108971034,41.85107406631084,1
Tamil Nadu,2024-01-07 00:00:00,5,Normal,0.8691086520471164,3.1655054811530965,14.298307461260496,13.960860613466693,0.3374468477938031,0.7476932647077217,2.2144505517120834,12.083856909548413,0
Maharashtra,2024-01-07 06:00:00,2,Normal,0.7172690431613427,6.204724473772609,31.425693054363308,39.00912223148039,7.5834291771170825,0.11650355345925625,0.0,31.425693054363308,1
Maharashtra,2024-01-07 12:00:00,9,Normal,0.11609063563133626,18.62644582073983,75.5228379814033,96.8383002279505,21.3154622465472,0.044811977854266806,67.97754716760939,7.545290813793912,0
Odisha,2024-01-07 18:00:00,8,Monsoon,0.29460960495189215,2.178323387495914,7.007729697447921,7.595829116782871,0.5880994193349496,0.629683499549903,0.0,7.007729697447921,0
Karnataka,2024-01-08 00:00:00,3,Normal,0.16253198639517874,14.464026301454458,92.5088088440374,57.53858331539275,34.970225528644654,0.027800770923820217,79.75900728836488,12.74980155567252,0
Tamil Nadu,2024-01-08 06:00:00,8,Normal,0.6133474896186041,14.95124837832335,85.95097734301089,58.76192125594451,27.189056087066383,0.03547476002429244,47.07899346683981,38.87198387617108,0
Rajasthan,2024-01-08 12:00:00,9,Heat Wave,0.7808299109563711,8.67579365919214,91.4106158315146,75.4660559051341,15.944559926380506,0.05901599122932241,111.80430914375862,20.39369331224401,0
Coastal Andhra,2024-01-08 18:00:00,3,Normal,0.1995212683617935,15.539576974772665,19.996383575479367,18.75367677616609,1.2427067993132788,0.4458897615623237,20.878540735550587,0.8821571600712197,0
Tamil Nadu,2024-01-09 00:00:00,3,Monsoon,0.8545040385340467,3.2570043272525466,79.45292166632501,96.16859438558343,16.71567271925842,0.05644719316319928,56.78717942285043,22.665742243474583,1
Odisha,2024-01-09 06:00:00,2,Normal,0.5999580805559349,2.7565690498551843,44.16285516841476,47.800185248782725,3.637330080367967,0.21564132435460603,56.9490197665444,12.786164598129645,0
Maharashtra,2024-01-09 12:00:00,8,Monsoon,0.7209721109275524,5.679288645612644,19.004054604510344,18.21654698903802,0.7875076154723253,0.5594381760078617,69.01149156700698,50.00743696249664,1
Rajasthan,2024-01-09 18:00:00,10,Heavy Rain,0.9742616637477816,10.334706371041671,47.59824203383842,55.08281188335632,7.484569849517904,0.11786101331428374,69.64312771573276,22.044885681894343,0
Tamil Nadu,2024-01-10 00:00:00,1,Heat Wave,0.1753128894229276,27.898741857361774,43.14542080642924,34.78175770804161,8.363663098387633,0.10679581158491211,13.665742512368539,29.479678294060705,0
Coastal Andhra,2024-01-10 06:00:00,8,Heat Wave,0.9111016206800103,8.646913544375078,14.24923596650379,16.482533531375246,2.2332975648714566,0.30928177191750555,9.31638929915627,4.932846667347519,0
Coastal Andhra,2024-01-10 12:00:00,7,Normal,0.2134924263886684,5.735583081149449,63.10007347553123,66.69266682489577,3.5925933493645346,0.21774189960414575,71.45988754559893,8.3598140700677,0
Telangana,2024-01-10 18:00:00,7,Normal,0.45366292597301405,18.147069870634002,41.745938712162165,47.2064222699053,5.460483557743139,0.15478717514905854,14.303332916476496,27.44260579568567,0
Telangana,2024-01-11 00:00:00,3,Normal,0.866294826698003,2.34122964921656,33.12078822264732,40.12789029364774,7.007102071000418,0.12488912856771647,23.12152464550182,9.999263577145499,0
West Bengal,2024-01-11 06:00:00,1,Monsoon,0.9156288130640814,1.895834402484722,32.23483938570578,31.85141810411559,0.3834212815901914,0.7228456098713019,47.82526212935793,15.590422743652148,0
Odisha,2024-01-11 12:00:00,4,Cyclonic,0.5557345061906308,28.258477480356945,53.376096897040796,26.807233230690343,26.568863666350452,0.03627280442539833,62.66956876061717,9.293471863576372,0
Karnataka,2024-01-11 18:00:00,9,Heavy Rain,0.6346941744478827,4.124608054442987,30.57595487343402,25.537724374982755,5.0382304984512665,0.16561143206714085,66.67722385782125,36.101268984387225,1
Tamil Nadu,2024-01-12 00:00:00,5,Heavy Rain,0.7373326011387015,21.802532451745318,8.398118458759932,10.039212829473257,1.6410943707133256,0.3786309232600094,2.526621709588057,5.871496749171874,0
Tamil Nadu,2024-01-12 06:00:00,1,Normal,0.8494828016074427,20.023439280995827,18.232493326241148,15.657785612310684,2.5747077139304633,0.2797431510562523,3.1478069930420336,15.084686333199114,0
Karnataka,2024-01-12 12:00:00,5,Monsoon,0.20936005258389956,16.03488403195416,42.07636985347152,35.087021689749356,6.989348163722163,0.12516665684201567,106.08016047688648,64.00379062341496,1
West Bengal,2024-01-12 18:00:00,8,Heat Wave,0.8290623774063048,18.094138631560895,29.33058174168306,29.78699761786899,0.4564158761859325,0.6866170688957359,69.72435588515651,40.39377414347345,0
Maharashtra,2024-01-13 00:00:00,8,Normal,0.5331485354604552,17.648437746756095,32.81108646327316,41.77987022976261,8.968783766489445,0.10031313983974144,0.0,32.81108646327316,0
Maharashtra,2024-01-13 06:00:00,5,Heavy Rain,0.5055610825973521,0.7505765336547179,20.62722534190119,22.98911040988767,2.361885067986478,0.2974521673933745,28.116171318487236,7.488945976586045,0
West Bengal,2024-01-13 12:00:00,9,Normal,0.48150977679729845,10.593675274446992,20.81046203870543,29.867071673382906,9.056609634677475,0.09943709026467258,0.0,20.81046203870543,0
Maharashtra,2024-01-13 18:00:00,1,Heavy Rain,0.5582904267214384,8.95242660704994,59.19995179690747,65.1422985094698,5.942346712562326,0.144043511712038,85.3972987432902,26.197346946382723,0
Telangana,2024-01-14 00:00:00,4,Heavy Rain,0.9505454980551432,5.1049059224720095,47.092195886534554,51.364186268490776,4.271990381956222,0.1896816814049157,63.44092050585531,16.348724619320755,0
Tamil Nadu,2024-01-14 06:00:00,3,Normal,0.5933833955129365,6.340935554156859,22.97398889718786,21.631734164104714,1.342254733083145,0.4269390454742235,19.319319444165092,3.654669453022766,0
West Bengal,2024-01-14 12:00:00,2,Normal,0.9578597844368253,7.511764777807084,32.012671127310064,19.59664771433099,12.416023412979072,0.07453773515575184,38.46417068019856,6.4514995528884995,0
Tamil Nadu,2024-01-14 18:00:00,8,Normal,0.26226111755407655,6.4742520068423905,68.72872906745879,71.2596313273961,2.5309022599373066,0.28321373019760554,42.93344950232636,25.795279565132425,0
Karnataka,2024-01-15 00:00:00,7,Heavy Rain,0.7517223809493698,19.623171026569686,17.592564657688488,17.775156610877975,0.18259195318948684,0.8456002066502899,22.783992659169172,5.191428001480684,0
Coastal Andhra,2024-01-15 06:00:00,9,Heavy Rain,0.8310155847478725,6.51838325902518,74.54582436138529,86.9122994025207,12.366475041135416,0.07481404012071195,45.90289908095269,28.642925280432593,1
Telangana,2024-01-15 12:00:00,2,Normal,0.7112159482013757,41.55322392773461,37.89855449702494,40.78706488085102,2.8885103838260804,0.2571678872607394,75.36707070533394,37.468516208309005,0
Rajasthan,2024-01-15 18:00:00,4,Monsoon,0.6462300522038863,4.608614680771885,32.32001564031655,34.4954906390627,2.1754749987461537,0.31491351699977266,26.11280360734146,6.2072120329750895,0
Telangana,2024-01-16 00:00:00,6,Monsoon,0.608331502977564,5.767405093152197,14.901537843463979,19.131949389062306,4.2304115455983275,0.19118954431827717,23.542767921682618,8.641230078218639,0
West Bengal,2024-01-16 06:00:00,3,Normal,0.8748374343208264,7.034151833354042,171.2101594926418,160.03321036106271,11.176949131579079,0.08212237640105197,191.7551751274691,20.54501563482731,0
Rajasthan,2024-01-16 12:00:00,8,Normal,0.83948193744805,4.068073778032443,55.73464800419057,67.41945865187841,11.684810647687847,0.07883444442131088,43.553893912045744,12.180754092144824,0
Coastal Andhra,2024-01-16 18:00:00,3,Monsoon,0.21005984906253958,7.003183211779563,8.217574699806573,10.864653269625247,2.6470785698186745,0.2741920638276016,0.0,8.217574699806573,0
West Bengal,2024-01-17 00:00:00,2,Heat Wave,0.8637288913277903,4.982114534902829,48.754425053905734,42.006806569600464,6.747618484305271,0.12907192087810582,61.50901696568086,12.754591911775123,0
Odisha,2024-01-17 06:00:00,3,Normal,0.47266175749639827,14.52574453592077,85.21605515795734,76.52171163852165,8.69434351943569,0.10315293634841301,76.99945804312783,8.216597114829511,0
Tamil Nadu,2024-01-17 12:00:00,6,Normal,0.3283271469962297,5.606384111341899,50.973278173495274,41.185128523538005,9.788149649957269,0.09269430184479883,54.78974572203232,3.816467548537048,0
Coastal Andhra,2024-01-17 18:00:00,2,Normal,0.8827917112125333,3.598977165950344,69.8802904926855,46.1647514731486,23.715539019536905,0.04046037592825831,68.01643608038647,1.863854412299034,0
Tamil Nadu,2024-01-18 00:00:00,8,Heavy Rain,0.4888223196703675,6.1546297215250405,28.41772621667673,41.517190651317506,13.099464434640776,0.07092467977316316,1.4410008307557796,26.97672538592095,0
Maharashtra,2024-01-18 06:00:00,1,Normal,0.827528221159135,7.9580128419438125,25.783957753423884,46.31504314559213,20.531085392168244,0.046444476986921515,0.6834415538617158,25.10051619956217,0
Odisha,2024-01-18 12:00:00,7,Normal,0.33706325076026006,6.704636394597124,34.49654140012949,36.311741852448236,1.8152004523187486,0.35521449251556736,9.786812570413666,24.70972882971582,0
Odisha,2024-01-18 18:00:00,2,Monsoon,0.10353638927999603,42.639607556702416,43.743000319870774,40.12730710190372,3.6156932179670562,0.21665218045848414,70.60105030957948,26.858049989708704,0
Coastal Andhra,2024-01-19 00:00:00,10,Heavy Rain,0.54591327361265,11.924498618213306,28.888348710626275,41.43949498380898,12.551146273182702,0.07379449530250949,84.4322392390834,55.543890528457126,1
Odisha,2024-01-19 06:00:00,6,Normal,0.19020543097859582,2.625379765656826,37.33217885789888,42.94156816544957,5.6093893075506855,0.15129990888228992,66.68885109232448,29.356672234425602,1
Rajasthan,2024-01-19 12:00:00,2,Normal,0.7789383599724187,13.321697909918859,18.408631305675975,14.937790237125819,3.470841068550156,0.2236715608243012,5.110027626815365,13.29860367886061,0
Odisha,2024-01-19 18:00:00,2,Heavy Rain,0.3484676224624693,10.340034977881585,11.18824156731867,8.731802767606212,2.4564387997124584,0.2893151182318605,21.762695140005427,10.574453572686757,0
Tamil Nadu,2024-01-20 00:00:00,10,Normal,0.4992810819431308,12.245252735217115,23.351423435451828,28.1318999581881,4.780476522736272,0.17299611823812677,0.0,23.351423435451828,0
Tamil Nadu,2024-01-20 06:00:00,8,Normal,0.17833020858239884,13.255712268755884,119.57232822564934,131.0253487377221,11.453020512072769,0.08030180300679139,143.12936301598535,23.557034790336004,0
West Bengal,2024-01-20 12:00:00,2,Cyclonic,0.35799332360252745,21.149303828288133,89.34000712391473,114.4071197545212,25.067112630606474,0.038362515026917815,74.26735997059745,15.072647153317277,0
Tamil Nadu,2024-01-20 18:00:00,7,Normal,0.8033412189327148,7.426272928684342,49.55429211009162,58.27296160159113,8.718669491499504,0.10289474303809347,95.32107813299376,45.76678602290214,1
West Bengal,2024-01-21 00:00:00,3,Monsoon,0.23642912071208752,8.020612141942307,13.162713456523218,9.146040921940903,4.016672534582314,0.19933531501339255,4.406470238904689,8.756243217618529,0
Tamil Nadu,2024-01-21 06:00:00,8,Heat Wave,0.6824436050142616,4.5159485615006165,39.505626155060625,31.864962229952436,7.640663925108189,0.11573184753710683,28.026167369473633,11.479458785586992,0
Rajasthan,2024-01-21 12:00:00,7,Normal,0.9256832675240511,9.81527941586071,46.1730625905048,36.03996128596684,10.13310130453796,0.0898222312584536,77.52708002664721,31.354017436142414,0
Karnataka,2024-01-21 18:00:00,8,Normal,0.7118530837819482,4.12382072604322,27.638324662221073,29.13783714938334,1.4995124871622671,0.4000780172678051,22.908377211715322,4.729947450505751,0
West Bengal,2024-01-22 00:00:00,7,Heavy Rain,0.8299195203630042,3.3229544477990047,92.69736800513888,89.8409210697286,2.8564469354102897,0.2593060443326467,22.818279893186457,69.87908811195243,1
Telangana,2024-01-22 06:00:00,6,Cyclonic,0.19807446637352422,26.49849994748015,17.719248836408358,15.700717171115569,2.018531665292789,0.33128690068023614,0.0,17.719248836408358,0
Maharashtra,2024-01-22 12:00:00,7,Heat Wave,0.325658643401849,7.877624404472293,59.296265630785996,54.68630519140957,4.609960439376422,0.17825437644461453,0.0,59.296265630785996,1
Coastal Andhra,2024-01-22 18:00:00,5,Monsoon,0.905084967016532,12.062851758445847,17.342676932694676,20.26503399784964,2.922357065154962,0.25494874214377333,12.08586621520914,5.256810717485536,0
Tamil Nadu,2024-01-23 00:00:00,7,Normal,0.7435950522562803,5.104403730281646,19.129427135030454,18.2642607633607,0.8651663716697549,0.5361452014089064,5.268286097970339,13.861141037060115,0
Odisha,2024-01-23 06:00:00,1,Monsoon,0.67559844373958,30.19952239635562,39.53232410803117,32.8015558264754,6.730768281555768,0.1293532497133333,56.06493687643338,16.53261276840221,0
Karnataka,2024-01-23 12:00:00,1,Normal,0.69739006250953,6.939080553817955,6.231906837595121,4.19836675695823,2.0335400806368904,0.3296478613824843,2.454211596089299,3.7776952415058216,0
Tamil Nadu,2024-01-23 18:00:00,9,Heavy Rain,0.47278049887417906,23.246280864649258,47.57318178438875,36.83464179927273,10.73853998511602,0.0851894700080213,92.39197664299914,44.81879485861039,0
Odisha,2024-01-24 00:00:00,5,Normal,0.1401009684558879,12.048697722487825,29.93813169809826,37.932978345502946,7.994846647404685,0.11117476919837577,14.35757903892518,15.58055265917308,0
Maharashtra,2024-01-24 06:00:00,5,Normal,0.8059973878636562,8.829497639135035,37.53377274008764,31.2638184605279,6.269954279559741,0.13755244689937152,56.53455442566145,19.000781685573806,0
Maharashtra,2024-01-24 12:00:00,3,Monsoon,0.7108419125938185,10.703383653693772,25.24560076311207,36.69287651142236,11.447275748310293,0.08033886452107797,0.0,25.24560076311207,0
Maharashtra,2024-01-24 18:00:00,5,Heavy Rain,0.5255240177014523,7.82095656720868,91.17837552954839,105.52909123860049,14.350715709052096,0.0651435424219546,128.33697917585283,37.15860364630444,1
Odisha,2024-01-25 00:00:00,3,Normal,0.9097836538314317,7.419724613054056,72.90746034338957,58.025300048369246,14.882160295020327,0.0629637266860692,79.34742241580072,6.439962072411149,0
Tamil Nadu,2024-01-25 06:00:00,9,Normal,0.402543698486589,10.158911155189138,58.93908962600855,49.912122504286664,9.026967121721889,0.09973105405259115,65.26360553699715,6.324515910988595,0
Maharashtra,2024-01-25 12:00:00,9,Cyclonic,0.3648895698081124,1.185388884112645,19.93814583388503,9.426970809530985,10.511175024354046,0.08687210453184083,58.845956763294986,38.907810929409955,1
Rajasthan,2024-01-25 18:00:00,6,Monsoon,0.8855166925714986,5.100457571494436,63.47622150886687,56.49754579479565,6.978675714071223,0.12533408247641853,56.10197055850261,7.374250950364264,0
West Bengal,2024-01-26 00:00:00,1,Normal,0.817288889283087,14.534457959296862,51.589149001279,76.71984908543138,25.13070008415238,0.03826916220306226,62.564418845760734,10.975269844481737,0
Odisha,2024-01-26 06:00:00,7,Normal,0.5634818295835103,15.39577682133099,157.13766689042222,221.29746403627,64.15979714584776,0.015346886328723384,119.27909447664524,37.85857241377698,0
Odisha,2024-01-26 12:00:00,7,Normal,0.217661265512065,36.31094048551959,12.994648448392985,18.219804783634572,5.2251563352415875,0.16063853598966552,40.01410764151217,27.019459193119182,0
Tamil Nadu,2024-01-26 18:00:00,10,Heat Wave,0.29356432431854723,16.993446815388445,35.70918407722821,41.14822137289134,5.439037295663134,0.1553027190374448,21.048373154519602,14.660810922708606,0
Odisha,2024-01-27 00:00:00,10,Heavy Rain,0.690605191367926,16.13859399190587,25.532225429066393,24.396577833028886,1.1356475960375079,0.46824204604514597,29.54791850283888,4.015693073772486,0
Odisha,2024-01-27 06:00:00,4,Heavy Rain,0.44653711405637053,10.939275389482985,52.68984283994057,53.978194470958215,1.2883516310176475,0.43699577741699264,58.31310617938159,5.623263339441024,0
Maharashtra,2024-01-27 12:00:00,8,Heavy Rain,0.8528258724993741,19.271714881186146,11.74193941687502,13.340943518772447,1.5990041018974264,0.3847627632714935,7.40421963053884,4.33771978633618,0
Tamil Nadu,2024-01-27 18:00:00,6,Normal,0.9549595083989837,9.48304151360898,66.47075986832503,66.20016142086293,0.27059844746210615,0.787030711392258,47.20596208329573,19.2647977850293,0
Maharashtra,2024-01-28 00:00:00,4,Monsoon,0.8250732327474264,8.799144939140257,11.64972716458297,9.360310338985938,2.2894168255970317,0.30400525473645296,66.36415102790272,54.71442386331975,1
West Bengal,2024-01-28 06:00:00,4,Heavy Rain,0.4397908806960015,8.988860818877614,53.26880211555781,52.31060336733647,0.9581987482213421,0.5106733935502273,52.08380327982745,1.1849988357303616,0
Karnataka,2024-01-28 12:00:00,2,Normal,0.8098177863082816,18.98422120249353,32.25563311695539,21.34713600436548,10.908497112589906,0.08397365264024623,52.24780649345914,19.99217337650375,0
West Bengal,2024-01-28 18:00:00,2,Normal,0.41629750612361516,8.907994083523862,21.77842485205108,25.016602817512123,3.238177965461041,0.23595045044108173,32.6128878996976,10.834463047646516,0
Karnataka,2024-01-29 00:00:00,4,Heavy Rain,0.2503900789890705,11.905593484868957,17.490227833904044,13.516214138771094,3.9740136951329497,0.20104488272287943,11.707180548974918,5.7830472849291255,0
Maharashtra,2024-01-29 06:00:00,5,Heat Wave,0.13005388437927165,5.488949063732489,25.318324242812466,28.9241256701984,3.6058014273859342,0.21711748015319005,7.095314649481619,18.223009593330847,0
West Bengal,2024-01-29 12:00:00,8,Normal,0.44714504148491807,28.75257240080396,33.06434232641219,24.135541124630254,8.928801201781933,0.10071709360245111,0.0,33.06434232641219,0
Tamil Nadu,2024-01-29 18:00:00,6,Cyclonic,0.9132033733275536,6.598368607803694,41.23654252719213,39.522399111365154,1.7141434158269746,0.36844036839346944,66.21872501158902,24.982182484396887,0
Coastal Andhra,2024-01-30 00:00:00,4,Monsoon,0.31508792898010884,8.630899567181459,44.863947803496046,47.94829185915633,3.0843440556602815,0.2448373561022979,104.4742249974908,59.61027719399475,1
Maharashtra,2024-01-30 06:00:00,7,Normal,0.2858618484368056,16.038298556475503,36.10404654918191,34.62375430317284,1.4802922460090713,0.4031782954645993,34.42267110773545,1.6813754414464626,0
Karnataka,2024-01-30 12:00:00,8,Normal,0.9728387067169363,21.03720498522656,31.458826342377236,36.49066630747952,5.031839965102286,0.16578689185813675,97.26196430413907,65.80313796176183,1
Rajasthan,2024-01-30 18:00:00,2,Normal,0.12250370156553292,9.206289185724822,107.1150372388908,119.10373062685284,11.98869338796203,0.07699003819174019,102.22836722524535,4.886670013645457,0
Karnataka,2024-01-31 00:00:00,7,Monsoon,0.8072039353543788,14.515911695505991,63.74596527778398,57.02433074131369,6.72163453647029,0.12950625871722743,98.16331763177378,34.4173523539898,0
Rajasthan,2024-01-31 06:00:00,2,Normal,0.3892329601667833,4.220214009379661,13.369213488124782,11.397397413134696,1.9718160749900857,0.3364945793300267,9.33605825008963,4.033155238035151,0
Odisha,2024-01-31 12:00:00,2,Normal,0.1337391611826934,10.358035067608284,27.645417518155362,23.075856587707676,4.569560930447686,0.17954736692675327,37.7013280671035,10.055910548948141,0
West Bengal,2024-01-31 18:00:00,8,Heavy Rain,0.9260222861886253,14.380908282216936,38.54241097066241,30.786729240901415,7.755681729760994,0.1142115520943333,91.19737088175228,52.65495991108987,1
Rajasthan,2024-02-01 00:00:00,2,Monsoon,0.22567809718862525,23.00415277075792,22.36411577165955,34.08914443071949,11.725028659059944,0.07858528470095207,50.82726810653939,28.463152334879844,0
Karnataka,2024-02-01 06:00:00,9,Normal,0.5966013553531259,2.6868180755718356,33.153818167055526,27.92689776588173,5.226920401173796,0.16059302762429667,23.62464093990345,9.529177227152076,0
Odisha,2024-02-01 12:00:00,1,Normal,0.34664878668659305,3.6095566393768177,14.263212715722272,18.157445764540412,3.8942330488181405,0.2043221052257575,26.77375431053158,12.510541594809307,0
Coastal Andhra,2024-02-01 18:00:00,9,Heavy Rain,0.15867352196622195,1.7565110918255966,43.50198160301427,45.28268758614323,1.7807059831289607,0.3596209042118003,29.528487056342442,13.97349454667183,0
Tamil Nadu,2024-02-02 00:00:00,1,Heavy Rain,0.1449302370970412,3.0128756734333475,129.22586942857217,117.74506321504634,11.480806213525824,0.08012302914504593,112.44186843989512,16.78400098867705,0
Tamil Nadu,2024-02-02 06:00:00,10,Monsoon,0.20400102895270492,19.784760895715582,45.23013494675723,47.425529653677756,2.195394706920524,0.31295038382401374,0.0,45.23013494675723,0
Tamil Nadu,2024-02-02 12:00:00,10,Normal,0.16423031250044207,5.358578399935789,45.12206693773548,47.99437642876789,2.8723094910324107,0.25824382124306555,79.68574748701474,34.563680549279255,1
Rajasthan,2024-02-02 18:00:00,2,Monsoon,0.7845023039679306,8.97458560181777,36.10822560773401,20.240260932358698,15.867964675375315,0.05928397523026884,69.21133153119612,33.10310592346211,1
Coastal Andhra,2024-02-03 00:00:00,6,Monsoon,0.5370095820550863,3.738358871354813,16.834962529480954,16.507927160196488,0.3270353692844665,0.7535594175905025,4.752622524452596,12.082340005028358,0
Rajasthan,2024-02-03 06:00:00,6,Heavy Rain,0.4086028822140817,5.894333263893357,113.47343285402584,113.65477661175449,0.18134375772864075,0.8464936589860103,141.6656846826446,28.192251828618765,1
West Bengal,2024-02-03 12:00:00,1,Monsoon,0.4765320191188065,26.959639183105807,48.363111870743964,44.38432986612718,3.9787820046167823,0.20085233679094777,30.104322481646008,18.258789389097956,0
Rajasthan,2024-02-03 18:00:00,7,Normal,0.936052062015361,11.020960057595953,58.84046272645733,27.612383601843035,31.228079124614297,0.03102884277196176,108.85461068104519,50.014147954587855,1
Coastal Andhra,2024-02-04 00:00:00,8,Normal,0.9196766314643324,12.946319447417594,31.386903042038078,28.78121006706017,2.6056929749779094,0.2773391985783611,33.641236404397574,2.254333362359496,0
Coastal Andhra,2024-02-04 06:00:00,2,Monsoon,0.7441088321103192,7.809668888489078,60.04922894138137,84.2718178471249,24.22258890574352,0.03964700069992762,38.160571217424135,21.888657723957238,0
West Bengal,2024-02-04 12:00:00,8,Heavy Rain,0.896214139679519,18.252851646821988,113.03510877531323,128.5926962404098,15.55758746509656,0.06039527208344831,186.65160944060906,73.61650066529583,1
Coastal Andhra,2024-02-04 18:00:00,9,Heavy Rain,0.3876832248288623,17.92210480474035,90.6099047234062,66.76538376205005,23.844520961356153,0.040250323262639165,95.37510115803981,4.765196434633609,0
Karnataka,2024-02-05 00:00:00,6,Normal,0.4429983934074546,7.139343216639535,0.7076126355041202,0.865620330787264,0.15800769528314373,0.8635521197944117,3.2997796855747312,2.592167050070611,0
Coastal Andhra,2024-02-05 06:00:00,5,Heat Wave,0.6523409636688052,8.553884387111916,87.08707601767776,62.98243051043993,24.104645507237827,0.03983326511070207,71.36485601856907,15.722219999108688,0
Tamil Nadu,2024-02-05 12:00:00,9,Heavy Rain,0.6612633525675378,20.336361831287228,19.931441077799626,21.271325953154268,1.3398848753546417,0.42737145341325233,51.39707317181811,31.46563209401848,0
Karnataka,2024-02-05 18:00:00,9,Normal,0.5335298542111069,8.944258627238616,20.96730272557767,22.420805964180847,1.4535032386031759,0.40758046872166276,58.63123723110833,37.66393450553066,1
Karnataka,2024-02-06 00:00:00,1,Normal,0.46059206359415794,6.492316673870837,14.437090258739397,13.112275804578283,1.324814454161114,0.4301418542069586,45.41806195370631,30.98097169496691,1
West Bengal,2024-02-06 06:00:00,3,Monsoon,0.9875622804478256,6.870691393281811,19.354618997025625,24.39768923431333,5.043070237287704,0.1654787981496021,0.0,19.354618997025625,0
Telangana,2024-02-06 12:00:00,9,Monsoon,0.8390112635059519,5.858629444558838,53.56803478037762,63.66123916658903,10.093204386211404,0.09014527860344634,22.639345250525185,30.928689529852438,1
Telangana,2024-02-06 18:00:00,2,Heavy Rain,0.49148217809924066,8.860443351792119,44.82473744481668,36.136306893351886,8.68843055146479,0.10321589185038957,45.34802305440156,0.5232856095848817,0
Coastal Andhra,2024-02-07 00:00:00,4,Cyclonic,0.7545632295156116,6.0155716042816865,61.84357554880401,57.358746435026106,4.484829113777906,0.18232108590001414,63.58807857124699,1.7445030224429772,0
Karnataka,2024-02-07 06:00:00,4,Normal,0.34260552392721355,8.842826593432303,41.408677417933674,32.53976684809754,8.868910569836132,0.10132830700244196,34.378759194037926,7.0299182238957485,0
Telangana,2024-02-07 12:00:00,2,Normal,0.1901523936135969,4.749220411759313,19.975071890267984,17.11130690683039,2.8637649834375942,0.25881491350705793,10.648229976469779,9.326841913798205,0
Telangana,2024-02-07 18:00:00,3,Cyclonic,0.41718792299746654,11.183351359156868,65.29259569611183,75.90469883558991,10.61210313947808,0.08611704425878414,123.92484247586387,58.63224677975204,1
Coastal Andhra,2024-02-08 00:00:00,3,Cyclonic,0.46267552011105484,12.390788987301107,33.54119205515596,33.428096879506356,0.11309517564960458,0.898395772325936,88.75513156846091,55.21393951330495,1
Telangana,2024-02-08 06:00:00,1,Monsoon,0.11488341210460373,13.949263188083245,66.37377773686234,83.45559203234302,17.081814295480683,0.05530418483779789,96.04971700524911,29.67593926838677,0
Rajasthan,2024-02-08 12:00:00,6,Cyclonic,0.8333128014723065,12.553232494168231,48.72379575661262,29.46937187275921,19.254423883853406,0.04937193008966246,64.76615142872797,16.04235567211535,0
Odisha,2024-02-08 18:00:00,8,Normal,0.4232740621502634,17.30977293372417,43.92482736008211,46.955648380715814,3.0308210206337023,0.2480884154570539,38.87898719445872,5.045840165623389,0
West Bengal,2024-02-09 00:00:00,3,Cyclonic,0.6223763492021324,9.38909023214878,125.92506349948684,152.0917578625545,26.16669436306765,0.036809778423372394,93.80018999108904,32.1248735083978,0
Odisha,2024-02-09 06:00:00,5,Normal,0.16656686854386038,8.784573612380008,8.63122243204051,8.850024846343576,0.21880241430306668,0.8204775345574107,54.88757826054752,46.25635582850701,1
Coastal Andhra,2024-02-09 12:00:00,1,Normal,0.2574971458755256,5.292391160117304,9.314500590313145,6.140740055730738,3.1737605345824065,0.23959208769030446,21.670241812729557,12.355741222416412,0
Tamil Nadu,2024-02-09 18:00:00,10,Normal,0.900724352794804,14.88170639913232,25.415185894645415,18.74372289859885,6.671462996046564,0.13035323256011833,20.809357885360914,4.605828009284501,0
West Bengal,2024-02-10 00:00:00,7,Normal,0.6478187750945207,5.578568388558343,66.89793746845379,82.09277051382232,15.194833045368526,0.061748089480057014,61.02583544607728,5.8721020223765095,0
Coastal Andhra,2024-02-10 06:00:00,10,Normal,0.955255645153437,1.6050713317747742,28.14512790758663,24.39506683119607,3.750061076390562,0.21052360883744087,33.98851270387148,5.843384796284848,0
Karnataka,2024-02-10 12:00:00,1,Normal,0.9988750309521852,5.083308906557277,34.250681530866814,27.575805847193397,6.674875683673417,0.13029527007548494,54.535321659555734,20.28464012868892,0
Tamil Nadu,2024-02-10 18:00:00,9,Normal,0.434674103799785,15.67573964602931,9.831884324992,8.999076928821744,0.8328073961702565,0.5456110675292726,29.810122010542223,19.978237685550223,0
Odisha,2024-02-11 00:00:00,8,Normal,0.3689227576749472,13.560701897957902,65.12968816346812,61.00627235228993,4.123415811178184,0.1951822840180601,68.5826946989099,3.453006535441787,0
Coastal Andhra,2024-02-11 06:00:00,7,Heavy Rain,0.8725204496431871,10.34733316390751,10.362873383902972,13.435992734012633,3.0731193501096605,0.24551207908333866,78.00562207359442,67.64274868969144,1
Karnataka,2024-02-11 12:00:00,10,Normal,0.9987502843337088,34.286341674282035,31.506726589419166,17.760594245356696,13.74613234406247,0.0678143920499025,70.8641755503934,39.35744896097423,0
West Bengal,2024-02-11 18:00:00,7,Normal,0.6666771108092115,11.222158336084775,6.125399110346893,7.007196815531875,0.8817977051849821,0.5314067485812453,42.181462509302094,36.0560633989552,0
West Bengal,2024-02-12 00:00:00,5,Monsoon,0.8156266502603701,4.393294131920177,74.29739570189976,101.42930375979964,27.131908057899878,0.03554682455032354,60.276676161689196,14.020719540210564,0
Maharashtra,2024-02-12 06:00:00,5,Cyclonic,0.803571272933747,4.058736316460489,9.601226933441138,11.870300236568292,2.269073303127154,0.3058970868115477,42.512058760069614,32.910831826628474,1
Karnataka,2024-02-12 12:00:00,5,Monsoon,0.4198057373975923,12.540400811155475,29.999509359494688,47.42764245804626,17.42813309855157,0.05426485660007518,65.36159737620267,35.36208801670798,0
Rajasthan,2024-02-12 18:00:00,1,Normal,0.6168433422313785,22.427385429315624,25.762100133636913,22.81682335871125,2.945276774925663,0.2534676417014728,37.20661620721677,11.444516073579855,0
Telangana,2024-02-13 00:00:00,8,Monsoon,0.8497512471377923,8.696057943557635,59.11882962052756,72.30498111941625,13.186151498888691,0.07049128159094717,31.186686324522046,27.932143296005517,0
Tamil Nadu,2024-02-13 06:00:00,1,Normal,0.7193024886349499,11.468814852877626,45.606425426372105,44.62588093709642,0.9805444892756867,0.5049116570795712,46.017082782844064,0.4106573564719582,0
Karnataka,2024-02-13 12:00:00,4,Normal,0.11904743258383443,11.903860881358286,121.56831289138339,105.79823670533456,15.770076186048826,0.05963002128946253,104.61664744630096,16.951665445082426,0
Maharashtra,2024-02-13 18:00:00,9,Normal,0.40303510200778014,35.148058109765074,12.951917711892467,5.763404241573613,7.188513470318854,0.12212228796163425,0.0,12.951917711892467,0
Telangana,2024-02-14 00:00:00,9,Monsoon,0.23002812693514482,16.632296638588755,86.97433885701558,76.86868355889985,10.105655298115735,0.09004421379526044,112.8825449036331,25.908206046617522,0
Telangana,2024-02-14 06:00:00,5,Normal,0.3096749908702352,19.462227154180557,98.38882224601228,124.58695160409832,26.198129358086035,0.03676723449742322,95.29921160186615,3.089610644146134,0
Coastal Andhra,2024-02-14 12:00:00,4,Normal,0.9149405297421931,4.241070476993729,118.82137852356561,67.85700753352229,50.96437099004332,0.019243954674090173,95.65928950182565,23.16208902173996,0
Telangana,2024-02-14 18:00:00,3,Normal,0.13320396001969134,5.5621937561987655,41.442762010038976,63.17578488537469,21.733022875335713,0.04398887052917868,46.695347370918185,5.252585360879209,0
Rajasthan,2024-02-15 00:00:00,3,Cyclonic,0.2978206407657314,5.214356643089938,15.155434471480945,16.70812785469949,1.5526933832185463,0.3917430924426798,9.978207441166264,5.177227030314681,0
West Bengal,2024-02-15 06:00:00,5,Heavy Rain,0.3786124170144083,7.251878501180917,55.22684314159196,39.96410542718639,15.262737714405567,0.061490261821919315,77.53594993354015,22.309106791948196,0
Maharashtra,2024-02-15 12:00:00,10,Normal,0.6551956647697553,9.213034833275003,10.986984294656034,11.614992818364605,0.6280085237085711,0.6142473982396726,17.63230991560998,6.645325620953946,0
Telangana,2024-02-15 18:00:00,1,Heavy Rain,0.580691521077279,10.898724818814765,80.90502242756187,94.79582655619569,13.890804128633818,0.06715554051759237,86.6559269905884,5.750904563026523,0
Coastal Andhra,2024-02-16 00:00:00,5,Heavy Rain,0.2964425345680475,8.237361269458695,38.29236956424325,33.612256172623205,4.680113391620047,0.17605282343048193,23.210459266040104,15.081910298203148,0
Rajasthan,2024-02-16 06:00:00,6,Monsoon,0.247816960500839,5.115397415588165,51.176361687957865,43.19342804158123,7.982933646376637,0.11132220712810907,59.41767862300695,8.241316935049085,0
Odisha,2024-02-16 12:00:00,7,Normal,0.31311823113650694,3.5003797853043874,118.54303753634264,177.04905911640844,58.506021580065806,0.01680502196999496,114.66258701007366,3.880450526268973,0
West Bengal,2024-02-16 18:00:00,9,Cyclonic,0.55227666403149,11.718333606580234,45.28028937678564,41.43277749468102,3.8475118821046195,0.2062913973850509,27.14654397929163,18.13374539749401,0
West Bengal,2024-02-17 00:00:00,3,Normal,0.3440600071400831,14.236618646990971,15.32812130843418,14.777734220270297,0.5503870881638839,0.6450002116466896,29.33172485446468,14.0036035460305,0
Maharashtra,2024-02-17 06:00:00,2,Monsoon,0.95284225144695,7.500802131485864,38.5261986878335,51.272393873714634,12.746195185881135,0.07274740293423963,49.0873551070806,10.561156419247098,0
West Bengal,2024-02-17 12:00:00,3,Normal,0.5174786992859628,1.898637902945546,26.352621285420184,25.872641846074583,0.47997943934560183,0.6756850625182786,20.0277000458985,6.324921239521686,0
Telangana,2024-02-17 18:00:00,9,Normal,0.15291641489017338,16.51531107727904,48.551413598560075,57.831141580505445,9.27972798194537,0.09727883867708692,1.4999377013933426,47.05147589716673,0
Coastal Andhra,2024-02-18 00:00:00,7,Normal,0.7563397652529701,7.255686710109548,30.952130992398178,27.301364866725965,3.650766125672213,0.21501833740467047,62.63932563837234,31.687194645974163,1
West Bengal,2024-02-18 06:00:00,9,Heavy Rain,0.3959607593880907,2.599471381723579,23.915461940745736,19.743855535154214,4.171606405591522,0.19336351639575736,8.065189289918607,15.85027265082713,0
West Bengal,2024-02-18 12:00:00,2,Normal,0.6881400388524228,8.614151791371064,39.434535850771155,43.189484311712526,3.754948460941371,0.2103072216690279,18.109071514421633,21.325464336349523,0
Odisha,2024-02-18 18:00:00,5,Monsoon,0.3516349334709088,17.29743495611058,14.815624005107345,11.182131574746537,3.6334924303608087,0.21581992741534065,12.036051599093064,2.7795724060142817,0
Odisha,2024-02-19 00:00:00,4,Normal,0.6136693675599879,6.28285354770826,37.085463332983664,40.86016984752195,3.7747065145382876,0.2094369563773491,53.79864054721202,16.713177214228352,0
Tamil Nadu,2024-02-19 06:00:00,2,Monsoon,0.7949372543267182,0.6103636131958635,57.4273368463339,44.25200780770143,13.17532903863247,0.07054509967808638,58.439106443212815,1.0117695968789135,0
Rajasthan,2024-02-19 12:00:00,9,Monsoon,0.9352078675970985,6.964162491755718,102.05643238122578,112.20052599317704,10.144093611951263,0.089733632435353,140.0354681268309,37.97903574560512,1
Telangana,2024-02-19 18:00:00,9,Heavy Rain,0.3350144299897694,4.90383229736067,26.827890898418776,35.11125390084327,8.283363002424498,0.10771958392005507,42.29475227312841,15.466861374709634,0
West Bengal,2024-02-20 00:00:00,6,Monsoon,0.40137125589908307,9.817170823244153,134.33035776275884,67.3850699002844,66.94528786247443,0.014717724090360223,123.94739931426506,10.382958448493781,0
Karnataka,2024-02-20 06:00:00,6,Monsoon,0.5178397782573457,8.767604978924421,51.72930560538228,46.4119634361079,5.317342169274383,0.1582944176846544,53.4283868742484,1.6990812688661237,0
West Bengal,2024-02-20 12:00:00,8,Normal,0.9344573539623899,5.855309991985408,32.28160604418499,16.465914775189425,15.815691268995565,0.05946826591921202,26.765681009863833,5.515925034321157,0
Coastal Andhra,2024-02-20 18:00:00,6,Monsoon,0.9112481711295914,5.5705199999579005,35.14238268838264,32.565360529480614,2.5770221589020252,0.2795621485070566,72.71797279081179,37.575590102429146,1
Tamil Nadu,2024-02-21 00:00:00,1,Normal,0.18089045209057425,20.793639772587262,40.51280902450199,43.91836338709821,3.40555436259622,0.22698619008997856,50.32931477913593,9.816505754633937,0
Rajasthan,2024-02-21 06:00:00,4,Heavy Rain,0.21873684317842979,12.490525243968229,29.68487775311668,27.16158828800619,2.5232894651104907,0.28382567197573133,15.20633114007736,14.47854661303932,0
Karnataka,2024-02-21 12:00:00,7,Monsoon,0.5459582595975745,12.210186183899784,24.367280272947305,11.325111662255347,13.042168610691958,0.0712140715386783,79.14132400788071,54.77404373493341,1
Tamil Nadu,2024-02-21 18:00:00,2,Normal,0.19595734552488114,15.87734708295949,47.69421705251204,58.41133443211452,10.717117379602485,0.08534522336874686,67.97396774315905,20.279750690647013,0
Maharashtra,2024-02-22 00:00:00,9,Normal,0.4110227860138277,7.2086590852065875,8.384247030652293,5.324557575285082,3.059689455367211,0.24632425977261035,15.729493351977217,7.3452463213249235,0
Rajasthan,2024-02-22 06:00:00,8,Heavy Rain,0.2335468403957299,24.531126312823538,21.386141138976434,25.853828162112755,4.467687023136321,0.18289269224235696,42.4442559139282,21.05811477495177,0
West Bengal,2024-02-22 12:00:00,8,Monsoon,0.6724363196186972,10.978766803929613,65.85616010520938,53.560979966719096,12.295180138490288,0.07521522759251259,38.290471093283074,27.56568901192631,0
West Bengal,2024-02-22 18:00:00,7,Heat Wave,0.9545458885652456,9.463249697269715,6.896053219388438,5.395579825222313,1.500473394166125,0.399924271273235,89.33227286315847,82.43621964377003,1
Rajasthan,2024-02-23 00:00:00,4,Heavy Rain,0.9970603932649433,10.879942815997614,53.33243630414664,53.47701061483809,0.14457431069145343,0.8736872657886983,56.26620251408888,2.9337662099422417,0
West Bengal,2024-02-23 06:00:00,2,Monsoon,0.4377170192472234,6.945674235234399,43.747789634479155,55.40922538867013,11.661435754190975,0.0789799845305061,19.28572178311654,24.462067851362615,0
Telangana,2024-02-23 12:00:00,3,Heat Wave,0.639111373403151,5.098538000386319,25.82864856395572,38.45618119585914,12.627532631903417,0.07338085528842543,19.268019837295718,6.560628726660003,0
Rajasthan,2024-02-23 18:00:00,6,Normal,0.8706408881716732,18.438971674159774,30.53362035196526,27.40258408210361,3.131036269861653,0.24207001214092214,77.5674344931792,47.033814141213945,0
Tamil Nadu,2024-02-24 00:00:00,5,Normal,0.2057158655167456,3.221754009152584,39.210650965032755,26.4477169785101,12.762933986522654,0.07265892584962258,6.245539237854736,32.96511172717802,1
Rajasthan,2024-02-24 06:00:00,8,Monsoon,0.7206079699467685,3.4812130377581987,54.61424177336347,59.335934016813155,4.721692243449688,0.1747734686612725,71.95199927273399,17.337757499370518,0
Karnataka,2024-02-24 12:00:00,6,Monsoon,0.46795929555256144,8.004792440532283,51.49213107809902,34.25256315996715,17.23956791813187,0.05482586015680255,116.7361941091144,65.24406303101537,1
West Bengal,2024-02-24 18:00:00,6,Cyclonic,0.28553154425214766,4.277856628807353,83.44065222543179,98.95532014484078,15.514667919408993,0.06055223180265963,60.57253835997913,22.868113865452663,0
Telangana,2024-02-25 00:00:00,1,Normal,0.46247825687269783,1.9045025610251654,49.539884422830475,55.03338483598802,5.493500413157541,0.15400014420169078,57.62367598951007,8.083791566679594,0
Telangana,2024-02-25 06:00:00,4,Normal,0.16836425826842516,3.3733806137683553,93.32693952878772,124.93604578285115,31.609106254063434,0.030666280523263024,71.42167166622626,21.90526786256146,1
Maharashtra,2024-02-25 12:00:00,5,Normal,0.7258664337303752,4.383528390367842,7.960690390191953,10.057403031016946,2.096712640824993,0.32292308521516244,0.0,7.960690390191953,0
Tamil Nadu,2024-02-25 18:00:00,3,Normal,0.3274684018736078,11.33489902196917,82.45538742560049,85.3325841546691,2.877196729068615,0.2579183028043618,48.15109260638841,34.30429481921208,0
Odisha,2024-02-26 00:00:00,9,Normal,0.3802650805403902,7.5391975400848334,32.45759057338118,32.7105710554155,0.25298048203431733,0.7980970289149416,57.56248940548237,25.104898832101185,0
Odisha,2024-02-26 06:00:00,1,Monsoon,0.20897316841731647,16.359411057387355,45.993659833591636,35.79153302912727,10.202126804464363,0.08926876274971926,22.42294779745621,23.570712036135426,0
Rajasthan,2024-02-26 12:00:00,6,Normal,0.8781932025009025,3.2054734383873114,61.49526088600565,47.547780090327045,13.947480795678608,0.06690090548830845,80.31437036506621,18.819109479060558,0
Maharashtra,2024-02-26 18:00:00,6,Monsoon,0.5440998513544647,3.724650722694316,18.31555194417261,18.126587125005102,0.1889648191675093,0.8410677791965124,9.654666128106133,8.660885816066479,0
Coastal Andhra,2024-02-27 00:00:00,10,Normal,0.6149321900077602,10.122551063139383,34.9937439096994,25.569998374467406,9.42374553523199,0.09593480545165131,29.91810330663921,5.075640603060187,0
Rajasthan,2024-02-27 06:00:00,5,Heavy Rain,0.6124894147853691,4.920263728258563,87.83190604920927,81.95125817680972,5.88064787239955,0.145335151361446,50.32902555977378,37.50288048943548,1
Maharashtra,2024-02-27 12:00:00,5,Normal,0.46944380308720757,6.670366572216867,101.81350385807006,89.8368688563184,11.97663500175166,0.07706158028371872,86.85611588514035,14.957387972929709,0
Tamil Nadu,2024-02-27 18:00:00,10,Normal,0.27327692389432556,3.4120362465063363,25.682159834751324,29.48669191021165,3.804532075460326,0.20813681421914312,35.902572226970264,10.22041239221894,0
Tamil Nadu,2024-02-28 00:00:00,5,Normal,0.77061947364856,3.202253885493049,58.853066103062226,58.52309071957035,0.3299753834918775,0.75189361578594,36.70056126279471,22.152504840267518,1
Tamil Nadu,2024-02-28 06:00:00,6,Heat Wave,0.2143506388219069,4.76715403955528,30.074249873749366,37.55518285333774,7.480932979588374,0.11791155553366199,31.83526771319647,1.7610178394471028,0
Tamil Nadu,2024-02-28 12:00:00,8,Monsoon,0.19348641125092947,17.01719991205185,11.661263618709881,10.781502099651364,0.8797615190585173,0.5319823764138188,0.0,11.661263618709881,0
Tamil Nadu,2024-02-28 18:00:00,2,Heavy Rain,0.739130533836853,2.5399625851069136,97.59122208955051,69.06232084903532,28.528901240515196,0.0338651273156059,91.32466473215193,6.266557357398582,0
Maharashtra,2024-02-29 00:00:00,6,Normal,0.28795331840678545,18.367257751520892,18.296337319454416,20.807796056383143,2.511458736928727,0.28478193107706656,23.334427506394363,5.038090186939947,0
Maharashtra,2024-02-29 06:00:00,1,Heat Wave,0.37609547621754913,15.936179339122706,162.99858693587674,157.944548217725,5.05403871815173,0.165178989853784,188.382126117061,25.38353918118426,0
Telangana,2024-02-29 12:00:00,4,Normal,0.5277047203015662,5.842216733594324,14.238920443450201,13.277542075179754,0.9613783682704469,0.5098455332113226,10.730187093509711,3.5087333499404902,0
Karnataka,2024-02-29 18:00:00,10,Normal,0.5044161850565916,8.742859347190496,81.0766725515176,72.52090934559726,8.555763205920343,0.1046488886811723,99.58861776773145,18.511945216213846,0
Odisha,2024-03-01 00:00:00,3,Heavy Rain,0.7377212125584993,10.722729735332786,78.53475525119075,78.30871051475135,0.22604473643939116,0.8156309229825843,114.20784404244043,35.67308879124968,0
West Bengal,2024-03-01 06:00:00,9,Heat Wave,0.6610886140990249,13.727864187076744,30.269724210428997,28.22367723357419,2.0460469768548073,0.32829434595015633,0.07708271888319373,30.192641491545803,0
Tamil Nadu,2024-03-01 12:00:00,3,Normal,0.6799565460536792,3.720794834707956,50.23636589686717,56.72709215465728,6.490726257790108,0.13349840397118143,60.65816837146539,10.421802474598223,0
Coastal Andhra,2024-03-01 18:00:00,6,Normal,0.7426488975899116,14.84618246977465,30.873987901787167,36.58517617320356,5.71118827141639,0.14900490934803576,80.2200999127796,49.346112010992435,1
West Bengal,2024-03-02 00:00:00,1,Heat Wave,0.36335145468111885,9.273326276696352,21.684611904824944,19.67657196313594,2.0080399416890025,0.3324423941786172,21.65104735526289,0.03356454956205468,0
Maharashtra,2024-03-02 06:00:00,6,Normal,0.3900999806204263,3.964972425149372,56.03199595126004,84.04328165192072,28.01128570066068,0.03446934445849902,58.71715509551379,2.6851591442537455,0
Coastal Andhra,2024-03-02 12:00:00,4,Normal,0.4941979731059988,9.348036415524286,70.89174298588537,60.78383778732003,10.10790519856534,0.09002597538635428,72.04052448287213,1.1487814969867571,0
Coastal Andhra,2024-03-02 18:00:00,8,Heavy Rain,0.37671595573017347,3.9270912034282794,24.248042485002905,24.357260295619543,0.10921781061663793,0.9015361910246271,26.051929310225685,1.8038868252227793,0
Coastal Andhra,2024-03-03 00:00:00,9,Cyclonic,0.9864440820737771,8.512027506195354,97.68977009885147,58.068608441185994,39.621161657665475,0.024617710552629988,151.72112361816477,54.0313535193133,1
Telangana,2024-03-03 06:00:00,4,Heavy Rain,0.8326467337792867,6.056249263655237,49.26011989930727,47.973553097582865,1.2865668017244047,0.4373368839457715,61.01104972221398,11.750929822906713,0
Maharashtra,2024-03-03 12:00:00,10,Heat Wave,0.24818921943042663,9.715549275382902,41.06348882798094,38.9737125561077,2.089776271873241,0.32364802885670724,10.090120412140006,30.973368415840934,0
Coastal Andhra,2024-03-03 18:00:00,10,Monsoon,0.10503474029368257,10.131637933477052,41.910294337752475,41.39044427795846,0.5198500597940168,0.6579596411869265,15.984099936429768,25.926194401322707,0
Tamil Nadu,2024-03-04 00:00:00,6,Normal,0.13850494142254108,20.059288161994623,95.963360053036,119.40171884749917,23.43835879446317,0.04091927810743834,103.98515805481387,8.021798001777867,0
Rajasthan,2024-03-04 06:00:00,1,Heat Wave,0.3196571059386327,13.182484667776603,33.24982000509496,47.20994089072323,13.960120885628271,0.06684437964406219,23.470112961860316,9.779707043234644,0
Coastal Andhra,2024-03-04 12:00:00,4,Normal,0.20286215725317092,11.608730543542505,34.39267285585193,43.91985229400104,9.527179438149112,0.09499220621015841,32.88183758348385,1.5108352723680767,0
Telangana,2024-03-04 18:00:00,7,Normal,0.5800043034033149,1.7901123194664856,94.62765292062318,92.19803754491078,2.4296153757124017,0.29157788569579157,101.33952407694727,6.711871156324094,0
West Bengal,2024-03-05 00:00:00,1,Heavy Rain,0.8721957004546228,16.647812316780904,99.24060417407887,104.12312990220181,4.882525728122943,0.1699950066039219,60.33702081682547,38.903583357253396,0
Maharashtra,2024-03-05 06:00:00,8,Normal,0.7630751988219047,6.261168672144511,77.54086259976734,107.0670662524445,29.526203652677168,0.032758741027146994,101.06433470678596,23.52347210701862,0
Karnataka,2024-03-05 12:00:00,10,Normal,0.2940481567739714,3.4151375773137325,15.600105993922016,11.695677670892536,3.90442832302948,0.2038973625742168,8.784060474584688,6.816045519337328,0
Telangana,2024-03-05 18:00:00,6,Normal,0.45936933042320727,30.726271431730133,132.29295593789135,158.25196610317408,25.959010165282734,0.03709335001059422,185.3151682725984,53.02221233470706,0
Coastal Andhra,2024-03-06 00:00:00,5,Normal,0.5571047885781498,4.915854013570778,46.3132268603271,36.03137683725034,10.281850023076757,0.08863794483657589,39.5922143657272,6.721012494599897,0
Maharashtra,2024-03-06 06:00:00,10,Monsoon,0.829185264553002,21.51415202853421,40.24672381609768,51.74837176448392,11.501647948386243,0.07998945452060051,72.60168054198624,32.35495672588856,0
Rajasthan,2024-03-06 12:00:00,9,Heavy Rain,0.8552094427955483,10.821495413771148,77.76084382928383,75.15867771830723,2.6021661109765972,0.2776107400912964,94.41976217667273,16.658918347388905,0
Coastal Andhra,2024-03-06 18:00:00,2,Heat Wave,0.9187464807169984,12.544566518953047,53.52238415946316,41.75220694430242,11.770177215160736,0.07830744892191484,61.31270076171427,7.79031660225111,0
Telangana,2024-03-07 00:00:00,5,Normal,0.5583207254525877,8.56684864857365,31.047530184839886,25.9422854505946,5.105244734245286,0.16379359772276472,76.49001085669468,45.442480671854796,1
Odisha,2024-03-07 06:00:00,6,Normal,0.7248472717922767,4.05866427257749,107.95420870781358,94.4878138773604,13.466394830453183,0.06912572287152717,143.02448328880166,35.070274580988084,1
Tamil Nadu,2024-03-07 12:00:00,7,Normal,0.20062033411054345,14.259595358120139,40.06817872508024,49.61386036778094,9.5456816427007,0.09482554413086802,21.774639771320984,18.293538953759253,0
Karnataka,2024-03-07 18:00:00,5,Normal,0.6087600639585838,10.273217041341535,45.4735107015485,60.700870175890195,15.227359474341696,0.06162432043125535,43.1785537915892,2.2949569099592964,0
West Bengal,2024-03-08 00:00:00,9,Normal,0.3238226285240216,10.165736904394553,107.41275387395257,96.61988548983604,10.792868384116531,0.08479701184038234,71.72849326222004,35.684260611732526,1
Telangana,2024-03-08 06:00:00,1,Monsoon,0.48854519652395,9.140291219044554,74.62417927207362,58.34764571234276,16.276533559730858,0.057881981737983465,99.40052997193378,24.77635069986016,0
Maharashtra,2024-03-08 12:00:00,7,Heat Wave,0.6706454574760474,7.092465557788249,63.09937859620906,95.11900970661831,32.01963111040926,0.03028501428911347,38.48890686030572,24.61047173590334,0
Karnataka,2024-03-08 18:00:00,10,Heat Wave,0.331287344068403,14.33008391289783,30.056917640687107,36.21116616304068,6.154248522353573,0.13977708446603201,14.500077029700357,15.55684061098675,0
Karnataka,2024-03-09 00:00:00,7,Normal,0.14696655201708497,12.310715554693916,55.36417869317497,44.63280750168609,10.731371191488883,0.08524152749727164,31.586046802369584,23.778131890805387,0
Karnataka,2024-03-09 06:00:00,4,Cyclonic,0.10921047076788176,15.437391653527417,57.621920221575195,62.80069040423861,5.178770182663413,0.16184450472131676,60.7363939775928,3.1144737560176026,0
Coastal Andhra,2024-03-09 12:00:00,9,Normal,0.1199435819900694,7.339732695160276,56.73032953847781,50.88344548189569,5.84688405658212,0.14605183784858594,54.3677421918863,2.3625873465915106,0
Tamil Nadu,2024-03-09 18:00:00,5,Normal,0.1075147637623927,6.891095823639138,40.91540227765429,27.769567015418275,13.145835262236012,0.07069218476406401,53.40714607186159,12.491743794207302,0
Coastal Andhra,2024-03-10 00:00:00,4,Cyclonic,0.19931955090208792,5.637299035555192,24.270577161829358,22.389313912942256,1.8812632488871017,0.34706998757793256,30.347622449257692,6.077045287428334,0
Maharashtra,2024-03-10 06:00:00,7,Heavy Rain,0.3155398431131169,9.331811019700572,81.49957936797907,53.572360573843476,27.92721879413559,0.03456951762686324,95.91263643354853,14.413057065569461,0
Coastal Andhra,2024-03-10 12:00:00,4,Normal,0.2990993627640693,1.88035806509661,29.15327497136809,25.650930921011078,3.5023440503570136,0.2221065269147312,45.76090388036001,16.60762890899192,0
Odisha,2024-03-10 18:00:00,3,Normal,0.9881169347619071,40.55536419276304,43.90975901395852,39.66408618563745,4.245672828321069,0.1906333148726052,38.649040411955966,5.260718602002555,0
Tamil Nadu,2024-03-11 00:00:00,9,Normal,0.37540549468804896,5.171934008762076,4.753395270133576,4.112013654688735,0.6413816154448408,0.6092428418780503,0.0,4.753395270133576,0
Tamil Nadu,2024-03-11 06:00:00,8,Monsoon,0.2146787050234592,19.602933635286664,73.31554418512398,90.01231630049423,16.69677211537025,0.05650748020490504,32.85514088152334,40.46040330360064,0
Maharashtra,2024-03-11 12:00:00,1,Heavy Rain,0.5910062897509821,6.151248296435698,21.127112510733845,23.262681851183522,2.1355693404496776,0.31892134774368863,36.637997161592324,15.510884650858479,0
West Bengal,2024-03-11 18:00:00,7,Heat Wave,0.8721617098577575,13.054715601968885,57.6514451996817,48.43804592772154,9.213399271960164,0.09791059503033403,58.94005932126891,1.2886141215872087,0
Odisha,2024-03-12 00:00:00,9,Normal,0.7102543391089077,25.932091551771457,16.283114158282544,17.596713613180867,1.3135994548983234,0.4322269344777086,21.262606502670177,4.9794923443876336,0
Telangana,2024-03-12 06:00:00,8,Normal,0.3664738802219053,12.551938562550944,37.477380191887725,49.71333243092384,12.235952239036116,0.07555179876297462,1.093617625952156,36.38376256593557,0
Coastal Andhra,2024-03-12 12:00:00,8,Heavy Rain,0.6054545438123095,24.958169179374337,34.984735164513694,27.726005054193955,7.258730110319739,0.12108399071552718,0.0,34.984735164513694,0
Rajasthan,2024-03-12 18:00:00,6,Heavy Rain,0.7433703767803682,18.836956940144972,21.328487458499673,14.321646798658016,7.006840659841657,0.12489320600764596,74.92569171848038,53.59720425998071,1
Coastal Andhra,2024-03-13 00:00:00,4,Normal,0.755294043130968,3.823038339602557,49.97708940181866,36.42647742694249,13.550611974876169,0.06872563172783737,40.74605462795581,9.231034773862852,0
Karnataka,2024-03-13 06:00:00,8,Monsoon,0.69988460976792,14.415778916742754,13.47756531188774,14.746201722126601,1.2686364102388605,0.4407934191158961,0.0,13.47756531188774,0
Coastal Andhra,2024-03-13 12:00:00,3,Cyclonic,0.8837293822980562,11.202406121643541,68.18380546265546,93.57932993171092,25.39552446905546,0.037885210470901626,75.92329964172487,7.7394941790694105,0
Telangana,2024-03-13 18:00:00,9,Heat Wave,0.883094912509694,4.8298197461443575,70.61100214326542,85.57728506971202,14.966282926446596,0.06263198545377129,113.8211772233685,43.21017508010307,1
Coastal Andhra,2024-03-14 00:00:00,2,Monsoon,0.621042903466303,17.760270396595327,23.068945974130635,30.47940931667337,7.410463342542734,0.1188995135311618,3.505666601529221,19.563279372601414,0
Odisha,2024-03-14 06:00:00,2,Cyclonic,0.486870732200091,3.1132076593743223,95.15348693890745,42.83481046503468,52.31867647387277,0.01875515421861644,69.51703085619604,25.636456082711405,1
Odisha,2024-03-14 12:00:00,7,Heavy Rain,0.6774132660085899,16.993767067889674,38.04159458742784,30.11621325545307,7.925381331974769,0.11204003087437238,60.345340187293864,22.303745599866026,0
Tamil Nadu,2024-03-14 18:00:00,10,Monsoon,0.8363908012334168,14.546917349135173,19.761425836162417,14.238988897810176,5.522436938352241,0.15331692884908588,0.0,19.761425836162417,0
Maharashtra,2024-03-15 00:00:00,4,Normal,0.10508689435706625,9.476720327946966,10.080161705150177,11.487902638236605,1.4077409330864281,0.4153270753752244,10.023689106320948,0.05647259882922917,0
West Bengal,2024-03-15 06:00:00,10,Normal,0.992797308113366,5.3846889575662935,1.8160732106300745,1.7255682600041247,0.09050495062594988,0.9170063826175204,0.0,1.8160732106300745,0
Rajasthan,2024-03-15 12:00:00,8,Normal,0.2646043950962793,14.275763923417921,91.90743857267961,22.987746983052645,68.91969158962696,0.014302122581850124,57.38420609812247,34.52323247455714,0
Karnataka,2024-03-15 18:00:00,9,Heavy Rain,0.5232240870939786,1.3320927643467138,25.434190556445955,30.264715790047898,4.830525233601943,0.17151113492089745,26.174396016425245,0.7402054599792898,0
Coastal Andhra,2024-03-16 00:00:00,7,Normal,0.8848267613585801,4.566495184552485,33.2180334929665,42.918371791030175,9.700338298063677,0.09345498919234722,22.61656714465704,10.601466348309458,0
Coastal Andhra,2024-03-16 06:00:00,5,Heat Wave,0.30253635913977944,8.666319097023713,31.037054967918415,46.62878154227027,15.591726574351853,0.060271002871144196,45.757160518610306,14.72010555069189,0
Telangana,2024-03-16 12:00:00,8,Normal,0.5291157015103449,9.482370923220167,79.11059766457542,82.37483778546859,3.264240120893163,0.23450836999079352,119.84579956955524,40.73520190497982,1
Maharashtra,2024-03-16 18:00:00,4,Normal,0.21932396216306127,4.663588163933525,59.924460292769915,69.19813784757729,9.27367755480737,0.09733612863215364,56.674085822373016,3.250374470396899,0
Odisha,2024-03-17 00:00:00,2,Heavy Rain,0.4555686928493734,4.7619906024915,46.366077190350936,33.13690101411511,13.229176176235825,0.07027813751228282,72.74014977079828,26.374072580447347,1
Rajasthan,2024-03-17 06:00:00,6,Normal,0.2594219093137023,12.833672919230887,14.57002429489872,8.5902264353914,5.97979785950732,0.14327062475568406,0.0,14.57002429489872,0
Tamil Nadu,2024-03-17 12:00:00,9,Normal,0.4272649738940413,3.921503985959252,110.46387399928977,144.80448777279483,34.340613773505055,0.028296056384558392,84.74777204341835,25.716101955871423,1
Odisha,2024-03-17 18:00:00,1,Normal,0.43611779511344984,6.575307305145123,60.89500552773519,69.22355509766436,8.328549569929173,0.1071978009554161,62.71707316095561,1.8220676332204206,0
Karnataka,2024-03-18 00:00:00,10,Heavy Rain,0.9938537106384995,3.0990292106945665,61.818028709703235,81.11576073833074,19.2977320286275,0.04926658794143211,0.0,61.818028709703235,1
Maharashtra,2024-03-18 06:00:00,7,Normal,0.9953317263733951,9.026529653662397,16.124928747382416,15.093978761017782,1.030949986364634,0.49238041641290387,34.377688423614,18.252759676231587,0
Karnataka,2024-03-18 12:00:00,10,Monsoon,0.20330765079455118,7.433846243174385,18.885485996113204,30.075462108526185,11.189976112412982,0.08203461522633386,30.699395738277854,11.81390974216465,0
West Bengal,2024-03-18 18:00:00,9,Monsoon,0.7533719013955125,1.205911357020434,45.34822009532435,48.89768892773318,3.5494688324088273,0.21980587994720377,58.570900914545916,13.222680819221566,0
Tamil Nadu,2024-03-19 00:00:00,10,Normal,0.14657093170219104,2.5447893366143965,46.14598738870398,37.45205506918244,8.693932319521537,0.10315731191832346,47.42779873040578,1.281811341701804,0
West Bengal,2024-03-19 06:00:00,9,Normal,0.12717281380346976,20.43264599638939,21.317441032468395,19.62296769289217,1.6944733395762235,0.3711300406324585,29.76339012448937,8.445949092020975,0
Telangana,2024-03-19 12:00:00,10,Normal,0.1948005048204679,4.995683150280178,16.34979781330735,9.794062697032853,6.555735116274498,0.13234979583205259,6.380565296406811,9.96923251690054,0
Karnataka,2024-03-19 18:00:00,3,Monsoon,0.9689370913071406,11.410041650229601,28.566915279842128,21.836979216425906,6.729936063416222,0.1293671761054713,59.51077758202207,30.943862302179944,0
Telangana,2024-03-20 00:00:00,5,Normal,0.9467771931052277,3.691539403586173,34.490328375923724,31.152509680712374,3.33781869521135,0.23053061233378203,31.585696542575874,2.9046318333478496,0
Coastal Andhra,2024-03-20 06:00:00,8,Normal,0.2745350382526124,22.45288365904905,14.730980137977685,20.43845099056396,5.707470852586276,0.14908749094517773,30.204438802506644,15.473458664528959,0
West Bengal,2024-03-20 12:00:00,8,Monsoon,0.24550510199834039,1.7515412379428064,62.12750947966433,61.10514338170583,1.0223660979585034,0.4944703142568793,60.675421891490856,1.4520875881734767,0
Maharashtra,2024-03-20 18:00:00,4,Heavy Rain,0.3164815778643523,19.0869831747786,64.49203988067397,81.97531091758366,17.483271036909684,0.05410297766034357,96.84712805567226,32.355088174998286,0
Karnataka,2024-03-21 00:00:00,1,Normal,0.5639922946676279,9.458483969969333,58.214556879738,56.76123866188565,1.453318217852349,0.40761120702694925,71.17990295194186,12.965346072203857,0
Rajasthan,2024-03-21 06:00:00,1,Normal,0.6127341688318689,14.019979922041045,15.444812263399237,11.482866978687856,3.9619452847113816,0.2015338627536209,0.0,15.444812263399237,0
Tamil Nadu,2024-03-21 12:00:00,4,Heat Wave,0.2994340873955026,20.63519664569985,28.260761922604015,32.114843941467306,3.8540820188632914,0.20601217616717893,52.48184730179425,24.22108537919023,0
Odisha,2024-03-21 18:00:00,6,Cyclonic,0.7809605092809507,10.52249841414622,69.69473371583173,54.97519447659049,14.719539239241243,0.06361509614121924,46.884273356240925,22.810460359590806,0
Maharashtra,2024-03-22 00:00:00,8,Monsoon,0.37859785246238575,26.422110591419546,48.525404051046735,43.708736759597,4.816667291449733,0.171919752307298,70.68507842069509,22.159674369648357,0
Maharashtra,2024-03-22 06:00:00,6,Heavy Rain,0.9299181929764693,20.41072604763038,96.08645390047701,144.88864076012672,48.80218685964971,0.020079439539836978,142.18224389622625,46.09578999574924,0
Telangana,2024-03-22 12:00:00,9,Heavy Rain,0.6910504358110575,13.712733671505791,87.75613622753731,101.01855429951134,13.262418071974025,0.07011433790214176,85.00545512737355,2.75068110016376,0
West Bengal,2024-03-22 18:00:00,9,Heat Wave,0.49271607487325053,18.27409889050603,42.078581485507975,33.44922528049704,8.629356205010936,0.10384910254743913,73.9322844167826,31.85370293127462,0
Karnataka,2024-03-23 00:00:00,2,Heat Wave,0.8109208015325609,8.786731950258774,27.81667191438435,32.90786756745585,5.091195653071502,0.16417138062142977,15.928922905435757,11.887749008948594,0
Karnataka,2024-03-23 06:00:00,10,Normal,0.8361231634419983,4.091540350316152,67.70108912969403,51.82891833014714,15.872170799546886,0.059269196114755764,71.32848158813069,3.6273924584366597,0
Coastal Andhra,2024-03-23 12:00:00,1,Monsoon,0.3614334450480493,36.87265003961961,71.97901787160092,40.414977341492545,31.56404053010837,0.030708719916848478,26.34442601282808,45.634591858772836,0
Coastal Andhra,2024-03-23 18:00:00,2,Normal,0.40574308945247595,9.243259080871141,77.5428484280115,98.72163717918889,21.178788751177393,0.04508812501976302,96.46172993583102,18.91888150781952,0
Tamil Nadu,2024-03-24 00:00:00,5,Normal,0.942359638355743,10.89453332381153,48.047094848035606,51.588577767431254,3.541482919395648,0.22019239480770164,40.798037013483835,7.24905783455177,0
Telangana,2024-03-24 06:00:00,4,Monsoon,0.24826693452694473,2.6713115512870673,25.357182860141982,24.106775720705095,1.2504071394368879,0.44436403638953387,19.428374465538965,5.928808394603017,0
Maharashtra,2024-03-24 12:00:00,4,Normal,0.1379353752666408,21.49090300022941,57.65764938629901,33.65147847708784,24.00617090921117,0.039990128981788414,77.98859898548233,20.330949599183313,0
Karnataka,2024-03-24 18:00:00,9,Heat Wave,0.5086497903485943,10.682663576809876,59.308921050107315,54.63348634487462,4.675434705232696,0.17619795697376442,80.77953216877776,21.470611118670448,0
Rajasthan,2024-03-25 00:00:00,8,Normal,0.821088910219266,12.825208234810656,66.35576906001523,69.54460511022731,3.1888360502120747,0.23872980179049297,109.43755485020618,43.08178579019095,1
Telangana,2024-03-25 06:00:00,6,Heavy Rain,0.7945012956796712,14.067679230759143,29.9882149772739,21.24983708439911,8.738377892874787,0.10268650600750082,90.19810143467934,60.209886457405446,1
Tamil Nadu,2024-03-25 12:00:00,1,Heat Wave,0.9275775660215493,4.879637567910776,8.027012377220876,8.111816510527749,0.0848041333068732,0.9218253962138219,10.456124874610882,2.4291124973900065,0
Tamil Nadu,2024-03-25 18:00:00,2,Heat Wave,0.5798805979321362,21.105229908042237,57.29373290887619,79.49963435650947,22.205901447633288,0.04309248672181996,35.49814352082046,21.795589388055724,0
Telangana,2024-03-26 00:00:00,6,Normal,0.19005820440987997,11.526845391960066,12.790913057340838,13.515574042297665,0.7246609849568273,0.57982409802413,15.297218025508865,2.5063049681680276,0
Tamil Nadu,2024-03-26 06:00:00,2,Normal,0.6298200769024145,1.2981843440353824,70.36936693427386,80.64924560595942,10.279878671685566,0.08865343583084558,71.55556387753737,1.1861969432635107,0
Telangana,2024-03-26 12:00:00,10,Heavy Rain,0.8005560529178904,18.323469557752176,46.89926641324375,41.742320460874275,5.156945952369476,0.16241818715578524,111.91395477326512,65.01468836002137,1
Odisha,2024-03-26 18:00:00,5,Normal,0.18399530824284377,8.174684442788786,27.132703966984316,20.002960815648436,7.12974315133588,0.12300511607622928,60.32833461676078,33.19563064977646,1
Telangana,2024-03-27 00:00:00,5,Heat Wave,0.2553916609878308,5.324628741278562,93.73982500075856,80.58020224811818,13.159622752640374,0.0706233504570966,87.48971106943074,6.250113931327817,0
West Bengal,2024-03-27 06:00:00,6,Heat Wave,0.11106159504010382,1.9562624056348952,32.984201463916406,41.68323010983596,8.699028645919554,0.10310310820874899,43.53740725810575,10.553205794189346,0
Telangana,2024-03-27 12:00:00,6,Normal,0.6342873215021293,6.579120976898927,47.222401799679886,46.074050224983985,1.1483515746959014,0.46547316173869246,86.66402288337792,39.44162108369804,1
Tamil Nadu,2024-03-27 18:00:00,6,Normal,0.8980609527513139,6.011816861753916,29.35137788312001,27.867357106023398,1.4840207770966103,0.4025731222622166,42.83406430564682,13.482686422526811,0
Karnataka,2024-03-28 00:00:00,2,Normal,0.7035969844018896,19.683424202608425,44.02682338355504,38.46183298747537,5.564990396079672,0.15232314743326306,38.22093947408132,5.805883909473721,0
West Bengal,2024-03-28 06:00:00,10,Heat Wave,0.9838360788318838,5.633442586505395,59.97807317445493,40.91324520394174,19.064827970513186,0.04983845370962448,44.701366896212754,15.276706278242173,0
Tamil Nadu,2024-03-28 12:00:00,3,Normal,0.1567302872497854,2.3922091819926763,31.057103811247405,41.6737500370589,10.616646225811497,0.08608336524685235,29.152349012018774,1.9047547992286304,0
Coastal Andhra,2024-03-28 18:00:00,6,Normal,0.9127009766363466,12.921970750792278,37.80295394619727,35.83653596007671,1.966417986120561,0.33710690963945567,57.56536369697866,19.762409750781387,0
Coastal Andhra,2024-03-29 00:00:00,8,Normal,0.8326614586480127,20.355395537513683,69.56431305588323,60.32030985671987,9.244003199163366,0.09761808743691827,49.252783305276395,20.311529750606837,0
Karnataka,2024-03-29 06:00:00,1,Heavy Rain,0.3828173684495545,6.93105148158165,8.547044474332468,8.71739115392928,0.17034667959681116,0.8544476755763547,8.877716811317828,0.33067233698536036,0
Karnataka,2024-03-29 12:00:00,1,Normal,0.9761738966535266,29.87865133019907,72.27426775485591,62.705944373164414,9.5683233816915,0.0946223884227837,98.69595989232391,26.421692137468,0
West Bengal,2024-03-29 18:00:00,2,Normal,0.3591439733542735,18.16818245216868,81.10656399527306,87.45088239021388,6.344318394940814,0.13615967421685546,101.65446449172867,20.54790049645561,0
Odisha,2024-03-30 00:00:00,6,Heat Wave,0.9003742514453966,21.571786073045644,19.71729238040343,16.34277697599307,3.37451540441036,0.22859674902317317,12.040568175158965,7.676724205244463,0
Karnataka,2024-03-30 06:00:00,9,Heat Wave,0.8926737193667704,12.662269595180195,10.536015486595566,10.861567379461444,0.32555189286587805,0.7544027550954446,0.0,10.536015486595566,0
Coastal Andhra,2024-03-30 12:00:00,4,Monsoon,0.7818918549426752,11.679175865169151,15.87318885501551,15.664579391374813,0.20860946364069655,0.827397128752987,0.0,15.87318885501551,0
Telangana,2024-03-30 18:00:00,3,Normal,0.6071234264315667,5.429361294951008,21.988126686193986,32.18770523701764,10.199578550823652,0.08928907417917586,19.294933124103707,2.693193562090279,0
Tamil Nadu,2024-03-31 00:00:00,8,Normal,0.20800247465519928,25.589349307729883,17.390561045962922,25.696570804733433,8.30600975877051,0.10745744158043068,0.0,17.390561045962922,0
Coastal Andhra,2024-03-31 06:00:00,10,Heavy Rain,0.5787745610468484,22.8313276698513,62.94388663262601,75.33555847536377,12.391671842737757,0.07467327543142385,0.0,62.94388663262601,1
Coastal Andhra,2024-03-31 12:00:00,9,Normal,0.4211166300894411,25.955691965121964,39.41777146265398,38.54767162908263,0.8700998335713521,0.5347308106489096,29.76629371940344,9.651477743250542,0
Odisha,2024-03-31 18:00:00,5,Heat Wave,0.8129953298398166,8.822912680551232,52.42542172262878,62.95068016961292,10.52525844698414,0.08676595016068156,47.954437575380304,4.47098414724848,0
West Bengal,2024-04-01 00:00:00,9,Heavy Rain,0.7823162858471604,7.0238891929725895,77.00783197331363,91.85513331078387,14.847301337470242,0.06310222660028204,55.35453777961517,21.653294193698457,0
West Bengal,2024-04-01 06:00:00,2,Normal,0.9195512566353448,15.26519594551522,67.22379504584833,59.321605584769344,7.90218946107899,0.11233191613951507,49.46591651460494,17.757878531243392,0
Maharashtra,2024-04-01 12:00:00,3,Heat Wave,0.11334714618853708,6.251884962562064,106.57543576668661,62.62259304251032,43.95284272417629,0.02224553419537549,124.18684713952408,17.611411372837466,0
Odisha,2024-04-01 18:00:00,7,Heat Wave,0.8281928951407415,8.896426499340377,86.24017723213699,45.21095403217168,41.02922319996531,0.023792968888390623,80.52553264912035,5.714644583016636,0
Telangana,2024-04-02 00:00:00,7,Normal,0.9446158478122019,1.4819545529309357,36.61608390283383,35.52659596985407,1.0894879329797575,0.47858615702744417,11.944639762298905,24.671444140534923,1
West Bengal,2024-04-02 06:00:00,6,Heavy Rain,0.8103704041973351,10.936351421268096,57.65944331743499,50.38045106793545,7.278992249499545,0.12078764780344477,0.0,57.65944331743499,1
Tamil Nadu,2024-04-02 12:00:00,6,Normal,0.21717501388333005,13.683420978574407,108.89292282272818,94.08007339197634,14.81284943075184,0.06323970922376979,108.48012839159504,0.4127944311331362,0
Karnataka,2024-04-02 18:00:00,2,Normal,0.173151194356799,21.896502761358377,32.97782472185024,26.34384628141394,6.633978440436302,0.13099329632673778,41.16656417577706,8.188739453926821,0
Odisha,2024-04-03 00:00:00,10,Normal,0.11876071582693074,15.671338714861028,60.76427840849383,47.88091330468667,12.883365103807158,0.07202864669501313,56.43206819924522,4.332210209248608,0
Karnataka,2024-04-03 06:00:00,6,Heavy Rain,0.6658707032452639,17.537773094487594,128.13017854274958,149.10637815681014,20.97619961406056,0.04550377306184421,153.154742065612,25.024563522862422,0
Coastal Andhra,2024-04-03 12:00:00,4,Heat Wave,0.6667053866738986,28.59172970594594,65.24503046113063,15.835633653065564,49.40939680806506,0.01983757123314772,8.19265216324115,57.052378297889476,0
Tamil Nadu,2024-04-03 18:00:00,3,Heavy Rain,0.9882223427963911,4.631668593824704,20.341657728689494,23.333241561436573,2.9915838327470787,0.25052711953484946,6.423238693899927,13.918419034789567,0
Tamil Nadu,2024-04-04 00:00:00,2,Normal,0.45823885669368614,3.954934179677222,11.025903312408573,10.26500546022008,0.7608978521884939,0.5678921118321381,11.681927062831152,0.6560237504225785,0
Coastal Andhra,2024-04-04 06:00:00,1,Heavy Rain,0.3987156564077471,10.395251161203067,23.539013556654087,32.01742901090023,8.478415454246143,0.1055028664682576,2.5201635457129434,21.018850010941144,0
Odisha,2024-04-04 12:00:00,5,Normal,0.6619824344659532,3.539218358696383,38.366758438345855,40.92121096633795,2.5544525279920975,0.28133727827978555,60.52786956780315,22.161111129457296,1
Coastal Andhra,2024-04-04 18:00:00,2,Cyclonic,0.8430478052568345,11.464755957206002,121.61221570271712,68.92086983219576,52.69134587052136,0.018624975473915974,195.04946819839282,73.4372524956757,1
Karnataka,2024-04-05 00:00:00,2,Normal,0.9430965545707016,3.6610410842490717,79.53585822926865,42.321959983712475,37.21389824555618,0.026168489631028104,71.88277389230876,7.653084336959893,0
Maharashtra,2024-04-05 06:00:00,7,Normal,0.8228117495611347,4.365311008882506,32.57420033648127,23.270865253350568,9.303335083130701,0.09705595245924457,6.201241502114655,26.372958834366614,1
Tamil Nadu,2024-04-05 12:00:00,8,Normal,0.48400658255422424,1.9824140694339194,21.197105559369515,22.599504468486384,1.4023989091168687,0.41625060526172314,24.156929148396387,2.959823589026872,0
Rajasthan,2024-04-05 18:00:00,10,Monsoon,0.6714228117808577,10.817947408113868,21.023416392621833,12.02081082144651,9.002605571175323,0.09997395107547946,47.92035824436171,26.896941851739875,0
Rajasthan,2024-04-06 00:00:00,8,Normal,0.8706693940445053,2.8117670016927345,142.9681675270527,146.9129811044882,3.9448135774354967,0.20223209314973303,167.7052690502124,24.73710152315968,1
Karnataka,2024-04-06 06:00:00,4,Monsoon,0.5415487194805655,13.089354655086574,19.05942673508857,22.406324618043218,3.3468978829546465,0.2300491124765706,52.83003375791121,33.77060702282264,0
Telangana,2024-04-06 12:00:00,1,Normal,0.2950179793348534,14.634268694609906,71.68760346640097,62.22590217326688,9.461701293134091,0.09558674750695567,62.13749450891094,9.550108957490032,0
West Bengal,2024-04-06 18:00:00,7,Normal,0.2527510957730857,5.089892685871238,69.21479677297887,53.84860852837485,15.366188244604025,0.06110158242434383,54.42777100812776,14.787025764851109,0
Coastal Andhra,2024-04-07 00:00:00,1,Heavy Rain,0.10014197012025106,16.05821254402145,36.062895777677,16.670416693660297,19.392479084016703,0.04903768668242911,19.69961858690349,16.36327719077351,0
Coastal Andhra,2024-04-07 06:00:00,4,Heat Wave,0.7464141954831558,14.834779898396889,17.805085784537958,24.526933874156764,6.721848089618806,0.1295026771304129,17.5924487398751,0.21263704466285915,0
Telangana,2024-04-07 12:00:00,8,Heat Wave,0.19998748796139146,18.831123077458308,58.321594897262614,84.9566298763707,26.635034979108084,0.03618595021703406,94.134952593026,35.813357695763386,0
Telangana,2024-04-07 18:00:00,2,Normal,0.3194551897263464,4.73004170999326,116.05557663706294,151.44744329658883,35.39186665952589,0.027478667399937873,124.06147210710357,8.005895470040628,0
Karnataka,2024-04-08 00:00:00,6,Normal,0.36808869837051406,4.566581346815259,16.032266795638765,14.923520634196812,1.1087461614419531,0.4742154453128695,5.436093256383458,10.596173539255307,0
Karnataka,2024-04-08 06:00:00,6,Normal,0.6043418741230915,14.101053301996673,45.48094846278421,44.87081190217759,0.6101365606066196,0.621065333503917,71.72748080003626,26.24653233725205,0
Telangana,2024-04-08 12:00:00,9,Heavy Rain,0.45816154956619237,10.289396374793647,66.96629193974661,78.44437378097625,11.478081841229638,0.08014052261589079,70.69353219549683,3.7272402557502176,0
Tamil Nadu,2024-04-08 18:00:00,5,Heavy Rain,0.7072065928208456,11.006673730492565,111.55273658605631,115.64218345172932,4.089446865673011,0.19648500640506508,145.0134442285017,33.460707642445385,0
Karnataka,2024-04-09 00:00:00,10,Heat Wave,0.15007479339583246,22.390381893648367,8.793964698289827,1.943578522093826,6.850386176196,0.1273822685350445,33.876301591574475,25.082336893284648,0
Maharashtra,2024-04-09 06:00:00,4,Heat Wave,0.2115452748379955,16.81865562880033,61.96829770985933,76.1919522941262,14.223654584266868,0.06568724969847031,88.15960674726674,26.191309037407407,0
Karnataka,2024-04-09 12:00:00,5,Normal,0.54929035317994,14.848378169609237,110.13782945647135,143.70072188434963,33.56289242787828,0.028932763717234623,109.7549663257737,0.38286313069765754,0
Coastal Andhra,2024-04-09 18:00:00,10,Heavy Rain,0.40326830906214683,13.703280270111675,71.9727707303208,91.25759998344753,19.28482925312673,0.049297925435870193,130.74035208619966,58.76758135587886,1
Karnataka,2024-04-10 00:00:00,5,Cyclonic,0.36623202647622377,17.82271171993123,27.751168662186075,30.888990580149137,3.1378219179630626,0.24167303954257,57.23099169583723,29.479823033651158,0
Tamil Nadu,2024-04-10 06:00:00,8,Monsoon,0.16032527113377046,7.87534240687992,46.82128484928708,58.035775250240285,11.214490400953203,0.08186997305446007,24.84524866352945,21.976036185757632,0
Telangana,2024-04-10 12:00:00,10,Normal,0.9061472572732013,3.432957772576051,78.61114583926063,50.844517894398194,27.766627944862435,0.03476250333951966,47.57626800207892,31.03487783718171,1
Coastal Andhra,2024-04-10 18:00:00,8,Normal,0.7226367275125457,5.616247104223896,82.09064947695678,80.1705156067724,1.9201338701843866,0.3424500534754103,64.9991743994102,17.09147507754659,0
Karnataka,2024-04-11 00:00:00,2,Normal,0.20945634113768447,5.0449465862931575,71.18035528551468,59.28168918204071,11.898666103473971,0.07752739639726561,56.97529988556845,14.205055399946232,0
Tamil Nadu,2024-04-11 06:00:00,7,Normal,0.15854136196342655,0.4796956392421523,49.91380727095664,68.02497203246662,18.111164761509983,0.05232543450276808,69.23588955585709,19.322082284900446,1
Maharashtra,2024-04-11 12:00:00,8,Normal,0.9773852800881188,13.719678917276124,40.80461332546069,42.68129623663578,1.876682911175088,0.34762260244787035,43.78191231374404,2.9772989882833443,0
Karnataka,2024-04-11 18:00:00,6,Normal,0.7130552953955543,7.090896425698503,85.81628744575352,82.40446303220824,3.4118244135452755,0.22666359906114555,84.07232490907906,1.7439625366744593,0
Tamil Nadu,2024-04-12 00:00:00,5,Heavy Rain,0.47571046398436734,7.984918611677867,58.82630658038933,43.8564636397544,14.969842940634926,0.06261802346568614,6.3576574292313595,52.46864915115797,1
Maharashtra,2024-04-12 06:00:00,9,Normal,0.7315579366802064,5.900560595624381,47.92250154733939,35.23149595923338,12.691005588106009,0.07304065384859275,54.388390066007155,6.465888518667768,0
Telangana,2024-04-12 12:00:00,3,Normal,0.7806986078321432,8.928166451579155,25.87175187577086,18.57204936367964,7.299702512091223,0.12048624616884449,9.579134316980891,16.29261755878997,0
Karnataka,2024-04-12 18:00:00,10,Normal,0.8019659821499014,24.600192077789416,24.680546206575915,29.278230797015116,4.597684590439201,0.17864529232461432,0.0,24.680546206575915,0
Maharashtra,2024-04-13 00:00:00,4,Monsoon,0.5300895750877519,1.948048948790385,41.686574681067256,47.91827139676126,6.231696715694007,0.1382801352592443,39.0890080588452,2.597566622222054,0
Coastal Andhra,2024-04-13 06:00:00,9,Cyclonic,0.4868944823123632,27.610259922927376,64.61660712248937,68.65683092052119,4.040223798031818,0.19840388841275164,92.6473118265076,28.030704704018234,0
Telangana,2024-04-13 12:00:00,6,Heavy Rain,0.10992527584201031,10.73293368833241,61.68388737417237,73.88417814417207,12.200290769999697,0.07575590700416238,71.15578273551088,9.471895361338511,0
Coastal Andhra,2024-04-13 18:00:00,8,Normal,0.9339014036276542,6.219352491638501,59.30980146412483,47.365999630317816,11.943801833807015,0.07725705421325052,107.77150858817954,48.46170712405471,1
Rajasthan,2024-04-14 00:00:00,7,Heat Wave,0.6429770905500487,6.834474796048733,46.1148628299495,24.85973834007244,21.255124489877062,0.04493347141036478,59.13663313304062,13.021770303091117,0
Odisha,2024-04-14 06:00:00,2,Normal,0.2828385434709713,4.298668585061552,81.09124329266706,94.94384765467228,13.852604362005223,0.06732825945045182,96.07719908350806,14.985955790841004,0
Karnataka,2024-04-14 12:00:00,3,Normal,0.927643077479293,1.3058639080372196,90.94171618317674,89.66280730397476,1.2789088792019783,0.4388064872300542,76.6391216766475,14.302594506529232,0
Maharashtra,2024-04-14 18:00:00,1,Normal,0.9234387115932667,3.68256788146935,19.05205896332732,23.018924879633907,3.9668659163065882,0.2013342048789612,44.706691699737206,25.654632736409887,1
Odisha,2024-04-15 00:00:00,9,Normal,0.9902657479294863,8.954313231689648,29.21166161377197,32.32334775547975,3.111686141707782,0.24320922500778516,16.71474533621818,12.49691627755379,0
Odisha,2024-04-15 06:00:00,7,Normal,0.886650906825081,7.478643460499539,140.91784034434644,138.32745979026853,2.5903805540779103,0.27852200760841694,110.33765272509348,30.580187619252968,1
Maharashtra,2024-04-15 12:00:00,1,Heat Wave,0.9980059490380583,12.524834234081082,39.890233613870876,41.94045421541218,2.050220601541305,0.32784513995305475,20.874345955670965,19.01588765819991,0
Telangana,2024-04-15 18:00:00,3,Heavy Rain,0.32021756931094536,5.945929145920291,40.676048205452744,55.005090928534784,14.32904272308204,0.06523564569979495,49.680385360510485,9.00433715505774,0
Karnataka,2024-04-16 00:00:00,4,Normal,0.8580246266793107,5.307412733011578,24.314878900890584,22.551324491879637,1.763554409010947,0.3618528358766389,8.31231328319663,16.002565617693953,0
Rajasthan,2024-04-16 06:00:00,4,Heat Wave,0.840725477916188,33.86794656418899,82.3982913957285,97.5752716184836,15.176980222755091,0.06181623431753758,81.99159562274552,0.4066957729829852,0
Coastal Andhra,2024-04-16 12:00:00,5,Normal,0.30784632329866035,4.395583824252849,162.51976359671784,175.07790926464884,12.558145667931,0.07375639888316689,169.55868522817534,7.038921631457498,0
Tamil Nadu,2024-04-16 18:00:00,3,Normal,0.18859379410089172,4.637323763763032,24.36341001991788,14.163265089707687,10.200144930210191,0.08928455892590251,28.390767013206457,4.027356993288578,0
Coastal Andhra,2024-04-17 00:00:00,3,Heavy Rain,0.9814784623098397,17.622624683716147,85.64017636288754,57.506292337229546,28.133884025658,0.03432429397739441,68.8432599590675,16.79691640382005,0
Tamil Nadu,2024-04-17 06:00:00,1,Heavy Rain,0.3664220963685494,14.810191483397762,21.83019778012848,21.614005381537872,0.21619239859060713,0.8222383244286486,55.178294670029054,33.348096889900575,0
Coastal Andhra,2024-04-17 12:00:00,7,Normal,0.8838026114210255,6.575466442730801,77.85806690857268,68.17065868473414,9.687408223838545,0.0935680549536298,91.16204322246541,13.303976313892733,0
Maharashtra,2024-04-17 18:00:00,10,Normal,0.10371443920714352,15.659647750914052,22.19434733729255,16.922728350363542,5.27161898692901,0.15944846172641375,12.423258827265501,9.77108851002705,0
Rajasthan,2024-04-18 00:00:00,1,Heavy Rain,0.11892232649764199,9.768265299418177,8.22857994542839,10.43124704355415,2.20266709812576,0.3122397581019933,15.27025687256879,7.041676927140401,0
Karnataka,2024-04-18 06:00:00,2,Monsoon,0.5192841778267315,5.998200096243091,139.92609837967674,87.6145078646105,52.31159051506624,0.018757647077090912,163.82397206978115,23.897873690104404,0
Tamil Nadu,2024-04-18 12:00:00,4,Heavy Rain,0.31484321554155725,14.128357542449866,31.879990061160303,30.296824723248477,1.5831653379118258,0.38712194892192925,55.39248595956609,23.512495898405785,0
Karnataka,2024-04-18 18:00:00,4,Normal,0.7208571550923678,9.07102729885034,13.900139748861678,10.862947865873087,3.0371918829885907,0.24769692127185575,10.253778345090304,3.6463614037713743,0
Karnataka,2024-04-19 00:00:00,5,Normal,0.6090078930111589,1.4003851040452275,49.944656342851495,68.4589042756181,18.5142479327666,0.051244608731289526,41.490419142715325,8.45423720013617,0
Karnataka,2024-04-19 06:00:00,2,Normal,0.1697372177054423,14.139248624395124,65.20893519362292,106.25008523007443,41.04115003645151,0.023786218957686848,49.909341330425704,15.299593863197217,0
West Bengal,2024-04-19 12:00:00,4,Normal,0.24636546668414538,8.107436467161799,87.83743311136024,81.0031602797421,6.8342728316181365,0.12764426533170076,76.11780125594255,11.719631855417688,0
Telangana,2024-04-19 18:00:00,1,Heat Wave,0.4492443430525729,23.3313893022752,38.43926763711713,46.59434721095753,8.155079573840396,0.10922897959919287,19.467413577187262,18.97185405992987,0
Coastal Andhra,2024-04-20 00:00:00,2,Heavy Rain,0.26704365755988985,16.152222055906826,36.87389279316999,48.579051848905934,11.70515905573594,0.07870818425909706,80.67227042043724,43.79837762726725,0
Karnataka,2024-04-20 06:00:00,1,Normal,0.8130001125195357,10.333433043653159,32.189756785141135,39.422193533305084,7.232436748163948,0.12147071767335796,18.317542355158846,13.87221442998229,0
Coastal Andhra,2024-04-20 12:00:00,10,Monsoon,0.47446321199795205,6.724868533632545,46.7611252159505,56.00867636686658,9.247551150916081,0.09758428967789098,64.27970739465314,17.518582178702644,0
Karnataka,2024-04-20 18:00:00,10,Heavy Rain,0.18408868015824936,8.887464688246194,69.7694348602007,38.8470145925038,30.922420267696907,0.03132594557725076,117.50459466702546,47.735159806824754,1
Tamil Nadu,2024-04-21 00:00:00,4,Normal,0.5359086120449124,4.206430863501668,55.18522878375397,71.41389835908818,16.22866957533421,0.0580427870897049,45.9606758964569,9.224552887297072,0
Telangana,2024-04-21 06:00:00,4,Monsoon,0.18175436295527275,10.331663102059087,31.314910579585906,34.12757608875072,2.812665509164816,0.26228369564448234,27.745282924187112,3.5696276553987936,0
Telangana,2024-04-21 12:00:00,7,Cyclonic,0.2160435748778355,24.49727774612832,45.21655840678995,42.62741263411359,2.5891457726763605,0.27861782812301833,4.092445675258581,41.12411273153137,0
Maharashtra,2024-04-21 18:00:00,10,Monsoon,0.3156488488253848,29.8287734507176,17.171149314320473,16.83587542798822,0.33527388633225286,0.7489100253033575,41.9756183502046,24.804469035884125,0
West Bengal,2024-04-22 00:00:00,9,Normal,0.8735749347227408,19.93290681545322,39.19957543068611,41.72649592842445,2.526920497738338,0.2835334679761726,39.404674718044504,0.20509928735839367,0
Maharashtra,2024-04-22 06:00:00,9,Heavy Rain,0.9321512790996748,9.905303272575283,35.58551631816475,33.32579164645898,2.2597246717057686,0.3067743753575095,115.35072293709763,79.76520661893288,1
Maharashtra,2024-04-22 12:00:00,5,Monsoon,0.8436319563988621,2.3916916480378094,88.27077388443227,80.43867058943457,7.832103294997708,0.11322331347351611,35.1969914956569,53.07378238877537,1
Maharashtra,2024-04-22 18:00:00,10,Normal,0.4006694956760626,8.485196941691623,49.99315512462948,37.77374621785109,12.21940890677839,0.07564634750705378,84.8575671813289,34.86441205669942,1
Maharashtra,2024-04-23 00:00:00,1,Normal,0.3452017969979485,16.877863475873628,39.57020001272515,44.617069755171805,5.046869742446653,0.16537482079039878,52.600777658379066,13.030577645653914,0
Maharashtra,2024-04-23 06:00:00,1,Cyclonic,0.5942401217112153,15.614685490205575,43.30910382667263,41.559707099581054,1.749396727091579,0.36371615276411556,75.61819989817283,32.3090960715002,0
Rajasthan,2024-04-23 12:00:00,6,Normal,0.7496678444798011,7.88565767015331,39.18407982231942,31.416761480050507,7.767318342268911,0.11405996234661739,34.23920550321728,4.944874319102141,0
Telangana,2024-04-23 18:00:00,2,Monsoon,0.9940355093441573,7.409683529887852,19.956785206966835,20.44459227758554,0.4878070706187039,0.672130157026442,42.70523294208373,22.748447735116898,0
Maharashtra,2024-04-24 00:00:00,8,Heavy Rain,0.21841364069103358,11.836568372785614,68.96179599299946,69.70017201809758,0.7383760250981197,0.5752495349465928,34.93876212175525,34.0230338712442,0
Karnataka,2024-04-24 06:00:00,9,Normal,0.144362799121424,9.298052239165566,5.626565814893589,6.3380728142219285,0.7115069993283392,0.5842804034061434,0.0,5.626565814893589,0
Telangana,2024-04-24 12:00:00,4,Normal,0.7249203000957439,8.450835588750918,31.682281962866693,31.445604976551525,0.23667698631516743,0.8086185892240334,62.86277127805526,31.18048931518857,0
Telangana,2024-04-24 18:00:00,5,Monsoon,0.849003205153515,8.144310081839928,25.448153360723666,29.372405473882925,3.924252113159259,0.20307652350448577,1.3591868560222267,24.08896650470144,0
Odisha,2024-04-25 00:00:00,8,Normal,0.8617139018797809,21.7987520145385,32.20036432004327,30.00193743549989,2.1984268845433803,0.3126537001150689,0.06457836314978493,32.135785956893486,0
Rajasthan,2024-04-25 06:00:00,3,Heavy Rain,0.7106171941694446,3.7265461881813184,67.99349192539398,64.57442537317796,3.419066552216023,0.22629213391197547,85.22089186015609,17.227399934762104,0
Maharashtra,2024-04-25 12:00:00,5,Monsoon,0.9586142237072683,7.0771764192293,39.81540555535778,42.578204962784554,2.762799407426776,0.26575958261986093,76.32548131138226,36.510075756024484,1
Coastal Andhra,2024-04-25 18:00:00,3,Monsoon,0.5599042871901282,7.394357753457497,43.7491543864051,47.9834891006979,4.2343347142928,0.19104624648275056,34.98207187978003,8.767082506625073,0
Tamil Nadu,2024-04-26 00:00:00,10,Heat Wave,0.9224333185025912,10.102467518571206,65.55694948793524,85.4144277592773,19.85747827134206,0.04794443446089975,39.378732897053624,26.17821659088162,0
West Bengal,2024-04-26 06:00:00,3,Heavy Rain,0.9710309232923707,9.081750009641597,62.58012197241114,78.97175699730836,16.39163502489722,0.057498906719721125,94.46061382784826,31.88049185543712,0
Karnataka,2024-04-26 12:00:00,3,Normal,0.862441711302797,8.638309197744592,59.73033851953697,59.079250340810084,0.6510881787268872,0.6056611711502138,40.18000551399757,19.5503330055394,0
Coastal Andhra,2024-04-26 18:00:00,7,Heat Wave,0.3787827069327586,3.9388002019225494,44.233823886619604,28.63981176554153,15.594012121078073,0.06026270155183136,57.32408589764245,13.090262011022844,0
Rajasthan,2024-04-27 00:00:00,7,Heavy Rain,0.27659408605326574,9.072400613809231,84.97653983039639,99.50796642341751,14.531426593021123,0.06438558583210502,51.25850477571846,33.718035054677934,1
Tamil Nadu,2024-04-27 06:00:00,7,Normal,0.5933080584836365,13.884752809296014,24.8335763873709,28.110460388976193,3.2768840016052927,0.23381508584863614,66.79673959122985,41.963163203858954,0
Rajasthan,2024-04-27 12:00:00,10,Normal,0.5077132753421696,10.355753890514062,39.59601295211738,41.744333511531735,2.1483205594143584,0.3176296635390956,60.32716143199008,20.7311484798727,0
Karnataka,2024-04-27 18:00:00,8,Monsoon,0.8899825079734597,3.66485493007273,32.788412077865424,39.126413908958064,6.33800183109264,0.13627688068471064,39.97135065437984,7.182938576514417,0
Telangana,2024-04-28 00:00:00,5,Normal,0.19002850396043836,9.640824482204765,34.00058671835986,30.86759765081915,3.132989067540713,0.24195563638280765,50.45506731072193,16.454480592362067,0
Tamil Nadu,2024-04-28 06:00:00,5,Monsoon,0.33196605518036676,9.197146345639029,22.526880305547145,13.544149501777229,8.982730803769917,0.10017299070334103,23.270944108338625,0.7440638027914801,0
Telangana,2024-04-28 12:00:00,4,Heavy Rain,0.7766190500668377,6.863874097576874,74.44432682324046,58.171550594850785,16.272776228389674,0.05789457275295398,84.51955476292738,10.075227939686926,0
Karnataka,2024-04-28 18:00:00,7,Normal,0.18548798047958093,10.437131951296895,63.715179463481775,17.570661177261584,46.14451828622019,0.021211373800213134,67.89701728982969,4.181837826347916,0
Coastal Andhra,2024-04-29 00:00:00,10,Heavy Rain,0.38868797261953014,5.443643429153746,38.834989708250156,43.144081778284786,4.30909207003463,0.18835612319555747,52.62706003106996,13.792070322819804,0
Karnataka,2024-04-29 06:00:00,4,Normal,0.4484398546485848,14.30346272060695,57.47965663902886,56.530876673351514,0.9487799656773461,0.5131415642670698,83.97921318412745,26.499556545098585,0
Coastal Andhra,2024-04-29 12:00:00,2,Normal,0.660334416906421,28.651586156692005,77.27195824142774,93.89899735764064,16.6270391162129,0.05673102518279577,77.89814895126328,0.6261907098355408,0
Tamil Nadu,2024-04-29 18:00:00,4,Heavy Rain,0.24231938114742813,15.156780953103276,108.57008762156579,129.02361061939834,20.45352299783255,0.04661239089267669,111.81954913496726,3.249461513401471,0
Tamil Nadu,2024-04-30 00:00:00,8,Normal,0.8745440413147386,4.743777332426762,15.834268404564117,13.895332654544061,1.9389357500200557,0.3402592247867875,42.9414645358394,27.107196131275284,1
Maharashtra,2024-04-30 06:00:00,9,Monsoon,0.5027880119196468,13.772351770686713,40.59212165680292,32.224922745786714,8.367198911016203,0.10675549964290389,0.0,40.59212165680292,0
Rajasthan,2024-04-30 12:00:00,3,Monsoon,0.9253195406925008,16.185513029159026,90.96520485338462,73.05076106467065,17.914443788713967,0.0528696487811441,80.44544908306914,10.519755770315484,0
Maharashtra,2024-04-30 18:00:00,7,Monsoon,0.5210829222705384,11.703731721879226,145.6478500935469,215.37986696530075,69.73201687175384,0.014137869160625342,122.62866075931507,23.01918933423184,0
Rajasthan,2024-05-01 00:00:00,9,Normal,0.34753623304666004,12.563704034022125,54.24776422944187,52.195360510584024,2.052403718857846,0.3276106610085581,75.23532879642411,20.987564566982243,0
Maharashtra,2024-05-01 06:00:00,4,Normal,0.2276459458189074,8.463278898712247,73.1508473537903,68.14992387783447,5.00092347595583,0.1666410185043594,107.70107442199347,34.55022706820317,1
Telangana,2024-05-01 12:00:00,10,Heavy Rain,0.10337058524015634,3.165639120872204,3.4356281701636027,3.6859547519290308,0.2503265817654281,0.7997910422635552,0.0,3.4356281701636027,0
Tamil Nadu,2024-05-01 18:00:00,3,Heat Wave,0.578941736486352,8.035194769185035,56.09261982230685,33.844925810503305,22.247694011803546,0.04301501901617727,52.557916637156396,3.5347031851504553,0
Coastal Andhra,2024-05-02 00:00:00,5,Monsoon,0.19644102723423107,4.163623882871095,37.87855653468634,34.117144400132744,3.761412134553595,0.21002172711389427,31.28910234722632,6.589454187460021,0
Rajasthan,2024-05-02 06:00:00,1,Monsoon,0.4525549872680604,7.514925659720872,68.7536090170778,54.029215271757494,14.724393745320313,0.06359545660051961,63.46552679053428,5.28808222654353,0
Karnataka,2024-05-02 12:00:00,3,Normal,0.630344585113378,5.849351783288447,112.59893430458601,82.58182891677104,30.017105387814965,0.032240274761191894,105.81962247132084,6.779311833265169,0
Rajasthan,2024-05-02 18:00:00,8,Normal,0.3481173072124303,3.9256807399974134,43.92488373341753,41.046221666500834,2.8786620669166965,0.2578208626447676,65.34827763555897,21.42339390214144,0
Coastal Andhra,2024-05-03 00:00:00,8,Heavy Rain,0.2577018631295037,21.232636013681425,42.49519598560546,42.99706688092957,0.5018708953241102,0.6658361934526973,82.40351437115834,39.908318385552874,0
Maharashtra,2024-05-03 06:00:00,4,Normal,0.7972494603484075,8.94399007010086,29.347322438313654,20.14004726521981,9.207275173093844,0.09796933883353888,51.95908022419461,22.611757785880954,0
Rajasthan,2024-05-03 12:00:00,2,Normal,0.9521120550534585,6.010406197108637,5.872203785562061,5.335494453861107,0.5367093317009539,0.6507411514792582,0.0,5.872203785562061,0
West Bengal,2024-05-03 18:00:00,8,Heat Wave,0.19039637607576942,2.054052168062995,31.071950524930436,31.69322836449867,0.6212778395682328,0.6167974270630338,56.277326950062914,25.205376425132478,1
Telangana,2024-05-04 00:00:00,8,Normal,0.24003129194650707,15.623648918777837,14.899319354415343,16.581421017007475,1.6821016625921317,0.372841944788008,52.648191043154355,37.748871688739015,0
Tamil Nadu,2024-05-04 06:00:00,10,Normal,0.9640113915274467,10.601797515560229,16.26536813577469,15.155899213415415,1.1094689223592749,0.4740529663179767,38.026503915585494,21.761135779810804,0
Coastal Andhra,2024-05-04 12:00:00,4,Normal,0.13400579963102166,31.313809362098684,56.70891198128706,61.38784456704973,4.678932585762674,0.1760894296415919,63.587657960738134,6.878745979451075,0
Tamil Nadu,2024-05-04 18:00:00,3,Heat Wave,0.979869102895425,5.090264094941778,18.224097449466193,16.619222663297425,1.604874786168768,0.38389561191568566,19.46420406107141,1.240106611605217,0
West Bengal,2024-05-05 00:00:00,2,Heavy Rain,0.1041800347764899,20.109649319603754,46.467850432429564,61.35468658724478,14.886836154815214,0.06294519501901613,57.56798112784908,11.100130695419516,0
Rajasthan,2024-05-05 06:00:00,9,Monsoon,0.8863017900861982,8.033247654086138,135.59097784776992,154.03196121026315,18.440983362493228,0.05143772726688626,116.6061969153186,18.984780932451315,0
Rajasthan,2024-05-05 12:00:00,1,Heat Wave,0.37659266288897464,4.355718473213493,33.88494539004493,28.199307301419537,5.685638088625396,0.14957435427163626,19.605645975368965,14.279299414675968,0
Karnataka,2024-05-05 18:00:00,7,Normal,0.9447299723595669,6.567827153984388,16.33723114377018,14.314165594390834,2.0230655493793446,0.33079004859994077,15.004164099284003,1.3330670444861763,0
West Bengal,2024-05-06 00:00:00,5,Heavy Rain,0.38525075977202694,9.74820681688162,116.25123093983737,127.65207795613242,11.400847016295046,0.0806396529757986,85.34700596596849,30.904224973868878,0
Coastal Andhra,2024-05-06 06:00:00,8,Normal,0.6888756893806504,6.016141671336875,21.921746692107455,19.04433900666264,2.8774076854448154,0.2579042703592517,8.022982505804984,13.89876418630247,0
Karnataka,2024-05-06 12:00:00,4,Normal,0.17202931278934297,3.270717435605393,31.968699487699656,16.543348590080544,15.425350897619111,0.06088149995900252,43.14196854427937,11.173269056579716,0
Telangana,2024-05-06 18:00:00,7,Monsoon,0.3180968303083651,4.2256098448708475,81.71031952715033,87.75121029797307,6.040890770822742,0.1420274838155383,101.99711756280381,20.286798035653476,0
Karnataka,2024-05-07 00:00:00,5,Monsoon,0.7963114118313257,12.942254065786987,19.421222613829222,17.560154464594753,1.8610681492344696,0.3495198114269204,49.19632564931899,29.77510303548977,0
Odisha,2024-05-07 06:00:00,5,Normal,0.5758172683109377,3.7735728927193035,30.037526329505276,35.14287893235868,5.105352602853401,0.1637907038379142,33.53070793951596,3.493181610010687,0
Coastal Andhra,2024-05-07 12:00:00,9,Normal,0.9351721556083402,5.392240345655561,18.568530079007324,18.758115131217696,0.18958505221037214,0.8406292581954493,26.772364187372688,8.203834108365363,0
Odisha,2024-05-07 18:00:00,9,Heavy Rain,0.4858762675072189,3.897873110534948,80.99566999459135,94.07432359269662,13.078653598105262,0.07102951948008596,61.612979585018635,19.382690409572717,0
West Bengal,2024-05-08 00:00:00,9,Normal,0.8828311292325307,10.795312011508786,17.953483812685683,29.259846967591635,11.306363154905952,0.08125877543288232,22.893669657131547,4.940185844445864,0
Maharashtra,2024-05-08 06:00:00,6,Normal,0.5040598937304138,41.40740210245845,61.53992998196736,81.26470434651857,19.72477436455121,0.04825143002330847,52.18984609975831,9.350083882209049,0
Odisha,2024-05-08 12:00:00,6,Normal,0.9813234508317867,12.570284022799935,41.00311481133402,37.408169303079,3.594945508255023,0.2176304372279183,74.94222529895254,33.939110487618514,0
Telangana,2024-05-08 18:00:00,5,Normal,0.9638509432589891,4.892848001780282,28.83564653041704,31.88621990844346,3.050573378026421,0.2468786284491986,23.15445141887139,5.681195111545652,0
Karnataka,2024-05-09 00:00:00,9,Monsoon,0.3962230350004723,10.786905574782136,40.37600401010926,41.5631621613646,1.187158151255339,0.4572143077198332,56.32679775483028,15.950793744721018,0
Maharashtra,2024-05-09 06:00:00,10,Normal,0.8973313033751229,5.14391702555289,32.297026140026446,34.464152885447355,2.1671267454209087,0.31574359991933343,49.02308648584276,16.726060345816315,0
Karnataka,2024-05-09 12:00:00,8,Normal,0.8628502367940843,10.076791733905267,24.75627188919551,15.054380732697984,9.701891156497526,0.09344142875092333,43.75818064653519,19.001908757339677,0
Odisha,2024-05-09 18:00:00,7,Heavy Rain,0.2896123575948065,22.919355558463025,9.341687086120597,11.804188521630783,2.4625014355101857,0.2888085445234347,0.0,9.341687086120597,0
Karnataka,2024-05-10 00:00:00,7,Cyclonic,0.6618613607049427,8.592886742226524,19.10187701615766,8.093087615515984,11.008789400641675,0.08327234050307904,68.71548675924348,49.61360974308582,1
West Bengal,2024-05-10 06:00:00,6,Normal,0.16541408403083338,11.328908943196282,49.89057335534382,49.676930811385084,0.21364254395873417,0.8239658414891573,37.26946133263634,12.621112022707479,0
Maharashtra,2024-05-10 12:00:00,5,Normal,0.8530396485251155,8.868165023495404,35.53455583574328,19.92910613720469,15.605449698538585,0.060221193533109084,36.66137058122346,1.126814745480182,0
West Bengal,2024-05-10 18:00:00,4,Normal,0.2570912951531469,16.55711525384017,60.770338780918465,50.082687125346936,10.687651655571528,0.0855603871050775,87.10576750127808,26.335428720359616,0
Odisha,2024-05-11 00:00:00,3,Monsoon,0.16373323124718808,14.046288213939764,46.369330691974824,48.79963286077686,2.4303021688020365,0.2915195078424329,52.35973387052924,5.990403178554416,0
West Bengal,2024-05-11 06:00:00,3,Heavy Rain,0.4601971859849301,6.7968364051001195,3.772548814328036,4.59178083969249,0.8192320253644536,0.549682495722153,54.21665867632384,50.444109861995805,1
Telangana,2024-05-11 12:00:00,6,Monsoon,0.6192299247396791,14.051862829187078,56.69455324015538,71.17988804556587,14.485334805410496,0.06457722823342542,0.0,56.69455324015538,1
Odisha,2024-05-11 18:00:00,4,Heat Wave,0.8694252627037939,10.13798084763392,16.82072148301711,16.00898913501939,0.8117323479977188,0.5519579098453339,27.200852157728455,10.380130674711346,0
Odisha,2024-05-12 00:00:00,6,Monsoon,0.9768182729695628,6.375160260619391,43.41649922487535,54.16768883946687,10.751189614591517,0.08509776735780814,5.844102272773121,37.57239695210223,1
Odisha,2024-05-12 06:00:00,3,Heavy Rain,0.4955432613128773,6.459393258753487,11.952739204256135,11.765627852440486,0.18711135181564842,0.8423809598573313,0.0,11.952739204256135,0
Coastal Andhra,2024-05-12 12:00:00,4,Heavy Rain,0.1544022306867432,9.918895567799252,78.86123596949533,64.82019394087348,14.041042028621845,0.0664847553844397,90.64139111111473,11.780155141619403,0
Karnataka,2024-05-12 18:00:00,9,Normal,0.7742040211232836,11.212058612465981,69.77289852125358,76.28454301670305,6.511644495449474,0.13312664099130306,68.88136723746247,0.8915312837911102,0
Coastal Andhra,2024-05-13 00:00:00,5,Heat Wave,0.6086559306015437,7.886738045660671,36.75235568889738,28.322291063535392,8.43006462536199,0.10604381197033559,32.13650789486462,4.61584779403276,0
Coastal Andhra,2024-05-13 06:00:00,7,Normal,0.5031022103600168,11.404526069868258,68.07509849913367,65.80833677716187,2.266761721971804,0.306113541515481,22.013728092738205,46.06137040639547,1
Telangana,2024-05-13 12:00:00,10,Normal,0.3783419909129707,4.781997829451745,20.194044700766366,17.777303957780315,2.4167407429860503,0.29267658134519536,24.771716485545113,4.577671784778747,0
Maharashtra,2024-05-13 18:00:00,2,Monsoon,0.5521586750591821,3.6302750489340267,27.24200363209157,16.685443202279053,10.556560429812517,0.08653093678464181,28.181311734330244,0.9393081022386731,0
Karnataka,2024-05-14 00:00:00,5,Normal,0.40481164401132785,2.3605715564625678,77.47083955936955,83.85382373148234,6.382984172112785,0.13544658591809366,99.20936211622063,21.73852255685108,1
West Bengal,2024-05-14 06:00:00,9,Heavy Rain,0.7813106809726242,12.797076647413515,2.1737354003214597,2.251988188983064,0.07825278866160446,0.9274263053298135,41.3183356826972,39.14460028237574,0
Rajasthan,2024-05-14 12:00:00,3,Heavy Rain,0.589504326843377,2.1540442480891615,37.733649829651505,48.58690001172936,10.853250182077858,0.08436504626486349,47.98314913970995,10.249499310058447,0
Odisha,2024-05-14 18:00:00,9,Normal,0.8891629967387008,11.32257315819298,54.008176984521995,28.78006284694959,25.228114137572405,0.03812702639445495,12.58482466216757,41.423352322354425,1
West Bengal,2024-05-15 00:00:00,6,Monsoon,0.5891895231844979,6.084098802479944,30.755186660750663,25.27080304850131,5.484383612249353,0.15421666264638412,0.0,30.755186660750663,1
Odisha,2024-05-15 06:00:00,4,Normal,0.31443617200593704,6.968053431897227,90.8959867640465,116.52863208628148,25.63264532223498,0.03754790363107953,83.25056033494066,7.645426429105839,0
Telangana,2024-05-15 12:00:00,7,Normal,0.86598269400893,7.045142203422298,106.858981370186,121.00631155336337,14.147330183177374,0.06601823475866395,97.58918048384932,9.269800886336682,0
Odisha,2024-05-15 18:00:00,8,Heavy Rain,0.6014971404370395,36.791585241048594,56.58320710281474,66.83003743930013,10.246830336485388,0.08891394020197321,18.601594624470103,37.98161247834464,0
Coastal Andhra,2024-05-16 00:00:00,6,Monsoon,0.28615693432920514,5.519464952731974,16.937025044948392,23.084093540506373,6.147068495557981,0.13991750612457626,32.24041920114473,15.30339415619634,0
Karnataka,2024-05-16 06:00:00,5,Monsoon,0.6611570289605999,4.123823087554664,68.87693058054312,55.71384761215825,13.16308296838487,0.07060609630207074,33.64973439922239,35.22719618132073,1
Rajasthan,2024-05-16 12:00:00,6,Normal,0.4219450884481848,27.625775570381204,131.67738248076282,103.22840024669237,28.448982234070442,0.03395703091032698,174.4313975355668,42.75401505480397,0
Tamil Nadu,2024-05-16 18:00:00,5,Heavy Rain,0.8599650510628593,2.608323088829614,44.859475168115296,54.458785652310254,9.599310484194959,0.09434575970683552,58.30926102603095,13.449785857915657,0
Odisha,2024-05-17 00:00:00,8,Normal,0.5079697647818886,3.2151761803602312,39.04959316445501,45.23664538462443,6.18705222016942,0.13913910312125533,24.870569820969536,14.179023343485476,0
West Bengal,2024-05-17 06:00:00,1,Heat Wave,0.753797222296675,15.824812691179336,21.28370091333243,20.617480566434676,0.6662203468977559,0.600160718155822,33.09687466105787,11.813173747725436,0
Coastal Andhra,2024-05-17 12:00:00,7,Normal,0.18598258687261343,11.594839049148485,52.183889732835326,50.17870904044612,2.005180692389203,0.33275869319024937,1.5081627899822152,50.67572694285311,1
Tamil Nadu,2024-05-17 18:00:00,10,Monsoon,0.45642191167211155,6.438800425280936,39.92700626795209,30.235039713527645,9.691966554424443,0.09352816387048929,17.625118076764643,22.301888191187444,0
Rajasthan,2024-05-18 00:00:00,10,Normal,0.9849172928251588,3.7138259542033687,5.045615079494406,7.036698568626377,1.991083489131971,0.3343270101397957,0.0,5.045615079494406,0
Tamil Nadu,2024-05-18 06:00:00,2,Normal,0.8276142605294334,1.2264394460460084,66.18552070887569,99.71603426633997,33.53051355746429,0.028959893641194775,77.98274730143511,11.797226592559426,0
Coastal Andhra,2024-05-18 12:00:00,9,Heavy Rain,0.2439467221302358,23.739964751040894,15.329070201126502,19.610110811692486,4.281040610565984,0.1893566199811569,0.0,15.329070201126502,0
Karnataka,2024-05-18 18:00:00,1,Cyclonic,0.3499876445295296,14.078602212437305,145.60177946440274,169.36807626749595,23.766296803093212,0.04037745359956697,125.30477813093948,20.297001333463257,0
Karnataka,2024-05-19 00:00:00,10,Heavy Rain,0.396834227970725,22.066761876557848,46.85278853301195,53.76218135579784,6.90939282278589,0.1264319553226811,0.0,46.85278853301195,0
Maharashtra,2024-05-19 06:00:00,6,Heat Wave,0.6853290044459012,17.829709769794032,36.858137326845586,39.908224068010284,3.050086741164698,0.24690829207090673,110.87983282588155,74.02169549903596,1
Karnataka,2024-05-19 12:00:00,9,Heavy Rain,0.78129528354069,12.010663980986035,45.42408103913813,25.40786644726614,20.01621459187199,0.04758230820438755,79.17138170701172,33.74730066787359,0
Maharashtra,2024-05-19 18:00:00,1,Heavy Rain,0.7745739479271188,5.398393756945089,43.5260579298093,38.348688066120566,5.177369863688732,0.16188119249231156,36.2298194243949,7.296238505414401,0
Tamil Nadu,2024-05-20 00:00:00,4,Normal,0.5588866506757626,3.72696141242651,32.3566598949646,38.98804356893219,6.631383673967591,0.13103783569567215,26.28745335696741,6.069206537997189,0
Telangana,2024-05-20 06:00:00,4,Monsoon,0.8297384840543361,19.001363686277603,10.915885413603961,8.60452281411285,2.311362599491112,0.3019904857757587,12.52343205520061,1.6075466415966488,0
West Bengal,2024-05-20 12:00:00,9,Normal,0.49337027448172754,6.094996525962087,92.14515672826516,95.7256095815559,3.580452853290737,0.21831902478410395,129.530383653135,37.38522692486984,1
West Bengal,2024-05-20 18:00:00,5,Cyclonic,0.21149250876600573,3.9144802340157607,44.99547019455601,58.00991377035458,13.014443575798566,0.07135495566351933,40.3202027807127,4.675267413843315,0
Tamil Nadu,2024-05-21 00:00:00,5,Heat Wave,0.6079976574884319,5.089727240409059,81.49455345291918,105.39260260429238,23.8980491513732,0.040163789296112265,74.33441251215042,7.1601409407687555,0
Odisha,2024-05-21 06:00:00,6,Heat Wave,0.957071246140996,19.78550226765021,12.314711137999737,15.199962594787891,2.885251456788154,0.2573835982360525,12.431303671480368,0.11659253348063103,0
Odisha,2024-05-21 12:00:00,1,Heavy Rain,0.8136942862532602,4.263007570643619,23.964566762060265,25.664184021536993,1.699617259476728,0.3704228799432968,24.75874947969703,0.7941827176367653,0
Karnataka,2024-05-21 18:00:00,1,Monsoon,0.6208305829230182,6.4666184372994895,30.4259478793729,36.494300331960666,6.068352452587767,0.14147568428536608,13.053534070886165,17.372413808486733,0
West Bengal,2024-05-22 00:00:00,9,Monsoon,0.6821250943141872,8.03889669784671,17.323984048412747,16.278501633863137,1.0454824145496104,0.4888822279218604,22.87214113183306,5.548157083420314,0
West Bengal,2024-05-22 06:00:00,3,Normal,0.9375058243320153,10.321172454632796,66.10545068507062,94.25124698230539,28.145796297234767,0.03431026518547636,94.7460632514598,28.64061256638918,0
Maharashtra,2024-05-22 12:00:00,4,Heavy Rain,0.4855085149914644,3.9834126219515857,35.82610427076009,21.578322380607908,14.247781890152183,0.0655833095727748,4.746837270686196,31.079267000073894,1
Telangana,2024-05-22 18:00:00,1,Normal,0.39825472504837367,7.840487331752302,51.26683701492947,52.13765672980165,0.8708197148721766,0.5345250491271014,34.83348104116568,16.43335597376379,0
Coastal Andhra,2024-05-23 00:00:00,9,Heavy Rain,0.9795174085004041,16.029744358503436,26.87132726333463,23.706164707824712,3.1651625555099194,0.24008666808865403,28.8297426746625,1.95841541132787,0
Odisha,2024-05-23 06:00:00,8,Normal,0.8770988201593001,31.34614087165572,83.67250697284533,97.94725721397253,14.274750241127208,0.06546751889320611,48.49619126580041,35.176315707044914,0
West Bengal,2024-05-23 12:00:00,2,Normal,0.39073922615674217,3.3848997549720683,71.16761996574668,65.1274024927751,6.040217472971577,0.14204106674817163,88.51300133233073,17.34538136658405,0
Maharashtra,2024-05-23 18:00:00,8,Normal,0.5174025376248306,3.880967467678289,64.778840654415,103.9397117716519,39.160871117236894,0.024899858299408346,67.97860836579633,3.1997677113813268,0
Rajasthan,2024-05-24 00:00:00,7,Normal,0.47357031610701916,4.3911343480946865,46.78500502248103,57.49551896173133,10.710513939250298,0.08539334867689159,81.71765084822954,34.93264582574851,1
Maharashtra,2024-05-24 06:00:00,6,Heavy Rain,0.23418611080429053,13.448302014349313,92.18109931559921,69.16820819197807,23.012891123621145,0.041644298258459764,59.84992485622518,32.33117445937403,0
Odisha,2024-05-24 12:00:00,1,Normal,0.9620373914319331,3.604451929337223,71.71417313451258,23.91586437044657,47.79830876406601,0.020492513476950205,96.9164495420055,25.202276407492917,1
Odisha,2024-05-24 18:00:00,7,Heavy Rain,0.4638811880977829,7.635012031627816,40.765681011486976,29.168364683787477,11.597316327699499,0.07938198692376715,53.368223952535,12.602542941048021,0
Maharashtra,2024-05-25 00:00:00,10,Normal,0.8877961743741172,7.04906231624236,28.897006554880335,32.95322327188707,4.056216717006734,0.19777633277396328,22.170998488476208,6.726008066404127,0
Coastal Andhra,2024-05-25 06:00:00,7,Heavy Rain,0.27042060491259856,33.13163145398364,35.70677606875025,33.35661904327226,2.3501570254779907,0.2984934713193997,0.0,35.70677606875025,0
Tamil Nadu,2024-05-25 12:00:00,9,Heavy Rain,0.5930837295734978,5.481529284506516,58.30034793131607,49.938350748606055,8.361997182710013,0.10681481530958231,39.58258223319426,18.71776569812181,0
Odisha,2024-05-25 18:00:00,1,Heavy Rain,0.12156524661184284,5.2216174691256025,12.228596889038538,10.01708815176129,2.2115087372772475,0.311380127474855,0.11577436012206199,12.112822528916476,0
Maharashtra,2024-05-26 00:00:00,2,Monsoon,0.7877984354580777,13.440279159029814,23.157131185374915,27.961230689021736,4.804099503646821,0.1722920152164314,1.0297864739703257,22.12734471140459,0
West Bengal,2024-05-26 06:00:00,9,Normal,0.6228225084216505,10.762841319721462,91.32485608690884,83.76505393649889,7.559802150409951,0.11682513011730154,54.22158604008518,37.10327004682366,1
Maharashtra,2024-05-26 12:00:00,9,Monsoon,0.6630306251227774,4.937626025318781,78.81413355158644,70.2405214724467,8.573612079139735,0.10445378314199022,137.96481745333887,59.15068390175243,1
Telangana,2024-05-26 18:00:00,6,Normal,0.14654879429918813,20.706200456020145,35.90679487580138,44.83410740175494,8.92731252595356,0.10073219689474275,47.107033352790815,11.200238476989433,0
Tamil Nadu,2024-05-27 00:00:00,6,Heavy Rain,0.2899344971877539,2.53350081304218,205.13318152237534,285.23832363812033,80.105142115745,0.012329674468394395,195.18295660957892,9.950224912796415,0
Rajasthan,2024-05-27 06:00:00,4,Heavy Rain,0.16689778511822215,8.232477576688972,69.22101027904938,49.94520649729068,19.275803781758704,0.049319869671438546,38.113741643948714,31.107268635100667,0
Coastal Andhra,2024-05-27 12:00:00,4,Normal,0.36002288422343065,6.702970207566535,45.301352908082755,58.6441990724661,13.342846164383346,0.06972116890462332,53.216132102350905,7.914779194268149,0
Karnataka,2024-05-27 18:00:00,5,Monsoon,0.6646951069139359,7.707112148455383,79.71651571710959,77.51487500937422,2.201640707735365,0.3123398567440554,25.225538372403676,54.49097734470591,1
Rajasthan,2024-05-28 00:00:00,3,Heavy Rain,0.6095673858856376,4.900946933955003,28.00630155326676,34.43507884338318,6.428777290116422,0.13461165423958055,19.966720322624862,8.039581230641897,0
Tamil Nadu,2024-05-28 06:00:00,1,Normal,0.6509348394520512,7.83752106444826,24.829020530574123,28.898369329993553,4.06934879941943,0.1972639957452771,35.66712224198625,10.838101711412126,0
Tamil Nadu,2024-05-28 12:00:00,1,Normal,0.5943261442401049,9.91181288865932,39.70301657881358,39.90183735033431,0.19882077152072952,0.8341530475247595,57.69955787981212,17.996541300998537,0
Tamil Nadu,2024-05-28 18:00:00,7,Normal,0.3457259161082734,0.7196773846670204,43.8333497020784,44.516702778529094,0.6833530764506932,0.5940524385463294,31.32031860645035,12.513031095628051,0
Rajasthan,2024-05-29 00:00:00,1,Heat Wave,0.3200567476099827,5.89996113691349,24.870411016049488,29.025455984030177,4.15504496798069,0.19398472878728648,32.77528043082221,7.904869414772719,0
West Bengal,2024-05-29 06:00:00,1,Monsoon,0.22335371518292313,4.422770326498859,99.11645644057991,71.94648241232842,27.169974028251488,0.035498790272121175,102.08601996642918,2.969563525849267,0
Tamil Nadu,2024-05-29 12:00:00,3,Normal,0.8641637874131429,26.453941946796192,33.59364964636498,23.99595114180365,9.597698504561329,0.09436011031731016,28.71639490692944,4.877254739435539,0
Maharashtra,2024-05-29 18:00:00,10,Normal,0.65483142268712,11.730557006467405,9.835457836098062,14.952142979664206,5.116685143566144,0.1634872445660953,3.705658091319467,6.129799744778595,0
Rajasthan,2024-05-30 00:00:00,4,Heavy Rain,0.2678599112536538,4.213371601508289,46.86596978424514,60.54727479736003,13.681305013114894,0.06811383586858895,11.19907365764304,35.6668961266021,1
Karnataka,2024-05-30 06:00:00,4,Monsoon,0.25948844183911557,5.652980212941171,37.56263629752803,46.88236443746249,9.319728139934462,0.09690177749259495,30.425325482291797,7.1373108152362335,0
Tamil Nadu,2024-05-30 12:00:00,2,Normal,0.885732041373523,6.901014371408242,74.12789923927578,71.23408696961695,2.8938122696588238,0.25681772277316806,85.66672903319727,11.538829793921494,0
Maharashtra,2024-05-30 18:00:00,1,Normal,0.7684577773869874,5.553963276829592,28.254634099870554,16.678253336163746,11.576380763706808,0.0795141319898505,39.82303675848809,11.568402658617533,0
West Bengal,2024-05-31 00:00:00,3,Cyclonic,0.6934591719148342,12.358254212670472,66.5053698401758,57.68976293314509,8.815606907030713,0.10187857047165581,6.9829540630823175,59.522415777093485,1
Telangana,2024-05-31 06:00:00,4,Normal,0.4661776967853698,23.53998533690011,51.6124641147784,56.90353106544479,5.291066950666391,0.15895554885075153,64.68761149795233,13.075147383173935,0
West Bengal,2024-05-31 12:00:00,3,Normal,0.3357780078506658,0.24355774903445784,82.71021462474748,106.5063579038723,23.79614327912482,0.040328852303489954,76.48187187163023,6.228342753117246,0
Karnataka,2024-05-31 18:00:00,8,Heat Wave,0.9815056868015414,6.578374231386045,46.58523938218075,51.57369636281093,4.9884569806301755,0.16698792414048005,39.88118170961236,6.704057672568389,0
Tamil Nadu,2024-06-01 00:00:00,10,Heavy Rain,0.8175156175205202,31.239068278639262,23.917206628122653,26.645484731547736,2.728278103425083,0.2682203344973979,0.0,23.917206628122653,0
Karnataka,2024-06-01 06:00:00,1,Normal,0.37160130082264886,6.784332237260097,53.36026291895375,51.07357579469752,2.2866871242562326,0.3042577410608553,37.48777750327248,15.872485415681268,0
Rajasthan,2024-06-01 12:00:00,2,Normal,0.8628083166506452,10.32822404824927,19.119481420658932,22.225125446418822,3.10564402575989,0.24356714652457376,13.318142168276928,5.801339252382004,0
Odisha,2024-06-01 18:00:00,7,Normal,0.7830387537532133,0.9740703538187245,6.5911218111256975,5.0931501332444356,1.497971677881262,0.4003247950545954,0.0,6.5911218111256975,0
Tamil Nadu,2024-06-02 00:00:00,4,Normal,0.3673724948901985,20.54723998847168,25.360776220960233,26.14846406527343,0.7876878443131972,0.5593817752808992,18.425879598188384,6.9348966227718485,0
Odisha,2024-06-02 06:00:00,8,Cyclonic,0.4838975688174757,3.331147476974774,86.04931801540567,81.11455909778681,4.934758917618865,0.16849884112920605,102.60556528480276,16.55624726939709,0
Maharashtra,2024-06-02 12:00:00,3,Normal,0.267358100851924,11.526680973331164,124.0616335841702,168.8913847592148,44.82975117504459,0.021819887177230064,116.41770620480871,7.643927379361486,0
Telangana,2024-06-02 18:00:00,6,Monsoon,0.19994719994029841,3.9028199172842166,12.057280337746445,3.4493604406293477,8.607919897117096,0.10408080112117243,25.046382013195583,12.989101675449138,0
Coastal Andhra,2024-06-03 00:00:00,9,Heat Wave,0.7504858295557271,0.4659596628923562,77.0899256054764,74.16646643283411,2.923459172642282,0.2548771265348845,111.63368632298403,34.54376071750764,1
Karnataka,2024-06-03 06:00:00,1,Normal,0.34076067161848,10.779579467353415,111.7159867391805,118.67663893096821,6.960652191787716,0.12561784837574105,104.16810317314436,7.547883566036134,0
West Bengal,2024-06-03 12:00:00,1,Normal,0.8380534291716283,14.301221137879851,18.676821263277184,10.022257411056913,8.65456385222027,0.10357795704774679,9.068330848098153,9.60849041517903,0
Telangana,2024-06-03 18:00:00,8,Heavy Rain,0.9960478403629834,8.046728901533006,99.75063846475064,118.21724227509118,18.466603810340544,0.0513700288834566,84.58634279289737,15.164295671853267,0
Tamil Nadu,2024-06-04 00:00:00,3,Heat Wave,0.1689578325366838,2.9637647007910486,15.645686377808056,15.130941051709659,0.5147453260983976,0.6601769833980925,15.921807336370657,0.27612095856260055,0
Odisha,2024-06-04 06:00:00,5,Monsoon,0.5257316125753303,35.29003837645541,39.84200042060681,30.340152460660626,9.501847959946183,0.09522133664608153,42.98362486956017,3.1416244489533582,0
West Bengal,2024-06-04 12:00:00,1,Normal,0.8218563033797227,13.923676422918794,55.68330125435253,69.86174607354407,14.17844481919154,0.06588290249180243,77.70374416071144,22.02044290635891,0
Odisha,2024-06-04 18:00:00,5,Monsoon,0.8100558068871102,9.611074272558028,19.933964916545285,16.227163508858112,3.7068014076871734,0.21245850703766567,78.10338349057811,58.169418574032825,1
Rajasthan,2024-06-05 00:00:00,6,Heavy Rain,0.7839974424978716,18.366222110488252,96.06520230496912,115.48365607694886,19.418453771979742,0.04897530494558313,59.285325936587014,36.779876368382105,0
Odisha,2024-06-05 06:00:00,8,Heat Wave,0.41409544177171986,5.550754088428445,42.66518015461508,44.655917228190624,1.990737073575545,0.33436573506759665,19.85007665413528,22.8151035004798,0
Rajasthan,2024-06-05 12:00:00,3,Normal,0.5084679301165471,28.17826230235915,72.66927173138389,65.22109095983565,7.4481807715482375,0.11836867925077994,79.36616801354727,6.6968962821633795,0
Maharashtra,2024-06-05 18:00:00,3,Heavy Rain,0.6354715216073232,14.10177326418314,20.887440732315493,15.616757368259405,5.270683364056088,0.15947225237556348,0.0,20.887440732315493,0
West Bengal,2024-06-06 00:00:00,10,Cyclonic,0.9765465252159314,17.19960354108445,128.51839959199447,105.59452633046554,22.923873261528925,0.041799251695922586,96.80083492337793,31.717564668616532,0
West Bengal,2024-06-06 06:00:00,9,Normal,0.3947925438446436,6.474114993729822,60.08190958278385,73.29676211949929,13.21485253671544,0.07034895349192735,52.14939425731844,7.93251532546541,0
Coastal Andhra,2024-06-06 12:00:00,4,Heavy Rain,0.930829498945172,3.2518990960368335,58.45410488335021,75.30407744706957,16.849972563719362,0.05602249507276733,0.0,58.45410488335021,1
Tamil Nadu,2024-06-06 18:00:00,4,Normal,0.3424212263624447,9.715345565351035,55.03393304594704,64.5947079724263,9.560774926479269,0.09469002104122846,76.32654584324105,21.292612797294012,0
Rajasthan,2024-06-07 00:00:00,7,Normal,0.9901670189263341,5.7490699074544445,59.02640842442412,58.595822815394754,0.4305856090293645,0.6990144411409872,60.31306181874191,1.2866533943177885,0
Coastal Andhra,2024-06-07 06:00:00,2,Normal,0.7032373181448326,30.356809316376776,68.29930950912723,80.13018082166003,11.830871312532807,0.07793702981209313,92.68279582399003,24.383486314862807,0
Odisha,2024-06-07 12:00:00,8,Heat Wave,0.5171603323226959,2.4578570001681452,33.66989253688354,36.33297917033379,2.6630866334502556,0.2729938164356494,43.12813678283678,9.458244245953246,0
Odisha,2024-06-07 18:00:00,6,Normal,0.6520513852572444,21.743037372287244,14.891930232775755,12.650922066073269,2.2410081667024855,0.30854596735479217,16.889696399542245,1.9977661667664908,0
Coastal Andhra,2024-06-08 00:00:00,3,Heavy Rain,0.3452780521361861,1.7108088414020979,15.491988464350829,11.944401443618997,3.5475870207318323,0.2198968365951296,16.207733910063304,0.715745445712475,0
West Bengal,2024-06-08 06:00:00,9,Monsoon,0.34675647176032,3.8890856886625986,45.140364861680204,41.60143769560107,3.5389271660791337,0.22031637949014085,75.28911472797796,30.148749866297756,1
Odisha,2024-06-08 12:00:00,5,Normal,0.20219908945914444,1.6701792647764966,113.76774035590417,95.71758032081861,18.050160035085554,0.05249299733746352,112.89981091943937,0.8679294364647916,0
Karnataka,2024-06-08 18:00:00,8,Heavy Rain,0.20264526793485887,5.562025832529709,39.63156232043626,40.9179717718958,1.2864094514595408,0.4373669813871899,61.81954852451014,22.18798620407388,0
Maharashtra,2024-06-09 00:00:00,7,Monsoon,0.4129045673220202,7.193740605572115,88.81582349951307,124.47984725405986,35.66402375454679,0.0272746932168346,56.066864544816774,32.7489589546963,1
Maharashtra,2024-06-09 06:00:00,8,Cyclonic,0.7865699301067345,4.991480072667027,40.85226164285635,43.710623220024374,2.8583615771680257,0.2591773684243413,7.144677601796943,33.707584041059405,1
Karnataka,2024-06-09 12:00:00,7,Heavy Rain,0.6471740508383462,11.518334475319637,105.74796474489061,144.58902648786778,38.841061742977175,0.02509973269415369,93.21782813538243,12.530136609508176,0
Coastal Andhra,2024-06-09 18:00:00,3,Monsoon,0.19232610429791874,7.236426985372222,58.08204243510051,58.089633442278455,0.007591007177943254,0.9924661820879048,65.76957535069053,7.687532915590019,0
Karnataka,2024-06-10 00:00:00,2,Normal,0.8670128724783198,1.0119472223086958,52.67806375806394,50.46859396780657,2.209469790257373,0.311577944442907,50.21584903545069,2.462214722613254,0
Rajasthan,2024-06-10 06:00:00,7,Heat Wave,0.6412308642910598,3.702680864702432,83.55382829099122,51.907198954033184,31.646629336958036,0.03063103359549395,64.85481674857965,18.69901154241157,0
Rajasthan,2024-06-10 12:00:00,3,Normal,0.9647700191063018,6.4200171502159336,57.63719836197015,66.856129297473,9.218930935502854,0.09785759452838419,64.88271985190833,7.245521489938184,0
Coastal Andhra,2024-06-10 18:00:00,3,Monsoon,0.7031669206700868,17.835456348197052,66.4435678274206,55.54529481850448,10.898273008916114,0.08404581061895604,115.75338667182052,49.30981884439993,0
Karnataka,2024-06-11 00:00:00,2,Normal,0.2576573773337629,9.254563982970751,44.56646049351568,34.97765057282646,9.588809920689215,0.0944393191954579,35.41991937949475,9.146541114020927,0
Rajasthan,2024-06-11 06:00:00,4,Heat Wave,0.5264050260770401,5.796609726469097,55.001298826128455,41.070018462894616,13.931280363233839,0.06697349294052225,44.05892647689041,10.942372349238042,0
West Bengal,2024-06-11 12:00:00,8,Monsoon,0.6836478377924837,2.1711583926089557,16.679658880089754,18.155353920971496,1.4756950408817424,0.40392697141076006,6.9550491189604,9.724609761129354,0
Karnataka,2024-06-11 18:00:00,1,Monsoon,0.12543823094497994,9.560515732827499,95.29577852441749,81.52743421260492,13.76834431181257,0.06771239746896628,104.94842022403314,9.652641699615657,0
West Bengal,2024-06-12 00:00:00,1,Normal,0.1134192377393271,20.722619313978868,97.26121875911828,137.30149959827077,40.04028083915249,0.02436630499482349,82.64963105988724,14.611587699231038,0
Rajasthan,2024-06-12 06:00:00,5,Normal,0.21646270053871114,6.6477762649417205,34.87577377690965,44.63239346056768,9.75661968365803,0.09296600878426962,17.15847848572816,17.717295291181486,0
Maharashtra,2024-06-12 12:00:00,5,Heavy Rain,0.3264979915409237,4.034004414027785,41.84764216977228,36.25947385834077,5.5881683114315095,0.15178725750901698,35.763392021719284,6.084250148052995,0
Rajasthan,2024-06-12 18:00:00,1,Monsoon,0.486594211168608,12.790081667288087,126.73711338201221,51.51432106986858,75.22279231214364,0.013119435403322036,134.84173501409842,8.104621632086207,0
West Bengal,2024-06-13 00:00:00,6,Normal,0.5386964263838095,18.320276725508638,35.59065911906095,36.643967487969334,1.0533083689083824,0.4870189081884658,45.58201501014203,9.991355891081078,0
Telangana,2024-06-13 06:00:00,1,Heat Wave,0.2242248480441071,7.383744427431653,70.9672778871928,65.46645944804952,5.5008184391432735,0.15382678494429503,75.65627933645077,4.689001449257972,0
Tamil Nadu,2024-06-13 12:00:00,5,Cyclonic,0.7060524212042477,13.858630438797622,50.42819621481436,61.64752497745045,11.219328762636088,0.08183755584494716,69.09788326974015,18.669687054925788,0
Odisha,2024-06-13 18:00:00,9,Normal,0.6365242555268813,6.0440054749158705,12.948054459287345,12.991627786184837,0.04357332689749249,0.9582460323827607,22.207922084074845,9.2598676247875,0
Karnataka,2024-06-14 00:00:00,5,Monsoon,0.36501768895704423,14.324463268350115,59.5808521442114,76.72449134348166,17.14363919927026,0.055115734446495174,50.739937904296596,8.840914239914802,0
Telangana,2024-06-14 06:00:00,6,Heavy Rain,0.11229389509176281,21.427753135763588,14.027489648200833,15.757343136145103,1.7298534879442702,0.3663200257509259,0.0,14.027489648200833,0
Rajasthan,2024-06-14 12:00:00,8,Heavy Rain,0.16988312381796167,15.824279605342205,93.88599788924112,63.92037111811607,29.965626771125052,0.03229387240863098,45.228635587731624,48.6573623015095,1
Maharashtra,2024-06-14 18:00:00,1,Normal,0.4525252979597555,12.42217616148559,38.16520233714253,31.03840333930343,7.126798997839103,0.12304967801786382,51.99097841638257,13.825776079240036,0
Coastal Andhra,2024-06-15 00:00:00,2,Heavy Rain,0.23857691604911554,26.24998190788662,17.409951401883667,15.431956591023726,1.9779948108599417,0.3357964212540836,39.43496104762215,22.025009645738486,0
Rajasthan,2024-06-15 06:00:00,9,Monsoon,0.4391376455331738,6.912978003808837,74.84106601730619,71.68925410046472,3.151811916841467,0.24085869495763673,48.25394236980563,26.58712364750056,0
Maharashtra,2024-06-15 12:00:00,3,Normal,0.6653643440593197,12.418444295895323,13.462888417347278,12.555330492547949,0.9075579247993293,0.5242304765687248,32.355144870545274,18.892256453197994,0
Tamil Nadu,2024-06-15 18:00:00,6,Heavy Rain,0.5925136850913552,7.096566046807242,14.218370026489035,16.772095315987983,2.5537252894989475,0.2813948514689478,49.34547993882248,35.127109912333445,1
Rajasthan,2024-06-16 00:00:00,5,Monsoon,0.3080582948236548,12.423697598224601,130.6795539027938,147.1061576866868,16.426603783893,0.05738352764548859,154.46481778330985,23.785263880516055,0
West Bengal,2024-06-16 06:00:00,2,Monsoon,0.4094402421328772,13.95136518262127,84.9985549595961,76.04949880653395,8.949056153062159,0.10051204703395067,88.86634068564217,3.8677857260460655,0
Coastal Andhra,2024-06-16 12:00:00,7,Normal,0.6526280786037856,16.537200499598967,46.41923656235163,54.11035416893388,7.691117606582253,0.1150600009419555,0.0,46.41923656235163,0
Maharashtra,2024-06-16 18:00:00,4,Cyclonic,0.8747695252391038,8.765651221311924,60.786060715676875,42.98893280449111,17.79712791118577,0.05319961670340719,65.75860339001896,4.972542674342087,0
Maharashtra,2024-06-17 00:00:00,1,Heavy Rain,0.7778920948649896,1.38036234252891,21.944341985192782,25.77989028767046,3.8355483024776795,0.20680178077998135,16.751395222478568,5.1929467627142145,0
Maharashtra,2024-06-17 06:00:00,4,Normal,0.5980600241500734,7.211452674937694,49.93910304292666,60.78791246475925,10.848809421832591,0.08439666504867586,72.44311513143232,22.50401208850566,0
Tamil Nadu,2024-06-17 12:00:00,6,Normal,0.4260636984848376,13.613883017057756,18.902690954378624,20.204603032979946,1.3019120786013225,0.43442145740319305,0.0,18.902690954378624,0
Rajasthan,2024-06-17 18:00:00,7,Heavy Rain,0.42854614978762495,10.724671276243892,18.432466508837248,20.854906342842863,2.4224398340056155,0.2921892125214083,0.0,18.432466508837248,0
Tamil Nadu,2024-06-18 00:00:00,7,Cyclonic,0.8914755792379565,11.89131640434477,77.19390544861113,89.87556699717213,12.681661548560996,0.07309053775746832,100.4205985254483,23.226693076837165,0
Karnataka,2024-06-18 06:00:00,7,Normal,0.13531921843649178,14.569306032114637,31.989337893836527,40.368296323610124,8.378958429773597,0.10662164754089218,46.70098131833085,14.71164342449432,0
Odisha,2024-06-18 12:00:00,3,Monsoon,0.9891843799782348,3.247033954694583,28.375185082315678,33.63750353793307,5.262318455617393,0.15968526785842152,3.475899251776873,24.899285830538805,1
Odisha,2024-06-18 18:00:00,6,Normal,0.697937869766406,15.092445213462467,57.036628845732,74.25457193049229,17.217943084760293,0.0548909388588727,63.11633842899923,6.079709583267231,0
Karnataka,2024-06-19 00:00:00,8,Heavy Rain,0.7130239291651514,27.109709309257433,27.557394530998828,16.720867024638668,10.83652750636016,0.0844842374136052,61.116080735607476,33.55868620460865,0
Rajasthan,2024-06-19 06:00:00,4,Heat Wave,0.13419805357426795,6.419872903465302,37.4483963220808,38.688306211645894,1.239909889565098,0.4464465310227995,43.08755844826052,5.639162126179727,0
West Bengal,2024-06-19 12:00:00,8,Monsoon,0.6449763474021449,16.77341409892376,119.25808554328002,117.88821641611634,1.3698691271636818,0.4219642293905169,109.91206966281045,9.346015880469565,0
Tamil Nadu,2024-06-19 18:00:00,2,Normal,0.5363002540814024,9.17036895113051,14.12542600829636,14.663075489855075,0.5376494815587147,0.6503432752348086,2.400572754879061,11.7248532534173,0
Coastal Andhra,2024-06-20 00:00:00,10,Heavy Rain,0.1952010162046603,11.65794569022643,107.7696680221411,132.04299310924156,24.27332508710046,0.03956740937544468,96.3818411147911,11.387826907350004,0
Maharashtra,2024-06-20 06:00:00,9,Normal,0.35012980969242313,15.678127701067954,216.7972909551426,223.78868713147136,6.991396176328749,0.12513457948213005,209.31975638004081,7.477534575101799,0
Maharashtra,2024-06-20 12:00:00,9,Normal,0.9012830105922861,10.680146877849726,15.041001859624606,15.374016950154548,0.33301509052994227,0.7501790543139676,22.652627430828574,7.611625571203968,0
Rajasthan,2024-06-20 18:00:00,8,Monsoon,0.5949895742793576,6.11372272708145,16.95273827128164,18.932117920717268,1.9793796494356286,0.3356403404948496,12.372961942983396,4.579776328298243,0
West Bengal,2024-06-21 00:00:00,10,Monsoon,0.4720749176565179,11.031725545986424,64.09378495713787,39.952814089267754,24.140970867870116,0.03977571133810067,78.43313534435522,14.339350387217351,0
Odisha,2024-06-21 06:00:00,10,Normal,0.16541394025672984,4.017249643424702,5.972035160922866,8.295197802195315,2.3231626412724484,0.30091816379384223,11.636113176567456,5.66407801564459,0
Odisha,2024-06-21 12:00:00,1,Heat Wave,0.7427093746620751,2.2144295804164833,47.168112773212336,45.93286679880112,1.2352459744112139,0.4473780565753664,24.103978946133385,23.06413382707895,1
Maharashtra,2024-06-21 18:00:00,2,Heavy Rain,0.7325657410564292,22.350480762295376,24.824667407358007,33.99127099678738,9.166603589429371,0.09836126600231963,23.35079911114172,1.4738682962162883,0
Rajasthan,2024-06-22 00:00:00,6,Normal,0.6526392462753072,12.089600696835666,95.74852430542138,75.29151192609453,20.457012379326855,0.046604810694123845,104.89206864768691,9.143544342265528,0
Tamil Nadu,2024-06-22 06:00:00,10,Heavy Rain,0.5592363815985844,14.058182233915332,33.78758554384047,26.081009603632477,7.706575940207994,0.11485571444704021,62.79510647685983,29.007520933019357,0
Odisha,2024-06-22 12:00:00,5,Heavy Rain,0.49040596198663544,10.23931698896008,52.39316962949512,49.41248765838344,2.9806819711116788,0.25121323613821167,115.5686789582268,63.17550932873168,1
Tamil Nadu,2024-06-22 18:00:00,9,Heavy Rain,0.633943983689193,1.7195835992184354,69.7438930328636,70.36832167105877,0.6244286381951696,0.6156010651911773,0.0,69.7438930328636,1
West Bengal,2024-06-23 00:00:00,5,Heavy Rain,0.31005590655556603,21.32246433251105,60.47398399867454,52.79776006051472,7.676223938159822,0.11525751376722698,0.0,60.47398399867454,1
Odisha,2024-06-23 06:00:00,2,Heavy Rain,0.9471331577598829,6.123800302262392,44.165391524573195,35.28245120436925,8.882940320203943,0.10118446207306088,27.092846748847855,17.07254477572534,0
Odisha,2024-06-23 12:00:00,10,Normal,0.6299150762622066,7.14228132552717,71.82264607213813,78.47528215606647,6.652636083928343,0.13067392582539586,100.9442166840086,29.121570611870467,0
Telangana,2024-06-23 18:00:00,4,Monsoon,0.38007319991893895,19.609883998733416,12.452682874747246,16.96615512075787,4.513472246010622,0.1813739065656074,0.0,12.452682874747246,0
Odisha,2024-06-24 00:00:00,9,Heavy Rain,0.5047118657966415,3.9626486900276285,84.71995348456913,119.8620708626607,35.14211737809157,0.027668550504076846,130.98373098458387,46.26377750001474,1
Karnataka,2024-06-24 06:00:00,1,Normal,0.825116309989203,6.660155479814504,35.572448516524524,32.96353605401281,2.608912462511711,0.2770917860678797,28.99275082784012,6.579697688684405,0
Coastal Andhra,2024-06-24 12:00:00,1,Monsoon,0.2454544546572677,6.288288302660909,66.37232978187237,48.46237905637459,17.90995072549778,0.05288221077443745,87.7286441540406,21.356314372168228,0
Karnataka,2024-06-24 18:00:00,7,Heat Wave,0.36355206021423436,3.856073825594619,42.903731096961494,40.08425987713034,2.8194712198311507,0.26181634641148244,91.88497575760556,48.981244660644066,1
Rajasthan,2024-06-25 00:00:00,3,Heat Wave,0.7115572204628998,9.292885260960581,28.443887606690886,40.61426216255807,12.170374555867184,0.07592798486923187,22.96163885425552,5.482248752435368,0
Rajasthan,2024-06-25 06:00:00,10,Normal,0.3839402858340015,4.340693096623028,40.67471953347209,51.13578638753502,10.461066854062928,0.0872519122986794,32.137884572787094,8.536834960684999,0
Tamil Nadu,2024-06-25 12:00:00,2,Normal,0.8132515136753193,21.946366890735277,53.43613240510719,58.58856685621541,5.1524344511082205,0.1625372863289706,50.374179350008774,3.0619530550984138,0
Karnataka,2024-06-25 18:00:00,9,Heavy Rain,0.21740813845962476,2.0486876595548265,59.21822440687008,52.303983558295,6.914240848575076,0.12635450691142985,19.222917613542066,39.99530679332801,1
Karnataka,2024-06-26 00:00:00,3,Normal,0.7864175534091477,2.8658026311532976,54.05666562581143,66.38126278863851,12.324597162827075,0.07504917317799274,54.89055333348947,0.8338877076780378,0
Karnataka,2024-06-26 06:00:00,2,Heat Wave,0.16151654336550963,6.653324270759758,26.941825983783552,42.181690831543456,15.239864847759904,0.06157686713371498,16.936252884972866,10.005573098810686,0
West Bengal,2024-06-26 12:00:00,8,Normal,0.11133335140074531,8.509995073075315,20.28886892071334,19.56492204176194,0.7239468789514021,0.5800642770433009,35.62232651224333,15.333457591529992,0
Odisha,2024-06-26 18:00:00,10,Normal,0.9084011669489459,4.931668707969522,21.849694933108385,11.087333818582339,10.762361114526046,0.08501694432464244,0.0,21.849694933108385,0
Coastal Andhra,2024-06-27 00:00:00,6,Normal,0.6232052952390688,14.730140060314396,37.18406890461611,27.644885196875034,9.539183707741078,0.09488400883130024,1.5104177870450357,35.673651117571076,0
Tamil Nadu,2024-06-27 06:00:00,6,Normal,0.41664420737813035,7.411475406818148,65.73361018399775,66.7608972956807,1.027287111682952,0.4932700426284712,70.7497709689362,5.0161607849384495,0
Karnataka,2024-06-27 12:00:00,10,Monsoon,0.3093351732674654,12.593739729336884,68.64110733344691,65.96953824037105,2.6715690930758598,0.27236311632698956,55.46687736875447,13.174229964692444,0
Karnataka,2024-06-27 18:00:00,7,Heavy Rain,0.6551972049347345,20.88548190177083,29.5367354457067,39.58337786143056,10.046642415723863,0.09052524399419261,59.67383395306265,30.137098507355947,0
Telangana,2024-06-28 00:00:00,7,Normal,0.5581019651830644,25.68384505937982,44.32567599475318,37.77004504883755,6.555630945915631,0.13235162055401514,51.38976689124923,7.064090896496047,0
Tamil Nadu,2024-06-28 06:00:00,6,Normal,0.9924379979769866,6.780271525754282,13.488650638910542,12.900417608912733,0.5882330299978094,0.6296305272037941,0.0,13.488650638910542,0
Karnataka,2024-06-28 12:00:00,4,Heavy Rain,0.9848943879883711,9.235064501347509,33.73842914593433,28.277388832660332,5.461040313274001,0.1547738369540168,17.15172671255099,16.586702433383344,0
Tamil Nadu,2024-06-28 18:00:00,9,Normal,0.6715221095274486,10.639209886666748,29.387091591997056,35.11012232669073,5.723030734693673,0.14874244064355951,79.3206126148383,49.93352102284124,1
Odisha,2024-06-29 00:00:00,6,Heavy Rain,0.4985834554953015,6.958086103525039,24.496639431916485,19.226890794088227,5.269748637828258,0.15949602731544024,57.075720272882975,32.57908084096649,1
Telangana,2024-06-29 06:00:00,4,Heavy Rain,0.5420268722211959,3.637417225419459,47.55595355126598,44.764064864135726,2.7918886871302533,0.26372082160376176,60.992710142990106,13.436756591724127,0
Tamil Nadu,2024-06-29 12:00:00,3,Monsoon,0.7142311596131757,17.489347702594692,121.71669428302002,75.35907541068363,46.35761887233639,0.021115926514289823,114.91170053820431,6.804993744815704,0
Coastal Andhra,2024-06-29 18:00:00,4,Heat Wave,0.19141708981184324,3.639177805964074,45.952372876859044,39.87939157368658,6.072981303172462,0.1413830967645097,59.293364524421285,13.340991647562241,0
Coastal Andhra,2024-06-30 00:00:00,3,Heat Wave,0.39551686642964634,18.68456835891489,88.65087222271056,125.50231830278999,36.85144608007943,0.026419069905133243,123.58241945894304,34.931547236232475,0
Rajasthan,2024-06-30 06:00:00,2,Heat Wave,0.16774501690324348,11.933289354113832,77.18062167869303,111.44577436318558,34.26515268449255,0.028356604859951128,118.13430856273447,40.953686884041446,1
Telangana,2024-06-30 12:00:00,5,Normal,0.1660246835652276,10.347672935126903,30.492938225279147,35.6303768166367,5.137438591357551,0.1629344204613554,0.0,30.492938225279147,0
Telangana,2024-06-30 18:00:00,2,Normal,0.2762553177048104,4.652600176418557,72.20966139134131,80.17411045226571,7.9644490609243945,0.11155175217169254,70.060307798144,2.1493535931973184,0
Rajasthan,2024-07-01 00:00:00,6,Normal,0.5367279291339042,1.2312189577696446,126.01484592394434,106.19111477841858,19.823731145525755,0.04802213364221535,152.06312351957413,26.0482775956298,1
Tamil Nadu,2024-07-01 06:00:00,3,Cyclonic,0.8062968890465104,17.188172224600716,17.09896129558087,17.94977099833691,0.8508097027560382,0.540304061790308,0.0,17.09896129558087,0
Telangana,2024-07-01 12:00:00,6,Heat Wave,0.5369463020492853,4.600408713794245,77.11362072231935,80.30808426084982,3.1944635385304707,0.23840951073098368,41.727513981893814,35.38610674042554,1
Coastal Andhra,2024-07-01 18:00:00,10,Cyclonic,0.40192894950478275,12.468241302423298,42.131119924060656,42.314298215453505,0.18317829139284925,0.8451811593185927,31.954513112544703,10.176606811515953,0
Coastal Andhra,2024-07-02 00:00:00,9,Normal,0.17411769130308233,12.94855084040352,27.07992353279161,32.54043824641246,5.460514713620846,0.15478642868681622,12.087428456508992,14.99249507628262,0
Karnataka,2024-07-02 06:00:00,1,Heat Wave,0.5952659708648166,8.614817969339853,56.90665577229879,43.48464948569637,13.422006286602418,0.06933848038389555,33.42638045270248,23.48027531959631,0
Odisha,2024-07-02 12:00:00,6,Normal,0.3441417278348591,10.438180164338549,57.90725714857456,94.99750027740949,37.09024312883493,0.026253442295383615,45.58432533477077,12.322931813803791,0
Telangana,2024-07-02 18:00:00,9,Normal,0.6534407601254327,11.809548773151526,164.66698927502935,231.55407583427328,66.88708655924393,0.014730341964628526,146.16670734700162,18.500281928027732,0
Tamil Nadu,2024-07-03 00:00:00,4,Normal,0.9794689652191765,9.817706631093552,27.875774116177393,22.217144157572164,5.658629958605228,0.15018104418126701,65.71484431035368,37.83907019417629,1
Rajasthan,2024-07-03 06:00:00,2,Normal,0.20018288932979517,4.2059980413349765,45.904584418006294,47.13901417294058,1.2344297549342826,0.44754148023302315,71.84596425957754,25.941379841571248,1
Rajasthan,2024-07-03 12:00:00,4,Heavy Rain,0.29091285884974594,2.069862551523621,45.34153213170558,38.55366791917181,6.787864212533769,0.12840490957592743,30.234700486301698,15.10683164540388,0
Tamil Nadu,2024-07-03 18:00:00,1,Normal,0.5257850842894373,4.968514554387116,27.745771378130577,32.15859283326309,4.412821455132516,0.1847465334463943,30.50317117893829,2.7573998008077147,0
West Bengal,2024-07-04 00:00:00,3,Heavy Rain,0.9717524338113366,6.331535953925906,22.215146950185364,21.719676205770853,0.49547074441451144,0.6686857658265377,35.79523246249512,13.580085512309758,0
Maharashtra,2024-07-04 06:00:00,10,Heavy Rain,0.7946287986429961,21.63866525899913,33.20031211292591,17.582023030870577,15.61828908205533,0.06017466630062505,0.0,33.20031211292591,0
Odisha,2024-07-04 12:00:00,9,Cyclonic,0.9084062738465472,2.985894373181721,41.10681956995062,31.642551133755788,9.464268436194835,0.09556329772094743,86.38444942768992,45.27762985773929,1
Rajasthan,2024-07-04 18:00:00,10,Monsoon,0.40034336362821366,23.749173149453444,21.10431106725055,28.10296852287736,6.998657455626812,0.12502098077678403,22.70296605038385,1.5986549831333008,0
Telangana,2024-07-05 00:00:00,5,Normal,0.992834626400735,28.95939724027444,79.89673927228486,75.5251135273355,4.371625744949355,0.18616337911110897,77.84885248678958,2.0478867854952796,0
Odisha,2024-07-05 06:00:00,6,Monsoon,0.19254953445774164,5.120472078979931,61.65294114741475,58.138697030158916,3.514244117255835,0.2215210285543641,47.420886536418934,14.232054610995817,0
Telangana,2024-07-05 12:00:00,3,Heat Wave,0.14767561544149077,28.28268427154383,17.483447930011643,20.408297159611223,2.9248492295995803,0.2547868571506941,8.304396561772258,9.179051368239385,0
West Bengal,2024-07-05 18:00:00,5,Normal,0.8700423643486253,7.670563413233792,32.786304943908064,40.49071248621143,7.704407542303365,0.11488432672068793,24.661110129403745,8.125194814504319,0
Coastal Andhra,2024-07-06 00:00:00,8,Heavy Rain,0.9345383831862876,6.720164068039277,48.21983917890701,47.14590256333155,1.0739366155754553,0.48217481310176397,64.40703193343933,16.18719275453232,0
Odisha,2024-07-06 06:00:00,6,Normal,0.1815268217914916,21.651291629855326,69.62962009124415,31.925240566903277,37.70437952434087,0.02583686942639419,78.71444411018179,9.084824018937638,0
Karnataka,2024-07-06 12:00:00,4,Normal,0.20208468407125735,10.092511411177048,41.32408425888272,33.027570358077014,8.296513900805706,0.10756720321940598,36.059837570275,5.26424668860772,0
Rajasthan,2024-07-06 18:00:00,2,Monsoon,0.12985674198019645,9.015797437081135,67.16476332802037,31.16496556221148,35.99979776580889,0.027027174751860103,74.36524594975775,7.200482621737379,0
Odisha,2024-07-07 00:00:00,9,Cyclonic,0.19405680637845169,4.908189440738123,54.84745634547677,35.65656905401843,19.19088729145834,0.04952729345495606,83.41556926257397,28.568112917097196,1
Odisha,2024-07-07 06:00:00,1,Normal,0.2884778351202528,5.287813920457761,72.20658697759741,73.5980949915146,1.3915080139171891,0.41814620489690196,59.851272845615405,12.355314131982006,0
Odisha,2024-07-07 12:00:00,1,Monsoon,0.9730689570190009,9.25757097303488,25.20686834604245,25.49815825068077,0.29128990463831883,0.774419436261366,42.5771793873882,17.370311041345747,0
Maharashtra,2024-07-07 18:00:00,4,Cyclonic,0.7010742000157124,21.644265611174582,62.86394768720516,82.90827354997813,20.044325862772972,0.04751874716827977,84.09773570853284,21.233788021327676,0
Odisha,2024-07-08 00:00:00,7,Heat Wave,0.8006977229666878,3.0022345125089918,42.24504384429614,41.89915322775433,0.3458906165418085,0.7430024310366653,7.494561193099827,34.750482651196315,1
Telangana,2024-07-08 06:00:00,1,Normal,0.79852546332237,7.98800440607155,87.07093943137109,67.95607984676217,19.114859584608922,0.04971449071238656,98.85082816225928,11.779888730888189,0
Coastal Andhra,2024-07-08 12:00:00,9,Heat Wave,0.5815663748012931,2.452196205564355,24.78972911057288,32.24472766620404,7.454998555631164,0.11827323132231454,15.654373231676532,9.135355878896346,0
West Bengal,2024-07-08 18:00:00,4,Normal,0.8177400799417155,4.688984694492672,55.516670378515656,79.82107387514775,24.30440349663209,0.03951881340072275,47.2699895561908,8.246680822324855,0
Tamil Nadu,2024-07-09 00:00:00,3,Heavy Rain,0.6362267791509727,13.785170816180589,46.154813681493245,56.73089209624398,10.576078414750732,0.08638504026767453,48.81032678394888,2.655513102455636,0
Odisha,2024-07-09 06:00:00,1,Normal,0.3830914878430218,3.9472505580833954,39.371027613136064,38.709020129088096,0.6620074840479688,0.6016820078116676,43.28227869213433,3.911251078998262,0
Rajasthan,2024-07-09 12:00:00,10,Normal,0.6049990978915607,18.05194155182972,33.86450489304613,31.256697914698158,2.6078069783479734,0.2771766909930152,71.35802552621993,37.4935206331738,0
Odisha,2024-07-09 18:00:00,4,Monsoon,0.5801577275210621,3.9294426266966944,35.653724034438255,25.032737548087038,10.620986486351217,0.0860512144278366,21.837939503883717,13.815784530554538,0
Rajasthan,2024-07-10 00:00:00,9,Normal,0.8411077483833885,5.429560518836035,116.47306192251015,93.4662585600204,23.006803362489748,0.04165485862072267,85.25872248554143,31.21433943696873,1
Telangana,2024-07-10 06:00:00,10,Normal,0.9835544956434931,1.388565101892231,38.60271338732857,34.27582624470639,4.3268871426221835,0.18772689813506085,9.21712509532,29.38558829200857,1
Rajasthan,2024-07-10 12:00:00,6,Normal,0.4699383088788375,18.0706637158891,111.27489299930102,74.43517795024486,36.83971504905615,0.026427260319047866,101.7522640756263,9.522628923674716,0
Karnataka,2024-07-10 18:00:00,6,Monsoon,0.7870516105972237,16.300137008987086,39.3447092030022,36.050288574891695,3.294420628110508,0.2328602823519846,112.79330368736794,73.44859448436574,1
Tamil Nadu,2024-07-11 00:00:00,1,Normal,0.1897867036343202,2.520377231095314,49.37975292777861,45.90332925967148,3.476423668107131,0.223392617442498,43.96471556794498,5.415037359833633,0
Coastal Andhra,2024-07-11 06:00:00,10,Monsoon,0.7991482325034597,6.756386152750146,44.1651400092449,58.23604764424953,14.07090763500463,0.06635300435902995,48.38826162282272,4.223121613577817,0
Rajasthan,2024-07-11 12:00:00,2,Normal,0.4342752207939089,6.300102911556448,115.19387824903157,68.56809472286511,46.62578352616646,0.020997029885095372,123.10454920319236,7.910670954160793,0
Rajasthan,2024-07-11 18:00:00,6,Normal,0.135451146600718,5.865512212386327,74.44883226442685,77.6578633513333,3.2090310869064496,0.23758437021546905,64.21855087280811,10.230281391618746,0
Coastal Andhra,2024-07-12 00:00:00,2,Normal,0.42692156070595955,29.10126052808646,31.671310338286524,20.895264748786843,10.776045589499681,0.08491814950951512,26.09446768546114,5.576842652825384,0
Tamil Nadu,2024-07-12 06:00:00,3,Heavy Rain,0.6495784758294803,5.80194150227763,14.07585100399177,7.192816951742495,6.8830340522492754,0.126854710175287,0.0,14.07585100399177,0
Odisha,2024-07-12 12:00:00,4,Normal,0.20732515091331993,4.129087339806541,32.2279294208345,28.24569715807412,3.9822322627603803,0.20071324403610905,27.948962562232552,4.278966858601947,0
Rajasthan,2024-07-12 18:00:00,5,Normal,0.9316310431872291,1.5712950409279347,96.92375551385183,97.38097333730266,0.45721782345083284,0.6862392045356014,102.65271694737274,5.728961433520908,0
Coastal Andhra,2024-07-13 00:00:00,9,Heat Wave,0.1699051719455547,4.3163238288127275,18.4377539124124,24.301987374930086,5.864233462517685,0.14568269063989803,26.684629252546564,8.246875340134164,0
Karnataka,2024-07-13 06:00:00,4,Heavy Rain,0.9370060478498495,21.595799953536172,14.661792206788283,13.67488009263013,0.9869121141581534,0.5032935240941424,0.0,14.661792206788283,0
Karnataka,2024-07-13 12:00:00,9,Normal,0.7364237661421178,10.00955626157568,27.354029357825162,23.671541199807017,3.6824881580181454,0.2135616719687014,66.61157428371118,39.257544925886016,1
Telangana,2024-07-13 18:00:00,10,Normal,0.3967409578727833,10.026792568380515,20.981159326160764,17.299210823034137,3.681948503126627,0.2135862877031209,34.41047504129515,13.429315715134386,0
Coastal Andhra,2024-07-14 00:00:00,3,Cyclonic,0.45167531293818397,4.5469430650149105,23.60835604107504,20.553958439610483,3.054397601464558,0.24664576548653566,76.55148293492925,52.94312689385421,1
Telangana,2024-07-14 06:00:00,8,Normal,0.7667284282594697,19.35350988756879,9.217957438836455,1.1019874001855479,8.115970038650907,0.1096975961702472,0.0,9.217957438836455,0
Karnataka,2024-07-14 12:00:00,1,Normal,0.6413239907930867,12.619522923579321,49.95496020336367,39.72311711534529,10.23184308801838,0.08903258282398502,38.66248923313949,11.29247097022418,0
Tamil Nadu,2024-07-14 18:00:00,9,Monsoon,0.7044786293094507,5.935371157547039,56.55203431968794,67.8844927094331,11.332458389745163,0.08108683349230128,83.4762902244801,26.924255904792155,1
Odisha,2024-07-15 00:00:00,9,Heavy Rain,0.450248154862132,3.601617952102389,38.479528920981004,14.876474876014997,23.603054044966008,0.04064536045697174,73.23806600207391,34.7585370810929,1
Coastal Andhra,2024-07-15 06:00:00,10,Heavy Rain,0.5390321336268391,8.003963874314486,14.25012810920807,12.771237446572625,1.478890662635445,0.4034062554969024,0.0,14.25012810920807,0
West Bengal,2024-07-15 12:00:00,2,Normal,0.9908807356341041,3.87384427898792,27.47721376502848,25.494008665878667,1.9832050991498136,0.33520993923112796,40.9237037048205,13.446489939792016,0
Karnataka,2024-07-15 18:00:00,4,Normal,0.2925305834497459,7.29443296396398,55.40968935864907,65.33341425710078,9.923724898451717,0.09154386523792227,45.65873314959603,9.750956209053037,0
Karnataka,2024-07-16 00:00:00,8,Heavy Rain,0.4760705678699183,9.339529095748048,60.30447333606662,62.063634603434565,1.7591612673679435,0.3624289786272382,60.787373497366275,0.4829001612996535,0
West Bengal,2024-07-16 06:00:00,7,Normal,0.36264086881657054,4.723323099080079,9.569508744626841,10.57850948369514,1.0090007390682985,0.49775989652635155,19.73335235190623,10.16384360727939,0
Maharashtra,2024-07-16 12:00:00,1,Heavy Rain,0.7886003593958648,0.6759605621018677,45.068284771988765,36.66360914365088,8.404675628337884,0.10633008936393619,34.26643565272952,10.801849119259245,0
Karnataka,2024-07-16 18:00:00,5,Heavy Rain,0.7876113630991486,11.559507872519397,25.86869871729062,14.497477843249388,11.371220874041231,0.08083276583464119,24.768610096267974,1.1000886210226462,0
Rajasthan,2024-07-17 00:00:00,7,Normal,0.36320091489765627,4.846178153021671,43.128762691677096,37.41400651003096,5.714756181646138,0.1489257350450583,14.313711069343853,28.815051622333243,1
Tamil Nadu,2024-07-17 06:00:00,4,Heat Wave,0.17325128496968462,9.280342754125568,15.242204990918218,14.69853181776473,0.5436731731534881,0.6478055182867194,28.227000467304073,12.984795476385855,0
Coastal Andhra,2024-07-17 12:00:00,1,Monsoon,0.11028940900498364,7.54743286146336,11.020608197925245,14.210915772786187,3.1903075748609417,0.23864596622914624,25.826984895077793,14.806376697152547,0
West Bengal,2024-07-17 18:00:00,9,Monsoon,0.484705479918237,25.844648375886546,37.78769914916074,24.300391369997076,13.487307779163661,0.06902593740972687,38.50792125091997,0.7202221017592336,0
Rajasthan,2024-07-18 00:00:00,5,Normal,0.46930383490219385,8.540185857201676,40.21360721102801,61.21314337546364,20.999536164435625,0.04545550381269386,30.97220093436355,9.241406276664463,0
West Bengal,2024-07-18 06:00:00,2,Normal,0.9895508907758767,16.187951914485637,22.74996419086456,23.731124519389212,0.981160328524652,0.5047547064223161,27.435392889327634,4.685428698463074,0
Coastal Andhra,2024-07-18 12:00:00,8,Heavy Rain,0.5228218681279116,6.192043440962024,105.46088289059165,85.39222828502693,20.068654605564717,0.04746387554029563,46.62129731140721,58.83958557918444,1
Telangana,2024-07-18 18:00:00,2,Normal,0.3307765326178786,3.934542277270161,25.32722437450178,20.17897678387809,5.1482475906236935,0.1626479716797738,12.062849886462953,13.264374488038829,0
Coastal Andhra,2024-07-19 00:00:00,3,Heat Wave,0.9021064969283207,11.928181503116019,24.983206165427973,23.985848568503542,0.9973575969244308,0.5006614747102968,39.67063616699803,14.687430001570057,0
Maharashtra,2024-07-19 06:00:00,10,Normal,0.5419611546882206,4.557218089422818,44.062816988091754,43.31736107309613,0.7454559149956239,0.5729162171377483,42.40537631749225,1.657440670599506,0
Coastal Andhra,2024-07-19 12:00:00,1,Heavy Rain,0.63925807168952,14.23375667603877,40.392780854279295,40.5263670868381,0.1335862325588053,0.8821560912421583,86.61134095495851,46.21856010067921,1
Coastal Andhra,2024-07-19 18:00:00,2,Normal,0.18610183938539143,2.80553669746661,25.409121195714924,29.459172631444254,4.05005143572933,0.19801778511105,16.32752336422202,9.081597831492903,0
Maharashtra,2024-07-20 00:00:00,7,Heavy Rain,0.4446247665967966,10.818543031699368,56.2683314316364,46.967338053141475,9.300993378494923,0.09707801599869681,78.41276512205386,22.144433690417458,0
Tamil Nadu,2024-07-20 06:00:00,10,Normal,0.9498013070264081,8.366202545143809,55.996780774395944,57.485444088302216,1.4886633139062724,0.4018221325529058,49.51454292220831,6.482237852187637,0
Karnataka,2024-07-20 12:00:00,2,Normal,0.6305548457578829,22.588691144730024,44.67010989159172,40.929145914293485,3.740963977298236,0.21092756763992046,50.81186144421781,6.14175155262609,0
Coastal Andhra,2024-07-20 18:00:00,6,Normal,0.4100516696282155,11.629508465438311,49.666176905953925,70.11273275012255,20.44655584416862,0.04662753344947472,82.03775660487321,32.371579698919284,0
Maharashtra,2024-07-21 00:00:00,3,Cyclonic,0.6631004625684338,7.640817892770117,42.171586726991436,23.110921188880653,19.060665538110783,0.04984879480195826,16.27133162169335,25.900255105298086,0
Rajasthan,2024-07-21 06:00:00,4,Normal,0.9193699806203045,15.009124422949014,40.54434438597576,62.287862564891476,21.743518178915714,0.04396857127087075,68.63710956790547,28.092765181929707,0
Telangana,2024-07-21 12:00:00,8,Heat Wave,0.346591540425331,0.6617500345271379,15.450435315104322,12.037427883894033,3.413007431210289,0.2266028361809817,26.972218355673405,11.521783040569083,0
Telangana,2024-07-21 18:00:00,3,Monsoon,0.554605046623607,12.694948116893643,46.29863342034794,33.73428716264599,12.56434625770195,0.07372268305464347,24.674861301148965,21.623772119198975,0
Coastal Andhra,2024-07-22 00:00:00,10,Normal,0.9628215885205798,13.503756213632629,75.28295433067949,69.70881314198344,5.574141188696046,0.15211112315620132,109.57447618474889,34.2915218540694,0
Tamil Nadu,2024-07-22 06:00:00,6,Monsoon,0.2551565289686074,14.606284022322198,49.72788530971493,52.41413875867948,2.6862534489645498,0.271278145641585,8.31968045177748,41.40820485793745,0
Tamil Nadu,2024-07-22 12:00:00,1,Normal,0.7476975330370403,13.880868017891022,35.0407974282296,31.858519998309518,3.1822774299200844,0.239104176314556,54.20058835718204,19.15979092895244,0
Rajasthan,2024-07-22 18:00:00,7,Heat Wave,0.6530329073826842,12.31957463322016,73.19599602574057,84.12939721899927,10.933401193258703,0.08379840615472728,110.38430008350839,37.18830405776782,0
Coastal Andhra,2024-07-23 00:00:00,8,Heavy Rain,0.7117076180265713,6.422784930899482,49.76989277483916,44.17737015897328,5.5925226158658745,0.15168700333213161,48.09276463044401,1.677128144395148,0
Telangana,2024-07-23 06:00:00,8,Normal,0.4160976676008127,9.494040012945767,25.174744516508206,21.123770868410784,4.050973648097422,0.19798163080432532,0.0,25.174744516508206,0
Tamil Nadu,2024-07-23 12:00:00,3,Normal,0.3824914361353885,5.083209054614844,73.07880407143807,56.18717465503732,16.891629416400754,0.05589205861168397,73.15952198399611,0.08071791255804328,0
Coastal Andhra,2024-07-23 18:00:00,10,Normal,0.7157887035295334,4.2007967881080175,30.534969889833803,40.15706624554085,9.622096355707043,0.09414337495279071,3.3608195703533177,27.174150319480486,1
West Bengal,2024-07-24 00:00:00,1,Heat Wave,0.29398895659409086,6.640622891925245,19.148150890659984,20.988202507786202,1.8400516171262176,0.35210627650911386,35.7986601882554,16.650509297595413,0
Tamil Nadu,2024-07-24 06:00:00,9,Normal,0.4776892703731046,7.319350046799259,23.005274127080476,16.351372251947257,6.653901875133219,0.13065231516083353,32.12655015230894,9.121276025228461,0
Maharashtra,2024-07-24 12:00:00,6,Monsoon,0.2693571814476262,11.208954316318122,28.56758969438812,25.33711213781603,3.2304775565720867,0.2363799326736743,36.37433250711361,7.8067428127254885,0
West Bengal,2024-07-24 18:00:00,9,Normal,0.10747435701099678,20.26360903711406,14.78520829191149,9.891863136983694,4.893345154927795,0.16968291754706363,48.74324360810807,33.95803531619658,0
Karnataka,2024-07-25 00:00:00,7,Heat Wave,0.9730516240342625,15.978974525051264,92.18835281284214,155.00910871338849,62.820755900546345,0.015668883670985154,153.6102761915751,61.42192337873297,1
Tamil Nadu,2024-07-25 06:00:00,1,Normal,0.48853268079077716,10.567641428915067,10.600245176752052,11.085485154283875,0.4852399775318226,0.673291868740164,14.139063162399536,3.5388179856474835,0
Telangana,2024-07-25 12:00:00,1,Heavy Rain,0.9724146529778427,18.584132719950613,60.663676622280256,30.487363407027896,30.17631321525236,0.03207563360990263,6.564794627046048,54.09888199523421,1
Odisha,2024-07-25 18:00:00,6,Heavy Rain,0.2262911677910435,8.602953522347956,51.356518540860414,33.896130526016094,17.46038801484432,0.054170042319580856,45.84397442142916,5.512544119431254,0
West Bengal,2024-07-26 00:00:00,5,Monsoon,0.6286301015117375,12.453463162660691,49.203178833257695,33.82201150789829,15.381167325359407,0.06104571061012953,69.86434266110861,20.661163827850913,0
Karnataka,2024-07-26 06:00:00,9,Normal,0.28087662951211567,6.442312586135578,55.896193264910615,59.98568534078996,4.089492075879349,0.1964832610191701,100.90065600227189,45.00446273736127,1
Rajasthan,2024-07-26 12:00:00,2,Normal,0.8110667142669472,8.437278763828406,37.44170123851648,21.549280963832466,15.892420274684014,0.05919814826645413,44.492487496706424,7.0507862581899445,0
Rajasthan,2024-07-26 18:00:00,8,Normal,0.8053326898848777,6.93017727374992,60.83854924427443,40.06844277965698,20.77010646461745,0.045934547983276126,72.76835237153135,11.929803127256918,0
Telangana,2024-07-27 00:00:00,5,Monsoon,0.20134643413538061,1.8959650643265196,39.732179873731155,37.235946948218896,2.4962329255122597,0.28602213333755,33.301588110659715,6.43059176307144,0
Tamil Nadu,2024-07-27 06:00:00,2,Normal,0.9208580075887502,1.941242390634788,32.642961726943454,31.966320834099886,0.6766408928435688,0.5964306395414276,36.96157375895433,4.318612032010876,0
Coastal Andhra,2024-07-27 12:00:00,10,Heavy Rain,0.27516668248290216,2.547768272092604,16.213943661947262,13.967646595600975,2.246297066346287,0.30804328117928587,0.0,16.213943661947262,0
Tamil Nadu,2024-07-27 18:00:00,6,Normal,0.6516796074304243,10.622641813738367,52.750180508296644,47.27400547507923,5.476175033217416,0.15441213291346018,34.229169219298726,18.52101128899792,0
Telangana,2024-07-28 00:00:00,10,Cyclonic,0.9870702580789337,20.56781582892161,53.39015748947402,34.23511092117916,19.155046568294864,0.04961536539305555,58.035832102538755,4.645674613064735,0
Rajasthan,2024-07-28 06:00:00,8,Heat Wave,0.8941568812897275,18.538376411861467,42.10352344897838,46.79955358652196,4.6960301375435805,0.1755608688600182,44.38037343086875,2.276849981890372,0
Tamil Nadu,2024-07-28 12:00:00,4,Heavy Rain,0.960907535705052,12.547270967710297,68.93756803297464,34.44165800193508,34.49591003103956,0.02817225982163989,67.70034421747577,1.237223815498865,0
Rajasthan,2024-07-28 18:00:00,2,Normal,0.4083388940963075,5.585840930290741,84.69652436425,81.21287935894077,3.483645005309228,0.22303282236124133,106.84290604037727,22.146381676127277,0
West Bengal,2024-07-29 00:00:00,5,Normal,0.19501807799751703,4.0901115302907884,29.51603233279169,42.654303136027366,13.138270803235677,0.07073000750354425,19.513399659711915,10.002632673079773,0
Karnataka,2024-07-29 06:00:00,2,Normal,0.2695121859605051,9.273616915295712,62.25349108456687,56.55645142552818,5.697039659038687,0.14931970705150982,40.407947454828545,21.845543629738323,0
Coastal Andhra,2024-07-29 12:00:00,2,Normal,0.5504454055689525,5.4670062877041765,15.979687508762105,10.390657878850556,5.589029629911549,0.15176741586657944,15.129463097874002,0.850224410888103,0
West Bengal,2024-07-29 18:00:00,6,Monsoon,0.81390671044599,2.3285136559106543,44.13767821926082,42.85036607965729,1.2873121396035287,0.43719437442995207,66.45249247820257,22.31481425894175,1
Rajasthan,2024-07-30 00:00:00,10,Heavy Rain,0.2351382797654877,3.563637742004456,37.65449323361942,34.75318972737876,2.9013035062406587,0.25632458443706463,37.86568334071971,0.2111901071002933,0
Rajasthan,2024-07-30 06:00:00,9,Heat Wave,0.6937583790346814,6.403804059822081,70.15171112761405,73.3868786264878,3.23516749887375,0.23611817012336067,84.25802556149118,14.106314433877131,0
Odisha,2024-07-30 12:00:00,4,Normal,0.3912198436355607,20.10187104041709,31.187190247335373,32.49936812540201,1.3121778780666347,0.4324926769198944,30.56391219334797,0.6232780539874021,0
Odisha,2024-07-30 18:00:00,6,Monsoon,0.4070818651529382,1.653780199757726,87.4207943545453,108.45036769162749,21.029573337082198,0.0453935255439881,94.19924218346509,6.778447828919795,0
West Bengal,2024-07-31 00:00:00,7,Heavy Rain,0.6957259571421337,2.900644430742876,36.19661536756435,31.653629358969184,4.5429860085951645,0.1804081768291246,103.40578753803314,67.20917217046879,1
Maharashtra,2024-07-31 06:00:00,6,Heavy Rain,0.5202994775798983,6.836489952677709,16.20524619222395,12.819252311683321,3.385993880540628,0.22799849412392195,13.444810538358684,2.7604356538652652,0
West Bengal,2024-07-31 12:00:00,8,Normal,0.8308299637233946,4.485113166582631,11.557041240306965,9.215340270704084,2.341700969602881,0.29924879847009095,0.0,11.557041240306965,0
Odisha,2024-07-31 18:00:00,4,Heavy Rain,0.24032665869654435,11.514970603822201,66.15182428672205,55.2917366221847,10.860087664537346,0.08431640880615779,97.28054209797222,31.12871781125017,0
Rajasthan,2024-08-01 00:00:00,1,Heavy Rain,0.8109534427903347,6.98914887868372,14.770400584122347,15.828523469865598,1.0581228857432503,0.48587963669568246,0.0,14.770400584122347,0
Telangana,2024-08-01 06:00:00,7,Monsoon,0.1578117232516788,2.28581312299649,57.42848107415873,37.55799425151535,19.87048682264338,0.04791455074804737,49.33663482125452,8.091846252904212,0
West Bengal,2024-08-01 12:00:00,3,Heat Wave,0.2746484922210445,5.5634801956143685,65.37904217433082,49.929039942735535,15.450002231595285,0.06079026530946691,79.24859906764081,13.86955689330999,0
Rajasthan,2024-08-01 18:00:00,6,Normal,0.6905347430528489,9.568369552014143,24.877675480430483,25.190558118730404,0.31288263829992147,0.7616827055424545,57.21215048657032,32.33447500613984,0
Telangana,2024-08-02 00:00:00,2,Normal,0.8694330908599641,13.541046314335945,50.60384456801047,65.84629448004245,15.242449912031972,0.06156706687820701,44.771412511607615,5.832432056402858,0
Telangana,2024-08-02 06:00:00,9,Heavy Rain,0.3274116649654142,2.8708810025268168,105.08631993323459,81.85008016528234,23.236239767952256,0.041260525955115646,94.54427605519999,10.542043878034605,0
Odisha,2024-08-02 12:00:00,1,Heavy Rain,0.39447244524602165,10.03398955020691,38.24854605311384,41.58788216960777,3.339336116493925,0.23044999814579356,66.22885972833951,27.980313675225673,0
West Bengal,2024-08-02 18:00:00,6,Normal,0.583408673458066,6.538497106186945,12.623733278235324,11.965857782893346,0.6578754953419779,0.6031816036907677,0.0,12.623733278235324,0
Tamil Nadu,2024-08-03 00:00:00,6,Monsoon,0.2904155258403721,18.42643058012744,27.798553815293623,31.298305502046837,3.499751686753214,0.222234485281464,43.03081784393132,15.232264028637694,0
Coastal Andhra,2024-08-03 06:00:00,5,Heat Wave,0.8300406354287551,5.622834639237172,113.19182542222235,114.87424207171311,1.6824166494907615,0.37279816324948745,100.02279995487781,13.16902546734454,0
Odisha,2024-08-03 12:00:00,5,Heat Wave,0.7962729805051847,2.3433475091129985,68.60978748195718,69.07374927231858,0.4639617903613953,0.6830779372685258,51.54119858215951,17.068588899797675,0
Odisha,2024-08-03 18:00:00,1,Normal,0.23076254076920347,4.756118117060783,17.797251849663958,29.15435856876692,11.357106719102962,0.08092509215398222,10.05081322619142,7.746438623472539,0
Tamil Nadu,2024-08-04 00:00:00,10,Cyclonic,0.5174467586349689,1.28339015421736,83.38153391607497,144.45399481583982,61.07246089976485,0.016110203873096134,123.50236648283526,40.120832566760285,1
Coastal Andhra,2024-08-04 06:00:00,5,Monsoon,0.7973449899891593,1.6456238651898711,86.26567505904028,80.59335958314077,5.672315475899509,0.1498730093941171,34.252911656592275,52.012763402448,1
Rajasthan,2024-08-04 12:00:00,2,Heavy Rain,0.40359657799307336,11.586331072048843,31.45586511156239,24.240863177917284,7.215001933645105,0.12172851669144852,51.61259657803212,20.15673146646973,0
Maharashtra,2024-08-04 18:00:00,7,Heavy Rain,0.6697961404459585,10.659427038188197,15.740936073743866,16.693435440623063,0.9524993668791968,0.5121640585207273,0.0,15.740936073743866,0
West Bengal,2024-08-05 00:00:00,3,Monsoon,0.14519180931181547,12.051483787053588,78.970643141604,90.89514410063255,11.92450095902855,0.07737242646118876,88.23056501787462,9.259921876270624,0
Maharashtra,2024-08-05 06:00:00,4,Heavy Rain,0.6478198844763862,5.14320180096373,122.08118726009188,162.38932649634918,40.308139236257304,0.024208304186267297,120.74592195652785,1.3352653035640287,0
Rajasthan,2024-08-05 12:00:00,3,Normal,0.23738768200054633,3.6434067698623225,25.358821321204772,11.126271092188402,14.23255022901637,0.06564888905438221,26.752345504713972,1.3935241835092,0
Karnataka,2024-08-05 18:00:00,3,Heavy Rain,0.8475249926030062,32.25619778108418,66.15210630636906,59.360888845140245,6.791217461228818,0.12834964560754047,44.70935519855818,21.442751107810885,0
Odisha,2024-08-06 00:00:00,4,Heavy Rain,0.4199045172224306,9.16933802726459,25.82447773253016,22.54471242535458,3.2797653071755803,0.2336576723782892,0.0,25.82447773253016,0
Coastal Andhra,2024-08-06 06:00:00,5,Normal,0.35339847645537614,3.2690938849503186,25.02742005334077,19.978101803351795,5.049318249988975,0.16530788407467611,34.440642845969734,9.413222792628964,0
Odisha,2024-08-06 12:00:00,1,Heat Wave,0.8568000790403365,21.962244912974246,50.70296228774447,31.729109507966793,18.973852779777676,0.050065453622069336,76.76321386376058,26.060251576016114,0
Telangana,2024-08-06 18:00:00,4,Monsoon,0.1451296207646292,19.839817329166497,22.994446842056245,21.703619644988855,1.2908271970673901,0.43652354105108987,75.71593950718243,52.72149266512618,0
Odisha,2024-08-07 00:00:00,8,Heavy Rain,0.4569479194009103,12.958530884483178,41.28131032274142,48.552459508013506,7.271149185272087,0.12090218391667229,34.7290392987713,6.552271023970121,0
Odisha,2024-08-07 06:00:00,10,Normal,0.4330031865175282,7.252554035632258,87.96572303548878,60.59604644560413,27.369676589884648,0.035248903766374094,92.3313518473296,4.365628811840821,0
Rajasthan,2024-08-07 12:00:00,7,Heavy Rain,0.35632033682459574,4.126944322782174,13.467221930956256,13.762730894018592,0.29550896306233554,0.7718973997958233,10.599049517929554,2.868172413026702,0
Rajasthan,2024-08-07 18:00:00,9,Normal,0.9205788988013294,5.805205972370796,71.51179509105428,79.01741171872196,7.505616627667678,0.11756937136657776,74.50186761188017,2.9900725208258905,0
Rajasthan,2024-08-08 00:00:00,5,Normal,0.77583555416505,18.01690058072953,48.17359067662398,67.96610824823523,19.79251757161125,0.048094224114800556,27.06184929977481,21.11174137684917,0
Maharashtra,2024-08-08 06:00:00,10,Heavy Rain,0.1575308477727449,4.581808748728361,56.37275930401276,65.3244428328535,8.951683528840746,0.1004855105271307,71.39047435025812,15.017715046245357,0
Telangana,2024-08-08 12:00:00,4,Normal,0.7432187044914587,2.765035427650997,45.269848573584866,44.30385020296,0.9659983706248667,0.5086474205378732,38.88002010419531,6.389828469389556,0
Karnataka,2024-08-08 18:00:00,8,Heavy Rain,0.5745692198159146,12.805468447516182,95.38094360844802,102.80739626135136,7.426452652903336,0.11867390006107134,96.60042998134095,1.2194863728929306,0
Karnataka,2024-08-09 00:00:00,9,Normal,0.9107811049614213,8.00596342897029,54.3865486047803,64.75726335463806,10.370714749857754,0.0879452191000139,83.6329732112573,29.246424606476992,0
Rajasthan,2024-08-09 06:00:00,7,Normal,0.38165105561352264,4.73515906257691,33.355664535365186,34.363236704412806,1.00757216904762,0.49811409792276307,46.70490181005789,13.349237274692705,0
Coastal Andhra,2024-08-09 12:00:00,7,Normal,0.6167457996486246,5.105531495732939,48.29223739271484,57.79063322676894,9.4983958340541,0.09525264771940269,27.63136671179298,20.660870680921857,0
Maharashtra,2024-08-09 18:00:00,5,Heat Wave,0.5506797472668874,0.967231101561806,32.11313602409153,29.44419751133646,2.668938512755073,0.2725583970741122,15.709136909068715,16.403999115022817,0
Tamil Nadu,2024-08-10 00:00:00,4,Heavy Rain,0.5406048156048452,5.406233939399944,26.306366260524683,34.2011690205187,7.894802759994015,0.11242520233249927,8.52427591586044,17.782090344664244,0
Coastal Andhra,2024-08-10 06:00:00,10,Monsoon,0.5104948595654913,16.893408345468043,82.80812099707232,72.25769033886547,10.55043065820685,0.08657685843856192,89.73708190876232,6.928960911689998,0
West Bengal,2024-08-10 12:00:00,1,Normal,0.2850665279790532,3.687285050878821,32.22932918347382,26.703912864911775,5.525416318562048,0.1532469272735018,51.890650621941546,19.661321438467724,0
West Bengal,2024-08-10 18:00:00,10,Normal,0.7801389302431535,35.71997510459401,10.922593525393543,9.644267012525608,1.2783265128679346,0.43891865119069784,84.50261053358284,73.5800170081893,0
Coastal Andhra,2024-08-11 00:00:00,10,Heat Wave,0.5062024294653599,8.133807983997121,56.75841569861311,42.9883875274417,13.770028171171411,0.0677046779065615,65.32176292050832,8.563347221895206,0
Rajasthan,2024-08-11 06:00:00,7,Normal,0.9626646475023451,2.147314944702111,33.51779881491868,39.839863330142855,6.322064515224177,0.13657350299506113,71.6527787550597,38.13497994014102,1
Tamil Nadu,2024-08-11 12:00:00,1,Normal,0.3347275844734987,9.796260986419716,106.5300236296078,64.65065512662672,41.87936850298108,0.023321238976046897,92.31803524157434,14.211988388033461,0
Tamil Nadu,2024-08-11 18:00:00,1,Heavy Rain,0.714469455664337,3.6763280842246564,62.74804212794089,55.94890391069941,6.7991382172414845,0.1282192945099125,78.50661355171721,15.758571423776317,0
Maharashtra,2024-08-12 00:00:00,5,Normal,0.9466453716751976,13.018379618390615,103.3506431456427,111.73270743099305,8.382064285350339,0.10658635131731659,110.86834827184771,7.517705126205001,0
Tamil Nadu,2024-08-12 06:00:00,9,Monsoon,0.6971124907144832,18.83292633787813,70.50087968063401,70.71421112961322,0.2133314489792042,0.8241771041551066,0.0,70.50087968063401,1
West Bengal,2024-08-12 12:00:00,6,Heavy Rain,0.8841456168556552,14.899980574562253,84.17336737376797,83.29082628229938,0.882541091468596,0.5311969042969927,42.242777729045585,41.93058964472239,0
Telangana,2024-08-12 18:00:00,3,Normal,0.8447328637813055,14.659353212599926,54.80832360816571,52.85438884516018,1.9539347630055275,0.33853151143478005,46.508116439250536,8.300207168915172,0
Rajasthan,2024-08-13 00:00:00,3,Normal,0.4241059439401035,5.814645462758782,73.42632847786602,76.4452120035575,3.0188835256914786,0.24882532514498354,70.2208308863339,3.205497591532122,0
Tamil Nadu,2024-08-13 06:00:00,7,Normal,0.6401115459455469,3.7698280001546887,23.728025471662338,17.78028733719367,5.947738134468668,0.14393173442143203,40.414247653147385,16.686222181485046,0
Maharashtra,2024-08-13 12:00:00,6,Cyclonic,0.24063520583022005,11.95855889796363,70.29047891427123,61.86589415688074,8.424584757390491,0.10610547050530035,44.5822586383878,25.708220275883434,0
West Bengal,2024-08-13 18:00:00,9,Monsoon,0.5819732944260396,4.02987838799363,15.493683177942458,14.496265558882403,0.9974176190600552,0.5006464298991115,8.719239957823248,6.77444322011921,0
Telangana,2024-08-14 00:00:00,6,Normal,0.3073797746329035,5.979876199526356,41.37942610064803,46.0949369012347,4.715510800586671,0.17496248977385445,43.77420519018855,2.3947790895405205,0
Odisha,2024-08-14 06:00:00,5,Normal,0.769363133457201,4.167247710641233,28.679677327390362,35.440776753099684,6.761099425709322,0.12884772441999806,15.335935959196298,13.343741368194063,0
Odisha,2024-08-14 12:00:00,10,Monsoon,0.5752525797029121,4.612959707690319,50.89906830054181,49.21846879562112,1.6805995049206928,0.37305087841892504,28.44719855888035,22.451869741661465,0
Telangana,2024-08-14 18:00:00,7,Heavy Rain,0.4701046263684945,12.63654997278808,31.652929500211165,37.463677682196895,5.81074818198573,0.14682674697105624,64.91370473706391,33.260775236852744,0
West Bengal,2024-08-15 00:00:00,1,Normal,0.3419173865502798,4.380759225318186,15.9787579139193,16.337041332465372,0.3582834185460726,0.7362233730795413,7.001018717560582,8.977739196358717,0
Maharashtra,2024-08-15 06:00:00,7,Normal,0.9988286336571581,12.802966308788662,14.827012758733568,14.565199608127001,0.2618131506065673,0.7925103645649034,17.469712329079073,2.6426995703455045,0
Telangana,2024-08-15 12:00:00,3,Normal,0.16453946879643944,18.76277393624911,17.098055666990025,20.45105428100447,3.352998614014446,0.22972669846034585,15.611842476353058,1.4862131906369669,0
Rajasthan,2024-08-15 18:00:00,9,Monsoon,0.13920461251517802,5.265517511182958,51.77197703634741,33.03619053830188,18.735786498045528,0.05066937667262624,85.64193384193587,33.86995680558846,1
Rajasthan,2024-08-16 00:00:00,6,Heat Wave,0.2955316604444781,3.1564049882623757,53.03267767609685,58.895386630993045,5.862708954896192,0.14571505313314376,77.90207119929389,24.869393523197033,1
Odisha,2024-08-16 06:00:00,9,Normal,0.9739652127650377,16.254336581764875,31.574801182511578,26.162428408775906,5.412372773735672,0.1559485131768825,82.95154873929354,51.376747556781964,1
Tamil Nadu,2024-08-16 12:00:00,5,Heavy Rain,0.981314351487986,10.255412365730773,57.98218517847495,73.03734899058584,15.05516381211089,0.06228525673750336,0.0,57.98218517847495,1
Maharashtra,2024-08-16 18:00:00,7,Normal,0.6894349612949223,4.273376060375712,38.678148875155955,32.31677870351189,6.361370171644062,0.13584427581865016,0.0,38.678148875155955,1
Odisha,2024-08-17 00:00:00,4,Normal,0.8920960004857642,6.237579494996668,55.35860156405913,51.061574844678084,4.297026719381044,0.18878515306353782,92.49788511798131,37.13928355392218,1
Tamil Nadu,2024-08-17 06:00:00,7,Normal,0.2925655577567159,10.895434116574464,43.11617466013211,26.249236042302726,16.866938617829383,0.05596929733681975,75.61111226067806,32.494937600545946,0
Tamil Nadu,2024-08-17 12:00:00,1,Monsoon,0.9748378847589612,1.8724572170094849,71.9789890257569,78.58854977368374,6.609560747926835,0.1314136299223897,82.7242205141182,10.745231488361298,0
Karnataka,2024-08-17 18:00:00,7,Heavy Rain,0.2285063651256082,24.19104248858705,23.42406502815574,20.978522681161188,2.4455423469945536,0.29023007099949616,0.0,23.42406502815574,0
Rajasthan,2024-08-18 00:00:00,8,Heavy Rain,0.19101266936349245,15.346201847801915,9.322541634814428,8.070525164209903,1.2520164706045254,0.44404648591737994,0.0,9.322541634814428,0
West Bengal,2024-08-18 06:00:00,5,Normal,0.2009903853225456,8.258614800222434,38.940643043571114,39.207356612186125,0.2667135686150104,0.7894444527766229,4.172150152544297,34.76849289102682,1
Coastal Andhra,2024-08-18 12:00:00,2,Normal,0.6158151309453082,23.381229721229996,46.100469697671315,26.853769346214122,19.246700351457193,0.04939076405741483,53.434201566271945,7.33373186860063,0
West Bengal,2024-08-18 18:00:00,5,Normal,0.8028769606462471,20.856813516075974,19.65838289046552,16.25153623389234,3.4068466565731796,0.22691962710080155,40.27361802167968,20.61523513121416,0
Coastal Andhra,2024-08-19 00:00:00,6,Monsoon,0.43000046008716986,7.034441739051619,22.32628482348784,21.286528495490348,1.039756327997491,0.49025463790654805,20.8958814908707,1.4304033326171393,0
Telangana,2024-08-19 06:00:00,2,Normal,0.9801063890075139,6.6107581219699965,61.694096767709354,84.28497891995036,22.590882152241008,0.042389258423937544,65.18189039425582,3.4877936265464626,0
Rajasthan,2024-08-19 12:00:00,6,Monsoon,0.49097812430649657,6.822800118651858,62.71294296527343,65.5882382740472,2.8752953087737723,0.2580448508623261,63.43283679661241,0.719893831338986,0
Tamil Nadu,2024-08-19 18:00:00,6,Normal,0.23540369569589467,12.23180808216828,37.794552303541884,41.536653746695215,3.742101443153331,0.2108769734236295,35.66317380801784,2.1313784955240465,0
Maharashtra,2024-08-20 00:00:00,1,Normal,0.519370073367523,11.554168815842287,12.067561392991614,12.254475665812137,0.1869142728205233,0.8425208314528482,0.0,12.067561392991614,0
Coastal Andhra,2024-08-20 06:00:00,1,Heavy Rain,0.7111334488801959,1.2763942040986462,60.20398687542719,111.52388268676745,51.31989581134026,0.019113187908590054,58.07136570967869,2.1326211657485032,0
West Bengal,2024-08-20 12:00:00,10,Normal,0.8490032024539408,10.989806030567731,45.769459638219566,56.054251822723685,10.28479218450412,0.08861483522693177,80.51893061120046,34.749470972980895,0
Tamil Nadu,2024-08-20 18:00:00,3,Normal,0.5128914609609336,10.940221991162101,29.090046082754792,14.304481092283677,14.785564990471116,0.06334901542033151,34.35578932843347,5.265743245678674,0
Coastal Andhra,2024-08-21 00:00:00,10,Normal,0.6342461434442507,6.880859146612888,76.6998880451615,80.96248263460222,4.262594589440724,0.19002033749787173,56.34342241326682,20.35646563189468,0
Coastal Andhra,2024-08-21 06:00:00,10,Monsoon,0.34061024094296805,8.644863927990784,5.31941859994542,6.769349949269168,1.449931349323748,0.4081747026405572,0.0,5.31941859994542,0
Karnataka,2024-08-21 12:00:00,3,Monsoon,0.6813248737649626,1.5831918853907299,41.46881899097696,26.42757138441104,15.041247606565925,0.06233929084111169,30.492600652149214,10.97621833882775,0
Coastal Andhra,2024-08-21 18:00:00,4,Normal,0.9873747495553094,2.6882091612299757,60.69236864082988,62.28460804111928,1.5922394002893938,0.38576683923883015,96.698449081094,36.006080440264114,1
Maharashtra,2024-08-22 00:00:00,2,Heavy Rain,0.14414821532901448,4.025303555819936,15.60476551072796,13.505717474076487,2.0990480366514728,0.32267973525202337,34.69156610740858,19.086800596680625,0
Rajasthan,2024-08-22 06:00:00,9,Normal,0.897877603634651,12.348604084060252,14.370845929253516,11.300378203919546,3.0704677253339696,0.24567201301613392,18.63309740828522,4.262251479031704,0
Maharashtra,2024-08-22 12:00:00,10,Normal,0.6060542524907705,19.38549806998126,112.34754751931932,149.87078551416178,37.52323799484246,0.02595835791721042,97.19644525436848,15.151102264950836,0
Odisha,2024-08-22 18:00:00,7,Normal,0.3268887936060699,11.774964622308035,62.25234634212501,51.932457970802076,10.319888371322932,0.08834009375333902,80.7933260830917,18.54097974096669,0
Tamil Nadu,2024-08-23 00:00:00,7,Cyclonic,0.9594007390083321,9.004658673336879,95.79311349060379,80.13296507823539,15.6601484123684,0.06002347489639442,23.35925678455682,72.43385670604697,1
Rajasthan,2024-08-23 06:00:00,6,Normal,0.5350188727530091,13.690078607249488,73.35140583809896,56.82401528734896,16.527390550749992,0.05705355837793038,60.2289869168247,13.122418921274253,0
Karnataka,2024-08-23 12:00:00,3,Normal,0.39852122650604704,0.4411246690564521,52.37661497018861,38.126749761576164,14.249865208612448,0.06557435008902533,58.33695269276112,5.960337722572511,0
Rajasthan,2024-08-23 18:00:00,6,Normal,0.26334786544375705,18.319327002177815,121.33910728749676,104.76187935427615,16.577227933220612,0.056891792255252024,56.50524237710262,64.83386491039414,1
Rajasthan,2024-08-24 00:00:00,8,Normal,0.3200069892309959,7.419083964071804,48.80633160958886,41.534721171632896,7.271610437955964,0.12089544200622614,58.83863995203856,10.032308342449703,0
West Bengal,2024-08-24 06:00:00,8,Heavy Rain,0.8495641374322983,16.770999536622725,39.27247309992631,27.60989012448565,11.66258297544066,0.07897282899859535,56.12170702616338,16.84923392623707,0
Rajasthan,2024-08-24 12:00:00,9,Normal,0.6529690083854492,13.074033166429132,73.40232242740231,72.89999633917112,0.502326088231186,0.665634450359165,85.83099757131085,12.428675143908535,0
Karnataka,2024-08-24 18:00:00,1,Normal,0.9219210575394845,4.270620703040928,77.50986574661297,28.48879544278709,49.02107030382588,0.01999157542863521,76.81228588146159,0.6975798651513827,0
Maharashtra,2024-08-25 00:00:00,1,Heavy Rain,0.3087716069420072,9.861593058281127,57.210101219470175,58.66279419235396,1.4526929728837814,0.40771511601969435,75.4707570844588,18.26065586498862,0
Rajasthan,2024-08-25 06:00:00,3,Normal,0.20902471646401133,4.6061951936657355,29.06673570064696,36.161266992104274,7.094531291457315,0.12354019818977845,20.728284118470214,8.338451582176745,0
Telangana,2024-08-25 12:00:00,3,Monsoon,0.105478777878031,11.467573711369381,73.20572860292597,63.49226545608172,9.713463146844255,0.09334049935986935,57.853240587096415,15.352488015829557,0
Tamil Nadu,2024-08-25 18:00:00,10,Heavy Rain,0.5570758338543944,26.14391144394896,28.673534037865814,31.211795056349,2.538261018483187,0.2826247116242116,0.0,28.673534037865814,0
Rajasthan,2024-08-26 00:00:00,8,Normal,0.9984762373437893,11.50429147514865,44.03243122451704,41.2525445094456,2.7798867150714415,0.2645581932423336,58.4113183800504,14.378887155533363,0
Tamil Nadu,2024-08-26 06:00:00,10,Monsoon,0.725468741936775,4.100668412751663,22.260258742890837,35.348892107849075,13.088633364958238,0.07097920529944632,38.44677802690264,16.186519284011805,0
Telangana,2024-08-26 12:00:00,1,Normal,0.3775551327686315,15.359940204297128,23.349234875638665,29.03026941407374,5.681034538435075,0.14967741810750076,13.717071859099102,9.632163016539563,0
Telangana,2024-08-26 18:00:00,2,Heavy Rain,0.8891727247235546,3.9000666318774595,6.818989429582278,5.3419400923324645,1.477049337249814,0.40370612928940164,1.4997710287177082,5.31921840086457,0
Tamil Nadu,2024-08-27 00:00:00,2,Normal,0.8035500393891637,18.856371724908556,38.50590562245727,50.9388323856629,12.432926763205629,0.07444394044781946,57.80686020175543,19.300954579298157,0
Coastal Andhra,2024-08-27 06:00:00,3,Normal,0.11387364946888534,3.2869504137826615,53.42349178018562,85.62716282545692,32.2036710452713,0.030117151764229848,72.67266884692637,19.24917706674075,0
Odisha,2024-08-27 12:00:00,6,Heavy Rain,0.8351744324869202,17.17757865603209,118.62129784863058,112.20005040658525,6.421247442045328,0.13474823576619563,134.98606440452983,16.36476655589925,0
West Bengal,2024-08-27 18:00:00,1,Cyclonic,0.37047408151464645,5.39380071425261,26.95416203481691,30.234548997702156,3.2803869628852453,0.2336237374496483,17.509492266215613,9.444669768601297,0
Coastal Andhra,2024-08-28 00:00:00,2,Heat Wave,0.234706118125241,12.371726606768188,45.06281664308263,56.473843529009386,11.41102688592676,0.08057351008834977,36.74727056932866,8.315546073753964,0
Coastal Andhra,2024-08-28 06:00:00,1,Heavy Rain,0.3036977557633671,15.469817595741969,39.88342209935193,28.72170736355034,11.161714735801592,0.08222524715665343,71.43203475784885,31.54861265849692,0
Maharashtra,2024-08-28 12:00:00,5,Normal,0.5217218239376251,9.771777253554381,54.74392808861104,29.64129364653086,25.102634442080184,0.038310309337508675,37.45643521139778,17.28749287721326,0
West Bengal,2024-08-28 18:00:00,7,Normal,0.4823811343612099,5.9146066920794285,34.74719070167629,36.133327525268044,1.3861368235917553,0.41908745136196357,0.0,34.74719070167629,1
West Bengal,2024-08-29 00:00:00,8,Normal,0.3599985694368041,10.050503545828416,62.99146505249058,50.04277761348525,12.948687439005333,0.07169133327940633,71.1899791287506,8.198514076260011,0
Coastal Andhra,2024-08-29 06:00:00,10,Heavy Rain,0.25499648998632946,7.418986337324656,21.192187352617292,20.036064509112922,1.1561228435043702,0.4637954664840381,27.963633666651166,6.771446314033874,0
Rajasthan,2024-08-29 12:00:00,1,Normal,0.7860077106779524,8.457906517433058,42.52097395392362,53.41530327640371,10.89432932248009,0.084073676866338,51.49984818853415,8.97887423461053,0
Maharashtra,2024-08-29 18:00:00,7,Heat Wave,0.9910988053614254,1.875245443618537,52.87916346399818,60.34834949791685,7.4691860339186675,0.11807510143183181,63.61425200096386,10.735088536965677,0
Maharashtra,2024-08-30 00:00:00,5,Normal,0.8000124223777214,13.425998678881374,80.2764084848528,91.47771696411833,11.201308479265535,0.08195842287729747,49.003046955797046,31.273361529055748,0
Telangana,2024-08-30 06:00:00,10,Normal,0.3663432709043871,9.557929735202139,63.721776222968444,61.67272667429906,2.0490495486693874,0.3279710559103254,84.25211310845641,20.53033688548797,0
Karnataka,2024-08-30 12:00:00,1,Normal,0.32032806527092006,1.3951557512151496,41.88935869198506,35.14096933971423,6.748389352270827,0.12905907983404694,39.941402859948695,1.9479558320363637,0
West Bengal,2024-08-30 18:00:00,3,Monsoon,0.29589928845934443,6.227106350357838,23.3732758339602,19.231648793853793,4.141627040106407,0.19449096408581687,28.08022189180488,4.706946057844679,0
Coastal Andhra,2024-08-31 00:00:00,7,Monsoon,0.22302556704013266,0.8403482995776358,127.41566860233152,182.9605088392522,55.54484023692069,0.017685079590110057,123.54875788679632,3.866910715535198,0
Telangana,2024-08-31 06:00:00,10,Heavy Rain,0.5961974947230712,8.601982243328797,25.773688871876832,40.31089415412077,14.537205282243935,0.06436163916446476,37.168711778244756,11.395022906367924,0
Tamil Nadu,2024-08-31 12:00:00,1,Normal,0.6448603347580097,12.108305275160067,16.76512139931254,21.286765426157015,4.5216440268444735,0.18110548147224245,2.5724307455656064,14.192690653746935,0
Odisha,2024-08-31 18:00:00,7,Monsoon,0.7349523945968235,4.751205368039177,27.731097011928515,25.78405564123561,1.9470413706929044,0.33932336679918457,0.0,27.731097011928515,1
Karnataka,2024-09-01 00:00:00,5,Normal,0.7121920338403012,4.4553838662008225,14.173789789535324,10.23050084384469,3.943288945690634,0.20229446649517846,6.590341934292165,7.583447855243159,0
Karnataka,2024-09-01 06:00:00,1,Cyclonic,0.3630999801550442,5.9652334009426475,52.505895805815996,88.22478438473958,35.71888857892358,0.027233939770551604,56.47625111987259,3.9703553140565973,0
Karnataka,2024-09-01 12:00:00,1,Heavy Rain,0.3972799048571619,4.43255107955527,41.7120324901697,46.43740613655019,4.72537364638049,0.1746610896971218,30.16464397467898,11.547388515490717,0
Maharashtra,2024-09-01 18:00:00,1,Normal,0.713363081898104,3.7582302636367104,36.11687459362264,40.016198654939664,3.8993240613170244,0.20410978891875595,46.560593372628695,10.443718779006055,0
Tamil Nadu,2024-09-02 00:00:00,9,Heavy Rain,0.41450287670526553,1.1674076504237372,39.078658280410764,33.239626835438244,5.83903144497252,0.14621953533129547,26.416151805601267,12.662506474809497,0
Karnataka,2024-09-02 06:00:00,3,Monsoon,0.29136087065738175,4.3073984252462125,28.970055700057106,33.95401623561055,4.983960535553447,0.16711340157718999,37.09605824155952,8.126002541502412,0
Tamil Nadu,2024-09-02 12:00:00,5,Normal,0.4369025383270656,1.939882331453524,8.497430735301068,8.056025767978255,0.4414049673228124,0.6937675550385718,5.119344944403684,3.3780857908973836,0
Rajasthan,2024-09-02 18:00:00,10,Cyclonic,0.3448757418201799,18.272036033656242,73.49264990998283,54.100440894901865,19.392209015080965,0.04903833612437253,122.88771026156948,49.39506035158665,0
Karnataka,2024-09-03 00:00:00,9,Normal,0.17948144909672004,20.517060712546012,30.891171968194193,28.276368069790127,2.614803898404066,0.2766401796903836,0.0,30.891171968194193,0
Odisha,2024-09-03 06:00:00,6,Normal,0.8471250120489882,11.607068301283327,14.675416804976187,16.15393638379221,1.478519578816023,0.4034666534600042,48.570774726373685,33.8953579213975,0
Tamil Nadu,2024-09-03 12:00:00,9,Normal,0.8678002502413327,17.654375578693475,10.620546849762668,14.691711519561476,4.071164669798808,0.1971933599308014,15.088689390509945,4.468142540747277,0
Tamil Nadu,2024-09-03 18:00:00,8,Normal,0.29777527015019156,3.996172435527912,90.0021125441142,54.568661074153205,35.43345146996099,0.027447303498667693,118.90956122568628,28.907448681572077,1
Odisha,2024-09-04 00:00:00,8,Heavy Rain,0.15829497957268157,12.029637812730831,33.25382999910416,22.955044289546336,10.298785709557826,0.08850508591857652,0.0,33.25382999910416,0
Karnataka,2024-09-04 06:00:00,1,Normal,0.7649446936160615,11.803991355064333,32.69652481199842,29.209582647686435,3.486942164311987,0.22286893019342865,3.8177535106308227,28.8787713013676,0
Odisha,2024-09-04 12:00:00,9,Monsoon,0.2903757632770724,10.165506082886997,56.37439929941532,43.18304739746415,13.191351901951172,0.0704654501494329,93.63664975365904,37.26225045424372,1
Tamil Nadu,2024-09-04 18:00:00,6,Normal,0.45409194049317425,5.822428166200369,29.088799344729548,29.10705118339685,0.018251838667303844,0.9820753197055927,22.810814238217716,6.2779851065118315,0
Odisha,2024-09-05 00:00:00,9,Heat Wave,0.15772172701364495,8.137411738259619,13.900838950673272,12.1917375133746,1.7091014372986724,0.36912608226184784,21.51961044417595,7.618771493502678,0
Tamil Nadu,2024-09-05 06:00:00,3,Heavy Rain,0.30364262628259164,9.868816801085764,27.054393414225917,27.89763244291043,0.8432390286845148,0.5425232346092852,16.24494059159569,10.809452822630227,0
Tamil Nadu,2024-09-05 12:00:00,3,Monsoon,0.8136120504966722,9.698027672468779,48.823517616495245,50.867708370162525,2.04419075366728,0.3284945264337718,5.558396327229353,43.26512128926589,1
Rajasthan,2024-09-05 18:00:00,6,Normal,0.8239568022236816,3.5526679576947906,26.909599989607642,17.801390209468696,9.108209780138946,0.09892948620485141,18.17461523649157,8.734984753116073,0
Coastal Andhra,2024-09-06 00:00:00,9,Normal,0.2863763423989394,19.66994836209525,22.63792059646995,21.456121702390917,1.1817988940790336,0.45833738513379957,44.66460429124503,22.026683694775077,0
Tamil Nadu,2024-09-06 06:00:00,7,Normal,0.4023224605960206,8.63961046982699,18.680098431555162,14.950153206127014,3.729945225428148,0.2114189387699477,33.62678544776813,14.946687016212966,0
Karnataka,2024-09-06 12:00:00,3,Heavy Rain,0.2208145771843692,14.041290872178497,53.267482845905846,68.42443820178708,15.156955355881237,0.06189284911504032,61.27924980321878,8.011766957312936,0
Telangana,2024-09-06 18:00:00,3,Cyclonic,0.16675536725643014,5.168025514991563,47.953591945225575,39.80558261377401,8.148009331451568,0.10931339964443654,61.66754182295506,13.713949877729483,0
Maharashtra,2024-09-07 00:00:00,2,Normal,0.9929545430035686,11.482552297698119,57.65283153369364,50.51779603798339,7.135035495710255,0.12292509363079206,40.42857881946604,17.224252714227603,0
West Bengal,2024-09-07 06:00:00,9,Normal,0.6900345561203552,9.092664200118762,36.25884286866702,28.03041263696344,8.228430231703577,0.10836079104380887,12.31020903063386,23.948633838033157,0
Coastal Andhra,2024-09-07 12:00:00,3,Cyclonic,0.5878868582784869,3.902468676410504,30.644115716243245,30.415308048156586,0.22880766808665953,0.8137970049918966,0.0,30.644115716243245,1
Coastal Andhra,2024-09-07 18:00:00,5,Normal,0.7889486503647696,8.231903118467825,23.490640016065058,22.597142904042396,0.8934971120226614,0.5281233299224762,33.295484211601135,9.804844195536077,0
Coastal Andhra,2024-09-08 00:00:00,9,Monsoon,0.8560694437189517,6.413905900068995,33.441372695715465,45.829802850376936,12.38843015466147,0.07469135577869288,0.0,33.441372695715465,1
Rajasthan,2024-09-08 06:00:00,8,Heavy Rain,0.8260432912402548,6.95401321739536,11.199682420945416,11.114796464995173,0.08488595595024329,0.9217558716797174,0.0,11.199682420945416,0
Tamil Nadu,2024-09-08 12:00:00,2,Monsoon,0.11488550436088896,15.815768708012996,50.273711284071176,67.18282576059434,16.909114476523165,0.05583748997254373,74.90988340863252,24.636172124561348,0
Rajasthan,2024-09-08 18:00:00,3,Normal,0.26812710837144865,7.523299604922659,31.346242049414673,43.40100577237559,12.054763722960917,0.07660039057169489,37.91416792664306,6.567925877228387,0
Tamil Nadu,2024-09-09 00:00:00,2,Normal,0.6894147719060479,15.159833351289107,78.86730592684522,71.8929545167033,6.974351410141921,0.12540204821274648,81.12244810019322,2.2551421733480055,0
Karnataka,2024-09-09 06:00:00,8,Heavy Rain,0.43818341302356667,12.281307461341155,40.1339950131956,38.37802548222902,1.7559695309665813,0.36284871395123053,10.894667424690326,29.239327588505276,0
Rajasthan,2024-09-09 12:00:00,6,Heat Wave,0.9842343859549962,8.923565681393622,8.281990863312515,7.093959900763043,1.1880309625494725,0.4570319237323816,0.0,8.281990863312515,0
Rajasthan,2024-09-09 18:00:00,6,Normal,0.6988643133744287,16.441239673959448,46.20480250948293,32.023273446653675,14.181529062829256,0.06586951787672159,93.9803207713114,47.775518261828466,0
Maharashtra,2024-09-10 00:00:00,9,Normal,0.9608940178562858,15.556738186188717,129.45741378108434,205.7900126578441,76.33259887675976,0.012931157293622562,152.76454835090286,23.307134569818516,0
Telangana,2024-09-10 06:00:00,8,Heavy Rain,0.28130183348121446,8.937891699944092,53.155872351440976,45.600849202315,7.555023149125979,0.11689039089300005,18.123573959492482,35.032298391948494,1
Rajasthan,2024-09-10 12:00:00,4,Heat Wave,0.8775613253035207,9.45157386276177,67.01000766108854,51.90412791622628,15.105879744862257,0.062089126197468224,90.7878392045292,23.77783154344067,0
Maharashtra,2024-09-10 18:00:00,4,Monsoon,0.38921707523370286,16.56229505565689,83.97175711028687,61.702051140457485,22.26970596982939,0.04297432899653145,62.2306338634001,21.741123246886772,0
Odisha,2024-09-11 00:00:00,9,Heat Wave,0.9906083274140262,12.83423257602622,21.991070139714456,18.55287379779477,3.438196341919685,0.22531675549249422,0.0,21.991070139714456,0
Telangana,2024-09-11 06:00:00,1,Normal,0.2419198048658326,19.532462558303347,37.274924193390746,34.44564751861913,2.829276674771613,0.2611459251791051,24.706954150590768,12.567970042799978,0
Karnataka,2024-09-11 12:00:00,2,Normal,0.564705836954494,7.402304437209894,22.820010721823284,29.90932547834064,7.089314756517357,0.1236198652295394,10.592065246183626,12.227945475639658,0
Rajasthan,2024-09-11 18:00:00,2,Heavy Rain,0.8135600804534098,3.0078651160674665,62.17233290401534,90.3477631420463,28.175430238030962,0.034275415712515286,71.88814484753996,9.71581194352462,0
West Bengal,2024-09-12 00:00:00,6,Monsoon,0.48937823254363233,4.6243058853180345,23.029722670891793,11.045932125640718,11.983790545251075,0.0770191105990814,29.65942441395552,6.629701743063727,0
Coastal Andhra,2024-09-12 06:00:00,4,Normal,0.521275654168882,1.2848630832115262,36.059655231819924,50.37192166322877,14.312266431408844,0.06530711860843663,41.205617441686634,5.14596220986671,0
Odisha,2024-09-12 12:00:00,10,Normal,0.9877202159551669,4.368002651199859,65.44447035897778,92.89226124798482,27.447790889007038,0.03515211440851901,58.45324096777825,6.991229391199532,0
Odisha,2024-09-12 18:00:00,3,Monsoon,0.48277733527103805,12.736286738423878,61.73682456703652,52.16886274602889,9.567961821007628,0.09462562572965962,113.43863562975011,51.70181106271359,1
Karnataka,2024-09-13 00:00:00,3,Normal,0.6436648905391572,7.497026196219174,45.66381521946034,35.26441475794444,10.399400461515903,0.08772391174219868,36.993221854879444,8.670593364580895,0
Maharashtra,2024-09-13 06:00:00,3,Normal,0.14908569460763565,3.8744894340044427,84.55753791692356,95.58997245032393,11.032434533400362,0.08310870067268093,66.94289274028074,17.614645176642824,0
Odisha,2024-09-13 12:00:00,6,Heavy Rain,0.857989072189234,5.271021641636645,65.22841449157139,54.822102450776164,10.406312040795221,0.08767075601854939,58.6167891725017,6.611625319069688,0
Telangana,2024-09-13 18:00:00,8,Heavy Rain,0.6833512440815891,10.172569386073551,27.1433726095295,37.308102480147475,10.164729870617975,0.08956777383675735,31.81689451248325,4.673521902953748,0
Rajasthan,2024-09-14 00:00:00,7,Monsoon,0.4636180925765322,5.496525379187492,14.324192370942955,16.08197572467359,1.7577833537306358,0.36261006458220657,12.334122436686503,1.9900699342564518,0
Rajasthan,2024-09-14 06:00:00,4,Normal,0.11455258595906778,6.85424437885774,21.176834740134154,17.183000206441022,3.993834533693132,0.20024692313152428,14.383113408061103,6.793721332073051,0
West Bengal,2024-09-14 12:00:00,4,Heavy Rain,0.6325019385341535,2.003553750200298,67.796341412658,72.7512420230315,4.9549006103735,0.1679289152631682,41.23779075800388,26.558550654654113,1
Karnataka,2024-09-14 18:00:00,10,Heavy Rain,0.11139204563574598,17.99445335499677,52.758939760205635,53.68597302963606,0.9270332694304244,0.5189324003189479,55.35607070574849,2.597130945542858,0
Coastal Andhra,2024-09-15 00:00:00,2,Heavy Rain,0.10108325251811612,19.746556152147697,85.10768586873026,44.249047849173344,40.85863801955691,0.023889931620154164,88.86597771718938,3.7582918484591232,0
Maharashtra,2024-09-15 06:00:00,1,Heavy Rain,0.6544887059344192,4.060959293170873,56.273903736158,42.387704151635525,13.886199584522473,0.06717631282061563,82.01867768317021,25.744773947012213,1
Coastal Andhra,2024-09-15 12:00:00,9,Normal,0.27011536060109886,6.227381196135935,66.15467202747828,55.27597282565292,10.878699201825363,0.08418430191803604,65.12904828018526,1.0256237472930252,0
Odisha,2024-09-15 18:00:00,2,Normal,0.2726987947462858,1.1103473330834777,49.816281486553095,54.542456642247394,4.7261751556943,0.17463664187875333,60.42601984101973,10.609738354466636,0
Karnataka,2024-09-16 00:00:00,8,Normal,0.6879444092494693,16.997315939885965,26.42129444110771,30.16240781762724,3.741113376519529,0.21092092101246146,43.25379978347318,16.832505342365465,0
West Bengal,2024-09-16 06:00:00,9,Normal,0.14832746914543687,2.623830694234125,25.533357093732967,33.2351493852808,7.701792291547832,0.1149188542423971,9.218675722130694,16.314681371602273,0
Coastal Andhra,2024-09-16 12:00:00,4,Heavy Rain,0.38206500532710075,7.950247631862231,21.336602478176253,17.577729176560744,3.758873301615509,0.2101337725592583,0.0,21.336602478176253,0
Telangana,2024-09-16 18:00:00,8,Monsoon,0.23448871192781717,3.3630793808441544,26.471687061016098,16.663355636306434,9.808331424709664,0.0925212191137877,15.333245489605972,11.138441571410127,0
Rajasthan,2024-09-17 00:00:00,9,Monsoon,0.6221587328168805,8.091160265834395,86.4212081310495,68.12100922486603,18.300198906183468,0.05181293751742716,43.77579480782925,42.64541332322025,1
Odisha,2024-09-17 06:00:00,10,Monsoon,0.6955886392546562,14.83533568332769,61.01378322572462,50.24395070451081,10.769832521213814,0.08496297616789458,131.29476195738928,70.28097873166466,1
West Bengal,2024-09-17 12:00:00,10,Normal,0.7490222682391392,12.223713941833246,36.62569630097243,29.284166541541442,7.341529759430987,0.11988208743958428,0.0,36.62569630097243,0
Coastal Andhra,2024-09-17 18:00:00,5,Normal,0.3297080952267089,12.871985233168301,53.79133236267418,53.50090056100657,0.29043180166761573,0.7749344046757893,70.67681210472239,16.885479742048204,0
Maharashtra,2024-09-18 00:00:00,7,Normal,0.1803247764729256,2.3449837071030695,53.286984209069644,62.58851542796121,9.301531218891569,0.09707294757949574,48.52339262581871,4.7635915832509355,0
Telangana,2024-09-18 06:00:00,10,Normal,0.17081529124770806,7.7940283655662785,90.93757549154006,81.57436480781129,9.363210683728767,0.09649519155005656,106.2085258526664,15.270950361126339,0
Telangana,2024-09-18 12:00:00,4,Normal,0.48353639360565137,28.201383018652994,34.22224445819247,38.50940092461687,4.287156466424399,0.18913758394524693,25.572242846565395,8.650001611627076,0
Coastal Andhra,2024-09-18 18:00:00,1,Heavy Rain,0.9512599681564435,9.736007578538329,47.981820097827146,59.61803987895917,11.636219781132027,0.07913759156778565,47.48689141026843,0.4949286875587191,0
Rajasthan,2024-09-19 00:00:00,3,Heat Wave,0.2959561308223222,8.319709928280307,66.47148102832459,66.29625397005307,0.17522705827151697,0.8508994010661779,47.0729315270728,19.398549501251793,0
Coastal Andhra,2024-09-19 06:00:00,5,Normal,0.3310674412073944,6.653647039663253,26.237726221469586,18.77678214955427,7.460944071915318,0.11819012057050844,0.0,26.237726221469586,0
Odisha,2024-09-19 12:00:00,3,Normal,0.19079992189527306,9.082517402355975,95.5959887668424,88.9265012934377,6.6694874734047005,0.13038680921869633,83.84061124056954,11.755377526272852,0
Coastal Andhra,2024-09-19 18:00:00,7,Monsoon,0.6450132465045372,8.06969716651375,64.50612086093487,80.96190812518067,16.4557872642458,0.05728759092110798,68.27874890841551,3.7726280474806373,0
Telangana,2024-09-20 00:00:00,9,Normal,0.7118855865524574,25.030800450334493,21.19216600720136,24.531326556212825,3.3391605490114635,0.23045932242074274,0.0,21.19216600720136,0
West Bengal,2024-09-20 06:00:00,6,Monsoon,0.678638087344684,14.210188388209641,115.00668036356922,84.31952655695034,30.68715380661888,0.03155853018869489,172.915677070412,57.90899670684277,1
Coastal Andhra,2024-09-20 12:00:00,10,Monsoon,0.8750172187403031,7.352590566927168,84.66230195328352,109.58370561676429,24.921403663480774,0.038578157764228044,108.19234175736828,23.530039804084765,0
Rajasthan,2024-09-20 18:00:00,1,Heat Wave,0.5377832515234646,13.72215544455351,59.58831583527378,54.66326222043091,4.925053614842874,0.16877484407818627,64.24667201116368,4.6583561758898995,0
Karnataka,2024-09-21 00:00:00,7,Normal,0.221011336690358,4.3497925152181125,9.300696441804385,6.806426436177667,2.494270005626718,0.2861828073931694,14.105855023976723,4.8051585821723375,0
West Bengal,2024-09-21 06:00:00,3,Monsoon,0.3604646176339714,7.973883557018863,29.627343053154142,29.39100984415516,0.2363332089989818,0.8088434353467436,43.856789856311465,14.229446803157323,0
Maharashtra,2024-09-21 12:00:00,5,Heavy Rain,0.6961869760792166,5.495982081059783,45.8862847800707,28.39272346317592,17.493561316894784,0.05407287341062051,25.812050476485638,20.074234303585065,0
Tamil Nadu,2024-09-21 18:00:00,10,Heavy Rain,0.6518097763674039,13.088078640750279,48.152487488690305,55.97991914336944,7.827431654679138,0.113283233347939,48.247521649210455,0.09503416052015012,0
Coastal Andhra,2024-09-22 00:00:00,4,Normal,0.5779028167686663,7.539156681475444,43.55343440953263,56.0167343867646,12.46329997723197,0.07427599486686906,46.10848321624562,2.555048806712989,0
Rajasthan,2024-09-22 06:00:00,10,Normal,0.7146679768198184,8.985632245900394,16.872996059213772,12.649351293203143,4.223644766010629,0.19143721382181852,0.0,16.872996059213772,0
West Bengal,2024-09-22 12:00:00,5,Heavy Rain,0.6736517653359694,7.105274958290007,35.35111495032322,33.86336179296691,1.487753157356309,0.40196914112760374,48.560994133616376,13.209879183293154,0
Rajasthan,2024-09-22 18:00:00,5,Heavy Rain,0.8931924005184565,10.511125254165067,37.74621360198465,45.97124952225791,8.225035920273257,0.10840066192071572,1.0968814267801008,36.64933217520455,1
Maharashtra,2024-09-23 00:00:00,6,Monsoon,0.6274147397304669,13.23126524594925,7.722088974092581,5.1528404544989295,2.5692485195936516,0.28017102045722697,16.680576551174376,8.958487577081794,0
Telangana,2024-09-23 06:00:00,10,Monsoon,0.8007412228305009,19.787472793122056,59.30717367681963,41.19795492697502,18.109218749844608,0.05233076313013225,71.28582192892617,11.978648252106538,0
Rajasthan,2024-09-23 12:00:00,10,Monsoon,0.32383644036982107,6.591632440250565,101.9804154089506,95.93748463792568,6.042930771024928,0.141986345246224,125.88955584261552,23.909140433664916,0
West Bengal,2024-09-23 18:00:00,6,Normal,0.7103643261301612,3.545750410211701,39.50757181390682,36.75281295140811,2.7547588624987114,0.2663286875723682,70.50169146659368,30.994119652686862,1
Rajasthan,2024-09-24 00:00:00,8,Monsoon,0.9119747065444082,10.92147769768169,59.97731679832491,60.70910016607008,0.731783367745173,0.5774394295644645,86.12016783723917,26.14285103891426,0
Rajasthan,2024-09-24 06:00:00,8,Heavy Rain,0.44715909510984997,2.7574950696099103,21.5148757498391,20.94970270010438,0.5651730497347209,0.6389069886997407,73.10170474494956,51.58682899511046,1
Rajasthan,2024-09-24 12:00:00,9,Cyclonic,0.801193768604782,6.439098766330183,51.8450424638536,34.60917935267308,17.23586311118052,0.054836998605615424,39.523509219517884,12.321533244335718,0
Odisha,2024-09-24 18:00:00,8,Heat Wave,0.7523103710758918,2.0869910281977195,52.41763379652579,31.25383908511669,21.1637947114091,0.04511862760961403,61.51559635653648,9.097962560010686,0
Odisha,2024-09-25 00:00:00,2,Normal,0.15357357718464024,43.087571107243605,79.064086174752,53.01012041165447,26.053965763097537,0.0369631575923716,48.289226196521255,30.77485997823075,0
Telangana,2024-09-25 06:00:00,10,Monsoon,0.623357478661665,18.10627677778585,88.34077568439321,99.44730443475937,11.106528750366166,0.08260005990319517,119.94946014565654,31.608684461263337,0
Coastal Andhra,2024-09-25 12:00:00,1,Normal,0.21717041428072215,16.973013663187174,59.519627570817974,73.67152289691762,14.151895326099648,0.06599834400106147,63.279751663055414,3.76012409223744,0
Rajasthan,2024-09-25 18:00:00,10,Normal,0.9705872550075321,20.450757549918453,26.869565260186143,26.271800732270925,0.5977645279152171,0.6258744530427224,0.0,26.869565260186143,0
Maharashtra,2024-09-26 00:00:00,2,Heavy Rain,0.8302667524305906,15.729027671442513,26.17033791324196,30.819066805281917,4.6487288920399585,0.17703097796199316,0.0,26.17033791324196,0
Coastal Andhra,2024-09-26 06:00:00,2,Normal,0.19875142112240812,9.78021257296825,87.78845237941806,74.44068562352258,13.347766755895478,0.06969725790873352,86.11515012485722,1.6733022545608378,0
Maharashtra,2024-09-26 12:00:00,3,Monsoon,0.20957679788291056,9.984738012767046,12.325199961893226,11.193952212680166,1.1312477492130597,0.4692087066692454,31.16759326936417,18.842393307470942,0
Coastal Andhra,2024-09-26 18:00:00,10,Normal,0.6350264694213571,19.141625404607264,18.146921634703958,22.33961355623137,4.1926919215274125,0.19257834185276554,0.0,18.146921634703958,0
Telangana,2024-09-27 00:00:00,7,Normal,0.410400256755865,19.997523987179846,29.49097347882214,32.920858114206915,3.4298846353847736,0.22573951294628725,37.39534750072162,7.9043740218994785,0
Rajasthan,2024-09-27 06:00:00,2,Heavy Rain,0.13141527316579837,3.8300529341640743,56.81931169146169,59.32706376739588,2.507752075934185,0.2850828617166964,63.00101061069939,6.1816989192376965,0
Rajasthan,2024-09-27 12:00:00,1,Monsoon,0.5874773570497478,7.379549117287492,100.04095721757665,96.3541042360834,3.686852981493246,0.21336278392956906,75.39717774146044,24.643779476116208,0
Tamil Nadu,2024-09-27 18:00:00,6,Heat Wave,0.44906058971726226,8.755282834149236,104.9025480891374,74.52794698777126,30.37460110136614,0.03187291518923749,68.36176053133144,36.540787557805956,1
Maharashtra,2024-09-28 00:00:00,9,Monsoon,0.1909688431345684,16.061312413198397,5.796566422376321,5.920476414127248,0.12390999175092698,0.8897509652370925,35.56008608760778,29.763519665231456,0
Coastal Andhra,2024-09-28 06:00:00,3,Monsoon,0.8217283530303844,4.380778245403607,50.76647045995243,54.7000936835658,3.933623223613367,0.20269079227894582,9.380802657594465,41.385667802357965,1
Coastal Andhra,2024-09-28 12:00:00,6,Normal,0.9235690887509254,3.977064169810276,41.279195498963446,64.06655537051493,22.787359871551487,0.04203913361549429,43.43776418274149,2.158568683778043,0
Karnataka,2024-09-28 18:00:00,3,Normal,0.7809345406127169,2.550218697884735,23.701428842041302,23.233669654819504,0.4677591872217981,0.6813106732398103,10.280299704552537,13.421129137488766,0
Karnataka,2024-09-29 00:00:00,1,Normal,0.8401800790146495,5.5777069699306505,5.351154637979354,4.8566230527167615,0.49453158526259244,0.6691059659500591,0.0,5.351154637979354,0
Odisha,2024-09-29 06:00:00,5,Heavy Rain,0.29484151053950564,6.37925268922069,41.09156874920514,43.98713801070882,2.895569261503681,0.2567018920397791,44.79227973798254,3.700710988777402,0
Tamil Nadu,2024-09-29 12:00:00,10,Monsoon,0.3372156558267409,22.93973720615551,17.853978881146087,24.318583881524315,6.464605000378228,0.13396556146632413,6.781620956938903,11.072357924207184,0
West Bengal,2024-09-29 18:00:00,4,Normal,0.287674786269269,14.82591776868871,55.49915162440197,60.38418075816021,4.885029133758245,0.1699226932053247,41.85119778374561,13.647953840656356,0
Karnataka,2024-09-30 00:00:00,7,Monsoon,0.7885570882290076,16.055137164424234,43.592369526005996,41.64130621491344,1.951063311092554,0.3388609103170261,0.0,43.592369526005996,0
West Bengal,2024-09-30 06:00:00,6,Heavy Rain,0.9531253710410473,3.4375303217834103,9.446433111403788,7.592466543407251,1.8539665679965376,0.3503895284596807,8.772087221696003,0.6743458897077854,0
Odisha,2024-09-30 12:00:00,10,Normal,0.7451534860605123,7.04714324043699,36.69317797993,29.05612330248123,7.63705467744877,0.11578020949791902,12.844478323246115,23.848699656683884,0
Odisha,2024-09-30 18:00:00,7,Normal,0.8933200883916004,13.575136562593906,13.992123712505633,16.72455846632496,2.7324347538193283,0.26792162916624845,37.22586909730482,23.233745384799192,0
Odisha,2024-10-01 00:00:00,5,Monsoon,0.6748291853948553,9.23260213631934,49.304923832276025,45.75748727025508,3.547436562020941,0.2199041122094481,92.08979461704452,42.78487078476849,1
Maharashtra,2024-10-01 06:00:00,4,Monsoon,0.44889391050291916,11.997378147962491,63.03443130281011,94.66142926581618,31.62699796300607,0.030649464015470997,80.13276483214878,17.098333529338667,0
Maharashtra,2024-10-01 12:00:00,7,Cyclonic,0.4831854534372747,2.5936491135905677,32.26687372629822,32.94451669381535,0.67764296751713,0.5960743849330321,54.9602950899032,22.693421363604976,1
Telangana,2024-10-01 18:00:00,7,Normal,0.16778928895066436,8.956141654516841,85.22153396982347,95.6201179797209,10.398584009897434,0.08773019518316452,66.70244416125165,18.51908980857182,0
Telangana,2024-10-02 00:00:00,6,Heat Wave,0.12831147572142348,14.08385980914326,49.881874417408426,42.971202639853075,6.910671777555351,0.12641151448569288,51.60830605767114,1.7264316402627173,0
Odisha,2024-10-02 06:00:00,8,Normal,0.7259280437701696,3.5466275478791243,42.809652363959785,34.00805392748068,8.801598436479104,0.10202417559550793,57.76607207566243,14.956419711702644,0
Tamil Nadu,2024-10-02 12:00:00,4,Normal,0.4945860028100626,1.5468280252604254,43.285874879490976,51.551466414698275,8.2655915352073,0.1079261908103989,56.336668458546484,13.050793579055508,0
Coastal Andhra,2024-10-02 18:00:00,10,Heat Wave,0.5969935612491666,3.4156515323491683,36.684712231516826,47.65012857848229,10.965416346965462,0.08357419173747423,49.652491728047636,12.96777949653081,0
Maharashtra,2024-10-03 00:00:00,5,Normal,0.6018951228601747,18.974040632919454,35.761248272765926,26.876660810598295,8.88458746216763,0.10116760095728933,11.72051323358692,24.040735039179005,0
Tamil Nadu,2024-10-03 06:00:00,4,Monsoon,0.3496382319999713,2.9555355118080993,17.43887492468483,14.234630090244183,3.2042448344406456,0.2378548441822716,33.259749497392,15.820874572707172,0
Rajasthan,2024-10-03 12:00:00,1,Normal,0.5283032597465417,8.435639436518859,96.4105830305455,80.52963907041361,15.880943960131887,0.059238393443028003,98.20064829960144,1.790065269055944,0
Maharashtra,2024-10-03 18:00:00,8,Heavy Rain,0.523684199500932,1.4839528786720435,36.37770871312632,42.53135309013693,6.153644377010615,0.13978888903307252,47.6285548761135,11.25084616298718,0
Maharashtra,2024-10-04 00:00:00,1,Heat Wave,0.44958449910507137,3.9755965766051093,104.90766793974592,114.39506217424363,9.487394234497714,0.09535257068057519,100.28185985745343,4.625808082292494,0
Telangana,2024-10-04 06:00:00,5,Normal,0.8386078450609634,9.648012570422539,62.33640815155078,60.78943857396499,1.5469695775857844,0.392623456832915,17.441354166594245,44.89505398495653,1
Coastal Andhra,2024-10-04 12:00:00,6,Monsoon,0.5060476033188364,8.29208489804836,38.662464174425054,31.124288635376526,7.538175539048527,0.11712104013633777,56.6468061884445,17.984342014019447,0
Coastal Andhra,2024-10-04 18:00:00,6,Normal,0.6432800720553891,17.010803474163794,45.87162260307531,64.31102214689838,18.439399543823072,0.05144191813876026,37.2308658426061,8.640756760469209,0
Karnataka,2024-10-05 00:00:00,5,Heavy Rain,0.9059681083427434,11.145083768912807,63.03290798926976,78.43817668161464,15.405268692344876,0.060956026917536925,63.589576158726764,0.556668169457005,0
West Bengal,2024-10-05 06:00:00,3,Normal,0.8796102605730303,3.546196720502806,74.34605381723647,37.25887523094997,37.0871785862865,0.026255554680546897,83.12207885557659,8.776025038340123,0
West Bengal,2024-10-05 12:00:00,5,Normal,0.9013799834012486,6.964166451296389,42.34345453171883,51.41256946298977,9.069114931270946,0.09931359477230417,41.1436439241296,1.199810607589228,0
West Bengal,2024-10-05 18:00:00,8,Normal,0.3430044968185126,5.90626320677666,70.4945957307284,65.40715727865502,5.0874384520733855,0.1642727081141,32.15290952903242,38.341686201695985,1
West Bengal,2024-10-06 00:00:00,2,Normal,0.13148423947725657,0.8338118750899295,61.66613604126067,52.39302784125896,9.273108200001708,0.09734152318183836,62.149059478382995,0.48292343712232366,0
Rajasthan,2024-10-06 06:00:00,6,Heat Wave,0.3349601199057963,23.33696703703472,63.37671294415024,75.51690406676835,12.140191122618106,0.07610239384408253,65.59183461975472,2.215121675604479,0
Rajasthan,2024-10-06 12:00:00,9,Normal,0.35083661105863784,8.581593066971703,70.61643035959412,76.81296446891159,6.196534109317469,0.13895577854696525,79.7072680270417,9.090837667447587,0
Maharashtra,2024-10-06 18:00:00,8,Normal,0.9184242940524712,9.748861181420425,28.532442550114805,29.167268627234666,0.634826077119861,0.6116858630991134,16.11391165751179,12.418530892603016,0
Odisha,2024-10-07 00:00:00,8,Normal,0.6843184595541736,13.276936209309087,90.11297435202785,69.8524911772724,20.26048317475545,0.047035619641391455,118.95977137156213,28.84679701953428,0
Telangana,2024-10-07 06:00:00,8,Normal,0.1735335636420059,13.401149362500448,52.83876443920111,66.24277072591063,13.404006286709524,0.069425129376866,50.07185516533715,2.766909273863959,0
Telangana,2024-10-07 12:00:00,7,Monsoon,0.22184073640999102,14.401642710883653,74.22416509619421,51.28130748580673,22.942857610387485,0.04176610896963925,61.26325708034418,12.96090801585003,0
West Bengal,2024-10-07 18:00:00,8,Heat Wave,0.24010851298777788,6.1747028109333275,42.26768054498539,50.44782667029735,8.180146125311964,0.10893072793718929,62.59069197035157,20.323011425366182,0
Maharashtra,2024-10-08 00:00:00,6,Normal,0.6673795733520308,5.601301244555542,48.90236790687106,49.999169594809516,1.0968016879384521,0.476916823251505,14.053898909107083,34.84846899776398,1
Karnataka,2024-10-08 06:00:00,2,Cyclonic,0.7618726229563028,17.454525173072607,28.46407736779247,28.209887981285444,0.2541893865070257,0.7973277487103007,0.0,28.46407736779247,0
Tamil Nadu,2024-10-08 12:00:00,2,Heavy Rain,0.8736795195088565,23.72210676568844,19.92270084124111,17.177549853489282,2.7451509877518276,0.26701193176734617,0.0,19.92270084124111,0
Odisha,2024-10-08 18:00:00,8,Normal,0.9465728957256188,1.4777160802514997,37.695955037221566,39.24793648891171,1.5519814516901462,0.3918523778210505,22.784762073322725,14.911192963898841,0
Maharashtra,2024-10-09 00:00:00,1,Monsoon,0.2815341016477976,17.027844304045527,64.72909081854597,42.46844460153011,22.26064621701586,0.04299106700090172,56.413139279581415,8.315951538964555,0
Odisha,2024-10-09 06:00:00,6,Heavy Rain,0.37879523625164413,6.967676046456784,29.041470289046394,38.0054309264168,8.963960637370405,0.10036169715980638,31.117940063847616,2.0764697748012217,0
Odisha,2024-10-09 12:00:00,6,Monsoon,0.3162905926703476,7.892994312037665,12.569391105605376,11.303025005665235,1.2663660999401412,0.4412349796559399,10.908476948771435,1.6609141568339414,0
Odisha,2024-10-09 18:00:00,4,Cyclonic,0.422885410719524,0.4442371726835825,81.3588409790819,67.3290093664744,14.02983161260751,0.06653434487989657,60.40411221493186,20.954728764150047,1
Maharashtra,2024-10-10 00:00:00,10,Normal,0.9231985966813745,8.428295269139344,18.017982452800943,17.131522811886487,0.8864596409144561,0.5300935033602164,17.46301837470445,0.5549640780964928,0
West Bengal,2024-10-10 06:00:00,3,Heat Wave,0.6176013102454254,5.239083553516436,51.81708871507276,46.97705994267243,4.8400287724003235,0.17123203308962257,54.808966528713135,2.9918778136403787,0
Telangana,2024-10-10 12:00:00,3,Monsoon,0.7643727075920491,0.7247582821388681,112.38716949110815,147.32278693431715,34.935617443209,0.027827544679880738,100.73619856533625,11.650970925771901,0
Telangana,2024-10-10 18:00:00,1,Heavy Rain,0.5411073125141038,18.624361196754926,208.43309128245767,118.11052026153027,90.3225710209274,0.010950195431651185,225.3615722738079,16.928480991350227,0
West Bengal,2024-10-11 00:00:00,3,Heavy Rain,0.1259721220025121,9.668159143564928,38.894359624984475,38.17281829230822,0.721541332676253,0.5808748131800193,10.47370688342053,28.420652741563945,0
Odisha,2024-10-11 06:00:00,4,Normal,0.15777593739803292,10.760315027271048,82.08032161592058,114.55838567550698,32.4780640595864,0.029870305469878306,81.95186217050473,0.12845944541585652,0
Tamil Nadu,2024-10-11 12:00:00,5,Heat Wave,0.5841307281410972,18.51997599689353,52.27548510302177,53.167819826789945,0.8923347237681725,0.5284477357201995,28.62658246568626,23.648902637335514,0
Coastal Andhra,2024-10-11 18:00:00,3,Monsoon,0.7469101313380231,13.57295721942454,22.066294535395148,23.105886457379693,1.0395919219845453,0.4902941560128308,45.25233850170074,23.186043966305594,0
Maharashtra,2024-10-12 00:00:00,6,Normal,0.2937974747758584,2.482140103781842,36.80729153417858,36.54799097170112,0.25930056247746336,0.7940916011604625,37.492495329535885,0.6852037953573031,0
Coastal Andhra,2024-10-12 06:00:00,5,Normal,0.7497186165930736,15.768253786978462,30.771259268019566,25.77805675881306,4.993202509206505,0.1668557000141147,41.15683586147131,10.385576593451741,0
Karnataka,2024-10-12 12:00:00,3,Heavy Rain,0.8295991961351612,1.8756773032028382,80.22331863287877,91.0571084688155,10.833789835936727,0.08450378229324393,88.78245216572039,8.559133532841614,0
West Bengal,2024-10-12 18:00:00,6,Normal,0.4707077305259001,12.847952102832902,109.74817538940853,104.4888879568381,5.2592874325704315,0.15976259450819646,135.99244525935507,26.244269869946535,0
Tamil Nadu,2024-10-13 00:00:00,6,Normal,0.7717773095596945,27.055714680888606,33.2690459746756,34.439931163848975,1.1708851891733758,0.46064158758242646,0.0,33.2690459746756,0
Maharashtra,2024-10-13 06:00:00,8,Heavy Rain,0.46362695529561393,12.927397769720715,12.900938785119314,14.671709900121312,1.770771115001999,0.36091035978598995,0.0,12.900938785119314,0
West Bengal,2024-10-13 12:00:00,2,Normal,0.710515566509518,6.382798353008978,47.82874336036791,53.11332854789371,5.284585187525799,0.15911949160700192,71.54716032728122,23.71841696691331,0
Odisha,2024-10-13 18:00:00,1,Normal,0.7875973443875888,26.442810572958912,23.142859714444768,23.70332485324075,0.5604651387959834,0.6408345660138076,28.704342459018022,5.561482744573254,0
Telangana,2024-10-14 00:00:00,4,Normal,0.9927339564772997,9.636510402489243,19.572276668231105,23.96899699234982,4.396720324118714,0.18529772527415533,24.951880415451242,5.379603747220138,0
Coastal Andhra,2024-10-14 06:00:00,7,Normal,0.41085699585723645,3.64535066848064,26.947315600200774,33.762845231670155,6.815529631469381,0.1279503817596034,19.2672579588562,7.680057641344575,0
Rajasthan,2024-10-14 12:00:00,10,Monsoon,0.46993670251715036,4.902500571798063,25.54474587794826,30.556210473767717,5.011464595819458,0.16634881301562154,30.27870121328545,4.733955335337193,0
Rajasthan,2024-10-14 18:00:00,3,Heavy Rain,0.24905805346915422,4.765922937534783,55.35834665187367,69.96329228072126,14.604945628847595,0.0640822482682273,37.291459821382475,18.066886830491192,0
Tamil Nadu,2024-10-15 00:00:00,3,Normal,0.2836657525616262,30.54942150166958,63.2604629221587,84.70195622333112,21.44149330117242,0.04456031452896927,38.98615929449137,24.27430362766733,0
Odisha,2024-10-15 06:00:00,5,Normal,0.72405550233854,12.773014859156635,51.45194196283519,35.93464389089246,15.517298071942733,0.06054258969259988,0.0,51.45194196283519,1
Karnataka,2024-10-15 12:00:00,5,Heavy Rain,0.9253410311390284,13.098275912932955,23.066645919542882,38.96951795403307,15.90287203449019,0.05916154355067631,107.71678849460704,84.65014257506417,1
Coastal Andhra,2024-10-15 18:00:00,10,Normal,0.4551444564951165,11.601091718799545,23.535404172129756,24.4561447149174,0.9207405427876445,0.5206325256969178,0.0,23.535404172129756,0
Odisha,2024-10-16 00:00:00,3,Normal,0.2618600021519871,10.174828520824498,41.00003420998958,38.508268617670495,2.4917655923190836,0.28638806745782786,29.29158124654455,11.70845296344503,0
Coastal Andhra,2024-10-16 06:00:00,9,Normal,0.3565895494446947,5.6631234423282955,34.489661085932056,35.94327930851404,1.4536182225819871,0.4075613682668536,38.44941769539067,3.9597566094586156,0
Tamil Nadu,2024-10-16 12:00:00,4,Monsoon,0.5095465343273248,2.907143313226532,43.70179478604744,27.579242678856087,16.12255210719135,0.05840250879306754,48.895714131860274,5.193919345812837,0
Tamil Nadu,2024-10-16 18:00:00,3,Monsoon,0.3615852964288315,10.8700734965793,54.23507853760769,57.408574795209546,3.1734962576018546,0.23960725930412433,56.10248142693071,1.8674028893230172,0
Karnataka,2024-10-17 00:00:00,2,Monsoon,0.31022117480967965,25.91906483688804,40.68689339993347,32.61964851193886,8.067244887994605,0.11028708415320734,33.70033079399725,6.986562605936214,0
Rajasthan,2024-10-17 06:00:00,10,Monsoon,0.7623860398813715,10.468424456670176,60.30011826168295,61.39520270511965,1.0950844434367042,0.47730773006916827,82.36644813770661,22.066329876023666,0
Odisha,2024-10-17 12:00:00,9,Monsoon,0.10706042911656088,19.81055656892884,48.93106639006575,50.702704163294676,1.7716377732289246,0.360797507401197,104.5724186235312,55.641352233465454,1
Maharashtra,2024-10-17 18:00:00,4,Heavy Rain,0.5853074746028348,1.425473864483609,62.01531081400258,52.82730464529093,9.188006168711652,0.09815463236281662,73.46345720791538,11.4481463939128,0
Rajasthan,2024-10-18 00:00:00,3,Heavy Rain,0.8143901263267785,10.50831776646729,18.69160785298517,10.263228446027803,8.428379406957369,0.10606276612734551,26.70079326129514,8.009185408309968,0
Odisha,2024-10-18 06:00:00,7,Normal,0.33960545768572137,5.366462115154179,11.37123294551225,12.14933861307584,0.7781056675635885,0.5623962727537046,0.39113507727975616,10.980097868232495,0
Rajasthan,2024-10-18 12:00:00,8,Heavy Rain,0.6429623595508156,3.47198915457652,22.524753873976326,22.518839564429477,0.005914309546849239,0.9941204638499341,61.52797561403456,39.00322174005824,1
Maharashtra,2024-10-18 18:00:00,2,Monsoon,0.702010095056756,22.345806474764164,76.98091339367875,80.6826746905198,3.701761296841056,0.2126862545471766,56.432417912389695,20.548495481289052,0
Telangana,2024-10-19 00:00:00,7,Heavy Rain,0.689522226764581,5.963929266725217,49.14206734154913,43.96363111328194,5.178436228267188,0.16185325267660183,89.20743287885615,40.065365537307024,1
Telangana,2024-10-19 06:00:00,5,Normal,0.501264670778846,12.753711068415072,28.667235932445433,23.959225656277432,4.708010276168,0.17519239658260344,19.97082561225193,8.696410320193504,0
Karnataka,2024-10-19 12:00:00,5,Normal,0.41192018908820127,7.690484139178839,25.861004890969028,24.470360708773892,1.3906441821951354,0.41829729720873005,15.759189536700713,10.101815354268314,0
Telangana,2024-10-19 18:00:00,3,Heavy Rain,0.8523316657250322,2.4737643523739643,64.30352996754687,66.54050250479882,2.236972537251958,0.3089306407427708,67.58244129653556,3.2789113289886984,0
Telangana,2024-10-20 00:00:00,5,Monsoon,0.7826013612998779,14.033345741348333,49.87792613973197,58.27826484486252,8.400338705130551,0.1063791456210207,48.323867170290406,1.554058969441563,0
West Bengal,2024-10-20 06:00:00,2,Cyclonic,0.38912965607252126,6.3175083002850565,16.51045291183229,13.166355609440306,3.344097302391983,0.2301974220166228,1.300147834797352,15.210305077034937,0
Coastal Andhra,2024-10-20 12:00:00,4,Normal,0.19271727499798547,15.529611633042023,16.388176634335267,19.629559372917655,3.241382738582388,0.23577216715278881,26.91058383499411,10.522407200658844,0
West Bengal,2024-10-20 18:00:00,6,Monsoon,0.16462679090092228,4.00293895793175,60.79866914099574,70.73691984530545,9.93825070430971,0.09142229658404122,54.785934615317196,6.012734525678546,0
West Bengal,2024-10-21 00:00:00,1,Heavy Rain,0.18484838010904245,5.450392329927871,27.9515147779027,31.589475219058738,3.6379604411560393,0.21561201581761313,32.097637063189026,4.146122285286328,0
Karnataka,2024-10-21 06:00:00,10,Cyclonic,0.6245824250728386,12.4162893195738,13.449628010193823,19.603690873930383,6.154062863736559,0.1397807118901526,0.0,13.449628010193823,0
West Bengal,2024-10-21 12:00:00,4,Heavy Rain,0.14649595824609074,4.296684486144104,13.262090926662736,7.428776980677858,5.833313945984878,0.1463418786118528,4.207103371701757,9.054987554960979,0
Telangana,2024-10-21 18:00:00,6,Heavy Rain,0.4032341874676346,13.87014495411438,55.39582199509954,82.40968152347956,27.013859528380024,0.03569661649038145,88.68900054976687,33.293178554667335,0
Maharashtra,2024-10-22 00:00:00,9,Heavy Rain,0.7778797317228064,1.1149836078189257,28.94583546780108,24.21563116215964,4.73020430564144,0.17451384744091772,0.0,28.94583546780108,1
Karnataka,2024-10-22 06:00:00,2,Monsoon,0.3649133498638403,2.947647639966882,67.28057248967788,71.34348942739818,4.062916937720303,0.19751459727685627,53.14716607514718,14.133406414530697,0
Karnataka,2024-10-22 12:00:00,7,Heat Wave,0.7869772694621169,8.863060626916882,44.57562053561748,45.06654125840299,0.4909207227855106,0.6707264743974343,82.75995357872284,38.18433304310536,1
Tamil Nadu,2024-10-22 18:00:00,6,Normal,0.7709203343863498,13.116117145548934,32.36213210212762,21.535368832280536,10.826763269847081,0.08455398803403376,73.2795287130225,40.91739661089488,0
Karnataka,2024-10-23 00:00:00,2,Normal,0.3212444193698947,9.17288253511174,42.87751000044359,48.54816060699258,5.670650606548989,0.14991041488790288,59.38218330733183,16.504673306888236,0
Tamil Nadu,2024-10-23 06:00:00,8,Heat Wave,0.7559399620834709,12.050112382174483,118.72211616432975,144.35901505448598,25.636898890156232,0.03754190771695101,153.0126861206714,34.29056995634164,0
Karnataka,2024-10-23 12:00:00,7,Heavy Rain,0.7729989744448906,6.012308879194759,21.52416937562588,23.79608077687376,2.2719114012478805,0.3056317477357755,16.275436183049283,5.248733192576598,0
Coastal Andhra,2024-10-23 18:00:00,5,Heavy Rain,0.4577085331003242,1.0054782924929226,84.26640209151492,53.154228089185835,31.112174002329084,0.031140837737347535,82.48226995587738,1.7841321356375346,0
Telangana,2024-10-24 00:00:00,5,Heavy Rain,0.2893784353673664,6.646827909169288,61.24598500855022,42.25718095173714,18.98880405681308,0.05002800553538645,44.481772182709335,16.764212825840886,0
Karnataka,2024-10-24 06:00:00,7,Normal,0.5691437262026822,6.770332555261937,29.911239016235506,24.697078698385805,5.2141603178497,0.16092278744846292,36.96989291184611,7.058653895610604,0
Telangana,2024-10-24 12:00:00,9,Monsoon,0.9292578292001767,18.698648293583197,61.21825084661268,80.69728138005084,19.479030533438156,0.048830436497821525,73.4158460755016,12.197595228888922,0
Telangana,2024-10-24 18:00:00,9,Monsoon,0.6756550591888557,13.67536385043711,47.95154102871015,49.10381869862636,1.1522776699162094,0.46462406499758513,43.49843789135743,4.45310313735272,0
Rajasthan,2024-10-25 00:00:00,9,Normal,0.2556302478645351,3.1967757686139904,40.19913440399847,20.09283394401471,20.10630045998376,0.04737921749460253,17.49459731263185,22.70453709136662,1
Karnataka,2024-10-25 06:00:00,6,Normal,0.7144812322601679,0.6946006281926774,34.31156112299186,52.019107539225516,17.707546416233654,0.05345436423090953,72.01344902752365,37.70188790453179,1
Odisha,2024-10-25 12:00:00,10,Monsoon,0.48448272455365116,7.653419128717908,74.44614400572692,102.36797583062341,27.921831824896486,0.034575956531881225,83.32691635947337,8.880772353746451,0
Rajasthan,2024-10-25 18:00:00,6,Normal,0.6323759176198357,5.335697767636153,43.78896093552085,31.892156299609866,11.896804635910982,0.07753858635770237,15.758254590388127,28.03070634513272,1
Odisha,2024-10-26 00:00:00,3,Cyclonic,0.7606576315207971,24.638146204768397,22.73199430485907,20.40605754697538,2.3259367578836923,0.30066717222738304,19.51175367810137,3.2202406267577004,0
Telangana,2024-10-26 06:00:00,1,Normal,0.5634526163630004,19.091969285495097,41.92406326302322,38.923122311930456,3.0009409510927654,0.24994120438765108,47.76495329774683,5.840890034723607,0
Telangana,2024-10-26 12:00:00,7,Heavy Rain,0.8325855771159778,2.4715092218010852,13.901514668289623,15.719683129358584,1.8181684610689608,0.35484039148628094,40.96170500771353,27.06019033942391,1
Rajasthan,2024-10-26 18:00:00,4,Heat Wave,0.749940021384965,13.387343612002692,28.060363222213166,29.45551053491047,1.3951473126973042,0.4175108540083266,2.4005013657824463,25.65986185643072,0
Rajasthan,2024-10-27 00:00:00,1,Monsoon,0.6535660060166596,11.934701155392897,60.015664219267116,49.79351813699965,10.222146082267464,0.08910951547673557,70.84658176686317,10.830917547596052,0
Odisha,2024-10-27 06:00:00,8,Normal,0.23571353424911634,11.610873409963972,20.70272927268136,27.488574859947917,6.785845587266557,0.12843820093676922,31.775735162391026,11.073005889709666,0
Tamil Nadu,2024-10-27 12:00:00,6,Monsoon,0.8523541998204115,40.75127485311179,144.141515709216,206.98642169575658,62.84490598654057,0.01566295673159601,70.38375492811943,73.75776078109658,0
Odisha,2024-10-27 18:00:00,6,Normal,0.9423150267878344,7.851167277911348,7.290765092267701,7.200631699437078,0.09013339283062383,0.9173189323220484,34.75390867079955,27.463143578531845,0
Rajasthan,2024-10-28 00:00:00,2,Normal,0.22326861142836535,14.549655520398264,33.82150408477378,28.970566895993183,4.850937188780595,0.17091279016249566,9.425801226732005,24.395702858041773,0
Maharashtra,2024-10-28 06:00:00,1,Heat Wave,0.5394170164900876,15.98603730934343,63.65497797196866,89.03931674912401,25.38433877715535,0.037901271979794364,60.00997400932761,3.6450039626410558,0
Rajasthan,2024-10-28 12:00:00,2,Monsoon,0.33299986777345403,10.913979898067886,14.391519964331774,6.496127334767561,7.895392629564213,0.11241774721404177,13.930342849853321,0.46117711447845267,0
Maharashtra,2024-10-28 18:00:00,4,Heavy Rain,0.7790709766830082,24.419432549342655,64.35024519936445,49.96221657079223,14.388028628572222,0.06498558224301829,52.53966259613144,11.810582603233009,0
Coastal Andhra,2024-10-29 00:00:00,2,Normal,0.7494666724042299,9.780790510803394,61.713830601786775,76.82393144619049,15.11010084440371,0.06207285787086663,61.321401522623816,0.39242907916295877,0
Rajasthan,2024-10-29 06:00:00,1,Normal,0.22679660851335884,15.409973728115258,35.47379659322333,47.814630694558005,12.340834101334679,0.07495783190197645,42.8278657483381,7.354069155114772,0
Coastal Andhra,2024-10-29 12:00:00,7,Normal,0.8893245441354735,4.7503089491049755,23.26127480870408,21.403123909649317,1.8581508990547633,0.34987655841779247,14.468729725719998,8.792545082984082,0
Tamil Nadu,2024-10-29 18:00:00,8,Heavy Rain,0.2628757575802021,2.9262876280468184,43.45008147773168,68.21986102613938,24.769779548407705,0.038805143758468406,56.218283589414526,12.768202111682847,0
Odisha,2024-10-30 00:00:00,6,Monsoon,0.8175331230832967,12.351620446084098,60.11741394439045,23.3769735055601,36.74044043883035,0.02649677609408927,45.100853878398546,15.016560065991904,0
Maharashtra,2024-10-30 06:00:00,4,Heavy Rain,0.5112823236652044,8.157700830786801,24.577619469894834,31.304098761818906,6.726479291924072,0.12942505405343252,0.0,24.577619469894834,0
Odisha,2024-10-30 12:00:00,6,Monsoon,0.39544506420233616,8.520942690418465,39.925977996387715,40.788531971689636,0.8625539753019211,0.53689719238225,22.756766473445538,17.169211522942177,0
Coastal Andhra,2024-10-30 18:00:00,3,Normal,0.24241533640679216,6.5156410340205575,14.951619926238251,13.132563752398044,1.8190561738402078,0.3547286532562309,17.341568109423495,2.3899481831852434,0
Maharashtra,2024-10-31 00:00:00,8,Normal,0.2508528305319665,15.176389131818294,69.88029178527887,85.21508089962565,15.334789114346776,0.061219033377156014,63.59380739968042,6.286484385598449,0
Odisha,2024-10-31 06:00:00,10,Normal,0.6957014992308103,9.649521461117615,107.49764171478945,97.01102463752854,10.486617077260917,0.08705783376200599,117.14826248091053,9.65062076612108,0
Rajasthan,2024-10-31 12:00:00,2,Normal,0.5953873491524084,33.03749709719692,31.47788929455767,22.92350067731647,8.554388617241202,0.10466394450352039,36.74704782291617,5.269158528358503,0
Telangana,2024-10-31 18:00:00,5,Normal,0.20987687948610945,9.41431534776362,26.625733592582705,27.39420875168673,0.7684751591040246,0.5654588897401518,28.494385208978937,1.8686516163962317,0
Coastal Andhra,2024-11-01 00:00:00,1,Heat Wave,0.20142807439449267,11.29857570129107,78.63219881116973,77.56691360531104,1.065285205858686,0.4841946270487271,72.03544939635493,6.596749414814795,0
Odisha,2024-11-01 06:00:00,6,Normal,0.16507951729551232,16.497709213455302,77.79523893118748,62.61430444901793,15.180934482169555,0.06180112780890014,58.544225510336474,19.25101342085101,0
Coastal Andhra,2024-11-01 12:00:00,2,Heat Wave,0.7693906126361897,12.291220404460363,65.43854933704924,56.062016807176214,9.376532529873025,0.09637130680418507,13.860063478473997,51.57848585857524,1
West Bengal,2024-11-01 18:00:00,4,Normal,0.7406938767063602,3.051714142704583,18.11880779728377,16.247848361848668,1.8709594354351005,0.348315614514577,6.178137788750229,11.940670008533539,0
Coastal Andhra,2024-11-02 00:00:00,6,Heat Wave,0.15258789176911763,7.257736325813923,3.945420105245657,2.341362031272991,1.604058073972666,0.38401601331203516,25.610171371378787,21.66475126613313,0
Maharashtra,2024-11-02 06:00:00,10,Heavy Rain,0.6042430680372757,4.472224192267296,38.78886590487183,22.39392935586819,16.39493654900364,0.05748799354242421,86.28883348534819,47.499967580476365,1
West Bengal,2024-11-02 12:00:00,8,Heat Wave,0.17620853971842093,11.84092994148321,55.4706303531449,68.41039508531274,12.939764732167845,0.07173722219948003,57.24588776849692,1.7752574153520229,0
Karnataka,2024-11-02 18:00:00,8,Normal,0.9133711935480475,10.328791792002999,31.596415870207046,20.349914433235096,11.24650143697195,0.0816559737608832,1.4587026984867144,30.137713171720332,0
Maharashtra,2024-11-03 00:00:00,6,Monsoon,0.9164056772621192,15.798189174402765,76.86009835336348,76.51799980584724,0.3420985475162439,0.7451017675644245,84.94218076877388,8.082082415410397,0
Telangana,2024-11-03 06:00:00,4,Heat Wave,0.7284096908318171,17.30151933548535,27.434229994263205,14.613507554497305,12.8207224397659,0.072355117784779,33.29834137611311,5.864111381849902,0
West Bengal,2024-11-03 12:00:00,8,Normal,0.9335700292955049,4.466804381406922,11.668450883248365,16.062032523172793,4.393581639924427,0.18540555548427956,0.0,11.668450883248365,0
Karnataka,2024-11-03 18:00:00,8,Normal,0.8303077273723215,17.06467488604212,31.51586352234453,29.3911343465175,2.1247291758270315,0.3200277347989133,32.385700304641226,0.8698367822966944,0
Rajasthan,2024-11-04 00:00:00,10,Normal,0.8456847183343444,18.892490475260544,52.501407505812914,67.17181192250732,14.670404416694403,0.06381456236921709,14.647723024681582,37.85368448113133,0
Coastal Andhra,2024-11-04 06:00:00,1,Heat Wave,0.6127370655129399,3.6760742358366567,20.46859533908057,31.288355937607964,10.819760598527395,0.08460408243163473,43.38557032709227,22.9169749880117,1
Odisha,2024-11-04 12:00:00,4,Heavy Rain,0.37545327839455833,11.31190561320256,49.263516837442836,33.390514414557906,15.87300242288493,0.05926627490100372,37.14289460263352,12.120622234809318,0
Tamil Nadu,2024-11-04 18:00:00,4,Heavy Rain,0.2960192036047794,21.288910370066134,38.650899895043445,32.07290910339107,6.577990791652375,0.13196109991339153,93.8477028740127,55.19680297896925,0
Coastal Andhra,2024-11-05 00:00:00,7,Normal,0.3944800198350362,7.16617982731173,106.12123386462062,129.25604317193586,23.134809307315237,0.04143393002475064,100.57055955310199,5.550674311518634,0
Karnataka,2024-11-05 06:00:00,7,Normal,0.6656458870801558,8.559691670617974,71.30954941066862,60.02659003767328,11.282959372995343,0.08141360478636334,49.00254157280355,22.307007837865072,0
Coastal Andhra,2024-11-05 12:00:00,8,Monsoon,0.25539088224915907,11.259545642738619,152.43510703670793,163.50071627868405,11.06560924197612,0.08288019112379433,200.47019987244005,48.035092835732115,1
Telangana,2024-11-05 18:00:00,5,Normal,0.33277621297358945,9.517339633107337,17.26214647870219,17.704822640644327,0.44267616194213844,0.6931562511255434,59.15480354026661,41.89265706156442,1
Rajasthan,2024-11-06 00:00:00,7,Heavy Rain,0.521254776515918,9.984060030969117,86.3276523565483,35.76351304945653,50.56413930709177,0.019393322829349875,58.035432447588356,28.292219908959943,0
Tamil Nadu,2024-11-06 06:00:00,8,Heat Wave,0.309745088672154,13.486312486304028,8.511745511076379,10.519813569544642,2.008068058468263,0.33243928679898604,0.0,8.511745511076379,0
West Bengal,2024-11-06 12:00:00,9,Normal,0.6297793027444555,13.864551806066634,74.91373911617387,72.34522496261265,2.5685141535612246,0.28022867696966897,107.85895917355253,32.94522005737866,0
West Bengal,2024-11-06 18:00:00,3,Monsoon,0.9308584256106969,8.332483331295352,11.17240103298992,7.837364991446681,3.3350360415432396,0.23067858961652546,4.235675073212433,6.936725959777488,0
West Bengal,2024-11-07 00:00:00,3,Normal,0.7732804291328138,26.07520323982233,63.77755688956836,88.44100288656466,24.663445996996302,0.03896592843054054,79.38017400219071,15.602617112622355,0
Karnataka,2024-11-07 06:00:00,4,Heavy Rain,0.6997839527340217,4.45358232362178,49.65537292675816,40.92991149474262,8.725461432015543,0.10282288475362923,54.32641633175539,4.671043404997228,0
Maharashtra,2024-11-07 12:00:00,5,Normal,0.6244493283854009,15.468745625869557,53.12132266418242,43.05714413647005,10.064178527712372,0.09038176648138015,59.75670651722236,6.63538385303994,0
Maharashtra,2024-11-07 18:00:00,10,Monsoon,0.5391531183313584,0.7414455955384911,7.43194187655837,4.085990905082769,3.3459509714756006,0.23009923640727714,48.67458906459826,41.24264718803989,1
Odisha,2024-11-08 00:00:00,1,Normal,0.2679074736711937,9.011831714135528,61.07301199026581,70.15823894470671,9.085226954440898,0.09915493270676105,50.96199250040895,10.111019489856865,0
Tamil Nadu,2024-11-08 06:00:00,7,Heavy Rain,0.905239409884179,0.5589669667631538,11.606358187277548,11.72962872790243,0.12327054062488152,0.8902574792388791,46.66071221113371,35.05435402385616,1
West Bengal,2024-11-08 12:00:00,9,Heavy Rain,0.3236824018115527,9.478330875087448,106.31950486202528,60.118577115740244,46.20092774628504,0.02118602425306577,103.19031906697879,3.129185795046496,0
Maharashtra,2024-11-08 18:00:00,8,Normal,0.18217798982034467,12.176467749167024,26.31714950486365,27.93319873845384,1.6160492335901893,0.38225580281898186,11.792987461117862,14.524162043745788,0
Karnataka,2024-11-09 00:00:00,5,Monsoon,0.7750136613058257,6.660879347762646,33.2129197926687,40.08415063368022,6.871230841011517,0.12704493365760466,57.094038074473715,23.881118281805016,0
Odisha,2024-11-09 06:00:00,4,Normal,0.25805398089804976,8.809300018730085,85.59747828743016,95.48685976444807,9.889381477017906,0.09183258040050346,89.85838287370747,4.260904586277306,0
Rajasthan,2024-11-09 12:00:00,7,Monsoon,0.4347063995870585,14.58836730670214,44.37364084544127,59.069197245959636,14.695556400518363,0.06371230012380917,60.91548467994256,16.541843834501286,0
Odisha,2024-11-09 18:00:00,5,Normal,0.12545643546188176,0.06773022416745272,44.851166995232425,38.07500604265766,6.776160952574763,0.1285981612390482,25.813888834371866,19.03727816086056,1
Maharashtra,2024-11-10 00:00:00,7,Monsoon,0.22336114828640327,5.767030952295553,57.12258081487433,82.36677805535705,25.244197240482713,0.03810366119552937,35.637995994902376,21.484584819971957,0
Telangana,2024-11-10 06:00:00,1,Normal,0.2558832676839209,21.721224892409218,21.489169592909487,21.508744961243174,0.019575368333686782,0.980800469546769,8.243683054471676,13.245486538437811,0
Karnataka,2024-11-10 12:00:00,1,Normal,0.14896911497516016,2.980197547208112,26.066116068171933,31.282566961031705,5.216450892859772,0.16086349224580895,11.084514896417621,14.981601171754312,0
Telangana,2024-11-10 18:00:00,10,Normal,0.6909912609605606,4.932453533482792,45.749578183680285,60.36228801614547,14.612709832465185,0.06405038015377654,35.97575482083664,9.773823362843643,0
West Bengal,2024-11-11 00:00:00,3,Monsoon,0.8533070162228055,1.0753019892307694,110.81861463436313,184.2249242200503,73.40630958568717,0.013439720442637844,118.36439509597064,7.545780461607507,0
Telangana,2024-11-11 06:00:00,2,Normal,0.4359838657293469,5.81166634606465,67.23095052692025,49.058970971783026,18.171979555137227,0.052159454746134704,86.14688733605745,18.915936809137193,0
West Bengal,2024-11-11 12:00:00,2,Cyclonic,0.8871188290463806,7.999129059411699,69.92086254512532,56.995460670941156,12.92540187418416,0.0718112129929885,93.28266340419242,23.361800859067102,0
West Bengal,2024-11-11 18:00:00,7,Cyclonic,0.2920119171041139,39.77388414885829,90.31236895786859,94.59907304082509,4.286704082956504,0.18915376845544304,80.59510620497151,9.71726275289707,0
Maharashtra,2024-11-12 00:00:00,10,Normal,0.39285138120511554,11.62032385377227,77.04044380276775,69.89765328846822,7.142790514299534,0.12280802241490832,51.40461231204445,25.635831490723305,0
Telangana,2024-11-12 06:00:00,2,Heavy Rain,0.23566329372805156,6.046493713754968,65.28809451779158,52.20134802179046,13.086746496001119,0.07098871270835146,75.22181016557681,9.933715647785235,0
West Bengal,2024-11-12 12:00:00,4,Normal,0.6585032758770988,1.9123042253986862,38.36860624824684,23.742069855577096,14.626536392669745,0.06399370755435543,11.670792528504219,26.697813719742623,1
Tamil Nadu,2024-11-12 18:00:00,2,Normal,0.47788263178327617,4.968012560437118,20.21621411096436,20.852384658601075,0.6361705476367163,0.6111832299171986,40.567420277896915,20.351206166932556,0
Rajasthan,2024-11-13 00:00:00,6,Monsoon,0.6519550121577088,4.132660467008897,22.354569328425033,26.80024092494174,4.445671596516707,0.18363207958402125,32.5510459371633,10.19647660873827,0
Odisha,2024-11-13 06:00:00,8,Monsoon,0.7855074148547653,0.8437864694221222,81.62260685376319,88.81060640957311,7.187999555809924,0.12212995288824048,69.10408530074886,12.518521553014324,0
Odisha,2024-11-13 12:00:00,10,Heavy Rain,0.5911327144296536,2.8868722694784155,60.10196332621444,35.61218861740753,24.489774708806905,0.039231417751781565,55.412335995785114,4.689627330429325,0
Maharashtra,2024-11-13 18:00:00,4,Normal,0.664867319411609,6.215110139673561,3.556553543115371,2.128493901392972,1.428059641722399,0.4118514977212946,0.0,3.556553543115371,0
Telangana,2024-11-14 00:00:00,5,Normal,0.9417252829548997,6.994176004089407,43.63423878138666,44.30191903793697,0.6676802565503124,0.5996353294177353,40.51166554068511,3.1225732407015485,0
Telangana,2024-11-14 06:00:00,4,Normal,0.3691578786479588,14.40458060603768,6.306524501751683,5.929947874475552,0.3765766272761315,0.7264397638210133,0.0,6.306524501751683,0
West Bengal,2024-11-14 12:00:00,3,Monsoon,0.4232475447705578,22.390876861917135,38.23546408424911,35.19727215812687,3.038191926122238,0.2476355800553224,45.45727780546288,7.2218137212137705,0
Karnataka,2024-11-14 18:00:00,5,Heavy Rain,0.7459330255384032,6.867836887545872,78.25908974428765,72.82809015694454,5.430999587343109,0.15549682229308587,87.46893248310126,9.209842738813606,0
Coastal Andhra,2024-11-15 00:00:00,9,Monsoon,0.6501749653498481,15.834820676520176,60.02442990795512,52.54884357092705,7.475586337028069,0.11798593751929687,93.50653548978802,33.482105581832904,0
West Bengal,2024-11-15 06:00:00,8,Normal,0.26067961408574336,6.054269610942129,33.59561102400359,34.8455777627148,1.2499667387112083,0.4444510146726901,0.0,33.59561102400359,1
Rajasthan,2024-11-15 12:00:00,8,Normal,0.4385325790094412,3.811569825671672,47.961330293867405,61.165381206941056,13.204050913073651,0.07040245111199812,49.62286483015499,1.6615345362875829,0
Tamil Nadu,2024-11-15 18:00:00,8,Normal,0.5210542118122434,13.898576313690544,26.407377686450417,20.239905590065877,6.1674720963845395,0.13951920377959004,14.56019432276179,11.847183363688627,0
Odisha,2024-11-16 00:00:00,8,Normal,0.4774508541715504,5.969156167643881,16.081383689625618,17.90199527594696,1.8206115863213412,0.35453303987317375,20.881716125340247,4.80033243571463,0
West Bengal,2024-11-16 06:00:00,7,Normal,0.26044732748983673,4.289226996628536,25.06181199531417,25.57991251898949,0.5181005236753222,0.658717907282582,0.0,25.06181199531417,1
Coastal Andhra,2024-11-16 12:00:00,8,Monsoon,0.9319870826058361,3.6414202388704755,73.56838279460769,40.773432768539415,32.79495002606827,0.02959021981771342,73.96192123415133,0.3935384395436472,0
Coastal Andhra,2024-11-16 18:00:00,8,Cyclonic,0.7860868855245783,1.6557237896446695,87.53687922415416,73.18856424247035,14.348314981683814,0.06515373193691737,74.03012557150502,13.506753652649138,0
West Bengal,2024-11-17 00:00:00,8,Heavy Rain,0.5332202488970671,8.789906101766343,75.98561995920025,76.17757975626344,0.19195979706319122,0.8389544701623737,106.2664432080454,30.280823248845152,0
Maharashtra,2024-11-17 06:00:00,10,Heavy Rain,0.7120549254761529,5.175013174828993,70.76564084703259,109.05681700464761,38.29117615761503,0.025451007014616688,1.429685172134512,69.33595567489807,1
Odisha,2024-11-17 12:00:00,7,Normal,0.9075544049219696,16.25620979168854,18.96862640038211,15.529705092851671,3.438921307530439,0.2252799567101005,12.129233559623504,6.839392840758606,0
Maharashtra,2024-11-17 18:00:00,1,Cyclonic,0.2225567281254141,26.368010066016648,35.70863444230531,30.26080768911281,5.447826753192501,0.15509101566739084,0.0,35.70863444230531,0
Tamil Nadu,2024-11-18 00:00:00,4,Normal,0.3253357456362799,3.6206296560365274,38.1998000551647,42.14543056612111,3.9456305109564056,0.20219868786894393,46.438617271881654,8.238817216716953,0
Coastal Andhra,2024-11-18 06:00:00,4,Heat Wave,0.5884311225309805,2.3080053199474855,30.371100849387314,29.51102296890648,0.8600778804808336,0.5376118981327267,38.97149395180338,8.600393102416067,0
Coastal Andhra,2024-11-18 12:00:00,5,Heavy Rain,0.8191093342171227,22.842859851735405,20.369307258928945,13.944340337599144,6.424966921329801,0.13468073468816227,43.06350448707144,22.694197228142496,0
Rajasthan,2024-11-18 18:00:00,10,Normal,0.13262940589737465,9.4868637707499,49.53808907555542,28.050740131258916,21.487348944296503,0.04446944824297003,56.15746987000374,6.619380794448318,0
Tamil Nadu,2024-11-19 00:00:00,6,Heat Wave,0.9856163351767244,9.226352575128626,48.33582365317764,25.84320114796881,22.492622505208832,0.04256655466107617,26.25543647611633,22.08038717706131,0
Coastal Andhra,2024-11-19 06:00:00,4,Normal,0.5094159425941575,10.870113908485305,34.94962159845236,42.37664072330235,7.427019124849991,0.11866592269277672,74.98999422798218,40.04037262952982,1
Tamil Nadu,2024-11-19 12:00:00,2,Heavy Rain,0.4233080265595507,18.259580516886103,99.93816756292026,74.19268317819173,25.745484384728528,0.037389489216766346,101.23626335748347,1.29809579456321,0
Odisha,2024-11-19 18:00:00,6,Heavy Rain,0.36345199405579465,18.173201032999863,31.459828950246408,50.09902990046895,18.63920095022254,0.05091856855758017,58.18002572888152,26.72019677863511,0
Telangana,2024-11-20 00:00:00,8,Normal,0.2569210368857845,13.434676039515615,39.92862084943396,34.65671094701378,5.271909902420184,0.15944106588873722,61.06458421489148,21.13596336545752,0
Coastal Andhra,2024-11-20 06:00:00,8,Normal,0.8124165180370251,2.9620726031889584,14.177657664093157,16.912087614131057,2.7344299500378995,0.2677784865103311,2.3637380599297426,11.813919604163415,0
Rajasthan,2024-11-20 12:00:00,7,Monsoon,0.9598727482714868,1.2881216375092195,65.80312428365723,46.691430582751124,19.111693700906102,0.04972231652249887,56.184221788391355,9.618902495265871,0
Odisha,2024-11-20 18:00:00,6,Monsoon,0.47228027936085837,2.9887314572258887,85.68637092478943,89.75437476417228,4.068003839382854,0.19731634617738825,65.3090307246054,20.377340200184022,0
West Bengal,2024-11-21 00:00:00,2,Normal,0.9571786252781106,1.8014185928436244,12.647373329660972,17.116615663287508,4.469242333626536,0.18284068231018058,5.911991993911253,6.735381335749719,0
Tamil Nadu,2024-11-21 06:00:00,7,Heat Wave,0.8414178538915308,14.590687258235066,57.28364556216522,52.27390281097023,5.009742751194992,0.1663964734266134,50.836067203188236,6.447578358976983,0
West Bengal,2024-11-21 12:00:00,5,Normal,0.5329460147286865,4.871899162675224,33.61671241559557,24.49319309234434,9.12351932325123,0.09877987763635185,43.85612064843364,10.239408232838066,0
Maharashtra,2024-11-21 18:00:00,6,Normal,0.7066235612135194,13.230268490087841,68.17989898463243,61.83406051482844,6.345838469803994,0.13613149868604213,92.3664630981109,24.186564113478468,0
Odisha,2024-11-22 00:00:00,10,Normal,0.4914857612534167,8.44845158349728,50.43163438626651,47.70548216660474,2.7261522196617705,0.26837336239869763,34.182422998040536,16.249211388225973,0
West Bengal,2024-11-22 06:00:00,8,Normal,0.6028510673912971,4.808986306646963,50.49334482512062,38.050713671068145,12.442631154052478,0.0743901985065279,56.54091801129809,6.047573186177466,0
Karnataka,2024-11-22 12:00:00,8,Normal,0.15224170331665343,3.6861363973713335,48.23599300822063,68.16898565034904,19.93299264212841,0.04777147812049881,41.18185337369755,7.054139634523082,0
Karnataka,2024-11-22 18:00:00,3,Heat Wave,0.7266371277704798,4.514093821090863,115.16279166860883,115.70269573830517,0.539904069696334,0.649391101484132,115.25742474252921,0.09463307392037734,0
Coastal Andhra,2024-11-23 00:00:00,7,Normal,0.14754218003572306,2.342737536636413,16.199301228401655,21.384041044382677,5.184739815981022,0.16168828920111658,47.7563093751985,31.557008146796843,1
Tamil Nadu,2024-11-23 06:00:00,1,Normal,0.8353764522276845,26.854463691487492,6.417290819671057,8.140946810991332,1.7236559913202756,0.36715356241272457,0.0,6.417290819671057,0
Telangana,2024-11-23 12:00:00,1,Normal,0.8424522365145017,7.721588851688254,66.32547937298453,94.533765898377,28.208286525392467,0.03423685943133438,77.25966548772378,10.934186114739248,0
Odisha,2024-11-23 18:00:00,7,Monsoon,0.31336955880059314,8.458268637395019,19.07629983802491,13.071687095823101,6.004612742201807,0.14276306725354573,0.0,19.07629983802491,0
Coastal Andhra,2024-11-24 00:00:00,10,Cyclonic,0.3912965029322203,8.282259220727967,69.19234726668932,80.34182438274847,11.149477116059145,0.08230806893559252,150.83840417638208,81.64605690969276,1
Rajasthan,2024-11-24 06:00:00,9,Normal,0.533179340702464,14.329968368815928,64.48376035471824,56.36155873972404,8.122201614994204,0.1096226593321831,9.29109849119984,55.1926618635184,1
Maharashtra,2024-11-24 12:00:00,7,Normal,0.6369966162392333,4.146668108404828,24.664400742838595,23.78840500339773,0.8759957394408637,0.5330502511152012,37.905713557766724,13.24131281492813,0
Tamil Nadu,2024-11-24 18:00:00,10,Normal,0.3586182955677971,18.910812366174124,172.84095813673756,126.13473357944056,46.70622455729699,0.020961625223537905,158.34758440339016,14.493373733347397,0
Odisha,2024-11-25 00:00:00,5,Normal,0.6332377641687326,6.4611242765851,95.5578180987508,151.10243825025034,55.544620151499544,0.017685148424743294,110.04411070173879,14.486292602987987,0
Karnataka,2024-11-25 06:00:00,8,Normal,0.368008365906369,6.2510287772852005,40.79667733623264,33.29849151121333,7.498185825019313,0.1176721738722073,53.218885183861445,12.422207847628805,0
Odisha,2024-11-25 12:00:00,2,Normal,0.14994164896395462,20.957961198186297,48.92337762460291,56.90762128237121,7.984243657768303,0.11130597500384369,37.08261772255203,11.840759902050877,0
Telangana,2024-11-25 18:00:00,9,Normal,0.10227479484871806,4.087951899460745,82.8833721281554,56.24377650178259,26.63959562637281,0.0361799793860165,86.6755130409278,3.792140912772396,0
Karnataka,2024-11-26 00:00:00,6,Heavy Rain,0.19103595212658575,11.356765914490039,17.22983244574634,16.13376327279257,1.0960691729537686,0.4770834917584355,20.750783898083647,3.5209514523373073,0
Telangana,2024-11-26 06:00:00,9,Normal,0.8130256301476164,8.230801696030099,57.490551083196834,72.73408697572695,15.243535892530119,0.0615629507402922,32.540391077862594,24.95016000533424,0
Rajasthan,2024-11-26 12:00:00,2,Heat Wave,0.9652881811450034,4.782992227920712,40.244917252131344,43.73960987993421,3.4946926278028627,0.22248462415745418,35.94293158497915,4.301985667152195,0
Maharashtra,2024-11-26 18:00:00,3,Heat Wave,0.48426957935309733,12.721547183150905,97.50245130951443,74.549040171481,22.95341113803343,0.04174770742410844,87.45858126458566,10.043870044928767,0
Rajasthan,2024-11-27 00:00:00,8,Heavy Rain,0.5614155581049485,2.753122554044938,10.038361313143868,8.243763378307934,1.7945979348359344,0.357833228005555,29.378887641349515,19.340526328205648,0
Coastal Andhra,2024-11-27 06:00:00,1,Normal,0.23216335216608353,4.746638651269735,51.12925377683737,53.21015024531193,2.080896468474556,0.32458085178536683,45.35740321999863,5.771850556838743,0
Coastal Andhra,2024-11-27 12:00:00,10,Normal,0.5959282174121413,9.001102150724217,17.15071380142744,17.076584139944913,0.07412966148252664,0.930986300685327,13.95305626014628,3.19765754128116,0
Rajasthan,2024-11-27 18:00:00,7,Normal,0.23018941180627916,24.227235830620803,58.04031603213644,38.98847980741286,19.05183622472358,0.04987074444419293,46.257747872930736,11.782568159205702,0
Maharashtra,2024-11-28 00:00:00,7,Monsoon,0.6500928980789471,22.742439418307107,44.517083374443914,40.276366312521255,4.240717061922659,0.1908135829857471,29.539259491005282,14.977823883438631,0
Rajasthan,2024-11-28 06:00:00,1,Heavy Rain,0.9399328008227684,11.484549621454825,47.769985744173084,46.02718243713602,1.7428033070370645,0.3645904893852043,15.31783333064108,32.452152413532005,0
Maharashtra,2024-11-28 12:00:00,9,Cyclonic,0.27612868537273566,6.583735289642939,71.64303407613812,81.82351384959699,10.18047977345887,0.08944160002631382,52.672315599985915,18.970718476152207,0
Maharashtra,2024-11-28 18:00:00,8,Heat Wave,0.7881073462513918,0.9591563246907449,61.62110576376652,77.22752871544576,15.606422951679235,0.06021766414776762,94.94019289614829,33.31908713238177,1
West Bengal,2024-11-29 00:00:00,4,Normal,0.12115218053649164,15.952707883896624,26.752385726589587,31.24104548081451,4.488659754224923,0.1821938405327904,37.11444716813502,10.362061441545436,0
Karnataka,2024-11-29 06:00:00,10,Heavy Rain,0.4379475171894589,17.58753460299815,7.624524069757253,8.271725549818893,0.6472014800616392,0.6070902752968504,0.0,7.624524069757253,0
Tamil Nadu,2024-11-29 12:00:00,5,Normal,0.19967365704745815,11.366059004375153,11.122664193402567,12.131087433812027,1.00842324040946,0.4979030215743414,4.118887370818498,7.0037768225840695,0
Maharashtra,2024-11-29 18:00:00,2,Normal,0.41722789743612954,6.828728953601733,27.603844226046196,30.895951810789352,3.2921075847431567,0.23298577220073127,45.3853118782729,17.781467652226706,0
Telangana,2024-11-30 00:00:00,9,Normal,0.2561832276749952,14.968686518379188,48.42014557780625,60.00195319765108,11.581807619844831,0.07947983550652421,74.28017724626858,25.860031668462327,0
Maharashtra,2024-11-30 06:00:00,6,Normal,0.4359744911105987,8.048569890206242,41.84570430415779,59.545337892997225,17.699633588839433,0.05347698366650529,19.694452524661397,22.151251779496395,0
Maharashtra,2024-11-30 12:00:00,3,Cyclonic,0.47577052549677734,7.309568480321248,49.44694218658185,37.42358339717401,12.023358789407837,0.07678510714250769,0.0,49.44694218658185,1
Maharashtra,2024-11-30 18:00:00,7,Normal,0.3705320105028266,1.8021658741478594,84.68689872101768,75.1973857796234,9.489512941394281,0.09533331104952891,114.21139380072051,29.52449507970283,1
West Bengal,2024-12-01 00:00:00,9,Heavy Rain,0.6909597545258163,14.413860773586338,28.676103345687988,35.92059792577147,7.2444945800834795,0.12129306293871983,17.471464163106685,11.204639182581303,0
Karnataka,2024-12-01 06:00:00,3,Heavy Rain,0.9269668461330187,9.257795921258909,68.75170427946838,51.64883511246108,17.102869167007306,0.05523986229887315,67.26003137638935,1.491672903079035,0
West Bengal,2024-12-01 12:00:00,2,Monsoon,0.4605358366947452,22.662130350947326,47.23587986907738,31.936777471364366,15.299102397713014,0.06135307181948336,18.496980453813705,28.738899415263674,0
Coastal Andhra,2024-12-01 18:00:00,7,Normal,0.2731088408275193,5.079414631436181,89.77895752280665,75.37702450401201,14.401933018794637,0.06492691526315056,80.686946044707,9.09201147809965,0
West Bengal,2024-12-02 00:00:00,7,Cyclonic,0.343650482376385,3.847129023124035,50.662085185163235,51.59331862111831,0.9312334359550718,0.517803793877181,24.520144057806174,26.14194112735706,1
Telangana,2024-12-02 06:00:00,4,Heavy Rain,0.868600741146732,17.465236356158286,107.98097103747278,95.06662973094724,12.914341306525543,0.07186829602426241,194.69403969684595,86.71306865937316,1
Telangana,2024-12-02 12:00:00,9,Normal,0.6144757509431331,20.122337262798055,65.05001996924196,71.05962567979229,6.009605710550332,0.14266137658711317,65.28502467524714,0.23500470600518497,0
West Bengal,2024-12-02 18:00:00,8,Normal,0.5095099290762616,8.441082393705189,78.96815083356296,73.35685629162188,5.611294541941078,0.15125630746840085,101.01962253080804,22.051471697245077,0
Karnataka,2024-12-03 00:00:00,1,Heavy Rain,0.23467304935803404,15.440883497082488,27.824952284645175,25.42387781124993,2.4010744733952443,0.2940247288974282,45.129279418064506,17.30432713341933,0
Rajasthan,2024-12-03 06:00:00,1,Monsoon,0.5047545774914037,6.443596594375399,88.65489810660685,51.66208610685704,36.99281199974981,0.02632076825496847,109.02261735348102,20.367719246874174,0
Tamil Nadu,2024-12-03 12:00:00,5,Heavy Rain,0.35064280302164796,6.731444139226336,109.08979402180327,125.4199806765916,16.330186654788335,0.057702783006304194,103.63089466360896,5.458899358194316,0
Karnataka,2024-12-03 18:00:00,6,Monsoon,0.9488468150680143,11.410775298670657,60.49787485543307,69.75287337375204,9.25499851831897,0.09751342218271943,48.321214093544064,12.176660761889003,0
West Bengal,2024-12-04 00:00:00,3,Heavy Rain,0.8956630984741581,6.660800784375935,36.00767173073884,34.324311505305694,1.6833602254331481,0.3726670726210753,17.830362654337687,18.177309076401155,0
Maharashtra,2024-12-04 06:00:00,9,Normal,0.1755122876453782,10.17229368105663,80.44690643733031,83.44347973055429,2.9965732932239746,0.25021435280455356,89.59356044935373,9.146654012023419,0
Odisha,2024-12-04 12:00:00,10,Normal,0.5649881403351186,9.075308355766278,68.29214897189604,70.79993859441184,2.5077896225158014,0.28507981025464,29.096716359635302,39.19543261226074,1
Tamil Nadu,2024-12-04 18:00:00,6,Normal,0.3025525109632049,3.065473608255016,128.35399732747825,162.09078456773855,33.7367872402603,0.028787924256880888,143.41905634606374,15.065059018585487,0
Tamil Nadu,2024-12-05 00:00:00,4,Monsoon,0.46969938057186156,10.132005644529116,59.197479151040056,62.49402755021483,3.2965483991747746,0.2327449634204207,94.02784263843918,34.830363487399126,0
Telangana,2024-12-05 06:00:00,7,Monsoon,0.8891631984263108,3.1580912803569356,40.53797560449527,27.00406235777461,13.533913246720662,0.06880459398817683,33.498494502402934,7.0394811020923385,0
Tamil Nadu,2024-12-05 12:00:00,8,Normal,0.5747630678996903,14.5897923169999,46.78855355208925,69.1063067327296,22.31775318064036,0.04288577858480178,66.08609839055696,19.297544838467708,0
West Bengal,2024-12-05 18:00:00,9,Heavy Rain,0.40079376403368383,17.674226847196092,24.03504634659161,31.780091511197238,7.745045164605628,0.11435046717052566,2.334869408434262,21.700176938157348,0
Maharashtra,2024-12-06 00:00:00,6,Normal,0.28709951869449735,7.3678279859588125,35.28484172737405,35.723327730655306,0.4384860032812554,0.6951753424913083,47.20912561904015,11.9242838916661,0
Maharashtra,2024-12-06 06:00:00,6,Normal,0.8202923734658403,24.33401518054527,9.398685237674641,9.762546985624112,0.36386174794947124,0.7332121466882348,28.509291045028316,19.110605807353675,0
Coastal Andhra,2024-12-06 12:00:00,8,Normal,0.6620662138279124,19.869241729447374,39.47181829840887,42.326556384371635,2.854738085962765,0.25942099766558807,60.517176697040796,21.045358398631926,0
Maharashtra,2024-12-06 18:00:00,5,Normal,0.521258914383608,10.256180155564357,81.51475951859234,65.80952516866454,15.705234349927807,0.059861476891183006,96.80110827725454,15.2863487586622,0
Karnataka,2024-12-07 00:00:00,3,Normal,0.29573591847668024,6.766995215676003,136.18704422625478,174.14507224615141,37.95802801989663,0.025668650361082967,136.2130680724304,0.026023846175604604,0
Maharashtra,2024-12-07 06:00:00,3,Normal,0.4008217367414182,16.627144465140205,33.93946324754737,42.513814069417194,8.574350821869821,0.10444572364277593,29.24608997202434,4.693373275523033,0
Telangana,2024-12-07 12:00:00,6,Normal,0.9638590840646667,24.639821137006763,63.35235260795401,61.98269579280089,1.369656815153121,0.42200203574009204,88.95300735063809,25.60065474268408,0
Maharashtra,2024-12-07 18:00:00,2,Normal,0.5680809438452509,10.866208940546771,40.530114809517954,47.34309832070406,6.812983511186104,0.12799207864297515,60.723851219184354,20.1937364096664,0
Coastal Andhra,2024-12-08 00:00:00,6,Heavy Rain,0.4606293531189276,5.618078228401132,33.48888831489071,42.22401889220902,8.735130577318309,0.10272075880829791,19.98895535941485,13.49993295547586,0
Odisha,2024-12-08 06:00:00,6,Normal,0.5692798381134915,13.599655664325299,19.765265681542168,20.886996553190777,1.1217308716486087,0.471313309978371,10.210701032230126,9.554564649312042,0
West Bengal,2024-12-08 12:00:00,8,Heat Wave,0.8010896553096478,8.378112182699182,102.88222902286037,76.3686368925873,26.513592130273068,0.036345672177778086,79.0402520705549,23.841976952305473,0
Telangana,2024-12-08 18:00:00,7,Normal,0.4060980428525819,3.6808742609630265,12.52629899663986,14.673888278044176,2.1475892814043167,0.3177034582967711,32.572950212487086,20.046651215847227,0
Karnataka,2024-12-09 00:00:00,8,Normal,0.260835508839348,6.059297564707473,56.69996758581229,57.49898302392086,0.7990154381085688,0.555859598987861,73.36800896293741,16.66804137712512,0
Odisha,2024-12-09 06:00:00,9,Normal,0.626442506505143,17.613978778674344,15.187459516197592,11.03086297063885,4.156596545558742,0.19392636037451427,0.0,15.187459516197592,0
Telangana,2024-12-09 12:00:00,6,Normal,0.6986836931329604,7.685212885059904,29.362449206511045,36.959045292821735,7.59659608631069,0.11632511170234118,8.550130871215664,20.81231833529538,0
Rajasthan,2024-12-09 18:00:00,3,Monsoon,0.7414462026626947,5.411960025735843,99.61336282318833,105.51528176838475,5.901918945196428,0.14488724193088015,109.24144569198043,9.628082868792106,0
Tamil Nadu,2024-12-10 00:00:00,10,Normal,0.8937888316895167,20.536235409316856,19.24669283395344,18.142342922685383,1.1043499112680557,0.4752061406923586,55.439882657114815,36.193189823161376,0
Rajasthan,2024-12-10 06:00:00,3,Heat Wave,0.43405670862020174,17.25511781775853,53.321238351757444,80.94235846697579,27.621120115218346,0.034939233544122636,70.44036202778396,17.11912367602652,0
Maharashtra,2024-12-10 12:00:00,1,Cyclonic,0.16781940660600264,6.2631716430590565,88.84682390504956,76.73852670538963,12.10829719965993,0.0762875593044948,103.03684128921694,14.190017384167376,0
Odisha,2024-12-10 18:00:00,5,Heavy Rain,0.962513725267848,28.282330641569125,55.56058095203353,42.463846937336136,13.096734014697397,0.07093841729278498,16.248650294096436,39.3119306579371,0
Maharashtra,2024-12-11 00:00:00,4,Heavy Rain,0.49151073469372764,7.979623917054639,57.241815706412055,59.48101871375801,2.2392030073459566,0.3087179154045522,39.38856382320692,17.853251883205132,0
Tamil Nadu,2024-12-11 06:00:00,9,Monsoon,0.6609317587058182,10.903724566875297,55.05462000971737,52.9197373782125,2.1348826315048655,0.31899120877771464,52.001788672858005,3.052831336859363,0
Telangana,2024-12-11 12:00:00,9,Normal,0.699674790815463,8.987655229977278,77.92459620454119,67.04130124540374,10.883294959137444,0.0841517443973793,97.16768436277866,19.24308815823747,0
Tamil Nadu,2024-12-11 18:00:00,5,Heavy Rain,0.5918623378310832,4.212524389392341,87.32077614021571,118.07452933881255,30.75375319859684,0.031492340251740344,110.40001155784859,23.079235417632873,0
Coastal Andhra,2024-12-12 00:00:00,10,Normal,0.2847317767626431,7.499898455584846,51.18272870890373,36.82284432420079,14.359884384702944,0.06510465671186363,66.06032061960185,14.877591910698122,0
Tamil Nadu,2024-12-12 06:00:00,4,Normal,0.7796287451045273,8.274841537315146,45.9088296159441,49.46399198468876,3.5551623687446607,0.21953114270119553,65.00767688598222,19.09884727003812,0
Coastal Andhra,2024-12-12 12:00:00,7,Heavy Rain,0.8233767768736735,1.3581817528876625,14.517164874366497,14.834092201903248,0.31692732753675124,0.7593433434709351,7.201334456384659,7.315830417981838,0
Tamil Nadu,2024-12-12 18:00:00,6,Heavy Rain,0.5976780274156959,10.506640483616646,24.513315930734766,24.44574412154799,0.06757180918677719,0.936705139077951,0.0,24.513315930734766,0
West Bengal,2024-12-13 00:00:00,4,Cyclonic,0.5397050445263574,15.7862282373463,54.31461631035782,70.0030169210738,15.688400610715973,0.05992185969923798,24.124178704568386,30.190437605789434,0
Coastal Andhra,2024-12-13 06:00:00,10,Normal,0.20254436481518678,3.1951311190272014,10.026332014543588,15.17505203976674,5.148720025223152,0.16263547468380746,28.62219489006184,18.595862875518254,0
Odisha,2024-12-13 12:00:00,2,Monsoon,0.17555649534980544,13.866071840115504,22.762231429521012,22.763933283198224,0.001701853677211318,0.9983010377080127,33.67183185290163,10.90960042338062,0
Maharashtra,2024-12-13 18:00:00,1,Normal,0.4056083610071759,18.24119173298919,34.35040449564382,41.97774541312973,7.62734091748591,0.1159105696140045,44.024571532646696,9.674167037002874,0
Karnataka,2024-12-14 00:00:00,4,Normal,0.379761539965654,7.593352891879196,17.57384723024471,17.752895455792952,0.17904822554824307,0.8481417284988595,0.9075083753231468,16.666338854921563,0
Maharashtra,2024-12-14 06:00:00,4,Normal,0.9582908058669442,27.956090223929245,23.27814928030974,23.737010817578657,0.4588615372689162,0.6854660119918338,67.94368006543293,44.66553078512319,0
Rajasthan,2024-12-14 12:00:00,1,Normal,0.8052604681990868,10.319255401905405,57.102250258653555,63.54567844248856,6.443428183835003,0.13434669822860842,57.15650174813923,0.054251489485672266,0
Maharashtra,2024-12-14 18:00:00,6,Normal,0.6939318657331539,1.2859483061551356,40.085030402533164,41.77381479097265,1.6887843884394869,0.3719152804886593,57.556402104821814,17.47137170228865,0
Telangana,2024-12-15 00:00:00,4,Heavy Rain,0.5658832801158445,2.6507802605025383,66.86931115307667,51.63395969079275,15.235351462283916,0.0615939853426077,71.190081170158,4.32077001708133,0
West Bengal,2024-12-15 06:00:00,1,Monsoon,0.2506307776539862,10.667975803607959,33.16544175110121,44.20298561189997,11.037543860798756,0.08307342524055772,22.484303044328698,10.681138706772515,0
Tamil Nadu,2024-12-15 12:00:00,1,Normal,0.9806110049658555,13.355565610682342,39.6871303142567,44.14663867275844,4.459508358501743,0.1831666762525904,46.77825248574109,7.091122171484393,0
Rajasthan,2024-12-15 18:00:00,1,Heavy Rain,0.437536628416189,8.847551300284248,50.416624201153304,49.82787952498786,0.5887446761654473,0.6294277582811946,64.31121203629243,13.894587835139127,0
Telangana,2024-12-16 00:00:00,8,Monsoon,0.19623304220252033,10.207306111149952,24.270433261846208,20.469265524400917,3.80116773744529,0.20828266261159661,3.4142804414997805,20.856152820346427,0
Telangana,2024-12-16 06:00:00,10,Monsoon,0.5444190061441715,9.047386741326083,59.28600657004901,63.61372970613942,4.327723136090405,0.18769744118757284,54.54748817086156,4.738518399187448,0
Coastal Andhra,2024-12-16 12:00:00,8,Heavy Rain,0.8865982104517749,4.989862709104921,19.9566326680978,18.743493575833803,1.2131390922639973,0.4518468827808829,1.6356227730640676,18.321009895033733,0
Maharashtra,2024-12-16 18:00:00,2,Normal,0.8985619015995965,9.067487141965069,26.326006616976212,27.524954568107653,1.1989479511314407,0.45476292400893925,20.94895761314943,5.37704900382678,0
Odisha,2024-12-17 00:00:00,7,Cyclonic,0.10986932445080254,1.9711211938399178,29.85356458650678,28.44385122310664,1.4097133634001402,0.41498711638839303,60.42566975309178,30.572105166585,1
Karnataka,2024-12-17 06:00:00,8,Heavy Rain,0.8976661702762597,6.5046206360907775,27.578475556226753,21.848582585396823,5.72989297082993,0.1485907731867956,0.0,27.578475556226753,0
Odisha,2024-12-17 12:00:00,8,Normal,0.34433579574987266,12.706236029251421,44.86877600896641,62.932799391013376,18.06402338204697,0.05245482445965331,49.739146537716586,4.870370528750179,0
Rajasthan,2024-12-17 18:00:00,10,Normal,0.13507512757158077,3.9879161937574175,27.638404698196265,21.117161869122782,6.521242829073483,0.13295674966569146,10.271415861035884,17.36698883716038,0
West Bengal,2024-12-18 00:00:00,7,Monsoon,0.863011243326587,6.977659223024448,37.68620900648288,30.330230947401187,7.355978059081696,0.1196747996379849,49.67727551912057,11.991066512637687,0
Odisha,2024-12-18 06:00:00,5,Normal,0.8774800803893874,9.546695557015997,83.96337896918871,98.19865668060287,14.235277711414156,0.06563713631887441,69.93144109293048,14.031937876258226,0
Tamil Nadu,2024-12-18 12:00:00,1,Heat Wave,0.636607971858115,26.872474364271742,88.44043279340542,95.28965053409448,6.849217740689056,0.12740123067502182,58.63082430089915,29.80960849250627,0
Odisha,2024-12-18 18:00:00,9,Normal,0.6169903815667225,17.177696116870955,1.457034468149264,1.697709915031538,0.24067544688227405,0.8060125655850822,0.0,1.457034468149264,0
Rajasthan,2024-12-19 00:00:00,7,Monsoon,0.8318082453592774,1.8936994251271302,57.062717284600424,64.24035070364327,7.177633419042849,0.12228476733517422,53.85301467449507,3.209702610105353,0
Karnataka,2024-12-19 06:00:00,2,Normal,0.8076785974392519,31.22763960299729,8.038918971434747,6.525520419314524,1.513398552120223,0.39786765976945115,18.328327189216857,10.28940821778211,0
Odisha,2024-12-19 12:00:00,6,Heavy Rain,0.9010949260984337,21.507930608874986,59.548897508333766,69.52279636491187,9.973898856578103,0.09112531590361508,123.76060892856552,64.21171142023175,1
Tamil Nadu,2024-12-19 18:00:00,2,Cyclonic,0.5974727028370331,10.014019914331527,75.79434561268043,63.610327366768146,12.184018245912284,0.07584940959180263,111.93841737774534,36.14407176506491,1
Coastal Andhra,2024-12-20 00:00:00,1,Normal,0.9708823834595278,15.241449532319217,30.933121833160733,39.082265620744195,8.149143787583462,0.1092998452332912,5.510662052704024,25.42245978045671,0
West Bengal,2024-12-20 06:00:00,7,Heavy Rain,0.9965321478400045,4.506665563642188,89.896425744591,67.46657212815872,22.429853616432283,0.04268059102591493,120.70262933397477,30.80620358938377,1
Rajasthan,2024-12-20 12:00:00,2,Normal,0.20489014899876934,8.304436926703932,24.852739809727783,19.92576706442203,4.926972745305754,0.16872019544750128,15.5149999791289,9.337739830598883,0
Coastal Andhra,2024-12-20 18:00:00,2,Normal,0.8645893835987098,4.271550523070175,81.32890140563467,65.77828826255069,15.550613143083979,0.06042072226296166,65.31751067010596,16.011390735528707,0
Coastal Andhra,2024-12-21 00:00:00,5,Normal,0.5498400319737301,13.258305196153174,74.57579327271537,80.35993313857234,5.784139865856972,0.14740262137471133,64.22743882544738,10.348354447267994,0
Coastal Andhra,2024-12-21 06:00:00,5,Monsoon,0.4488097044698489,37.60282884362033,13.776787761664922,13.597576270767302,0.1792114908976199,0.8480243007459133,0.0,13.776787761664922,0
Telangana,2024-12-21 12:00:00,7,Normal,0.6517650788944435,6.225085735442505,32.820527583800576,33.761963046930674,0.9414354631300981,0.5150827925991114,60.13266041128584,27.312132827485264,0
West Bengal,2024-12-21 18:00:00,1,Normal,0.15036900153580635,7.629476132407663,11.807637316285025,11.459500048034805,0.34813726825021973,0.7417642279839385,24.112970028442042,12.305332712157018,0
Karnataka,2024-12-22 00:00:00,8,Normal,0.5558150068903719,8.525617328480145,17.939664466290125,17.70126046550471,0.23840400078541535,0.8074909313647115,34.363161095357924,16.4234966290678,0
Maharashtra,2024-12-22 06:00:00,3,Heavy Rain,0.883801513024,6.506815083664572,91.68469989503583,80.63624579321036,11.04845410182547,0.08299819973157296,44.57501615155852,47.10968374347731,1
West Bengal,2024-12-22 12:00:00,4,Monsoon,0.2921153645250719,12.724426169439289,59.34260649756256,36.925511282121235,22.41709521544132,0.042703844810802846,27.409668579115426,31.93293791844713,0
Telangana,2024-12-22 18:00:00,9,Normal,0.48375090529248266,18.092747977416263,27.414224148760766,17.852864397512906,9.56135975124786,0.09468477767570097,26.28565774048387,1.128566408276896,0
Maharashtra,2024-12-23 00:00:00,4,Normal,0.9455327989433879,5.370572356444995,8.48768645966089,6.787088733275617,1.7005977263852738,0.3702883958724542,0.0,8.48768645966089,0
West Bengal,2024-12-23 06:00:00,10,Heat Wave,0.4857074540251276,8.444747479653962,11.272505276744857,10.364854212853693,0.9076510638911639,0.5242048815574442,41.622482327842036,30.349977051097177,0
Coastal Andhra,2024-12-23 12:00:00,5,Normal,0.4225308690991585,13.935479841394578,38.08435016059984,52.02876654242369,13.94441638182385,0.06691462379328846,46.041083837805246,7.956733677205406,0
Rajasthan,2024-12-23 18:00:00,7,Cyclonic,0.49648298331104046,3.938004172076079,94.56606329594992,70.46892001880249,24.097143277147424,0.03984517237507923,39.44801316314528,55.11805013280463,1
Maharashtra,2024-12-24 00:00:00,4,Cyclonic,0.5675074898658007,2.8424759593316926,69.33829519202473,50.40095631183305,18.93733888019168,0.05015714514405575,11.332345711101105,58.005949480923626,1
Tamil Nadu,2024-12-24 06:00:00,1,Monsoon,0.668792209718322,5.284071561418181,39.10036125641648,21.305709688605095,17.794651567811382,0.05320662617191839,24.88884664242964,14.211514613986836,0
Tamil Nadu,2024-12-24 12:00:00,9,Normal,0.820623520825058,14.4380141366481,39.16615398093413,44.074053629928834,4.9078996489947,0.1692648926713171,90.92822952261099,51.76207554167686,1
Odisha,2024-12-24 18:00:00,4,Monsoon,0.5068919851878828,3.760110732755693,50.902383340660606,48.18598324259698,2.716400098063623,0.2690775948803348,22.897300184418096,28.00508315624251,1
Maharashtra,2024-12-25 00:00:00,9,Monsoon,0.8357328415811263,5.5938519467270345,84.68802414787062,57.28882677754924,27.39919737032138,0.0352122627608149,94.55003913596471,9.862014988094089,0
Rajasthan,2024-12-25 06:00:00,6,Heavy Rain,0.5803485952168725,8.50452468197549,20.965563599677154,20.815697070826047,0.1498665288511063,0.869666152470021,0.0,20.965563599677154,0
Karnataka,2024-12-25 12:00:00,1,Normal,0.40463245933117986,9.61012764717866,50.31096029458431,42.974083635275115,7.336876659309198,0.11994899779204135,49.006565714443575,1.3043945801407375,0
Telangana,2024-12-25 18:00:00,3,Normal,0.6921557453074728,7.640927451124629,17.206504038382096,22.77793824702234,5.571434208640245,0.15217378250324431,0.0,17.206504038382096,0
Coastal Andhra,2024-12-26 00:00:00,2,Normal,0.7459500292691422,8.651448367166731,47.802255245287384,39.78936068155777,8.012894563729617,0.11095214671924343,46.948494923955806,0.8537603213315776,0
Odisha,2024-12-26 06:00:00,9,Heavy Rain,0.6022440780665388,2.158089059471299,38.75578158996818,55.20879421587681,16.453012625908627,0.05729669836573207,0.0,38.75578158996818,1
Tamil Nadu,2024-12-26 12:00:00,1,Heavy Rain,0.15095347582125107,5.104786065977054,12.22731203251113,12.753780754778745,0.5264687222676159,0.6551067738318735,1.6017410484174537,10.625570984093676,0
Telangana,2024-12-26 18:00:00,9,Normal,0.25289458764474243,15.209968142063275,50.920914644420954,45.89394891222591,5.026965732195045,0.16592096992656968,83.8047965623796,32.88388191795864,0
Telangana,2024-12-27 00:00:00,9,Heavy Rain,0.35676794880120544,4.763891590683792,29.945238788935335,28.021529162395638,1.9237096265396971,0.34203123009295955,82.02334400293758,52.07810521400224,1
Coastal Andhra,2024-12-27 06:00:00,8,Normal,0.3543630453563438,9.809010534528165,32.720112265531256,35.11876403536284,2.398651769831581,0.2942343222322994,71.29734934820152,38.577237082670266,1
Karnataka,2024-12-27 12:00:00,8,Heavy Rain,0.7060787202221835,9.108634525577555,22.70878532818894,21.186291241028552,1.5224940871603891,0.39643304025569215,0.19655428639266503,22.512231041796277,0
Karnataka,2024-12-27 18:00:00,1,Heat Wave,0.11651379550626934,14.138370342411275,47.03390056618925,36.14985461518154,10.884045951007714,0.08414642657244223,33.213468426166784,13.820432140022469,0
Maharashtra,2024-12-28 00:00:00,8,Normal,0.7801135993445679,15.605136495578236,44.951736973755274,52.04202221226109,7.090285238505814,0.12360503622795492,126.3564179064468,81.40468093269152,1
Tamil Nadu,2024-12-28 06:00:00,10,Normal,0.3388082273262399,18.662438478250923,67.22093999936817,83.88365087184229,16.662710872474122,0.056616450737379025,30.105198777485235,37.115741221882935,0
Karnataka,2024-12-28 12:00:00,3,Normal,0.3790196615944922,22.59089783392671,54.575774148262,68.5905259536187,14.014751805356696,0.06660116750269811,46.745828554293944,7.829945593968056,0
Rajasthan,2024-12-28 18:00:00,7,Heavy Rain,0.5751188451495318,3.804267493664353,22.900450562087407,21.982868365434083,0.9175821966533242,0.5214900314287743,0.0,22.900450562087407,1
Karnataka,2024-12-29 00:00:00,1,Monsoon,0.2943330408450618,1.0226018778030224,69.45246024848673,88.41027640746768,18.957816158980947,0.05010568250725185,78.94526669372833,9.492806445241598,0
Telangana,2024-12-29 06:00:00,1,Heat Wave,0.8960241822179748,6.246237357381194,80.06661271506012,86.38136537000548,6.314752654945366,0.1367100224945978,74.00620098804005,6.0604117270200675,0
Coastal Andhra,2024-12-29 12:00:00,10,Normal,0.17683190139390875,3.5496168112106377,25.282734543586898,23.43268688626512,1.8500476573217775,0.35087132575871083,19.36799369550365,5.914740848083248,0
Rajasthan,2024-12-29 18:00:00,5,Heat Wave,0.4999441260709584,4.284744107233314,34.38210005428856,29.559900094551754,4.822199959736803,0.1717563819373194,50.76088317367142,16.37878311938286,0
Maharashtra,2024-12-30 00:00:00,5,Normal,0.8644800425094009,12.357164695019787,29.41803932358703,36.189127722312406,6.771088398725375,0.12868210328993573,62.479249371708114,33.06121004812108,0
Tamil Nadu,2024-12-30 06:00:00,8,Heavy Rain,0.6542595049791122,17.91610146350339,43.72145847672948,25.326905610646616,18.394552866082865,0.05156086901847565,3.549592889722831,40.17186558700665,0
Maharashtra,2024-12-30 12:00:00,7,Normal,0.3630965642583701,10.003116204176209,23.736196048933703,31.977093037857074,8.240896988923371,0.10821460310602456,18.72776858613739,5.008427462796313,0
Telangana,2024-12-30 18:00:00,8,Cyclonic,0.47868418699881465,4.9365270918045585,66.40537552429822,68.49710184300648,2.091726318708254,0.3234438940953245,51.52960484691172,14.875770677386505,0
Rajasthan,2024-12-31 00:00:00,6,Heavy Rain,0.7360249423082632,10.376912677543562,19.96772578515397,16.987464865663664,2.9802609194903056,0.2512398107127247,0.0,19.96772578515397,0
Rajasthan,2024-12-31 06:00:00,6,Monsoon,0.9759346690275094,14.485075749887844,32.28835127282365,26.517960932462515,5.770390340361132,0.14770197133813412,33.83487776739696,1.546526494573314,0
Rajasthan,2024-12-31 12:00:00,2,Monsoon,0.9038248465414901,2.174438406513812,53.37357269328158,47.45908620335162,5.914486489929963,0.14462389961371216,46.44205141255141,6.931521280730173,0
Telangana,2024-12-31 18:00:00,6,Normal,0.40818952754413906,6.611414966791051,43.71551185985819,51.43028265625157,7.714770796393381,0.11474771091098016,36.94768458009528,6.767827279762912,0
Telangana,2025-01-01 00:00:00,5,Normal,0.9983780913590717,7.068717250200049,45.17770625873199,48.69689449870525,3.5191882399732606,0.22127867813842533,35.69671565689872,9.48099060183327,0
Maharashtra,2025-01-01 06:00:00,3,Cyclonic,0.10315419717795245,7.47519576782855,18.283004011988286,16.185152751613096,2.09785126037519,0.32280439438492825,45.76581153198316,27.482807519994875,0
Odisha,2025-01-01 12:00:00,6,Normal,0.12486678022757358,4.019575175434889,39.00504412540295,33.73091558458422,5.2741285408187295,0.15938468482022955,39.29401577779542,0.28897165239247613,0
Maharashtra,2025-01-01 18:00:00,8,Normal,0.8414564636540744,10.560371612227954,77.91183484507985,84.02864859509559,6.116813750015737,0.14051231845118733,43.880786786074864,34.03104805900499,0
Tamil Nadu,2025-01-02 00:00:00,9,Heavy Rain,0.2795164181497468,11.298745872827674,64.27155583957604,108.35621069148529,44.08465485190925,0.022180495853516596,68.6627414572475,4.391185617671468,0
Coastal Andhra,2025-01-02 06:00:00,1,Heavy Rain,0.1546923415566168,3.7327699721855874,34.798847224508314,58.579023434606704,23.78017621009839,0.04035483813841813,39.578343719533905,4.77949649502559,0
Rajasthan,2025-01-02 12:00:00,3,Normal,0.31343326591285203,20.923575390164935,43.20544337412116,54.5597661200356,11.354322745914438,0.08094332814242683,23.134820133617648,20.07062324050351,0
Odisha,2025-01-02 18:00:00,3,Normal,0.48349013858277423,2.932060297444629,48.76618076010618,39.324215041864825,9.441965718241356,0.09576740883692739,48.577711169848016,0.18846959025816545,0
Coastal Andhra,2025-01-03 00:00:00,8,Normal,0.7575096433900643,4.784975354740386,90.59223481493152,107.67047764377246,17.078242828840942,0.05531511051531292,106.63699730942187,16.044762494490357,0
Odisha,2025-01-03 06:00:00,1,Normal,0.661901973896085,2.6656852922337047,30.981293240288426,25.217751049012954,5.763542191275473,0.14785152095154142,41.98607000291605,11.004776762627625,0
Karnataka,2025-01-03 12:00:00,5,Cyclonic,0.31385909580437843,2.2826707343642005,63.64958152850107,60.0076521149309,3.6419294135701747,0.21542766184177833,64.96867601321023,1.3190944847091544,0
Karnataka,2025-01-03 18:00:00,3,Heat Wave,0.5529434032905259,9.272123334310988,43.649014068494864,58.55122205276921,14.902207984274348,0.0628843492041418,57.75730845413661,14.108294385641749,0
West Bengal,2025-01-04 00:00:00,2,Heavy Rain,0.9335926948587119,4.773034914685297,77.78879308108466,73.04209443892317,4.7466986421614905,0.17401295287408228,54.32738712730669,23.46140595377797,0
Karnataka,2025-01-04 06:00:00,8,Normal,0.833506999285382,15.672120672042539,82.66643446397117,76.82136487489616,5.84506958907501,0.14609055276750404,106.89162104543576,24.225186581464584,0
Maharashtra,2025-01-04 12:00:00,3,Heat Wave,0.39087080634861404,4.064919658547109,45.4958505989028,39.74354589781075,5.752304701092051,0.14809758212455518,41.08013697766565,4.4157136212371455,0
Karnataka,2025-01-04 18:00:00,7,Heavy Rain,0.9840381052201267,4.826967877205523,27.547517651683627,21.920203492190243,5.627314159493384,0.15089068903841488,11.840514574338187,15.70700307734544,0
Telangana,2025-01-05 00:00:00,1,Normal,0.7377583603916179,14.248887816391367,76.37591105722765,71.37600289666045,4.999908160567202,0.1666692178010713,64.04812672944642,12.327784327781231,0
Rajasthan,2025-01-05 06:00:00,6,Heat Wave,0.1562044201001036,3.2281760370846158,42.58186041030556,50.46407167436356,7.882211264058,0.11258457722645203,15.290586153890168,27.29127425641539,1
Maharashtra,2025-01-05 12:00:00,3,Monsoon,0.13164464195977482,5.769543808322329,15.549464328281688,18.18072129054182,2.63125696226013,0.275386735335191,34.82886385725178,19.279399528970096,0
Coastal Andhra,2025-01-05 18:00:00,8,Monsoon,0.25156715410902697,20.685047587224684,12.479774505396472,13.39648820531608,0.9167136999196082,0.5217263277462578,0.0,12.479774505396472,0
West Bengal,2025-01-06 00:00:00,6,Monsoon,0.7550702812451321,0.45661705121865676,42.71862985406577,55.28198160542165,12.563351751355881,0.07372808862676834,26.28691751360379,16.431712340461978,1
West Bengal,2025-01-06 06:00:00,2,Normal,0.2653650332581851,2.1793681423132307,3.999740098932855,2.275316468335572,1.7244236305972827,0.36705011246021507,14.074989497052893,10.07524939812004,0
West Bengal,2025-01-06 12:00:00,6,Normal,0.5603380922879502,23.170922965009492,29.79891626012693,30.19057948100122,0.39166322087428895,0.7185646534308544,22.160491870014383,7.638424390112547,0
Coastal Andhra,2025-01-06 18:00:00,7,Monsoon,0.18393410816274858,11.452833202356324,79.67647047193738,65.5539164688554,14.122554003081973,0.0661263963611041,90.8215205106861,11.145050038748721,0
Coastal Andhra,2025-01-07 00:00:00,5,Normal,0.9287975420471756,10.523216526841772,88.70244422000769,132.70692587367313,44.00448165366544,0.022220009280310284,52.3814498755635,36.320994344444195,1
Coastal Andhra,2025-01-07 06:00:00,3,Normal,0.4095645522252108,2.1837785476817038,79.70766817695186,74.60490506640323,5.102763110548622,0.1638602026468143,86.81770855004768,7.110040373095828,0
Coastal Andhra,2025-01-07 12:00:00,4,Monsoon,0.9173188509045677,9.000229876739654,43.29485196362897,51.32207013389917,8.027218170270196,0.11077609747965898,49.87204398515461,6.57719202152564,0
West Bengal,2025-01-07 18:00:00,4,Monsoon,0.9503880777194899,3.7980202656758246,22.76146105098905,28.43634241257498,5.674881361585932,0.1498153968331211,33.29572684586806,10.534265794879012,0
West Bengal,2025-01-08 00:00:00,6,Heavy Rain,0.10551578258231271,15.966974394526785,84.83003864484623,76.91234947864753,7.917689166198699,0.11213667367891286,108.59131780015805,23.761279155311826,0
Odisha,2025-01-08 06:00:00,10,Monsoon,0.5177216684788588,16.49236207439789,47.65420997906815,58.72946539418882,11.075255415120672,0.08281398327589799,111.01972733064127,63.365517351573125,1
Maharashtra,2025-01-08 12:00:00,1,Monsoon,0.12219045013620361,5.2196821225470424,15.104700512904143,19.0407263709647,3.936025858060555,0.2025921315559956,23.306483601815902,8.201783088911759,0
Rajasthan,2025-01-08 18:00:00,4,Monsoon,0.9178234896726153,12.090761110166907,44.92793129214638,53.798848722407804,8.870917430261422,0.10130770590120476,40.2412881339404,4.686643158205982,0
Karnataka,2025-01-09 00:00:00,10,Normal,0.5665667902611182,10.921753170157086,76.88627410284442,66.84954569387739,10.036728408967036,0.09060656047198984,68.62371356957745,8.262560533266978,0
Karnataka,2025-01-09 06:00:00,4,Normal,0.16744961142864714,7.573478766869314,7.105968158471638,4.5644203223770985,2.54154783609454,0.28236241504583354,0.0,7.105968158471638,0
Telangana,2025-01-09 12:00:00,10,Normal,0.1992490554489102,3.9234758939521335,38.02517463330698,58.35357797280378,20.328403339496795,0.046885835009888424,15.608433109629374,22.416741523677608,0
West Bengal,2025-01-09 18:00:00,1,Normal,0.44515812204346517,5.796111590489783,95.23359231844105,88.31107026129855,6.922522057142501,0.12622243179474094,90.53001795153881,4.703574366902245,0
Telangana,2025-01-10 00:00:00,9,Normal,0.9462107735856005,15.5322493849323,43.13449399730145,53.96498485590124,10.830490858599795,0.08452734649408754,15.554174774966022,27.580319222335426,0
Maharashtra,2025-01-10 06:00:00,4,Normal,0.7236182364112728,20.89684768446699,18.398110763642638,16.260848675000396,2.1372620886422418,0.3187492698236074,4.179628129174548,14.21848263446809,0
Maharashtra,2025-01-10 12:00:00,7,Heavy Rain,0.8808569795702191,6.2425312899449334,71.69940294013928,109.30246129851486,37.60305835837558,0.025904683269299397,112.08084990837243,40.38144696823315,1
Telangana,2025-01-10 18:00:00,3,Heat Wave,0.42981098170598175,22.368728234756393,60.08182596527022,52.597182868746266,7.484643096523953,0.11785999583290507,49.627962878493605,10.453863086776614,0
West Bengal,2025-01-11 00:00:00,10,Normal,0.1388923295949985,11.461457669911484,47.6637376281387,48.86221901920572,1.1984813910670198,0.45485943345404256,47.374076364158,0.28966126398069747,0
Telangana,2025-01-11 06:00:00,3,Monsoon,0.9768858734839727,7.776500488564069,18.919387160298143,29.90217200382683,10.982784843528687,0.08345305478300821,35.154946845482485,16.23555968518434,0
Karnataka,2025-01-11 12:00:00,8,Monsoon,0.1154556915961326,7.086054406727175,51.89877912436997,31.161049548993077,20.737729575376896,0.046002964409527655,51.598680228790606,0.3000988955793673,0
Odisha,2025-01-11 18:00:00,8,Normal,0.9528864877729801,4.147143034491185,63.66918214237266,82.86842565140385,19.19924350903119,0.04950680452725344,53.841457968735604,9.827724173637058,0
Karnataka,2025-01-12 00:00:00,1,Heat Wave,0.43180968146423027,12.717068519120776,15.023226624141115,14.928287253813577,0.09493937032753763,0.9132925777441561,18.666205093361345,3.64297846922023,0
Tamil Nadu,2025-01-12 06:00:00,10,Heavy Rain,0.10908136451969337,24.99305233494322,50.590817463337736,59.54106724437254,8.950249781034806,0.10049998964910427,7.817046227995171,42.773771235342565,0
West Bengal,2025-01-12 12:00:00,2,Normal,0.7202415085520575,7.530777529861675,35.638046657716785,32.53751325069684,3.1005334070199453,0.24387071162206383,29.698615940313356,5.939430717403429,0
West Bengal,2025-01-12 18:00:00,8,Monsoon,0.9824862736282187,3.4910808535173787,10.622166701330116,14.966725462605371,4.344558761275255,0.18710618493815415,0.0,10.622166701330116,0
Rajasthan,2025-01-13 00:00:00,1,Normal,0.9690631505538333,14.24401855940703,36.839032229103424,29.361472056307733,7.477560172795691,0.11795846677785651,8.881217344710947,27.957814884392477,0
Coastal Andhra,2025-01-13 06:00:00,8,Monsoon,0.2448433100821766,5.986651849209745,31.595113511914064,31.888689506038407,0.29357599412434254,0.7730508331494879,41.84998011712275,10.254866605208683,0
Tamil Nadu,2025-01-13 12:00:00,8,Normal,0.2631230254595395,4.094930544076273,39.499622689048486,48.736852504187425,9.237229815138939,0.09768267569036967,48.040255116070874,8.540632427022388,0
Maharashtra,2025-01-13 18:00:00,2,Monsoon,0.6089850231576941,2.074392986115676,28.864891954618948,22.944601025461683,5.9202909291572645,0.14450259537307883,8.796644342138215,20.068247612480732,1
West Bengal,2025-01-14 00:00:00,4,Normal,0.673574343785492,12.420526975532775,12.377781426641292,12.771990920504697,0.3942094938634053,0.7172523242751443,29.533724224087898,17.155942797446606,0
Telangana,2025-01-14 06:00:00,6,Heavy Rain,0.7654761222992791,18.64540655720326,92.08845262281909,68.48751230628446,23.600940316534633,0.040648852732181384,96.14952185074372,4.061069227924634,0
Tamil Nadu,2025-01-14 12:00:00,9,Normal,0.2629453244249328,2.7507646505378034,162.1187946515693,145.8294010525697,16.289393598999595,0.057838928489537214,171.88154285582795,9.762748204258656,0
Rajasthan,2025-01-14 18:00:00,8,Monsoon,0.963106378087991,6.521767087908898,32.38710934124786,53.6375071358592,21.250397794611345,0.044943016715062165,69.50388247440488,37.11677313315702,1
Maharashtra,2025-01-15 00:00:00,8,Monsoon,0.6748653306603141,7.005852751278955,42.665997687541434,56.97538688363631,14.309389196094877,0.06531939238014017,26.09402591561012,16.571971771931313,0
Coastal Andhra,2025-01-15 06:00:00,7,Heavy Rain,0.8623422269834994,4.357685970293808,159.87714862595874,186.50356338323363,26.626414757274887,0.03619724125573222,169.25131088482834,9.374162258869603,0
Coastal Andhra,2025-01-15 12:00:00,9,Heavy Rain,0.5860591437557546,21.95450162804457,18.64661898328928,20.367873554131098,1.7212545708418183,0.3674775637365859,62.15707310763447,43.51045412434519,0
Rajasthan,2025-01-15 18:00:00,2,Heavy Rain,0.4728491628308944,1.9749296563874457,27.611269285807797,16.80302886566601,10.808240420141786,0.0846866225974075,12.5063555640254,15.104913721782397,0
Rajasthan,2025-01-16 00:00:00,3,Cyclonic,0.9794646159354964,11.54747450018608,55.98341994002037,53.36821314817233,2.6152067918480384,0.27660934977631396,110.0833299442398,54.099910004219424,1
Telangana,2025-01-16 06:00:00,10,Heavy Rain,0.6239092337378525,13.203383598395808,49.22746990816988,60.578049337852434,11.350579429682554,0.08096786111886112,55.65831110016482,6.4308411919949435,0
West Bengal,2025-01-16 12:00:00,8,Monsoon,0.880186224519261,4.328705085991568,77.25468190873461,68.71344563488948,8.54123627384513,0.10480822099975089,46.320756719812465,30.933925188922146,1
Coastal Andhra,2025-01-16 18:00:00,6,Monsoon,0.9579631567296609,3.434149635239183,61.092130769594455,66.5990212827708,5.5068905131763515,0.15368323748110033,32.29003094408385,28.802099825510602,1
Maharashtra,2025-01-17 00:00:00,10,Normal,0.7078191643077933,4.998708580954114,99.84502692102625,74.79894588700041,25.046081034025832,0.03839349185367386,87.87721265481436,11.967814266211889,0
Tamil Nadu,2025-01-17 06:00:00,9,Normal,0.5940448106668075,1.2831082352670364,52.89266273283963,38.50851536827617,14.38414736456346,0.06500197744487583,73.3721506580692,20.47948792522957,1
Maharashtra,2025-01-17 12:00:00,10,Normal,0.10315976581958557,5.3589574833188145,15.420548970687024,24.214996344877175,8.79444737419015,0.10209866486547788,12.062378434135857,3.3581705365511674,0
Odisha,2025-01-17 18:00:00,4,Monsoon,0.1360176766651054,5.99453036591207,32.62660814006584,49.993130952280296,17.366522812214455,0.05444688742797635,26.787693382380425,5.838914757685416,0
Odisha,2025-01-18 00:00:00,8,Normal,0.2807660944460047,28.48398256746599,71.71461253614997,70.1810562118004,1.5335563243495756,0.394702099333325,85.6818206548745,13.967208118724528,0
Rajasthan,2025-01-18 06:00:00,10,Heavy Rain,0.2674075886703957,1.554447930759589,6.441813199739766,5.188666444780301,1.2531467549594648,0.4438237313210388,0.0,6.441813199739766,0
Telangana,2025-01-18 12:00:00,3,Monsoon,0.3292829156798608,7.478924483838293,37.08309887437065,28.34810003433072,8.734998840039928,0.10272214886015317,64.34474875601563,27.261649881644985,0
Odisha,2025-01-18 18:00:00,3,Normal,0.3744411739278948,14.518156687624,51.23584354286414,56.380195356095015,5.144351813230877,0.1627510973324575,83.23961788418515,32.00377434132101,0
Coastal Andhra,2025-01-19 00:00:00,8,Heavy Rain,0.4240589441956555,25.499293855413224,51.7551935098471,76.78787425310954,25.032680743262432,0.0384132548569287,80.3806113742152,28.625417864368103,0
Maharashtra,2025-01-19 06:00:00,5,Normal,0.4784839210619889,1.777855290186133,25.56173251429291,21.096035260050577,4.4656972542423325,0.1829592737182481,14.381431325491835,11.180301188801074,0
Maharashtra,2025-01-19 12:00:00,3,Normal,0.1889797046104132,27.957567914704224,31.37988943741998,32.942237883444484,1.5623484460245045,0.3902669840050461,11.812701770605795,19.567187666814185,0
Rajasthan,2025-01-19 18:00:00,10,Monsoon,0.13812573875750384,6.497713951049291,48.01688240883352,49.80228276400402,1.785400355170502,0.3590148174368231,84.4463549219452,36.42947251311168,1
West Bengal,2025-01-20 00:00:00,1,Normal,0.7065500041657211,6.541221052030426,69.69895059006718,98.72289034467741,29.023939754610225,0.033306754815428524,47.314980889840506,22.38396970022668,0
West Bengal,2025-01-20 06:00:00,3,Normal,0.5836013423587699,2.8063315431746165,15.99252418011206,17.114663162018353,1.1221389819062928,0.47122267133593276,14.65115834338797,1.3413658367240906,0
Tamil Nadu,2025-01-20 12:00:00,9,Cyclonic,0.4997297819981077,8.799185716536957,43.91965363162315,28.59060783228817,15.329045799334978,0.06124056557185518,112.09192078410112,68.17226715247797,1
Rajasthan,2025-01-20 18:00:00,5,Normal,0.6709959470515171,28.040362360359623,87.66260429494247,104.15569859587306,16.493094300930593,0.05716541526600027,78.0781444954079,9.58445979953457,0
Karnataka,2025-01-21 00:00:00,10,Heat Wave,0.8449114664831865,8.667396555930146,41.78416265302367,43.57041208625582,1.7862494332321504,0.3589054117240192,0.0,41.78416265302367,1
Tamil Nadu,2025-01-21 06:00:00,2,Heat Wave,0.4849236182045842,3.95003919831626,57.17470506870396,44.78003794832489,12.394667120379069,0.07465657720441357,64.61710934012268,7.442404271418724,0
Karnataka,2025-01-21 12:00:00,7,Normal,0.6770075185467814,4.720447265079488,98.66396823397467,124.81163302928888,26.147664795314213,0.036835580796349146,76.20637065257061,22.45759758140406,0
West Bengal,2025-01-21 18:00:00,2,Normal,0.9582150014516428,4.9232624011917565,47.509882929151466,43.79400058637581,3.7158823427756573,0.21204939549264148,20.162248012002426,27.34763491714904,1
Rajasthan,2025-01-22 00:00:00,4,Monsoon,0.8556620462754047,23.125616340935625,96.8254335632212,104.89703301784213,8.071599454620937,0.11023414393485097,95.25442466869515,1.5710088945260452,0
Karnataka,2025-01-22 06:00:00,7,Heavy Rain,0.4834007294521685,26.650135938387184,32.95159055045574,34.14185140278056,1.190260852324819,0.45656662261874664,65.9463619825913,32.99477143213556,0
Rajasthan,2025-01-22 12:00:00,4,Normal,0.6802451540332687,1.9678710906294912,81.56662037255597,75.47737111836787,6.089249254188104,0.14105865997153813,61.498883283220515,20.06773708933546,1
Rajasthan,2025-01-22 18:00:00,7,Monsoon,0.2593638297243458,3.0261632552761233,51.07728624207894,40.7130443534052,10.364241888673739,0.08799531106396616,25.100669615943474,25.976616626135467,1
West Bengal,2025-01-23 00:00:00,7,Normal,0.6044699664055809,3.3881474508820277,51.96594316781333,59.235518755937974,7.2695755881246455,0.12092519009512767,78.95534195089785,26.989398783084518,1
Tamil Nadu,2025-01-23 06:00:00,1,Cyclonic,0.9831954620245985,5.183956001233102,57.40580026524171,39.89398981158202,17.51181045365969,0.054019567805282116,60.50035178089026,3.094551515648554,0
Tamil Nadu,2025-01-23 12:00:00,6,Normal,0.56648360368227,30.14844799552018,51.29001243101645,63.19482572817355,11.904813297157098,0.0774904663068855,27.595116301418994,23.694896129597456,0
Rajasthan,2025-01-23 18:00:00,9,Normal,0.9348744692711326,27.665500844046306,52.58864163230777,41.36224581906888,11.226395813238888,0.08179025244031345,21.114249442750353,31.474392189557417,0
Odisha,2025-01-24 00:00:00,2,Normal,0.4666014284529346,8.291693471200848,118.72343123532386,84.14977155159063,34.573659683733226,0.028110686639791244,122.98761796311625,4.264186727792392,0
Telangana,2025-01-24 06:00:00,3,Heat Wave,0.9989603444661681,5.749462688021984,58.966391987140476,79.63919605429048,20.672804067150004,0.04614077610362031,83.54051677240976,24.574124785269284,0
West Bengal,2025-01-24 12:00:00,10,Monsoon,0.621298031704802,0.9286614534836062,82.45965532818019,84.3963786445384,1.9367233163582114,0.3405155652320988,31.576147995160817,50.883507333019374,1
Telangana,2025-01-24 18:00:00,5,Monsoon,0.13804209481234112,9.738658916234924,25.072936248468114,13.13700479023472,11.935931458233394,0.07730405832998792,23.21098112899198,1.8619551194761357,0
Telangana,2025-01-25 00:00:00,9,Normal,0.6280793170222493,8.922670830692633,12.70823155992712,12.667604430242502,0.04062712968461746,0.9609589943163116,17.62060062147735,4.912369061550232,0
Tamil Nadu,2025-01-25 06:00:00,4,Normal,0.347115426111637,2.7011751869830674,13.688546115039635,15.780481828252022,2.0919357132123864,0.32342198957333546,21.639108050318942,7.950561935279307,0
Tamil Nadu,2025-01-25 12:00:00,1,Normal,0.12923318983230525,11.280666323417659,17.03722554105054,19.757284714351453,2.720059173300914,0.26881292834723153,19.19164626034125,2.1544207192907123,0
Odisha,2025-01-25 18:00:00,4,Heavy Rain,0.838767974225197,16.166995445212418,98.24381915455223,79.23904951928297,19.004769635269255,0.049988078754826436,155.88857589901536,57.64475674446314,1
Telangana,2025-01-26 00:00:00,6,Heavy Rain,0.34815667328268035,2.6651576819332448,13.21665240402736,11.128168946058095,2.088483457969266,0.32378350527333505,0.0,13.21665240402736,0
Telangana,2025-01-26 06:00:00,5,Heavy Rain,0.8168936986418487,5.435019220637818,39.25489858394007,40.856184751638274,1.6012861676982055,0.38442521719356537,47.60541312171775,8.350514537777684,0
Rajasthan,2025-01-26 12:00:00,1,Normal,0.3593958246602803,15.595707421095625,136.95268739183928,172.50979421979693,35.557106827957654,0.027354462285708928,169.7460453013411,32.79335790950182,0
Tamil Nadu,2025-01-26 18:00:00,4,Heat Wave,0.2748937184863969,4.494551980009033,65.95994311252788,44.272822724144945,21.687120388382937,0.044077872505673105,81.96874051615026,16.00879740362238,0
Telangana,2025-01-27 00:00:00,6,Normal,0.9765420166939847,5.237779786404976,29.72150921595951,20.373359541397345,9.348149674562166,0.0966356335624137,5.459297811914414,24.262211404045097,0
Maharashtra,2025-01-27 06:00:00,10,Heat Wave,0.42548079497951763,5.541659112611543,23.77760647303993,31.92620101848705,8.148594545447118,0.10930640712432263,28.02414755934851,4.246541086308579,0
Odisha,2025-01-27 12:00:00,10,Normal,0.6412385902988444,11.669616213798776,33.72195140652614,43.98728513583929,10.265333729313149,0.08876789840658988,57.80332590693234,24.081374500406206,0
Karnataka,2025-01-27 18:00:00,4,Heavy Rain,0.6489833435330244,17.770058600841473,52.981508705420424,40.49975289243328,12.481755812987146,0.07417431482008355,48.40845302085566,4.573055684564764,0
Maharashtra,2025-01-28 00:00:00,9,Normal,0.6044261339561516,24.447295756728593,34.91959975079244,31.536815966076507,3.3827837847159365,0.2281654877631189,45.367141536986914,10.44754178619447,0
Maharashtra,2025-01-28 06:00:00,5,Normal,0.9232261691690932,16.87783011884694,65.96410161730024,100.72573356510658,34.761631947806336,0.027962929696818305,62.75832055095944,3.205781066340805,0
Karnataka,2025-01-28 12:00:00,8,Heavy Rain,0.7069969642301817,8.225351098419686,115.72196790887455,141.18597814707047,25.464010238195925,0.037787167968847145,103.8223808698969,11.899587038977643,0
West Bengal,2025-01-28 18:00:00,9,Normal,0.46335970369443713,13.203267403944029,26.54930726218289,26.221739349900506,0.32756791228238313,0.7532571334002632,49.13121041249895,22.581903150316062,0
West Bengal,2025-01-29 00:00:00,10,Normal,0.8761423460718466,2.479523779724884,119.16824502396933,153.2066679929174,34.03842296894807,0.028540097277957546,135.73215446214988,16.563909438180545,0
Odisha,2025-01-29 06:00:00,5,Monsoon,0.262956609204368,32.77720823558279,48.662028033902295,42.792370360857596,5.869657673044699,0.14556766109668318,76.39147200394052,27.729443970038226,0
Maharashtra,2025-01-29 12:00:00,6,Monsoon,0.5898130818493758,4.11164819448955,34.207953982790976,35.55710621294315,1.3491522301521712,0.42568548226234915,52.658704772499085,18.45075078970811,0
Telangana,2025-01-29 18:00:00,1,Monsoon,0.9554953347493808,12.494383702952113,23.524668278159453,21.702029396204846,1.8226388819546067,0.3542784046493135,40.84247453658161,17.31780625842216,0
Tamil Nadu,2025-01-30 00:00:00,7,Normal,0.6628578668923715,9.288268037014774,60.74158457310807,71.48720420396803,10.745619630859963,0.08513812224709208,68.0289141433062,7.287329570198125,0
Odisha,2025-01-30 06:00:00,4,Heavy Rain,0.8352716054273885,2.2214484497904765,27.83669170063704,32.72287560878943,4.88618390815239,0.16988935711216835,44.118913046230254,16.282221345593214,0
Rajasthan,2025-01-30 12:00:00,2,Heavy Rain,0.6882046529906736,4.133074149247778,64.40974330494647,68.00274460694462,3.593001301998143,0.21772255966157883,60.979344522247345,3.430398782699129,0
Karnataka,2025-01-30 18:00:00,5,Normal,0.8554337771841013,18.590090529614265,43.79375182463577,49.3128120424374,5.519060217801631,0.15339634342835107,52.90812667189689,9.114374847261118,0
Maharashtra,2025-01-31 00:00:00,3,Heavy Rain,0.9500390918607192,7.404006572471228,31.839435857673376,40.8877965628524,9.048360705179025,0.09951872045005213,53.20866341095937,21.36922755328599,0
Odisha,2025-01-31 06:00:00,6,Normal,0.3456295547794631,3.5177655296457537,43.258993003989744,48.301539354777994,5.04254635078825,0.16549314509925936,75.8128298420838,32.55383683809406,1
Coastal Andhra,2025-01-31 12:00:00,8,Normal,0.252694973131047,6.525071279315828,59.44900014193302,62.80118773829625,3.3521875963632297,0.22976950737041274,77.77772051360171,18.328720371668688,0
Coastal Andhra,2025-01-31 18:00:00,7,Normal,0.535591675299286,3.5163368576066736,39.72432282488968,43.96206845167517,4.23774562678549,0.19092183379163455,47.26467848939925,7.540355664509569,0
West Bengal,2025-02-01 00:00:00,3,Normal,0.7316761841417943,5.189841319182812,27.875607364158917,36.323553152569595,8.447945788410678,0.10584311366674541,10.75858007032237,17.117027293836546,0
Karnataka,2025-02-01 06:00:00,8,Monsoon,0.3044721278639945,1.706400242572526,25.11110384299846,19.309585538350596,5.801518304647864,0.14702599555111734,26.794224560769187,1.683120717770727,0
Tamil Nadu,2025-02-01 12:00:00,2,Monsoon,0.10369130538715038,8.221725321570514,68.4141492579995,75.5256586426008,7.111509384601305,0.12328161783285069,88.78607956705427,20.371930309054775,0
Telangana,2025-02-01 18:00:00,10,Heat Wave,0.40864160425303486,9.219485956814605,18.732803675873694,9.89569065971583,8.837113016157863,0.10165584133855723,15.615611366818515,3.117192309055179,0
Tamil Nadu,2025-02-02 00:00:00,9,Monsoon,0.9719734019210096,5.261252876073187,26.188896451697037,24.336842438825943,1.8520540128710934,0.3506244957097865,43.716399166465834,17.527502714768797,0
Tamil Nadu,2025-02-02 06:00:00,4,Normal,0.725470714545262,18.526645694003427,12.66005883870295,18.62620528887566,5.96614645017271,0.1435513891579479,0.0,12.66005883870295,0
Tamil Nadu,2025-02-02 12:00:00,1,Cyclonic,0.4611928995471015,5.529540136462745,41.82150933045043,33.55774408094784,8.26376524950259,0.10794746769448785,71.155779194909,29.33426986445857,1
Karnataka,2025-02-02 18:00:00,8,Cyclonic,0.2733184876121563,7.400025683681141,21.018263742148832,12.44565191308357,8.572611829065263,0.10446469760360554,0.0,21.018263742148832,0
Tamil Nadu,2025-02-03 00:00:00,7,Normal,0.42048070637927226,4.98880184636112,39.49417122247461,30.1565744459963,9.337596776478314,0.0967342818279925,30.536049774782953,8.95812144769166,0
Rajasthan,2025-02-03 06:00:00,5,Heavy Rain,0.25285548997112317,5.987732989245959,40.434931806355834,47.63774570357553,7.2028138972196984,0.1219093853072718,44.97484430775196,4.539912501396124,0
Karnataka,2025-02-03 12:00:00,10,Heat Wave,0.19567523918165627,13.613081829045182,42.07184815836874,40.68899723801265,1.3828509203560913,0.4196653644830457,90.52631374657602,48.454465588207285,1
Rajasthan,2025-02-03 18:00:00,5,Heavy Rain,0.9160681353152985,2.561197060069955,29.793488048459885,22.297936499741258,7.495551548718627,0.1177086613229754,74.32691701584599,44.53342896738611,1
Karnataka,2025-02-04 00:00:00,7,Heat Wave,0.9978853045379262,11.199486653505083,68.11286891155956,88.67960128665422,20.56673237509466,0.0463677103516527,43.378128600873225,24.734740310686334,0
West Bengal,2025-02-04 06:00:00,5,Normal,0.2477029956362113,4.464350051649491,34.93936226180925,38.671454965940136,3.732092704130885,0.21132299439676003,23.12873761907512,11.81062464273413,0
Odisha,2025-02-04 12:00:00,8,Normal,0.14907030299045176,2.6772073048067275,26.577477180895407,18.892544838867323,7.684932342028084,0.11514194476343871,8.737666502113854,17.839810678781554,0
Coastal Andhra,2025-02-04 18:00:00,6,Normal,0.39675799643159115,6.1536603250666815,13.725734187499993,12.965151848303199,0.7605823391967945,0.5679938834648403,0.0,13.725734187499993,0
Tamil Nadu,2025-02-05 00:00:00,5,Heavy Rain,0.5154932626852738,12.402161398922223,75.08692845047077,115.12037906277646,40.0334506123057,0.024370360890392816,52.131611148252375,22.95531730221839,0
West Bengal,2025-02-05 06:00:00,9,Monsoon,0.284339122368269,6.039556241202897,28.915482752178335,26.677317042538554,2.2381657096397802,0.3088168085478374,17.297199659366534,11.6182830928118,0
Odisha,2025-02-05 12:00:00,2,Heat Wave,0.37128242061870265,3.6467981278826893,64.99328425479403,37.46796308035494,27.525321174439092,0.0350565728562621,32.66656899658681,32.32671525820722,1
Coastal Andhra,2025-02-05 18:00:00,1,Normal,0.28078366212249195,27.011690398810465,33.781026042313556,37.75104846781934,3.970022425505782,0.20120633558272796,44.89490445483018,11.113878412516627,0
Maharashtra,2025-02-06 00:00:00,8,Normal,0.7968345115892062,10.12298340473247,122.85289485415967,134.6045151736614,11.75162031950174,0.07842140645221739,125.73496979515234,2.8820749409926663,0
Telangana,2025-02-06 06:00:00,3,Monsoon,0.7413201489225347,8.455252011499924,120.26966598893289,160.33916480593163,40.069498816998745,0.02434897013123759,159.58814799115623,39.31848200222335,1
Rajasthan,2025-02-06 12:00:00,7,Heavy Rain,0.6714563641848835,12.138142277763196,52.90979324522934,47.72697494648047,5.18281829874887,0.16173853923579737,29.63089381720057,23.27889942802877,0
Maharashtra,2025-02-06 18:00:00,10,Normal,0.44849607137128433,13.090687206040567,53.34652445797133,59.23711708132639,5.890592623355062,0.1451253984469474,59.23184314698811,5.885318689016785,0
Karnataka,2025-02-07 00:00:00,8,Heavy Rain,0.9181368471828124,5.467793051445175,49.75696574356551,52.82378737437036,3.066821630804853,0.2458922693892756,73.85151348124717,24.09454773768166,0
Coastal Andhra,2025-02-07 06:00:00,6,Monsoon,0.972579287381518,14.960209948286224,34.681073355640294,34.626145264807334,0.05492809083295924,0.9479319099469722,58.175415857642285,23.49434250200199,0
Maharashtra,2025-02-07 12:00:00,10,Monsoon,0.2562753813628708,2.1250216003027704,71.38925819367851,77.16573509051574,5.776476896837224,0.14756930706378246,93.23483210402895,21.84557391035044,1
Telangana,2025-02-07 18:00:00,9,Heavy Rain,0.30071137727069025,12.67759153671143,42.413693994408916,48.79665275347239,6.38295875906347,0.13544705214185027,48.43219248067118,6.018498486262267,0
West Bengal,2025-02-08 00:00:00,7,Normal,0.5730679252003327,5.7669261840095585,19.02592902013054,21.643510957160842,2.6175819370303017,0.27642774024377925,51.12147488104552,32.09554586091498,1
Coastal Andhra,2025-02-08 06:00:00,10,Heat Wave,0.18212551235402075,18.934643119522292,36.68105411695305,45.099648098018584,8.418593981065534,0.10617295978681407,83.15905776705927,46.47800365010622,0
Maharashtra,2025-02-08 12:00:00,5,Monsoon,0.4928035589408015,5.435308203756507,19.664584123076526,8.458104844531414,11.206479278545112,0.08192370438523285,45.761031998728775,26.09644787565225,1
Rajasthan,2025-02-08 18:00:00,8,Normal,0.6236121382999391,16.598324155454797,18.575604209524016,11.63061716457733,6.944987044946686,0.1258655293385328,37.0439556560177,18.468351446493685,0
Rajasthan,2025-02-09 00:00:00,2,Normal,0.5698662140235998,10.36412989366805,24.964792219149103,26.29639730061061,1.3316050814615075,0.42888909787980706,32.86173218760821,7.896939968459108,0
Odisha,2025-02-09 06:00:00,7,Monsoon,0.3978177247702235,14.529610831920374,110.54817444843208,113.75027200233176,3.2020975538996765,0.23797638849958852,175.9074603589387,65.35928591050661,1
Maharashtra,2025-02-09 12:00:00,4,Normal,0.5882012254694862,8.601331844706152,57.18111252214133,42.64665878563179,14.53445373650954,0.06437303924307103,67.1540920199989,9.972979497857565,0
Tamil Nadu,2025-02-09 18:00:00,9,Normal,0.9629208588329631,1.457173475178763,36.75595721054223,33.67874814882968,3.0772090617125443,0.24526581415473736,60.12916697866574,23.37320976812351,1
Maharashtra,2025-02-10 00:00:00,1,Heavy Rain,0.2854156638622385,17.98724217988437,34.470125082902626,27.347803803742618,7.122321279160008,0.12311751353221743,17.025389968220907,17.44473511468172,0
West Bengal,2025-02-10 06:00:00,7,Normal,0.6893482225546033,18.809528966408276,45.594150759526954,52.29297865388585,6.698827894358892,0.12988990190736993,72.75295477114015,27.1588040116132,0
Coastal Andhra,2025-02-10 12:00:00,6,Heavy Rain,0.13905702474044668,6.237231162539574,29.072607963681815,22.592328189703906,6.480279773977909,0.13368483936640432,6.882531800479196,22.19007616320262,0
Coastal Andhra,2025-02-10 18:00:00,8,Normal,0.15977476403329144,4.609682441760831,59.274339232234865,62.455848635028666,3.1815094027938002,0.2391480931100784,27.53350587450068,31.740833357734186,1
West Bengal,2025-02-11 00:00:00,5,Monsoon,0.5966454018012265,15.394973648859398,47.85357028896005,60.117092182247724,12.263521893287674,0.07539475623786426,10.906984681571835,36.946585607388215,0
Maharashtra,2025-02-11 06:00:00,1,Normal,0.19444526229515452,10.23387744657339,55.47507761892476,43.396105212706104,12.078972406218654,0.0764586061458873,66.22545952674673,10.750381907821975,0
West Bengal,2025-02-11 12:00:00,1,Normal,0.12011210958417161,7.207458752473639,35.15337631684552,23.372293947975514,11.781082368870003,0.07824063495871295,30.7146280144162,4.4387483024293175,0
Telangana,2025-02-11 18:00:00,9,Normal,0.25436169788322,11.705544041974147,138.19762209040394,111.89530121572135,26.302320874682593,0.0366269228389041,161.7372996451638,23.539677554759862,0
Karnataka,2025-02-12 00:00:00,10,Heat Wave,0.608364253899617,6.220151945015779,19.504344436417703,15.262045575547251,4.242298860870452,0.19075600734330436,46.6573678310111,27.153023394593397,0
West Bengal,2025-02-12 06:00:00,6,Cyclonic,0.7330068590670392,18.620629744327193,59.94113562815258,60.545477858109564,0.6043422299569841,0.6233084072260644,97.46633715122928,37.5252015230767,0
Rajasthan,2025-02-12 12:00:00,10,Normal,0.282230707727242,6.637953618108766,30.325863284655288,17.427122349212674,12.898740935442614,0.07194896319348904,27.0985359250313,3.227327359623988,0
West Bengal,2025-02-12 18:00:00,5,Monsoon,0.7014334934873571,15.395395316421194,47.622440461751935,66.74385118373806,19.121410721986123,0.049698304647562655,76.72386487156007,29.101424409808132,0
Coastal Andhra,2025-02-13 00:00:00,1,Heavy Rain,0.2642286979893064,8.589657188254398,51.678781254718146,35.44806563710167,16.230715617616475,0.05803589486310203,51.0850426380497,0.5937386166684462,0
Rajasthan,2025-02-13 06:00:00,6,Heat Wave,0.6521116839681315,10.74813816387203,120.2726992712114,79.70571937340155,40.566979897809844,0.024057557283652685,83.6114948435652,36.6612044276462,1
Coastal Andhra,2025-02-13 12:00:00,6,Normal,0.470763711906219,26.445398708650988,52.267833785191826,53.069801081125675,0.8019672959338493,0.5549490283516834,85.18049116596276,32.91265738077094,0
Odisha,2025-02-13 18:00:00,3,Monsoon,0.688419558400255,5.583192800613462,36.22395594558001,35.11028138255484,1.113674563025171,0.473109729138606,72.91980324767684,36.69584730209683,1
Tamil Nadu,2025-02-14 00:00:00,8,Normal,0.9955474772313225,14.682454991489022,2.044342407670778,2.7451857659179435,0.7008433582471656,0.5879436193527944,23.353145929123,21.30880352145222,0
Coastal Andhra,2025-02-14 06:00:00,1,Normal,0.9440352687093058,22.44174043583186,28.00621615995917,26.089170816270315,1.917045343688855,0.3428126347653595,0.0,28.00621615995917,0
Rajasthan,2025-02-14 12:00:00,1,Heat Wave,0.10385358205249327,14.304434046250922,159.668689641762,148.2914628635144,11.377226778247604,0.08079354268255415,149.8371501327438,9.8315395090182,0
Odisha,2025-02-14 18:00:00,6,Heavy Rain,0.8968948879260752,19.35672845586694,63.435999858487556,73.7070594118601,10.271059553372545,0.08872280332338217,101.05099943426973,37.61499957578217,0
Coastal Andhra,2025-02-15 00:00:00,10,Normal,0.15984171565728988,9.283110789104578,69.72669610888657,86.2427900150478,16.51609390616123,0.05709035389723808,94.35725546964022,24.63055936075365,0
Telangana,2025-02-15 06:00:00,1,Normal,0.9577419275438604,13.749144624988514,9.357749837905253,4.808082525095348,4.5496673128099046,0.18019098148311896,2.2800901791381545,7.077659658767098,0
West Bengal,2025-02-15 12:00:00,6,Monsoon,0.35364311118971625,16.541362259374775,29.49831639970838,29.981111891737402,0.48279549202902317,0.6744018344914329,26.514681534644804,2.983634865063575,0
Tamil Nadu,2025-02-15 18:00:00,1,Heavy Rain,0.44383134737014385,8.449120978339534,59.970630735542436,92.28091550344733,32.310284767904896,0.030020758062192232,48.59207339377558,11.378557341766857,0
Coastal Andhra,2025-02-16 00:00:00,6,Normal,0.18247438465815508,4.099079673411468,14.317214460359494,12.086031583748719,2.2311828766107755,0.3094841852618727,31.922230945081917,17.605016484722423,0
Odisha,2025-02-16 06:00:00,3,Heat Wave,0.20104548249601864,3.491576285533969,46.33868706373174,48.07873800287386,1.7400509391421224,0.36495671876563296,47.41062922421788,1.071942160486138,0
Telangana,2025-02-16 12:00:00,8,Normal,0.7540665087063877,24.47892053660268,94.71525021101462,118.86088617190975,24.145635960895135,0.03976833203006419,63.097987699962985,31.617262511051635,0
Maharashtra,2025-02-16 18:00:00,6,Normal,0.9498990121734624,21.834017376189333,22.384786298483547,25.105965280149334,2.721178981665787,0.26873203490801983,0.0,22.384786298483547,0
Odisha,2025-02-17 00:00:00,1,Heat Wave,0.6496736454588785,4.703736874180986,26.209623107982104,19.324137741810276,6.885485366171828,0.12681527560623332,46.49766467057171,20.288041562589605,0
West Bengal,2025-02-17 06:00:00,5,Normal,0.7442650139741299,19.350572276390274,82.3569438523348,80.96907604820404,1.3878678041307495,0.41878365220642016,84.7557081387092,2.3987642863744014,0
Odisha,2025-02-17 12:00:00,8,Normal,0.7857727701374382,11.787638009038513,29.596357262111425,20.422238986838096,9.17411827527333,0.09828861557766143,37.981958248131065,8.38560098601964,0
Telangana,2025-02-17 18:00:00,3,Heavy Rain,0.3365328470976475,8.671648586507137,24.333150708403643,17.831087604510365,6.502063103893278,0.13329666601725051,41.75868342235225,17.425532713948606,0
Odisha,2025-02-18 00:00:00,6,Monsoon,0.14070666782819344,4.570055984833584,101.53513211348809,129.6821150270277,28.146982913539603,0.034308868364398414,115.85117691147673,14.316044797988638,0
Telangana,2025-02-18 06:00:00,5,Normal,0.10168546952725173,7.7396750375657275,42.37376969409928,51.44383451800157,9.070064823902293,0.09930422668446,34.10090129142675,8.272868402672529,0
Coastal Andhra,2025-02-18 12:00:00,6,Heat Wave,0.41558435465861676,3.8238037212260427,22.188945857601446,32.09583894846724,9.906893090865793,0.09168513816619978,38.64096180627533,16.452015948673882,0
Karnataka,2025-02-18 18:00:00,10,Monsoon,0.3173178053792945,6.749375061389584,85.56830536682314,105.3296318911459,19.761326524322754,0.04816647909412043,89.4425522174084,3.8742468505852656,0
Telangana,2025-02-19 00:00:00,1,Normal,0.1560859525442671,3.737184884396939,19.370951098258313,18.68331558692583,0.6876355113324841,0.592545009443682,15.846250819165878,3.5247002790924356,0
Telangana,2025-02-19 06:00:00,7,Monsoon,0.2615754632443001,2.396487673472863,44.52105880411682,33.23309788446918,11.287960919647638,0.08138046715310317,6.1630890906998275,38.35796971341699,1
Tamil Nadu,2025-02-19 12:00:00,9,Normal,0.21204900844115304,19.684144664856895,50.3659575680906,67.95934663569105,17.593389067600448,0.05378255660462302,42.017727718805304,8.348229849285296,0
Telangana,2025-02-19 18:00:00,2,Normal,0.9233905425556334,7.36681248294837,28.172082746611,32.5802015106422,4.408118764031197,0.18490718189306232,13.926074243013865,14.246008503597135,0
Telangana,2025-02-20 00:00:00,10,Monsoon,0.22624049211325203,11.027940461518229,67.4128163074821,80.89203440736897,13.479218099886864,0.06906450286896457,58.78868536395738,8.624130943524726,0
Maharashtra,2025-02-20 06:00:00,5,Heat Wave,0.5838836175889113,5.346029685456287,23.83271763551349,27.248445742563366,3.415728107049876,0.22646321869398217,28.56457804421873,4.731860408705241,0
Karnataka,2025-02-20 12:00:00,10,Normal,0.6337953596009481,7.095149548824557,70.2571582778407,91.09387783092671,20.836719553086013,0.04579442427553995,76.54776863964906,6.290610361808362,0
Coastal Andhra,2025-02-20 18:00:00,4,Normal,0.5891405119377704,3.630087001356243,38.8405019072127,24.044759559464822,14.795742347747876,0.06330819900608077,40.80405608973184,1.9635541825191396,0
West Bengal,2025-02-21 00:00:00,6,Heavy Rain,0.18915079079438918,24.62910738483356,21.185370297299222,14.75621972212938,6.429150575169842,0.134604890543242,97.82053688235649,76.63516658505728,1
Tamil Nadu,2025-02-21 06:00:00,6,Normal,0.3869185255754961,15.833677430379918,45.235487601079505,35.37639995540275,9.859087645676752,0.09208876773345895,52.94021089322419,7.704723292144685,0
Maharashtra,2025-02-21 12:00:00,2,Normal,0.14614329921683794,5.261080017977048,54.04441078610125,58.9638043061823,4.919393520081044,0.1689362257480575,49.93142583216062,4.112984953940632,0
Rajasthan,2025-02-21 18:00:00,2,Normal,0.4561029226866844,3.615567444271358,9.30285924662034,8.23934554762382,1.0635136989965197,0.4846103035256305,18.35358110241255,9.050721855792212,0
Karnataka,2025-02-22 00:00:00,4,Monsoon,0.2697390381444328,2.2003865485244494,95.32101728899583,122.20710124571757,26.886083956721734,0.03586018035203388,72.02060848174088,23.300408807254954,1
Coastal Andhra,2025-02-22 06:00:00,1,Normal,0.6054692799559418,9.266295791061069,41.11266123071922,40.94154317581912,0.17111805490009857,0.8538848801928037,39.18480580108492,1.927855429634299,0
Coastal Andhra,2025-02-22 12:00:00,9,Normal,0.7235275544641905,14.473270815390295,32.483893553755465,51.31419617282579,18.830302619070324,0.0504278739063883,36.60531843922354,4.121424885468073,0
Rajasthan,2025-02-22 18:00:00,7,Monsoon,0.5789078741842358,13.44126256092865,51.72685312514411,73.887819203639,22.160966078494887,0.043176091904409235,23.292619221346015,28.434233903798095,0
West Bengal,2025-02-23 00:00:00,7,Monsoon,0.4908130269502562,5.900828809230556,44.09598118612471,45.63002053923096,1.5340393531062517,0.39462686274946346,28.447349976239614,15.648631209885096,0
Telangana,2025-02-23 06:00:00,3,Heavy Rain,0.44860007877102315,7.048068354125999,30.893840890475865,20.4037381611336,10.490102729342265,0.08703142378756118,6.458767535997367,24.435073354478497,0
Maharashtra,2025-02-23 12:00:00,3,Normal,0.8575225912873033,3.519224829478037,52.582373021730895,61.64009660539732,9.057723583666423,0.09942607705226494,27.955576140232107,24.626796881498787,1
Odisha,2025-02-23 18:00:00,1,Heavy Rain,0.2974312585587431,4.095432617072422,70.31642130495493,50.74575606394441,19.570665241010516,0.048612914958450604,51.61377182910978,18.70264947584515,0
Tamil Nadu,2025-02-24 00:00:00,3,Normal,0.760796505575982,19.64169940631901,34.01191855751505,25.725757967851653,8.2861605896634,0.10768713187160675,22.38472638204984,11.627192175465211,0
Odisha,2025-02-24 06:00:00,3,Normal,0.7817340922661071,1.4729671602882233,4.781105221863128,4.31016336561546,0.47094185624766816,0.679836524980649,22.012522875101325,17.231417653238196,0
Rajasthan,2025-02-24 12:00:00,4,Monsoon,0.4772800065436611,1.2644360870583706,64.64105217073583,57.96769154146683,6.6733606292690055,0.13032099601648253,69.09010838187682,4.449056211140984,0
Coastal Andhra,2025-02-24 18:00:00,4,Normal,0.36757053930307537,4.707434224119193,40.72545793910649,46.351973695162116,5.626515756055625,0.1509088692781199,16.52636831051191,24.19908962859458,0
West Bengal,2025-02-25 00:00:00,3,Normal,0.5234873374413778,24.430629521601837,21.37992959666156,23.12980302263009,1.7498734259685271,0.36365310146876745,14.895928698921725,6.484000897739836,0
Coastal Andhra,2025-02-25 06:00:00,10,Normal,0.18389253330342864,8.534050901073078,55.13801123458645,41.22649104373358,13.911520190852869,0.06706224363451736,65.3298323272661,10.191821092679653,0
Tamil Nadu,2025-02-25 12:00:00,8,Normal,0.141337029006181,36.72696861748313,21.349386029434044,19.771074241087568,1.5783117883464755,0.38785068761653557,39.908192283610845,18.5588062541768,0
Coastal Andhra,2025-02-25 18:00:00,8,Normal,0.20044287950670261,6.418810598663564,63.32486552939494,41.7975518896557,21.52731363973924,0.04439055699193325,84.458744461847,21.133878932452063,0
Coastal Andhra,2025-02-26 00:00:00,1,Heat Wave,0.26843052831600356,13.779836322036086,18.844458665728073,20.737657023145346,1.8931983574172726,0.34563824406864707,3.8286750638571103,15.015783601870963,0
Tamil Nadu,2025-02-26 06:00:00,7,Normal,0.5537591383042387,17.84343043231575,29.586494056184627,15.827478773625746,13.759015282558881,0.06775519781334778,42.26407285117362,12.677578794988996,0
Maharashtra,2025-02-26 12:00:00,2,Normal,0.8642229725450099,32.466026522887404,11.434832635420362,10.763785722730962,0.6710469126894001,0.5984272448644723,42.49499940620644,31.060166770786076,0
Maharashtra,2025-02-26 18:00:00,1,Normal,0.31207809879971826,5.073561962783636,28.76438210340143,24.118868895962443,4.645513207438988,0.1771318148157582,37.273314560348794,8.508932456947363,0
Tamil Nadu,2025-02-27 00:00:00,3,Heat Wave,0.9416458096721002,8.45827086491992,32.5270852033052,36.96278173178906,4.435696528483859,0.18396906353396497,101.50216897427109,68.97508377096588,1
West Bengal,2025-02-27 06:00:00,4,Heavy Rain,0.9594171180415031,7.244132937261857,40.92923852771588,32.6517561117513,8.277482415964585,0.10778786260798635,18.058678556177853,22.87055997153803,0
Rajasthan,2025-02-27 12:00:00,6,Normal,0.9630141443606847,14.60864664726845,34.820549530929874,27.421343088981093,7.399206441948781,0.11905886668121712,41.90907296855851,7.088523437628638,0
Karnataka,2025-02-27 18:00:00,10,Cyclonic,0.8538064612086914,22.670237905979334,19.40262137014794,21.325549310898776,1.922927940750835,0.3421227003437937,99.98952114549529,80.58689977534735,1
Coastal Andhra,2025-02-28 00:00:00,5,Normal,0.4274425367179485,22.625291962053232,39.95241121285029,44.44300705438282,4.4905958415325244,0.18212959555968372,3.967002431814336,35.98540878103596,0
West Bengal,2025-02-28 06:00:00,4,Normal,0.16541551990236075,4.975033394367834,29.27441604355743,21.616396700637807,7.658019342919623,0.11549985746079242,28.694276225911466,0.5801398176459642,0
Coastal Andhra,2025-02-28 12:00:00,8,Normal,0.6119368585898454,4.112467083946175,46.032144243949844,52.80765432414856,6.775510080198714,0.12860892593356957,98.48149476277645,52.449350518826606,1
Karnataka,2025-02-28 18:00:00,4,Normal,0.6028132995435104,13.510293945314926,23.625780493469478,38.13627757858023,14.51049708511075,0.06447246626028168,7.7539595839352256,15.871820909534252,0
Rajasthan,2025-03-01 00:00:00,10,Normal,0.864978190398636,3.1215428963091147,27.966515861165668,24.669786398904108,3.2967294622615597,0.23273515560685443,57.21835229249807,29.2518364313324,1
Maharashtra,2025-03-01 06:00:00,2,Monsoon,0.9963919458514947,14.859801898032055,52.68779993218668,36.50643785132003,16.18136208086665,0.05820260322163927,33.81089293564011,18.876906996546566,0
West Bengal,2025-03-01 12:00:00,3,Normal,0.5573415759041328,8.444980184358224,35.87613958670826,36.37342768355532,0.49728809684705766,0.6678741399906729,27.081765726264695,8.794373860443567,0
Telangana,2025-03-01 18:00:00,6,Heavy Rain,0.4106836279358058,20.246501485131425,13.081147888387147,8.56243038076318,4.5187175076239665,0.18120151984922686,8.071166932181153,5.009980956205993,0
Telangana,2025-03-02 00:00:00,8,Normal,0.2673115404006403,18.08625474406626,99.13698510151005,92.72438600605703,6.412599095453018,0.1349054477549464,131.9954272925505,32.85844219104044,0
Karnataka,2025-03-02 06:00:00,8,Normal,0.10431984233563367,9.295274442730516,66.88563914413434,58.44057181779424,8.445067326340101,0.10587537022750827,91.4143311540044,24.528692009870056,0
Telangana,2025-03-02 12:00:00,9,Normal,0.5582023232399913,2.868155794129983,65.47980149365613,76.81226075952645,11.332459265870327,0.08108682773171341,66.63545606670358,1.1556545730474568,0
Maharashtra,2025-03-02 18:00:00,7,Heat Wave,0.5999668000323362,3.1129756676052094,11.295600800978981,6.335927646920141,4.95967315405884,0.1677944367333214,35.30755729680191,24.01195649582293,1
Karnataka,2025-03-03 00:00:00,2,Normal,0.8424446318356577,8.785529388844447,7.720659995120122,4.673193825842629,3.0474661692774925,0.24706815527960513,0.0,7.720659995120122,0
Maharashtra,2025-03-03 06:00:00,8,Monsoon,0.5541192711035205,11.935569975661277,75.16753412530258,82.34162198071343,7.174087855410846,0.12233780914625832,78.67859074302189,3.511056617719305,0
Rajasthan,2025-03-03 12:00:00,7,Normal,0.9248215137994509,6.52066076089911,19.260101471081907,21.87194562414956,2.611844153067654,0.2768668739903044,46.24891406872729,26.98881259764538,0
Coastal Andhra,2025-03-03 18:00:00,8,Normal,0.665275128914292,3.7750321744396538,46.879821603356234,21.715740308268213,25.16408129508802,0.038220336832072814,23.043445875356376,23.836375727999858,1
Rajasthan,2025-03-04 00:00:00,3,Normal,0.8563026143989748,6.704774739486094,28.693103916280776,39.60236323055824,10.909259314277463,0.08396827826237237,67.15241568196473,38.45931176568395,1
Rajasthan,2025-03-04 06:00:00,7,Normal,0.23347156132697242,20.353295648437857,8.342968408520479,10.169366788995141,1.8263983804746626,0.353807165652303,11.701874927923972,3.3589065194034937,0
Maharashtra,2025-03-04 12:00:00,10,Normal,0.8698025172720832,6.706345016341801,25.213116358474664,20.980104994446105,4.23301136402856,0.19109455921956267,8.088158943664855,17.12495741480981,0
Karnataka,2025-03-04 18:00:00,9,Normal,0.7076294689994636,5.125370880219703,52.238541954193884,53.48659557740058,1.2480536232066939,0.4448292468102112,79.56220091952484,27.323658965330957,1
Karnataka,2025-03-05 00:00:00,3,Monsoon,0.25320972919449747,3.021945639667768,37.25120070834222,18.89689784133646,18.354302867005757,0.05166809710851171,43.46268684885649,6.211486140514275,0
Telangana,2025-03-05 06:00:00,10,Normal,0.2707872023314098,7.998680088995958,110.79010886116664,130.29511473283554,19.5050058716689,0.04876857906106077,127.14342640913777,16.35331754797113,0
Odisha,2025-03-05 12:00:00,6,Heavy Rain,0.9338505571397991,18.21503307528631,62.15234483703622,49.00297489521044,13.149369941825775,0.07067452502206358,111.44740299111618,49.29505815407996,0
Coastal Andhra,2025-03-05 18:00:00,2,Normal,0.1289938244053356,18.820796475417744,54.51543217211051,49.664230345558074,4.851201826552433,0.17090506013004966,53.29519498123258,1.2202371908779313,0
Maharashtra,2025-03-06 00:00:00,2,Heavy Rain,0.5162814489661355,4.269026084492268,46.7455611237945,45.461393346645195,1.2841677771493067,0.4377962118211924,30.86389143525418,15.88166968854032,0
Telangana,2025-03-06 06:00:00,5,Heavy Rain,0.38212776094069145,9.352436748409232,21.27702154115317,27.703985204228584,6.426963663075412,0.13464452572613134,0.0,21.27702154115317,0
West Bengal,2025-03-06 12:00:00,5,Normal,0.6985696959985852,4.642972317935964,21.733776566130118,24.272992486846498,2.53921592071638,0.2825484577379466,6.338983694079545,15.394792872050573,0
Odisha,2025-03-06 18:00:00,7,Normal,0.8556664488120928,6.26047094736022,41.52699737017467,37.794305552770176,3.7326918174044934,0.21129624293779195,48.50246865601702,6.975471285842353,0
Odisha,2025-03-07 00:00:00,2,Monsoon,0.4243403094009126,7.886369618443516,25.361276568047508,21.625126053780676,3.736150514266832,0.21114193837118847,5.023531813651122,20.337744754396386,0
Maharashtra,2025-03-07 06:00:00,7,Cyclonic,0.4842118785905535,5.609564467965961,99.5066462758207,105.11493104812935,5.60828477230865,0.15132519775636774,140.03796964803564,40.53132337221494,1
Tamil Nadu,2025-03-07 12:00:00,5,Normal,0.9837260060512728,24.679097063580564,61.546217753675265,60.23046677724726,1.3157509764280064,0.4318253604031628,79.5892925911923,18.04307483751704,0
Coastal Andhra,2025-03-07 18:00:00,6,Normal,0.8055248587112825,5.096761818387147,80.73294183062885,75.85187206694972,4.881069763679122,0.1700370919209115,58.61796226284176,22.11497956778709,0
Odisha,2025-03-08 00:00:00,8,Cyclonic,0.9074837178386123,4.755825003883506,4.989630235694264,4.997115638289327,0.007485402595063029,0.9925702123566433,35.49371469385872,30.504084458164456,1
Maharashtra,2025-03-08 06:00:00,10,Normal,0.49488599858646676,4.246622524622619,53.8213611665391,50.182518700716074,3.638842465823025,0.21557101957386252,52.37359574623682,1.4477654203022752,0
Maharashtra,2025-03-08 12:00:00,4,Heavy Rain,0.3106685835857037,2.0221626678715032,12.94632595271387,7.880144564037905,5.0661813886759655,0.16484835119944624,25.450777624385786,12.504451671671916,0
Telangana,2025-03-08 18:00:00,7,Normal,0.4706771188478065,25.177286831178307,89.42141766877812,88.13489842869467,1.2865192400834502,0.4373459809432889,96.0494188566438,6.628001187865678,0
West Bengal,2025-03-09 00:00:00,6,Normal,0.7444827260483622,8.310908186836611,59.004835509164835,58.68398248892054,0.32085302024429296,0.7570865074866915,60.672625346449614,1.6677898372847793,0
Tamil Nadu,2025-03-09 06:00:00,10,Heavy Rain,0.1984873643523814,12.04374045029181,64.17719365186417,66.31239210219033,2.1351984503261576,0.3189590757471729,47.41402728240405,16.763166369460123,0
Coastal Andhra,2025-03-09 12:00:00,2,Heavy Rain,0.34342219505485794,10.927278992028,66.11785032704549,49.53250534445149,16.585344982594002,0.056865532122901276,62.734407286284416,3.3834430407610725,0
Karnataka,2025-03-09 18:00:00,8,Normal,0.14197231041543135,5.471825696752787,27.633065023015778,22.10714497611904,5.525920046896736,0.15323509831775045,14.448913129812178,13.1841518932036,0
Rajasthan,2025-03-10 00:00:00,10,Heavy Rain,0.4891129645043184,8.29029762581765,118.19783315910959,166.63562824046704,48.43779508135745,0.020227439317517037,103.36768793716658,14.830145221943013,0
West Bengal,2025-03-10 06:00:00,9,Monsoon,0.8447011623816519,14.040250150747234,61.17903253511091,49.85170948337366,11.327323051737253,0.0811206127886032,69.66380018110407,8.484767645993152,0
West Bengal,2025-03-10 12:00:00,5,Heavy Rain,0.12219731946820972,2.282331846382536,47.38299479284194,53.41502135775835,6.032026564916407,0.14220651625366654,57.710739494354925,10.327744701512984,0
Telangana,2025-03-10 18:00:00,10,Normal,0.7077911741264494,6.167390591299405,29.839480466730212,23.89495979431612,5.944520672414093,0.14399841935417185,55.975782364987005,26.136301898256793,0
Karnataka,2025-03-11 00:00:00,4,Heavy Rain,0.9392462870623657,7.060227694410455,38.971052761336146,20.546578981193086,18.42447378014306,0.05148144610343391,126.04062167337221,87.06956891203606,1
Odisha,2025-03-11 06:00:00,6,Monsoon,0.31323507536006406,5.328547900451744,86.8033353838132,84.54862498835533,2.2547103954578773,0.30724699850270965,89.41007257522624,2.606737191413032,0
Odisha,2025-03-11 12:00:00,8,Monsoon,0.7242713566548833,5.244205018304006,34.3376071823552,39.59808723664613,5.26048005429093,0.1597321597270485,71.9523781380058,37.6147709556506,1
Telangana,2025-03-11 18:00:00,3,Heavy Rain,0.9775917109901803,9.537627204309322,26.891550332064394,24.647932058326315,2.243618273738079,0.308297683514885,55.10328284784859,28.211732515784195,0
Maharashtra,2025-03-12 00:00:00,10,Normal,0.9660502541372169,21.039872553729655,56.93929200517392,28.523567547007882,28.415724458166036,0.0339954231425496,68.69405766901652,11.754765663842598,0
Odisha,2025-03-12 06:00:00,1,Monsoon,0.31143627372622895,11.63670701451192,41.11900234147072,18.161522639498,22.95747970197272,0.04174061764592281,49.96275768801793,8.843755346547212,0
Tamil Nadu,2025-03-12 12:00:00,4,Monsoon,0.19029794789086185,4.1482466157401525,27.37212163580274,35.26625390013157,7.894132264328828,0.11243367765179758,18.574783514781878,8.79733812102086,0
Coastal Andhra,2025-03-12 18:00:00,4,Normal,0.23345428410632435,41.73284706635207,76.77870512372625,76.50508481549964,0.27362030822661154,0.7851633595513247,82.0553351059259,5.276629982199651,0
West Bengal,2025-03-13 00:00:00,1,Normal,0.731832101633928,21.175637477423255,20.015532540765935,23.053654254717465,3.0381217139515293,0.24763988577784687,0.0,20.015532540765935,0
West Bengal,2025-03-13 06:00:00,9,Normal,0.753182987907948,5.657402992710966,35.04939781872235,37.079282251097,2.0298844323746508,0.3300455916123035,0.0,35.04939781872235,1
Tamil Nadu,2025-03-13 12:00:00,3,Monsoon,0.7068129054653791,21.391937510745148,22.518583906719577,16.04230344252547,6.476280464194108,0.13375635181013681,32.73670728634339,10.218123379623812,0
Karnataka,2025-03-13 18:00:00,5,Normal,0.40247054896801426,9.699623043752789,116.61946918461177,109.16119627486091,7.45827290975086,0.11822744556364227,132.86428538855438,16.244816203942605,0
Odisha,2025-03-14 00:00:00,6,Heavy Rain,0.25279924578230994,2.951972843373592,60.2814241308713,34.70700477344519,25.57441935742611,0.0376301730829936,98.56737458091999,38.28595045004869,1
West Bengal,2025-03-14 06:00:00,8,Heat Wave,0.6226849827570278,19.578913503855325,51.57992454351679,63.77595058639617,12.196026042879382,0.07578039000154924,0.0,51.57992454351679,0
Rajasthan,2025-03-14 12:00:00,6,Monsoon,0.5353124011820799,4.148739249571525,23.29910722231925,25.158875360989402,1.8597681386701517,0.34967869824055725,41.6490540157674,18.349946793448147,0
Karnataka,2025-03-14 18:00:00,3,Heat Wave,0.755950732410073,12.025368180302284,116.61257384120645,138.2045460471107,21.591972205904256,0.044263510546399175,130.60643760798408,13.993863766777622,0
Coastal Andhra,2025-03-15 00:00:00,6,Heat Wave,0.4972240708170593,9.313367840235431,13.733454731204622,18.164800400548938,4.431345669344315,0.18411643465158467,31.887964086361457,18.154509355156833,0
Coastal Andhra,2025-03-15 06:00:00,1,Normal,0.40477572521782157,12.762450801698634,34.687845211346385,31.597627762565807,3.090217448780578,0.24448577918470601,39.502412954277155,4.81456774293077,0
West Bengal,2025-03-15 12:00:00,4,Heavy Rain,0.36413071962311294,26.467295891623294,38.20213427717485,31.12125479411809,7.0808794830567585,0.12374890655116286,55.2979646228691,17.095830345694253,0
Telangana,2025-03-15 18:00:00,6,Normal,0.2903232880447719,8.19619899869523,13.98393128804151,13.613837023183526,0.37009426485798436,0.7298767870571693,0.0,13.98393128804151,0
Karnataka,2025-03-16 00:00:00,7,Cyclonic,0.3391717385679953,2.9144919510924927,44.21273080316009,58.223952298985836,14.011221495825744,0.06661683063420759,128.36244106457846,84.14971026141836,1
West Bengal,2025-03-16 06:00:00,10,Normal,0.18534739495969121,4.675203201725585,26.017901582350753,15.830347130416627,10.187554451934126,0.08938503980439783,30.063542206742568,4.045640624391815,0
Telangana,2025-03-16 12:00:00,3,Heat Wave,0.4121713098360006,2.7143838911235694,95.17913753840205,95.67122583265697,0.49208829425492695,0.6702016253665131,84.14796103208074,11.031176506321302,0
West Bengal,2025-03-16 18:00:00,9,Heavy Rain,0.13291283112666238,1.9415677766165689,16.427441109433847,19.73331947178132,3.3058783623474746,0.2322406523938175,33.8889020851077,17.461460975673855,0
Rajasthan,2025-03-17 00:00:00,7,Monsoon,0.2677724624496941,17.94693423837369,64.07843738292316,69.01211895701256,4.933681574089405,0.16852943446893037,45.19756751226333,18.880869870659822,0
Karnataka,2025-03-17 06:00:00,1,Normal,0.7720934001574862,9.069750257061356,44.766755174504894,56.776996429336954,12.01024125483206,0.07686252548380651,43.21837765565329,1.548377518851602,0
Maharashtra,2025-03-17 12:00:00,2,Normal,0.3929220898089604,7.4705031625142055,74.11356277381176,45.6717716980643,28.441791075747467,0.033965324916110325,83.76817002569891,9.654607251887143,0
Coastal Andhra,2025-03-17 18:00:00,1,Monsoon,0.7014133152796095,5.76633106285913,37.231834410874455,47.35223275926459,10.120398348390133,0.08992483620380083,72.09897250280119,34.86713809192673,1
West Bengal,2025-03-18 00:00:00,9,Normal,0.7451957580375496,15.131669864974661,21.762596476346907,18.36646889270255,3.3961275836443576,0.22747292497161953,8.750277906425259,13.012318569921648,0
Rajasthan,2025-03-18 06:00:00,9,Monsoon,0.6230668084589022,23.05401697259764,104.15292572932081,49.59924659461377,54.553679134707046,0.018000607980889823,89.8753770452385,14.27754868408232,0
Telangana,2025-03-18 12:00:00,7,Normal,0.9628279672288586,4.0409188348911105,103.16323102620979,94.73459031163618,8.428640714573604,0.10605982667833828,122.47465748789841,19.311426461688626,0
Telangana,2025-03-18 18:00:00,10,Monsoon,0.11929587996080193,11.687456328900447,65.06581745874368,51.41951631530291,13.646301143440773,0.06827662426208148,41.085413658754156,23.980403799989524,0
Coastal Andhra,2025-03-19 00:00:00,3,Normal,0.7647873855293279,17.08207912113327,57.86466937973486,55.49100900302985,2.3736603767050113,0.2964139505283222,69.61214250374272,11.747473124007854,0
Tamil Nadu,2025-03-19 06:00:00,5,Heavy Rain,0.9629079795463672,10.033673199518766,50.54987020197031,31.341953200577564,19.207917001392744,0.04948555558354081,12.792603917606975,37.75726628436333,1
West Bengal,2025-03-19 12:00:00,4,Monsoon,0.8760445564176453,14.277965865186989,59.99042751293665,58.142865321282926,1.8475621916537222,0.3511775802231908,49.886237846554124,10.104189666382524,0
Karnataka,2025-03-19 18:00:00,7,Normal,0.251103422624512,2.8786206510662664,145.4587478081746,124.55246212709116,20.906285681083432,0.04564899839973886,120.36902059741237,25.08972721076222,1
Odisha,2025-03-20 00:00:00,9,Normal,0.3941382756265589,23.485545051508673,16.16726425712733,24.20207703571957,8.03481277859224,0.11068297977014804,4.560826163035177,11.606438094092152,0
Telangana,2025-03-20 06:00:00,2,Normal,0.25520665588881886,15.182715204309305,41.82340088439602,43.64060263978263,1.8172017553866056,0.3549621528127898,41.38470762231612,0.43869326207990156,0
Karnataka,2025-03-20 12:00:00,8,Heavy Rain,0.6411775274332336,12.548287984165905,29.21781884003198,30.885062734606656,1.6672438945746748,0.37491884489230876,103.00952475220993,73.79170591217795,1
Karnataka,2025-03-20 18:00:00,9,Heavy Rain,0.7409691837815431,16.262304311536408,44.22375735932118,41.70172866640663,2.522028692914553,0.2839272723733772,41.77978785525306,2.4439695040681215,0
Maharashtra,2025-03-21 00:00:00,10,Monsoon,0.3853663924267524,6.5612867133055435,15.27569400128884,20.039888233760305,4.764194232471464,0.17348478549988738,23.02106155619928,7.745367554910441,0
Karnataka,2025-03-21 06:00:00,10,Heavy Rain,0.5855559165858659,3.411740056934365,20.60647587401401,23.10651775306327,2.5000418790492596,0.2857108670572927,0.0,20.60647587401401,0
Karnataka,2025-03-21 12:00:00,9,Normal,0.7218285130640755,2.7347776171396005,19.282125346939296,26.576129900804396,7.294004553865101,0.12056901988726165,13.832437668581356,5.4496876783579395,0
Maharashtra,2025-03-21 18:00:00,10,Normal,0.4792058349499435,2.340258497545197,59.41262879182061,75.0722551826501,15.659626390829487,0.060025355703682726,40.694555526318524,18.718073265502085,0
Telangana,2025-03-22 00:00:00,7,Normal,0.8686139774099134,11.567635165181226,40.95677684281149,37.01264909019248,3.9441277526190106,0.2022601457800678,0.6550990691231817,40.30167777368831,1
Karnataka,2025-03-22 06:00:00,9,Normal,0.7943949417590354,5.9758958683250905,11.62896654038564,13.749998622107675,2.121032081722035,0.32040683139926207,0.0,11.62896654038564,0
Tamil Nadu,2025-03-22 12:00:00,9,Heat Wave,0.1581989894655136,22.506826642279506,11.37708871499358,13.692665140867357,2.315576425873777,0.3016066805748454,14.368399214466288,2.991310499472709,0
Tamil Nadu,2025-03-22 18:00:00,3,Cyclonic,0.6590127691817461,19.419515132373967,8.31459637020901,10.278354703313267,1.9637583331042574,0.3374094266831109,0.0,8.31459637020901,0
Rajasthan,2025-03-23 00:00:00,4,Normal,0.3117929958637746,15.11235981699135,35.979136342296854,39.58969990170137,3.6105635594045182,0.21689322511566372,45.74549258595694,9.766356243660084,0
Maharashtra,2025-03-23 06:00:00,2,Heavy Rain,0.6017664382005478,12.853978555227117,38.02009576969468,25.249969583446134,12.770126186248543,0.07262097576118397,3.2844463808585402,34.73564938883614,0
Rajasthan,2025-03-23 12:00:00,10,Monsoon,0.9611995983696696,4.658380486162602,39.5983801630413,39.30925172817341,0.28912843486789086,0.7757178981956747,69.55280369447232,29.95442353143102,1
Maharashtra,2025-03-23 18:00:00,3,Normal,0.8911558040970251,5.422898674636098,24.641622936591926,25.32609675564886,0.684473819056933,0.5936571935323153,7.522454972580665,17.11916796401126,0
West Bengal,2025-03-24 00:00:00,5,Normal,0.4640647628036185,4.639394950661298,32.44035015804578,33.01612126481296,0.5757711067671778,0.6346099352282077,49.199408991644006,16.759058833598225,0
West Bengal,2025-03-24 06:00:00,5,Normal,0.36236247250991804,3.309942998915485,36.654765273893005,47.16905717892253,10.514291905029523,0.08684858854092391,27.062302734306783,9.592462539586222,0
Karnataka,2025-03-24 12:00:00,6,Heavy Rain,0.3109651699674331,7.651878686607226,41.06286170461295,34.45939794979323,6.603463754819721,0.13151900663248575,63.24836116396994,22.18549945935699,0
Odisha,2025-03-24 18:00:00,7,Heat Wave,0.5792633827808681,16.924862218227666,50.48818705374315,52.20604601263287,1.717858958889721,0.3679366792486216,85.21533249719388,34.72714544345074,0
West Bengal,2025-03-25 00:00:00,7,Monsoon,0.20282360793225068,7.271470009287226,77.94838681893891,76.59246651547257,1.3559203034663483,0.4244625756349503,101.27559631383568,23.327209494896763,0
Odisha,2025-03-25 06:00:00,1,Normal,0.5943475073154237,4.4352292363544885,22.86115161331026,26.767679663934274,3.906528050624015,0.20381010557410742,16.46223230303714,6.3989193102731186,0
West Bengal,2025-03-25 12:00:00,2,Normal,0.10120027554171282,7.276541243498668,66.25934036741991,96.24412718991071,29.984786822490804,0.03227390285848712,61.38730798070856,4.872032386711346,0
Coastal Andhra,2025-03-25 18:00:00,9,Monsoon,0.3914646676712603,9.484513305873431,26.268184268762695,30.356414659222942,4.088230390460247,0.19653198131021477,10.375147763902797,15.893036504859898,0
West Bengal,2025-03-26 00:00:00,10,Monsoon,0.29794088244752315,5.570541828790271,59.09401616890918,67.31152981901884,8.217513650109666,0.10848912602240654,52.37243149071975,6.72158467818943,0
Rajasthan,2025-03-26 06:00:00,2,Heavy Rain,0.9740969109647039,7.700726573646232,42.56379492481325,31.711824040693006,10.851970884120245,0.08437415260105312,56.48254242593188,13.91874750111863,0
Telangana,2025-03-26 12:00:00,6,Heavy Rain,0.7545180876129811,41.26733382333768,144.55608802140912,88.77194005020573,55.784147971203396,0.017610548643031926,185.65035336852264,41.09426534711352,0
Karnataka,2025-03-26 18:00:00,1,Normal,0.414688042416014,2.2671723239128356,49.58135419889102,52.750919221529784,3.169565022638764,0.23983317074334454,59.5280390623868,9.946684863495783,0
Rajasthan,2025-03-27 00:00:00,3,Monsoon,0.18356057787755847,0.9469692043908885,69.40492738214674,66.16872294006862,3.236204442078119,0.23606037283447032,82.46693538618835,13.062008004041616,0
Telangana,2025-03-27 06:00:00,2,Monsoon,0.5651205352215616,8.980884952809184,3.3520731238878425,3.7378421023241755,0.38576897843633295,0.7216210028949955,0.0,3.3520731238878425,0
Tamil Nadu,2025-03-27 12:00:00,3,Normal,0.2921030931934381,11.18760913801303,72.97657559730577,61.79436737377639,11.18220822352938,0.08208692395099156,89.49355847549302,16.51698287818725,0
Rajasthan,2025-03-27 18:00:00,5,Monsoon,0.5827865913085221,7.403232428586778,23.805399392672335,32.15466896275173,8.349269570079393,0.1069602274813334,48.27740657085578,24.472007178183446,0
Tamil Nadu,2025-03-28 00:00:00,10,Normal,0.8518261187610032,3.5837611923515844,38.67973676073607,27.112782299110126,11.566954461625944,0.07957377446170975,67.6403603005085,28.960623539772435,1
Odisha,2025-03-28 06:00:00,6,Normal,0.6542132968912469,22.237643581899654,31.787515034831916,30.229844794338714,1.5576702404932021,0.3909808169043588,71.54787785615517,39.760362821323255,0
Odisha,2025-03-28 12:00:00,9,Normal,0.670409577590502,8.580798068164285,17.749639770942384,16.013060748734272,1.7365790222081117,0.3654197419057581,9.269541754874322,8.480098016068062,0
Coastal Andhra,2025-03-28 18:00:00,10,Normal,0.5869272601565303,9.298200352380183,107.91784331436224,137.53314000935,29.615296694987762,0.03266341038477399,123.29448374414437,15.376640429782128,0
West Bengal,2025-03-29 00:00:00,4,Normal,0.9345390693682682,14.937648532204959,81.93874133636598,77.20436886966253,4.734372466703448,0.1743869980205307,86.30944431660954,4.370702980243564,0
Rajasthan,2025-03-29 06:00:00,7,Normal,0.9387124159785429,7.163236663813279,20.62763141129046,17.646874751648646,2.9807566596418127,0.2512085227761648,23.814371656314982,3.1867402450245237,0
Tamil Nadu,2025-03-29 12:00:00,6,Heavy Rain,0.561450880966197,6.648631073018649,19.34564609782732,19.735955928630794,0.39030983080347426,0.7192641365573095,10.833958197878074,8.511687899949246,0
Telangana,2025-03-29 18:00:00,2,Heavy Rain,0.375183538429154,22.236977879781193,57.9357646139252,46.508336414043804,11.427428199881398,0.08046717180064203,55.012140193545505,2.9236244203796957,0
Odisha,2025-03-30 00:00:00,10,Normal,0.5136283052914995,1.620389340343872,71.97676656590708,71.57600922638366,0.4007573395234232,0.7138995254811429,43.59670065570559,28.380065910201495,1
West Bengal,2025-03-30 06:00:00,8,Normal,0.26790212097605415,10.756910516994376,41.272342582442164,39.93361617957829,1.3387264028638768,0.42758314900599514,56.36261360964624,15.090271027204075,0
Odisha,2025-03-30 12:00:00,7,Heavy Rain,0.6727098837862804,10.067165963133107,24.804995598715532,42.7218092124113,17.91681361369577,0.05286302547676424,46.031876217541246,21.226880618825714,0
Telangana,2025-03-30 18:00:00,7,Normal,0.5500831022040099,5.92260681808872,36.3189758034206,32.11971198111957,4.1992638223010275,0.19233492166924357,38.28092598506522,1.9619501816446174,0
West Bengal,2025-03-31 00:00:00,8,Normal,0.1929704300319519,7.412908885034291,9.999828062986275,9.776390539293743,0.22343752369253167,0.8173690774023661,11.467149313198515,1.4673212502122404,0
West Bengal,2025-03-31 06:00:00,1,Cyclonic,0.2778830030076538,20.93489496020474,13.203685046648996,13.923796198905553,0.7201111522565569,0.5813577795179882,56.82184079161952,43.61815574497052,0
Tamil Nadu,2025-03-31 12:00:00,1,Monsoon,0.5316687605795741,4.136903650094814,75.86096568778308,81.04141704581107,5.1804513580279945,0.16180048059128668,100.35114449739683,24.490178809613752,1
Tamil Nadu,2025-03-31 18:00:00,8,Cyclonic,0.8988300916469725,14.253261506422835,28.088976966084186,35.4143329862128,7.325356020128613,0.12011498338116136,35.72628636440338,7.637309398319193,0
Rajasthan,2025-04-01 00:00:00,4,Heavy Rain,0.6097516485679877,8.379592737186636,38.844064790728005,57.501400738230934,18.65733594750293,0.05087159331613448,0.9985631192308944,37.84550167149711,1
Rajasthan,2025-04-01 06:00:00,5,Normal,0.7133815001876237,13.199034767536372,49.6253670568877,39.68722471163948,9.938142345248217,0.09142320226198403,13.01116028256019,36.614206774327506,0
Maharashtra,2025-04-01 12:00:00,8,Monsoon,0.40512569476951876,11.325910656873848,38.61918560083025,42.85422742694482,4.235041826114568,0.19102044132896584,74.23778063537955,35.6185950345493,0
Karnataka,2025-04-01 18:00:00,5,Normal,0.6142702537398108,0.8782940332865529,50.85371842898112,48.763479947314835,2.090238481666283,0.3235996205253361,58.305896322483406,7.452177893502288,0
Maharashtra,2025-04-02 00:00:00,10,Normal,0.5026418403742607,4.049269359428278,74.24604583580718,80.37772587578391,6.131680039976729,0.14021941455512396,70.17383647880717,4.0722093570000055,0
Coastal Andhra,2025-04-02 06:00:00,4,Normal,0.6932169213608446,4.61897574935039,23.94192100144201,30.588040249230268,6.646119247788256,0.13078530004475977,18.280525827032903,5.661395174409108,0
Odisha,2025-04-02 12:00:00,6,Monsoon,0.14551800947110935,3.551315261985965,76.7840675400903,108.0287849609392,31.2447174208489,0.031012831867877264,95.1641878533595,18.380120313269188,0
Rajasthan,2025-04-02 18:00:00,5,Normal,0.5439701946150632,5.1452235561324065,49.49296532746524,60.31513165127165,10.822166323806407,0.08458686611321739,17.82630634032707,31.666658987138174,1
Tamil Nadu,2025-04-03 00:00:00,7,Heat Wave,0.36639336262957023,9.281957617501783,59.789197795253706,64.50227174626575,4.713073951012042,0.17503711812147207,74.52769883361836,14.738501038364653,0
Telangana,2025-04-03 06:00:00,10,Cyclonic,0.3935665551501183,15.940217430296787,73.61502443547649,92.50349960069912,18.88847516522263,0.050280375528668944,54.99409111921104,18.620933316265443,0
Tamil Nadu,2025-04-03 12:00:00,7,Heavy Rain,0.9648256884022552,2.5835968137150704,45.017910248158294,35.5484340263593,9.469476221798992,0.0955157620892106,56.712549841531015,11.69463959337272,0
Odisha,2025-04-03 18:00:00,4,Monsoon,0.2644253314402445,8.473575989522436,165.82989938364017,135.74062919987225,30.089270183767923,0.032165438239271114,172.32759146912863,6.497692085488467,0
Maharashtra,2025-04-04 00:00:00,5,Heavy Rain,0.3801207273207372,10.343755361065003,17.1403347689442,17.862139487947456,0.7218047190032557,0.5807859561326415,0.0,17.1403347689442,0
Tamil Nadu,2025-04-04 06:00:00,3,Monsoon,0.5589033181577846,18.090327341459165,74.73891493936495,96.48375952802348,21.744844588658538,0.04396600715832716,46.245829749311966,28.49308519005298,0
Karnataka,2025-04-04 12:00:00,4,Normal,0.8767242533346613,23.96439135922953,27.237901030145345,25.224893942591176,2.0130070875541684,0.33189434041848126,6.473303607083256,20.76459742306209,0
Coastal Andhra,2025-04-04 18:00:00,4,Monsoon,0.47500307488573346,7.126387163241924,51.63978563616396,49.18157854989566,2.4582070862682954,0.28916718260475444,71.4601053491991,19.82031971303514,0
Odisha,2025-04-05 00:00:00,3,Heavy Rain,0.769478752799354,3.6259260971312104,38.22322627425616,19.279810443639608,18.943415830616555,0.05014186178000806,71.2781826266643,33.05495635240814,1
Maharashtra,2025-04-05 06:00:00,10,Heat Wave,0.8707366883933221,10.857951945425736,36.58602477182477,58.43073997980171,21.84471520797694,0.04377380023765055,0.0,36.58602477182477,0
Karnataka,2025-04-05 12:00:00,5,Heavy Rain,0.3790147202396641,3.7847245261155393,34.463178889961036,32.48210239665338,1.9810764933076541,0.33544929230931936,27.612543696387164,6.850635193573872,0
Telangana,2025-04-05 18:00:00,5,Heavy Rain,0.453475165184839,10.208140498033186,59.4787936748473,18.717794484548186,40.76099919029912,0.023945787203106368,84.67649256625985,25.19769889141255,0
Maharashtra,2025-04-06 00:00:00,7,Monsoon,0.4209006013195207,4.427834880850944,20.609297061350887,21.47031264139294,0.8610155800420536,0.5373410146181596,0.0,20.609297061350887,0
West Bengal,2025-04-06 06:00:00,4,Monsoon,0.849570227756129,12.142143824426086,26.078779179526713,29.16178496745442,3.083005787927707,0.2449176052987035,54.65583138284171,28.577052203315,0
Karnataka,2025-04-06 12:00:00,4,Heavy Rain,0.13991217575824105,4.700350277485816,19.14673421258879,18.04585897572978,1.100875236859011,0.4759920924647986,0.0,19.14673421258879,0
Karnataka,2025-04-06 18:00:00,9,Normal,0.377578979945812,22.48703631313447,103.09163988736702,79.63342558516813,23.458214302198897,0.040886059286433504,115.84278829499658,12.751148407629557,0
Coastal Andhra,2025-04-07 00:00:00,6,Heavy Rain,0.7114677018356169,8.40563059858068,69.01932933274665,84.51111024521634,15.491780912469693,0.06063626513761679,40.47287586858401,28.54645346416264,0
Odisha,2025-04-07 06:00:00,4,Heat Wave,0.6088991496088084,1.81295778727264,27.074306553490178,32.37512506632721,5.300818512837029,0.1587095387627244,27.94767587072675,0.8733693172365733,0
Telangana,2025-04-07 12:00:00,2,Monsoon,0.4926604233643249,16.267808755767447,57.12098776425752,64.63315812499853,7.51217036074101,0.11747885176406961,94.85752777555044,37.73654001129292,0
Coastal Andhra,2025-04-07 18:00:00,6,Monsoon,0.5859534044992459,7.213190166494376,19.658980858955182,15.902976684366163,3.7560041745890196,0.2102605387402573,47.33679586756035,27.677815008605165,0
Maharashtra,2025-04-08 00:00:00,2,Normal,0.2778261272454865,12.811970562525627,43.005369028930374,36.46044377836853,6.544925250561846,0.1325394177928447,54.31913116863862,11.313762139708246,0
Coastal Andhra,2025-04-08 06:00:00,5,Heavy Rain,0.4876449594472093,16.481444352749296,34.813079057415514,31.763009730266326,3.0500693271491883,0.24690935369837042,57.43231077849329,22.619231721077774,0
Karnataka,2025-04-08 12:00:00,6,Heavy Rain,0.5515326857587142,8.75212343946038,34.42570151798876,30.858583083574658,3.5671184344141054,0.2189564414324818,28.65313280515971,5.772568712829052,0
Odisha,2025-04-08 18:00:00,4,Monsoon,0.9110702097591414,2.419952641889113,30.660586133715675,35.4541714433248,4.793585309609128,0.17260469062937928,94.33920928754412,63.67862315382845,1
Rajasthan,2025-04-09 00:00:00,3,Normal,0.3347516465235787,9.379026835474129,162.052473039904,146.05637379130883,15.996099248595158,0.058837029919242015,159.09823970098614,2.9542333389178452,0
Coastal Andhra,2025-04-09 06:00:00,7,Cyclonic,0.8810456519484393,20.48369303672139,64.36336493470965,49.077813587880975,15.285551346828676,0.061404123121366255,176.2606031804123,111.89723824570264,1
West Bengal,2025-04-09 12:00:00,2,Heavy Rain,0.6798172607433837,7.734105214981145,133.40131632158136,147.51510311073528,14.11378678915392,0.06616475499823964,124.86998685722223,8.531329464359132,0
Coastal Andhra,2025-04-09 18:00:00,6,Normal,0.1183067479608409,11.343830409790119,29.62022107686424,47.21919877698843,17.598977700124188,0.0537663959881689,44.103425626108056,14.483204549243816,0
Maharashtra,2025-04-10 00:00:00,4,Normal,0.7521682032094542,4.168594569333801,20.00576836129037,16.070470122119154,3.9352982391712175,0.2026220000370088,17.433149669474894,2.572618691815478,0
Maharashtra,2025-04-10 06:00:00,6,Normal,0.13199668979414958,2.022416215259881,49.518885834321765,40.734737458407416,8.784148375914349,0.1022061360456983,67.6542810891126,18.135395254790836,0
Telangana,2025-04-10 12:00:00,4,Heavy Rain,0.9976430141324317,7.334148925476665,42.96839352428986,41.65385088247329,1.3145426418165655,0.43205079998662343,63.79548948152204,20.82709595723218,0
Maharashtra,2025-04-10 18:00:00,4,Normal,0.8853730189220781,8.559788728383793,64.27022643496056,76.42242382788902,12.152197392928457,0.07603292211365913,111.14226105764789,46.87203462268732,1
Tamil Nadu,2025-04-11 00:00:00,4,Normal,0.3676093727860411,17.839453807516556,76.55981714421445,87.38759569159664,10.827778547382195,0.0845467300553515,103.14278955093748,26.58297240672303,0
Odisha,2025-04-11 06:00:00,9,Monsoon,0.3316701071770349,8.982608216364723,8.865251018213353,8.60331032491102,0.2619406933023338,0.7924302665786382,0.0,8.865251018213353,0
Odisha,2025-04-11 12:00:00,7,Normal,0.4432969738950481,16.894963822014475,138.11718800742955,123.05932924083733,15.057858766592219,0.062274803542329255,100.61214594290016,37.50504206452939,0
Rajasthan,2025-04-11 18:00:00,3,Normal,0.4205502687829987,5.845528582933084,50.97526041738463,77.72815283795143,26.752892420566795,0.03603228034202775,68.97784043474788,18.002580017363243,0
Rajasthan,2025-04-12 00:00:00,3,Heavy Rain,0.43510403654684293,2.352674817991764,61.64029097141807,79.26851716957604,17.628226198157975,0.05368197644598516,67.75357873096445,6.113287759546381,0
Odisha,2025-04-12 06:00:00,6,Heavy Rain,0.38644889150753237,11.813769037988063,104.22946559857377,149.4449257994764,45.21546020090264,0.02163778085629598,90.40544996278835,13.824015635785415,0
West Bengal,2025-04-12 12:00:00,6,Monsoon,0.6590200661634983,21.964441545596554,23.575825491266997,27.718539310108124,4.142713818841127,0.1944498634818732,20.44873347523178,3.127092016035217,0
Rajasthan,2025-04-12 18:00:00,4,Normal,0.24783729734856158,5.192672113632327,39.409934743779566,38.48913527944815,0.9207994643314166,0.5206165550176658,47.22521471331406,7.815279969534494,0
Telangana,2025-04-13 00:00:00,9,Monsoon,0.8613831632014118,13.089789805199052,18.447027859964784,20.28593940862876,1.838911548663976,0.3522476776251135,83.99419789952381,65.54717003955903,1
Maharashtra,2025-04-13 06:00:00,4,Heavy Rain,0.8311622356281838,13.436711941680493,20.843001623608703,30.257013868789745,9.414012245181041,0.0960244693838091,0.0,20.843001623608703,0
Odisha,2025-04-13 12:00:00,9,Normal,0.5288348870697434,7.085336277486913,76.78828185584642,86.65293974984608,9.864657893999663,0.0920415543458833,89.68161964122783,12.893337785381405,0
Karnataka,2025-04-13 18:00:00,4,Normal,0.8674569687506929,13.861421980974153,97.34670730091933,55.52852652626556,41.818180774653776,0.023354565325016098,139.04314496964076,41.69643766872143,0
Rajasthan,2025-04-14 00:00:00,2,Normal,0.32243056302726397,10.831151883554028,12.665818473246686,17.10626651104395,4.440448037797262,0.18380839097304966,13.311360023855798,0.6455415506091118,0
Odisha,2025-04-14 06:00:00,2,Normal,0.11580891013357025,13.868768032975042,53.20032101293932,73.10878950482609,19.908468491886772,0.04782751067530534,57.778121903082706,4.577800890143386,0
Tamil Nadu,2025-04-14 12:00:00,5,Monsoon,0.6572871325268407,12.277917353540658,84.61367919369334,110.78643291691333,26.172753723219984,0.03680157006485022,100.1699972087059,15.55631801501255,0
Coastal Andhra,2025-04-14 18:00:00,4,Heavy Rain,0.5121184662682439,7.81150286746233,74.20279934806464,49.29477968220105,24.90801966586359,0.03859808711345082,71.00437605934724,3.1984232887174073,0
Maharashtra,2025-04-15 00:00:00,7,Normal,0.6104480916662836,8.542361462299102,46.25008120596216,50.723403227707415,4.473322021745254,0.1827043970786017,51.37905148131555,5.128970275353389,0
Odisha,2025-04-15 06:00:00,5,Normal,0.9094054681165628,17.509830932997925,52.8930761470276,66.45197804824392,13.558901901216316,0.06868649893962507,20.187185198638254,32.705890948389346,0
Coastal Andhra,2025-04-15 12:00:00,6,Normal,0.9729330162093491,9.366432391621215,53.82894748646149,54.0436844507951,0.21473696433361056,0.8232234873568596,78.81354597659124,24.984598490129756,0
Rajasthan,2025-04-15 18:00:00,10,Heavy Rain,0.6710078257800427,4.620495859471083,51.06749959515803,55.93148181899536,4.863982223837326,0.17053257698070085,80.59525616888146,29.52775657372343,1
Coastal Andhra,2025-04-16 00:00:00,4,Normal,0.7876500308671945,7.175316505284815,58.2830190320167,66.44208315590176,8.159064123885052,0.10918146073376592,42.04970810504573,16.233310926970972,0
Maharashtra,2025-04-16 06:00:00,2,Heavy Rain,0.17542759013844783,11.314690589436118,36.78909231892297,29.188502044006725,7.600590274916243,0.11627108931308072,0.0,36.78909231892297,0
Odisha,2025-04-16 12:00:00,10,Normal,0.24464402640235505,16.76097590237582,130.88655497172255,146.26598865266456,15.379433680942014,0.06105217185643796,64.6588931101075,66.22766186161505,1
Tamil Nadu,2025-04-16 18:00:00,9,Monsoon,0.759884324457679,1.9977508799612624,23.413078750434888,17.64389880654139,5.769179943893498,0.14772838191457796,0.0,23.413078750434888,1
West Bengal,2025-04-17 00:00:00,10,Cyclonic,0.4882289107492017,6.876970758555028,87.8943607416265,85.63780334083242,2.2565574007940796,0.30707273876276825,103.56599344000111,15.671632698374609,0
Rajasthan,2025-04-17 06:00:00,7,Normal,0.5013687433639652,15.90338453433687,26.242313330563405,22.4600371563128,3.7822761742506046,0.2091054476076348,40.3773459138717,14.135032583308295,0
Odisha,2025-04-17 12:00:00,4,Heavy Rain,0.37774691347189293,4.123040728778874,60.251426370723735,73.43735574180782,13.185929371084086,0.07049238536590713,68.16041426423658,7.908987893512844,0
Maharashtra,2025-04-17 18:00:00,3,Heat Wave,0.6466207451299694,4.140666665384981,26.688285727230983,31.150707047161937,4.462421319930954,0.18306899842223087,60.80886150002986,34.12057577279888,1
Rajasthan,2025-04-18 00:00:00,10,Normal,0.26664854087458234,8.464873945317835,58.10488753798051,66.34676219858183,8.241874660601319,0.10820315539043844,41.419057530028695,16.685830007951814,0
Telangana,2025-04-18 06:00:00,3,Heavy Rain,0.6642246513825061,1.839727055952238,41.32979301000813,44.242669871553595,2.912876861545463,0.2555664375303217,12.858911911545519,28.470881098462613,1
Coastal Andhra,2025-04-18 12:00:00,9,Normal,0.2564189714217157,25.976638287447663,66.14847025318676,73.3574027603887,7.208932507201936,0.12181851892711638,70.41114908708059,4.26267883389383,0
West Bengal,2025-04-18 18:00:00,5,Heavy Rain,0.15744343123874224,11.212540135623485,24.68343026793876,37.079598988902745,12.396168720963985,0.07464820881473941,0.0,24.68343026793876,0
Maharashtra,2025-04-19 00:00:00,3,Normal,0.3973219198291549,13.055742378751011,24.334236347828124,32.390873795434494,8.05663744760637,0.11041625611990194,0.0,24.334236347828124,0
Telangana,2025-04-19 06:00:00,5,Heat Wave,0.3080263078088629,18.33650193565824,97.22216445401548,73.85023205094905,23.371932403066438,0.04103080475777873,73.4686794050307,23.753485048984786,0
Karnataka,2025-04-19 12:00:00,2,Monsoon,0.9000924747006991,35.84030859563044,114.21751952258208,98.96576670045577,15.251752822126306,0.06153182434811142,143.60483758894114,29.387318066359057,0
Odisha,2025-04-19 18:00:00,4,Monsoon,0.14945810848176394,7.832964408612951,38.15038651521468,36.16052871347733,1.9898578017373438,0.3344640669596129,53.44608235102556,15.295695835810882,0
Tamil Nadu,2025-04-20 00:00:00,10,Monsoon,0.2589523233167106,1.970277946233148,55.109717213255884,51.77076187168276,3.3389553415731257,0.23047022181091206,33.884472740085144,21.22524447317074,1
Rajasthan,2025-04-20 06:00:00,2,Heavy Rain,0.5938476450247445,10.502423937220787,11.820806410188133,9.376927578287424,2.44387883190071,0.2903702623730494,0.0,11.820806410188133,0
Coastal Andhra,2025-04-20 12:00:00,2,Normal,0.5329604717627263,4.351851288528195,44.78735973683531,51.35643618255505,6.5690764457197375,0.1321165147652186,53.70174648052386,8.914386743688546,0
Rajasthan,2025-04-20 18:00:00,8,Cyclonic,0.1412668165372314,3.0029609312323373,31.989286710708186,31.50096997236934,0.48831673833884537,0.6718999889204564,65.88777508479464,33.898488374086455,1
West Bengal,2025-04-21 00:00:00,1,Heat Wave,0.10652718521363003,5.622873111910995,126.2797911691097,133.1470466402962,6.867255471186496,0.12710913019952885,141.860522063331,15.58073089422129,0
Odisha,2025-04-21 06:00:00,7,Heavy Rain,0.9892611477650349,7.717874947978444,30.767334224171815,17.619439161618377,13.147895062553438,0.07068189264753552,72.01427528435963,41.24694106018781,1
Rajasthan,2025-04-21 12:00:00,5,Heat Wave,0.6929512303229544,18.561370701797557,127.52232993625421,77.37928117953379,50.14304875672042,0.019552999367652982,141.12022069173508,13.597890755480876,0
Coastal Andhra,2025-04-21 18:00:00,8,Heavy Rain,0.42886551781140114,26.429321883889465,29.945976447131265,25.894327893098218,4.051648554033047,0.19795518023549707,0.0,29.945976447131265,0
Odisha,2025-04-22 00:00:00,1,Heavy Rain,0.5233890228969172,3.3861907236982987,62.63283450278868,72.15227895785151,9.519444455062825,0.0950620543006639,71.83264049037659,9.199805987587908,0
Rajasthan,2025-04-22 06:00:00,7,Heavy Rain,0.3398951084088583,5.962773352229151,114.70806025442796,128.41644591736153,13.708385662933566,0.06798842666466712,198.71088938030812,84.00282912588015,1
Tamil Nadu,2025-04-22 12:00:00,5,Normal,0.4103864053238888,12.642042113141116,39.20803200215127,49.083676425229505,9.875644423078235,0.09194857436475114,52.80110916771322,13.593077165561951,0
Maharashtra,2025-04-22 18:00:00,4,Normal,0.6841400205413926,13.902866855622856,110.66649499258236,91.27911485596117,19.38738013662119,0.04904995116090137,118.38259678350272,7.716101790920362,0
Odisha,2025-04-23 00:00:00,7,Normal,0.8945306189806337,3.751851849482696,73.70661807179492,86.34137641444804,12.634758342653114,0.07334196726257602,82.62260652763828,8.915988455843362,0
Maharashtra,2025-04-23 06:00:00,10,Heavy Rain,0.26571702077306636,15.921435123234035,44.501201191080156,61.52542474009056,17.0242235490104,0.05548089199409113,146.3128959509784,101.81169475989824,1
Karnataka,2025-04-23 12:00:00,2,Normal,0.8563253548467868,4.601210193079938,57.05044208991296,70.26623983243869,13.215797742525723,0.07034427600278519,63.04664266734156,5.996200577428596,0
Odisha,2025-04-23 18:00:00,1,Normal,0.20940096656644216,3.6157202641563684,97.40485210791155,65.93410285684914,31.470749251062415,0.030796948732782346,87.08129124965649,10.323560858255064,0
Tamil Nadu,2025-04-24 00:00:00,1,Heat Wave,0.29349300122955213,12.261653151644866,55.01994489986415,70.25828067671195,15.238335776847798,0.0615826654739936,62.37746897878135,7.357524078917201,0
Maharashtra,2025-04-24 06:00:00,1,Normal,0.1334577592446814,18.903515739255493,15.632982201827865,16.908225956018207,1.2752437541903419,0.4395133480350353,25.453514267646312,9.820532065818448,0
Telangana,2025-04-24 12:00:00,5,Heavy Rain,0.22673067588369952,10.49997303151426,73.86704247030377,82.2536964654594,8.386653995155626,0.10653423472475833,92.75326431902262,18.886221848718847,0
Coastal Andhra,2025-04-24 18:00:00,10,Normal,0.9255728309176455,9.24535004470171,75.66025312129787,122.86429213723552,47.20403901593765,0.02074514958527378,70.64539516703749,5.014857954260378,0
Telangana,2025-04-25 00:00:00,7,Normal,0.5134948719565408,7.834800077910548,53.78870302102168,57.104603866073134,3.315900845051452,0.231701337890231,88.18424319370195,34.39554017268026,1
Rajasthan,2025-04-25 06:00:00,2,Monsoon,0.1698992756005182,8.85950856504395,30.318826520771847,35.1032224140851,4.784395893313256,0.17287890013821441,47.218204779464116,16.89937825869227,0
Tamil Nadu,2025-04-25 12:00:00,10,Heavy Rain,0.9637541542350652,7.018385700883455,71.13950049350025,72.80748037917566,1.6679798856754076,0.37481541947489116,20.753053214547663,50.38644727895259,1
Telangana,2025-04-25 18:00:00,8,Monsoon,0.8910930769827851,12.521186145379811,18.25129064852241,17.141326307552802,1.1099643409696078,0.4739416589099617,0.0,18.25129064852241,0
Odisha,2025-04-26 00:00:00,4,Normal,0.7792142687813272,8.86527146835898,56.5065979961483,61.656899104774304,5.150301108626003,0.16259366530810443,68.3223222238873,11.815724227738997,0
Rajasthan,2025-04-26 06:00:00,3,Heavy Rain,0.9401255127528021,34.41390528604324,54.78545356284073,48.7983819974517,5.98707156538903,0.14312147666464062,30.96327450113949,23.822179061701238,0
Rajasthan,2025-04-26 12:00:00,10,Normal,0.2981164787521877,10.81833545737182,45.65380064883861,47.3145221972628,1.6607215484241848,0.3758379002839478,69.55274447266025,23.89894382382164,0
Telangana,2025-04-26 18:00:00,8,Normal,0.8527323637090777,7.028750237162446,86.53687313415682,80.00990984163182,6.5269632925249965,0.13285570304203514,112.40038845358397,25.86351531942715,0
Karnataka,2025-04-27 00:00:00,2,Normal,0.7209920767188756,3.432071313426055,33.920218751077826,16.295587181025784,17.624631570052042,0.053692337281343906,48.557094688956035,14.636875937878209,0
Telangana,2025-04-27 06:00:00,3,Normal,0.8827833246109195,3.8473893070161664,22.591307162224577,19.814055886723693,2.777251275500884,0.2647427790907012,52.44393203975065,29.852624877526072,1
Karnataka,2025-04-27 12:00:00,3,Normal,0.8172204091683668,11.15051870027127,25.342022819011095,31.39588710166659,6.053864282655496,0.14176626596840905,27.414651448982166,2.072628629971071,0
Tamil Nadu,2025-04-27 18:00:00,10,Normal,0.4118455568591425,5.377471828424278,88.29821998914832,99.77150698654661,11.47328699739829,0.08017132935437006,39.27870631923081,49.019513669917515,1
Coastal Andhra,2025-04-28 00:00:00,1,Heat Wave,0.79695868331553,9.599115385130471,63.7837103155507,60.04816537611969,3.7355449394310085,0.2111689389057204,106.603226848418,42.819516532867304,1
Telangana,2025-04-28 06:00:00,6,Normal,0.33621067268640126,19.64980280363737,60.60639987108985,62.100035337871915,1.4936354667820666,0.4010209243977664,18.69325215067132,41.91314772041853,0
West Bengal,2025-04-28 12:00:00,2,Normal,0.3957329467252494,2.8145435283705944,57.014540823736574,45.53373604504053,11.480804778696047,0.08012303835622342,87.30390510035396,30.289364276617384,1
Karnataka,2025-04-28 18:00:00,1,Normal,0.19711514550067855,7.398623254843125,39.289351815062254,32.43515404019417,6.854197774868084,0.12732045062575414,34.515761479913685,4.773590335148569,0
Telangana,2025-04-29 00:00:00,2,Heavy Rain,0.9415689543824218,2.057926885114723,21.131940627800645,21.16724567457921,0.035305046778564275,0.9658988943515548,66.18540282425823,45.05346219645759,1
Maharashtra,2025-04-29 06:00:00,6,Normal,0.36190302706025346,9.877795983529241,22.182332109672636,20.985809359889927,1.1965227497827087,0.4552650320143168,11.814924586766281,10.367407522906355,0
Odisha,2025-04-29 12:00:00,4,Cyclonic,0.5685602186543066,2.2994589300757227,58.24420940286525,47.271456231653595,10.972753171211657,0.08352297802350825,80.31731299410131,22.073103591236062,1
West Bengal,2025-04-29 18:00:00,6,Heat Wave,0.45219955281957336,2.7482166792016978,33.192945268018676,32.63951300224869,0.5534322657699846,0.6437358242358467,17.85291382179272,15.340031446225957,0
West Bengal,2025-04-30 00:00:00,9,Normal,0.9639353085251514,24.468938515662956,26.547991460172476,19.163183930694437,7.384807529478039,0.11926332196467852,58.175969828395544,31.62797836822307,0
Karnataka,2025-04-30 06:00:00,10,Heavy Rain,0.4015442538446342,4.93256476920573,40.06796949427159,55.83681909715006,15.768849602878475,0.059634383018638555,23.29761254315718,16.770356951114408,0
Maharashtra,2025-04-30 12:00:00,10,Normal,0.8006912392804201,3.6082249741483166,91.64242450743969,112.16105587096574,20.518631363526055,0.046471356988576594,97.79168552994001,6.149261022500326,0
Maharashtra,2025-04-30 18:00:00,8,Heavy Rain,0.869874539168062,19.55938756360742,47.862221595207956,21.87757547694924,25.984646118258716,0.03705811058694472,0.0,47.862221595207956,0
Rajasthan,2025-05-01 00:00:00,1,Normal,0.4920458477328693,3.582137238665743,124.15354168437631,150.18187773318343,26.02833604880712,0.03699820803597469,126.32803657262349,2.1744948882471817,0
Karnataka,2025-05-01 06:00:00,8,Normal,0.4403546330076381,10.689144680486555,60.92014836008504,55.24158682390139,5.6785615361836435,0.14973284210710947,55.827572929945774,5.092575430139263,0
Coastal Andhra,2025-05-01 12:00:00,9,Normal,0.7729712388393651,10.915337771894508,223.6443931841396,193.07872605275082,30.56566713138878,0.03167998939599803,221.96608516221963,1.6783080219199746,0
Odisha,2025-05-01 18:00:00,6,Monsoon,0.9216063822756106,15.205574947519725,53.86240294306277,64.00218156548145,10.139778622418682,0.089768390727937,20.198729035908265,33.663673907154504,0
Tamil Nadu,2025-05-02 00:00:00,10,Normal,0.7794385597650144,3.069788146414445,50.64427869271618,48.83290415104273,1.8113745416734446,0.3556978926773518,24.691867128178203,25.952411564537975,1
West Bengal,2025-05-02 06:00:00,5,Normal,0.30441372903267905,4.1060592868670165,48.49085121425973,43.7977119853675,4.693139228892228,0.1756500165892799,47.94508693864542,0.5457642756143102,0
Tamil Nadu,2025-05-02 12:00:00,6,Monsoon,0.8994769726939348,4.983853695126425,32.41175850663876,21.645895245934156,10.765863260704606,0.08499163876396387,87.23753873045861,54.82578022381985,1
Telangana,2025-05-02 18:00:00,6,Heavy Rain,0.4488235006931498,4.274617013996551,38.249261097245835,47.004294541499476,8.755033444253641,0.10251118109585426,63.64320136976889,25.393940272523054,1
Telangana,2025-05-03 00:00:00,9,Cyclonic,0.6186064706001408,14.509041971153934,138.5579117798386,174.46228974088655,35.90437796104794,0.027097056101459998,98.51016827229347,40.047743507545135,0
Tamil Nadu,2025-05-03 06:00:00,4,Normal,0.8482920573634399,10.928678424257189,33.306706242858006,34.64988926843132,1.3431830255733175,0.42676990618576427,70.02257154827163,36.71586530541362,0
Telangana,2025-05-03 12:00:00,2,Monsoon,0.26955529066044304,12.166384414927691,48.5113512167968,34.371929533535315,14.139421683261482,0.06605272122815792,62.291640749708705,13.780289532911908,0
Coastal Andhra,2025-05-03 18:00:00,9,Monsoon,0.8060591221097978,1.945345980920152,48.74819785381108,52.43587160874989,3.687673754938814,0.21332542584611938,69.63005821477692,20.881860360965845,1
Maharashtra,2025-05-04 00:00:00,2,Normal,0.6365465181196097,9.692813489076473,35.604285622417954,41.31048587652549,5.706200254107536,0.14911573799000435,39.76784182653174,4.163556204113789,0
Telangana,2025-05-04 06:00:00,10,Monsoon,0.9040074776448473,21.701626566807203,34.84364060737559,34.61238579177798,0.23125481559760885,0.8121795645644921,54.00682725076514,19.16318664338955,0
Rajasthan,2025-05-04 12:00:00,9,Normal,0.2547733616591887,31.559977947745526,41.569660220449876,50.73130650881006,9.161646288360181,0.09840925098381606,40.471864497881825,1.0977957225680512,0
Telangana,2025-05-04 18:00:00,2,Heat Wave,0.4786140133368356,5.705380424374555,73.7650243901035,76.8916832756542,3.1266588855506967,0.24232678971878516,91.29804698003774,17.533022589934234,0
Odisha,2025-05-05 00:00:00,8,Normal,0.8495587835801537,15.430579683389658,100.57205018732725,108.21789766997462,7.645847482647369,0.1156624613153364,128.50618603651648,27.934135849189232,0
Coastal Andhra,2025-05-05 06:00:00,9,Heavy Rain,0.11730853311108416,4.200442613989435,17.654124727151718,24.188203019686412,6.534078292534694,0.13273023735244055,0.0,17.654124727151718,0
Odisha,2025-05-05 12:00:00,10,Normal,0.2009812300890786,2.0266867736715652,123.40726785991556,108.23322141214004,15.174046447775524,0.061827447029344576,94.8844635537051,28.52280430621046,1
Odisha,2025-05-05 18:00:00,9,Heat Wave,0.9915086914810612,2.1617295206979277,67.65314440490914,41.13189279231804,26.5212516125911,0.036335556757255014,50.314350869825,17.338793535084143,0
Rajasthan,2025-05-06 00:00:00,10,Normal,0.35235476073131555,19.76136323763934,69.63888915774795,66.69628574417102,2.942603413576933,0.25363951052148775,50.68667135377277,18.95221780397518,0
Coastal Andhra,2025-05-06 06:00:00,9,Heat Wave,0.977988874351558,6.059488695819276,27.80901377575895,23.889654108710264,3.9193596670486848,0.20327848900707415,18.5235897953402,9.285423980418749,0
Coastal Andhra,2025-05-06 12:00:00,2,Heat Wave,0.26427839590780655,5.121364531233886,168.9670475519999,108.9042636910824,60.062783860917506,0.01637658712510875,169.88065740748692,0.9136098554870102,0
Karnataka,2025-05-06 18:00:00,4,Normal,0.4249849987066021,14.154149487654653,25.538384844170178,29.50877415275699,3.9703893085868103,0.20119148378828333,43.45258005335561,17.914195209185433,0
Coastal Andhra,2025-05-07 00:00:00,7,Monsoon,0.7775825000532136,2.6519585798128134,50.94269470452212,50.95331487717386,0.0106201726517412,0.9894914301741324,7.8755724240038205,43.0671222805183,1
Coastal Andhra,2025-05-07 06:00:00,2,Heat Wave,0.6920005665143606,11.777369972416004,55.57048801442562,30.269582519533124,25.300905494892497,0.03802150462820358,12.977928550514626,42.592559463910995,1
Coastal Andhra,2025-05-07 12:00:00,1,Normal,0.62301015993615,7.010816550754414,118.74433173334552,164.64435339682336,45.900021663477844,0.021321951771692327,127.03791562013478,8.293583886789264,0
Rajasthan,2025-05-07 18:00:00,3,Normal,0.5769092582245068,29.595767543575434,26.92240920450935,22.023186711616457,4.899222492892893,0.16951386410747404,0.0,26.92240920450935,0
Telangana,2025-05-08 00:00:00,4,Heavy Rain,0.8590963992982662,5.921539415528519,52.600878622833164,44.501887370691534,8.09899125214163,0.10990229271455008,66.25027708473252,13.649398461899352,0
Karnataka,2025-05-08 06:00:00,8,Normal,0.31145370655005344,7.440793700396295,13.00291840205465,16.063726151708213,3.060807749653563,0.24625642523591823,30.580592792276637,17.577674390221986,0
Odisha,2025-05-08 12:00:00,6,Normal,0.4982238342941666,2.129583482952668,46.27656325388743,51.230445984317875,4.953882730430443,0.16795762450761334,54.73769884514823,8.461135591260799,0
Coastal Andhra,2025-05-08 18:00:00,2,Normal,0.23990706294081157,32.630807632588656,58.67674421027409,74.69365681820749,16.0169126079334,0.058765066439478174,68.6018908415124,9.925146631238313,0
West Bengal,2025-05-09 00:00:00,9,Normal,0.6363474361576339,6.258878773916594,31.397335877680362,14.285798616397509,17.111537261282855,0.055213424767521314,16.590747064562088,14.806588813118275,0
Telangana,2025-05-09 06:00:00,2,Normal,0.3254899818441882,25.23289106207919,15.287597165706146,14.194407346658004,1.093189819048142,0.4777397591465166,25.704244841233226,10.41664767552708,0
Telangana,2025-05-09 12:00:00,5,Normal,0.4004578579090472,1.5133492387453558,125.46839625989259,129.667490732112,4.1990944722194,0.19234118659381044,113.18115791252073,12.287238347371854,0
Odisha,2025-05-09 18:00:00,4,Cyclonic,0.5241256449611753,10.24477669460223,20.773000613253963,27.532228784450677,6.759228171196714,0.1288787979856209,46.173158498130896,25.400157884876933,0
Rajasthan,2025-05-10 00:00:00,7,Monsoon,0.12409352713281507,30.37221731488994,22.700579586301917,17.906998480536267,4.79358110576565,0.17260481587196924,26.455059644639686,3.7544800583377693,0
Tamil Nadu,2025-05-10 06:00:00,8,Normal,0.1827441423287539,4.945034417462837,27.757185030154265,25.393457621871693,2.363727408282571,0.2972892504718666,49.63321005635957,21.87602502620531,0
Tamil Nadu,2025-05-10 12:00:00,5,Monsoon,0.7173362986373977,9.741358434195563,94.78062287810894,98.11679489097877,3.336172012869824,0.23061815745131534,134.9112079857857,40.13058510767675,1
Telangana,2025-05-10 18:00:00,10,Monsoon,0.4860729826457565,20.21345101798581,42.45778600975717,50.53956886972221,8.081782859965038,0.11011053836227148,28.440947708804085,14.016838300953086,0
Maharashtra,2025-05-11 00:00:00,5,Heat Wave,0.8783111997999059,6.329239627115683,13.162658113856109,9.512377773677347,3.650280340178762,0.21504079901590598,11.25442208104085,1.9082360328152586,0
Maharashtra,2025-05-11 06:00:00,2,Normal,0.7252048032797795,2.056394965643085,28.16306184967108,33.877693197849844,5.714631348178763,0.14892850376234493,35.53093628703451,7.367874437363426,0
Odisha,2025-05-11 12:00:00,8,Normal,0.10729084748259021,5.589219416748291,94.47781903028904,80.54024456746572,13.93757446282332,0.06694527297512745,111.95943754438264,17.481618514093597,0
Tamil Nadu,2025-05-11 18:00:00,2,Heat Wave,0.6550410976904213,10.347532394711292,16.25172505555444,17.77674549502336,1.5250204394689177,0.39603639810944574,42.240468791973356,25.988743736418915,0
Telangana,2025-05-12 00:00:00,10,Heat Wave,0.18435237945374477,10.260294371762742,20.650076170668168,19.6536712580352,0.9964049126329684,0.5009003903327132,11.350984400400078,9.29909177026809,0
Rajasthan,2025-05-12 06:00:00,6,Monsoon,0.8028398618114448,13.612527367803038,21.750185852324503,23.245270288120107,1.4950844357956043,0.4007880397366718,47.768968750670226,26.018782898345723,0
Tamil Nadu,2025-05-12 12:00:00,8,Monsoon,0.9923569194506517,4.038337537544266,43.54067367307088,45.84934465982308,2.3086709867522046,0.3022361558474574,0.0,43.54067367307088,1
Telangana,2025-05-12 18:00:00,6,Normal,0.5780789148173604,28.809918214058506,49.20491493350036,64.9137225758094,15.70880764230904,0.059848675106406755,44.58480952872345,4.620105404776915,0
Telangana,2025-05-13 00:00:00,4,Heavy Rain,0.7145015501747173,4.160989830112619,39.10272776071843,36.79917793851257,2.3035498222058592,0.3027046824837278,26.18798456908541,12.914743191633022,0
Coastal Andhra,2025-05-13 06:00:00,4,Normal,0.31358274480527637,8.859048628673548,42.18913105220852,38.99998701540319,3.189144036805331,0.238712250334225,19.88368377544858,22.305447276759942,0
Rajasthan,2025-05-13 12:00:00,6,Normal,0.4938379693784142,10.62621953995972,19.17724714702104,24.299415739518647,5.122168592497609,0.16334081378050364,38.28890437583986,19.111657228818824,0
Coastal Andhra,2025-05-13 18:00:00,4,Monsoon,0.8704857990127453,9.888441685465237,38.71537916192284,52.268620352379074,13.553241190456234,0.06871321562758012,26.010199486680435,12.705179675242405,0
Odisha,2025-05-14 00:00:00,8,Normal,0.2506806529716261,3.0905093563548673,38.18543281276179,34.402490778881,3.7829420338807864,0.2090763368897907,29.445657272044585,8.739775540717204,0
Coastal Andhra,2025-05-14 06:00:00,9,Heavy Rain,0.33898204505238594,20.543217337797607,21.969820569969947,25.77248679837354,3.8026662284035915,0.2082176758580203,44.85630033035878,22.88647976038883,0
West Bengal,2025-05-14 12:00:00,1,Heat Wave,0.5008903077574272,5.367040296811525,101.6150393061264,79.92328530407433,21.69175400205208,0.04406887188665835,124.52426177036196,22.909222464235555,0
Coastal Andhra,2025-05-14 18:00:00,4,Normal,0.7410240026596125,11.321500104087598,89.76179573891221,105.4290456251222,15.667249886209987,0.0599979004831128,139.08571490729508,49.32391916838287,1
West Bengal,2025-05-15 00:00:00,4,Heat Wave,0.4382955593161064,9.673367975317465,17.01833418336728,20.932996411140014,3.914662227772734,0.2034727827985827,37.366435349852445,20.348101166485165,0
Tamil Nadu,2025-05-15 06:00:00,2,Heat Wave,0.9349590518047035,9.642617302661915,60.59041182253516,56.42171324558686,4.168698576948302,0.19347229967324175,33.172448249253094,27.417963573282066,0
Maharashtra,2025-05-15 12:00:00,6,Heavy Rain,0.18501134614184728,1.8735807773682596,57.2758431692486,73.18190275399067,15.906059584742067,0.059150388947079816,73.38141442338606,16.10557125413746,0
Karnataka,2025-05-15 18:00:00,3,Normal,0.43372377779036275,4.990572448060378,52.22013365667771,48.79049306488229,3.429640591795419,0.22575194968463133,39.0026570358056,13.217476620872112,0
Karnataka,2025-05-16 00:00:00,7,Normal,0.7380587110855797,11.242650660466078,38.28153409717639,38.511553673173296,0.2300195759969057,0.8129951909013484,59.64647405700092,21.364939959824532,0
Telangana,2025-05-16 06:00:00,5,Normal,0.3033880890953432,1.9873620018095852,51.788473064653274,56.852455681662484,5.063982617009209,0.16490812443872171,51.56828414928332,0.22018891536995255,0
Karnataka,2025-05-16 12:00:00,4,Normal,0.6907718208067056,6.9875877681843725,39.57139984054644,30.073412559505577,9.497987281040864,0.09525635469248264,29.675054265069033,9.896345575477408,0
West Bengal,2025-05-16 18:00:00,5,Normal,0.24779526240461136,9.040169366961543,27.63927994053324,18.24960791370179,9.389672026831448,0.09624942899231934,10.62024806334357,17.01903187718967,0
Rajasthan,2025-05-17 00:00:00,8,Heat Wave,0.15038225637551775,13.140686188485189,59.88781031195644,64.07675177639078,4.188941464434336,0.1927175334033207,73.04226083585431,13.154450523897864,0
Coastal Andhra,2025-05-17 06:00:00,3,Normal,0.20891414507378397,8.89735346363753,8.996897007136972,7.328122727532144,1.6687742796048282,0.3747038509933753,18.01364761423234,9.016750607095368,0
West Bengal,2025-05-17 12:00:00,7,Monsoon,0.9369863048207212,7.171571879020441,70.96052791814279,49.3047909499182,21.655736968224588,0.04413893052353727,142.3194707120242,71.35894279388143,1
Rajasthan,2025-05-17 18:00:00,6,Normal,0.5965757946455962,10.015309702265636,44.97128818910156,53.61698761008958,8.645699420988024,0.10367314554962241,55.59182044790566,10.620532258804104,0
Maharashtra,2025-05-18 00:00:00,1,Heavy Rain,0.8167111979316841,6.826481876205217,33.36430130821611,46.0163621243109,12.652060816094789,0.07324901445070275,0.0,33.36430130821611,1
Karnataka,2025-05-18 06:00:00,7,Heat Wave,0.3993890508145461,3.909444940666433,69.60224910505454,84.51914264710335,14.916893542048811,0.0628263296074845,75.299520748539,5.697271643484456,0
Maharashtra,2025-05-18 12:00:00,7,Normal,0.633392783096902,5.538436832885301,52.27052443600662,36.79082607932726,15.479698356679357,0.06068072232612751,85.43398632999524,33.16346189398862,1
Karnataka,2025-05-18 18:00:00,1,Normal,0.5454569203344924,11.139222487587386,102.01543162614998,106.56179503327573,4.546363407125753,0.18029831920411826,104.82511090946574,2.8096792833157593,0
Coastal Andhra,2025-05-19 00:00:00,9,Monsoon,0.9511641634620646,7.221372635863462,83.90775033136998,77.41595023662103,6.491800094748953,0.13347926898114992,55.6643996318592,28.243350699510785,0
Odisha,2025-05-19 06:00:00,6,Monsoon,0.7728171724486993,38.85790594774987,22.304424344863698,17.548995562362737,4.75542878250096,0.1737490007765261,54.691581322486414,32.387156977622716,0
Coastal Andhra,2025-05-19 12:00:00,2,Monsoon,0.7574883683469211,2.9610056307042325,31.615548046727696,32.28837662829131,0.6728285815636141,0.5977898817733538,54.20079185762661,22.585243810898916,1
Tamil Nadu,2025-05-19 18:00:00,5,Normal,0.1417179424908516,10.886453144886751,28.27185441599971,27.794546964345827,0.477307451653882,0.6769071657226635,0.0,28.27185441599971,0
West Bengal,2025-05-20 00:00:00,4,Normal,0.594702702103322,12.16794562189226,28.478870881644415,26.82225103266365,1.656619848980764,0.37641817679848283,20.585645623639056,7.893225258005359,0
Telangana,2025-05-20 06:00:00,7,Heat Wave,0.5202923085116333,8.735609837664374,113.5234073888416,141.56684476043193,28.04343737159033,0.03443118619899237,71.04576974201382,42.47763764682779,1
Odisha,2025-05-20 12:00:00,8,Heat Wave,0.935058039945575,6.4765485856109715,16.608200040737366,22.00531584910882,5.397115808371453,0.15632044658178154,30.278822796182784,13.670622755445418,0
Coastal Andhra,2025-05-20 18:00:00,1,Heavy Rain,0.331607789370579,8.190851354315946,86.14551509436212,79.18354403523989,6.961971059122234,0.12559704030251082,57.40831177702387,28.737203317338256,0
Rajasthan,2025-05-21 00:00:00,5,Monsoon,0.3428501079619849,8.233379205683065,115.44221242435398,110.26492415557365,5.17728826878033,0.16188333075759861,94.52584122762907,20.91637119672491,0
Odisha,2025-05-21 06:00:00,3,Heavy Rain,0.47021162399335037,23.309050103639095,76.5851245828742,71.84578304743215,4.739341535442051,0.17423601537296887,59.55488023689077,17.030244345983434,0
West Bengal,2025-05-21 12:00:00,1,Normal,0.31903274206573845,1.3604810158139722,63.47143737479327,71.64228419678312,8.170846821989855,0.10904118446316213,73.3119957296382,9.84055835484493,0
Karnataka,2025-05-21 18:00:00,3,Normal,0.21626552602787455,3.8241232397654334,16.23961627581511,17.58521649819759,1.3456002223824797,0.42633010964855605,24.33781962961752,8.098203353802411,0
Odisha,2025-05-22 00:00:00,6,Normal,0.8716733619857208,10.065104784843001,13.956662642235875,11.480803624205672,2.475859018030203,0.28769866522569953,2.0334909759081388,11.923171666327736,0
Karnataka,2025-05-22 06:00:00,7,Heavy Rain,0.6024488719635243,17.126310186450198,56.59228198735627,54.77062109468575,1.821660892670522,0.3544011977476017,70.34798085043144,13.755698863075168,0
West Bengal,2025-05-22 12:00:00,8,Normal,0.8752264470609101,4.045206141131702,37.386710136130304,23.395320061058687,13.991390075071617,0.0667049549769802,27.504955372843526,9.881754763286779,0
Coastal Andhra,2025-05-22 18:00:00,4,Normal,0.8480212888633263,3.155508963181771,17.721057086050156,10.759119995205145,6.9619370908450104,0.12559757614134437,27.139414135317015,9.41835704926686,0
West Bengal,2025-05-23 00:00:00,3,Monsoon,0.35383811931070397,7.448211963392014,71.06160968539368,50.0841677595643,20.977441925829375,0.045501200884745935,63.13274650663712,7.928863178756558,0
Odisha,2025-05-23 06:00:00,5,Monsoon,0.5929636998918466,3.849136719435426,61.44587435299796,57.58368604257546,3.8621883104225034,0.20566871049737362,77.23884306132783,15.792968708329866,0
Rajasthan,2025-05-23 12:00:00,9,Heavy Rain,0.17489593246606341,7.491665975278127,71.22043665049529,82.10307778372272,10.882641133227438,0.08415637473084156,57.76551998924208,13.454916661253208,0
Maharashtra,2025-05-23 18:00:00,6,Heat Wave,0.9237266956276826,3.917969212715074,71.90297392048049,57.83738739358714,14.065586526893348,0.06637643998890552,101.00101417887186,29.098040258391364,1
Odisha,2025-05-24 00:00:00,9,Normal,0.46383644355863785,13.291719245290778,87.57957314603505,84.81843257093942,2.7611405750956237,0.265876794561069,97.07916743817712,9.499594292142078,0
West Bengal,2025-05-24 06:00:00,6,Heavy Rain,0.4543085655001192,4.0182313038719775,33.5770163154909,35.41297749767546,1.8359611821845618,0.35261413529986774,39.13387159435385,5.5568552788629475,0
Maharashtra,2025-05-24 12:00:00,2,Monsoon,0.3724798335561579,1.6619891199541326,19.23184315643087,26.61679028763817,7.384947131207301,0.11926133633904208,31.308110184531976,12.076267028101107,0
West Bengal,2025-05-24 18:00:00,5,Heavy Rain,0.5145973702396335,13.325167847715205,110.23805276793678,111.77696986659225,1.5389170986554745,0.39386870903723736,130.30701408238562,20.068961314448842,0
Rajasthan,2025-05-25 00:00:00,9,Normal,0.32658344789090327,8.32319147744062,13.930878964290747,14.28064481911546,0.3497658548247138,0.7408692377463232,7.326952584727308,6.603926379563439,0
West Bengal,2025-05-25 06:00:00,8,Normal,0.43736704551712413,5.922537435136125,15.370462431091793,13.044465721555612,2.325996709536181,0.30066175265081746,0.0,15.370462431091793,0
Coastal Andhra,2025-05-25 12:00:00,7,Cyclonic,0.8199523437263937,6.062127049413788,28.29964336219465,41.294088458514054,12.994445096319403,0.0714569240235902,17.486270674040515,10.813372688154136,0
Telangana,2025-05-25 18:00:00,1,Heavy Rain,0.8508299532266547,9.055445140460105,101.4388609969482,120.82824210778152,19.389381110833327,0.049045137494079113,88.49988453213068,12.938976464817515,0
Karnataka,2025-05-26 00:00:00,4,Cyclonic,0.3737642298656645,3.1642406357757515,30.84190647533406,22.27465603184479,8.567250443489272,0.1045232385110732,28.789927316319506,2.0519791590145537,0
Karnataka,2025-05-26 06:00:00,7,Heavy Rain,0.5221129874975091,2.300753238399303,15.503799487798815,21.310145137660403,5.806345649861587,0.14692171856131578,34.8789040349898,19.375104547190986,0
Odisha,2025-05-26 12:00:00,7,Monsoon,0.886437798652047,4.008282837494212,22.703246320174717,26.771611444538543,4.068365124363826,0.1973022810043739,79.14356128145565,56.44031496128093,1
Telangana,2025-05-26 18:00:00,6,Monsoon,0.14740599864672743,6.494951947394542,22.138243121763775,23.433112115683745,1.2948689939199696,0.4357547217943168,33.16409592383855,11.025852802074777,0
West Bengal,2025-05-27 00:00:00,8,Monsoon,0.9002304657962069,3.7259898933468842,49.847089571567516,58.07576255887758,8.228672987310063,0.10835794066764046,54.06316020362701,4.216070632059491,0
Rajasthan,2025-05-27 06:00:00,6,Normal,0.29726591108709854,23.218357263043593,26.107041370123966,33.52034103750348,7.413299667379512,0.1188594296572191,42.540444524404634,16.43340315428067,0
Odisha,2025-05-27 12:00:00,10,Heavy Rain,0.7106853197929383,4.010141758582851,2.673135223146729,2.1699052700210855,0.5032299531256434,0.6652342164422117,0.0,2.673135223146729,0
West Bengal,2025-05-27 18:00:00,3,Monsoon,0.6242965267461402,8.569715654948967,201.66348119164547,182.01999100671776,19.643490184927714,0.048441421050502545,195.09648968769162,6.566991503953858,0
Maharashtra,2025-05-28 00:00:00,4,Normal,0.597646673370327,11.649948367486045,7.694093603939009,7.62018239247822,0.07391121146078827,0.9311756775867434,9.61572148260395,1.9216278786649417,0
Tamil Nadu,2025-05-28 06:00:00,3,Normal,0.8734242022775393,18.62468153365957,12.551357641485502,8.66041785557668,3.890939785908822,0.20445968336823075,0.0,12.551357641485502,0
West Bengal,2025-05-28 12:00:00,1,Normal,0.19141492928019516,25.65928803962087,69.50464676384382,82.17850172647209,12.673854962628269,0.07313226611903369,31.833105976762567,37.671540787081256,0
Telangana,2025-05-28 18:00:00,10,Heat Wave,0.4123252227930725,32.30853242275812,18.097940347263673,16.85167313196198,1.2462672153016925,0.4451830099232836,30.970880923563193,12.87294057629952,0
Odisha,2025-05-29 00:00:00,5,Normal,0.5844274717102891,18.01568559998161,65.61465954732266,59.288146859087526,6.326512688235134,0.13649058461412256,90.22306199948311,24.608402452160448,0
Telangana,2025-05-29 06:00:00,1,Heavy Rain,0.8301599685514358,16.158358050346642,57.84007025384517,48.54279052782547,9.297279726019703,0.09711302660576929,48.13397982884127,9.7060904250039,0
Odisha,2025-05-29 12:00:00,1,Normal,0.29479877507050434,3.362530784846756,29.98156083462174,29.72630532583704,0.2552555087846997,0.79665055680032,40.00205296579541,10.020492131173668,0
West Bengal,2025-05-29 18:00:00,2,Normal,0.8226368572368487,12.141836439156055,65.17757045214894,67.71565144030109,2.538080988152146,0.28263909258964587,85.14334159859497,19.96577114644603,0
Coastal Andhra,2025-05-30 00:00:00,4,Monsoon,0.45967463424454214,6.783550158605161,38.3392574696369,47.88621767367512,9.546960204038221,0.09481404884955572,7.039301049808831,31.299956419828067,1
Maharashtra,2025-05-30 06:00:00,6,Normal,0.2700224707903259,6.839961815005113,71.11123706932217,89.31831766746737,18.207080598145197,0.05206413306229207,48.22694537228884,22.884291697033333,0
West Bengal,2025-05-30 12:00:00,8,Heavy Rain,0.7830877963991344,5.952250793349814,101.39897138126759,72.6606680609199,28.738303320347683,0.03362666623000564,77.3904508644982,24.00852051676938,0
Karnataka,2025-05-30 18:00:00,3,Monsoon,0.18180901132709304,3.2932645411802945,17.317229725419544,19.311093422524813,1.9938636971052688,0.33401654222498106,12.082481973380006,5.234747752039539,0
Telangana,2025-05-31 00:00:00,1,Monsoon,0.5632906366678987,5.193049007513288,48.340544255827226,63.20408494785865,14.863540692031421,0.0630376294557192,68.74702067310677,20.40647641727955,0
Tamil Nadu,2025-05-31 06:00:00,3,Normal,0.15748820547569958,3.8229322039019404,50.33250085674183,47.53124173035397,2.801259126387862,0.263070726501681,58.66264120744978,8.33014035070795,0
Tamil Nadu,2025-05-31 12:00:00,3,Cyclonic,0.42077606964200887,1.3613727478260753,49.41816001832067,47.31853002033673,2.0996299979839392,0.32261915152789844,21.911140135478977,27.507019882841693,1
Rajasthan,2025-05-31 18:00:00,5,Monsoon,0.6409691191057534,20.57372077882671,66.37747043371434,59.793389735878826,6.58408069783551,0.13185513707487304,84.48575964374817,18.10828921003383,0
Odisha,2025-06-01 00:00:00,4,Cyclonic,0.6005039873384918,8.438384850213112,58.500992869271386,66.37256196110631,7.871569091834928,0.11271963162867817,84.91677230837186,26.415779439100476,0
Telangana,2025-06-01 06:00:00,4,Heavy Rain,0.46418987611419993,8.70128546162216,15.750385226350524,16.88181476924329,1.1314295428927679,0.4691686869662151,20.51583341327064,4.765448186920118,0
Rajasthan,2025-06-01 12:00:00,9,Heavy Rain,0.4861431945749042,7.859882555473718,18.19375070340751,22.64961340999911,4.455862706591599,0.18328906971794431,0.0,18.19375070340751,0
Telangana,2025-06-01 18:00:00,7,Heat Wave,0.3040925980156899,17.057585674891914,35.348472620903586,34.36580846601213,0.9826641548914523,0.5043718561879929,41.493288999644946,6.1448163787413606,0
Karnataka,2025-06-02 00:00:00,4,Cyclonic,0.5102943295816926,9.311703965461835,48.95457453262108,64.37524847269307,15.420673940071993,0.060898840306405584,54.63675901998105,5.682184487359969,0
Odisha,2025-06-02 06:00:00,3,Normal,0.9579293701487508,21.019774111796284,51.10698368054938,58.74120894888918,7.634225268339804,0.11581815031706727,113.19300329016849,62.086019609619115,1
West Bengal,2025-06-02 12:00:00,6,Normal,0.8654076260054113,13.017480586655292,54.006208701979205,69.88862017102328,15.882411469044072,0.0592332441270976,55.98142661106042,1.9752179090812163,0
West Bengal,2025-06-02 18:00:00,3,Normal,0.23070958216870943,4.464353882749922,60.40877699041363,51.41024668196906,8.998530308444565,0.10001469907586512,48.93780829709762,11.47096869331601,0
Tamil Nadu,2025-06-03 00:00:00,6,Normal,0.12680270858882883,18.92218216667738,59.30904556890212,82.55299819045152,23.243952621549397,0.041247399531343064,60.81698085730649,1.5079352884043686,0
West Bengal,2025-06-03 06:00:00,9,Normal,0.9401718814449675,10.572612298889252,41.74895888961259,35.951229112898375,5.797729776714213,0.14710793645041967,0.0,41.74895888961259,1
West Bengal,2025-06-03 12:00:00,6,Normal,0.5740747748926729,7.721726507881574,101.80271675464118,88.85759096391142,12.945125790729762,0.0717096435705704,117.51288105004282,15.71016429540164,0
Karnataka,2025-06-03 18:00:00,4,Cyclonic,0.584054040834377,15.725870313445242,14.441430403862057,13.020183986387368,1.4212464174746895,0.413010420080654,33.47472350981067,19.033293105948616,0
Coastal Andhra,2025-06-04 00:00:00,5,Normal,0.8026461961358701,8.508904488428513,7.945043940140071,6.951299157970096,0.9937447821699745,0.5015687107712997,23.62612669775028,15.68108275761021,0
Tamil Nadu,2025-06-04 06:00:00,6,Monsoon,0.3832200764841939,13.817327845258893,47.55399257743073,70.06549558261375,22.511503005183016,0.0425323723361945,67.99082573357418,20.43683315614345,0
Rajasthan,2025-06-04 12:00:00,3,Normal,0.533716811952402,2.82950248568128,55.44650213121222,62.679785615728065,7.2332834845158445,0.1214582252488546,47.758095804740144,7.688406326472077,0
Maharashtra,2025-06-04 18:00:00,8,Normal,0.9717966218320638,8.652642018043766,47.46861842028348,53.35330101574772,5.884682595464241,0.1452499786495341,55.71249265126201,8.243874230978534,0
Coastal Andhra,2025-06-05 00:00:00,4,Normal,0.7049338182391665,4.728352370604338,30.135666848295845,15.8851539819494,14.250512866346444,0.06557156528202512,0.0,30.135666848295845,1
Rajasthan,2025-06-05 06:00:00,8,Normal,0.23837052879620735,31.574350116912303,57.412517509548024,75.86331667778973,18.4507991682417,0.051411769323738137,49.342717080058826,8.069800429489199,0
Odisha,2025-06-05 12:00:00,10,Monsoon,0.21990407318591798,20.05709105182975,21.41691422792924,15.856753458958327,5.560160768970913,0.15243528858773214,55.04705352608866,33.63013929815942,0
Coastal Andhra,2025-06-05 18:00:00,10,Cyclonic,0.2838382824997049,9.730837920868575,13.1607921632631,13.041180727188138,0.11961143607496183,0.893167011142468,55.804935793216444,42.64414362995335,1
Karnataka,2025-06-06 00:00:00,3,Normal,0.7900405069786458,18.8279799809973,84.06619484111121,69.26652314864472,14.79967169246649,0.06329245439174627,41.741434493796525,42.32476034731469,0
Rajasthan,2025-06-06 06:00:00,10,Heavy Rain,0.36583930345655447,4.801955695095742,27.810407071487578,29.47667129106827,1.6662642195806932,0.3750566026638064,20.458801332613827,7.351605738873751,0
Odisha,2025-06-06 12:00:00,7,Heavy Rain,0.11924996200757182,5.74326779638106,46.161030006841735,63.86449139213176,17.703461385290026,0.05346603922130072,15.456980575615372,30.704049431226363,1
Tamil Nadu,2025-06-06 18:00:00,9,Cyclonic,0.9497569271550956,1.0668452300918576,25.478377968176474,19.35450840855474,6.123869559621735,0.14037314855791636,22.23714609401149,3.241231874164985,0
Maharashtra,2025-06-07 00:00:00,4,Monsoon,0.2527420747554196,13.324802316646176,28.58504232367238,23.447289945329583,5.137752378342796,0.16292609058790375,28.219805334369692,0.3652369893026872,0
Odisha,2025-06-07 06:00:00,8,Heavy Rain,0.10860236753326173,0.9278873214857806,73.49212793056552,76.05666290173426,2.56453497116874,0.28054150347474915,43.917779979688305,29.57434795087721,1
West Bengal,2025-06-07 12:00:00,3,Monsoon,0.3134184421449907,5.267894245255458,43.5675165996404,60.66776005246403,17.100243452823634,0.055247875676721916,37.31822320136733,6.249293398273068,0
Telangana,2025-06-07 18:00:00,7,Monsoon,0.31152590840632033,2.7445364641510226,43.969270880265256,39.30178529232528,4.667485587939979,0.17644508918168783,35.68666395596276,8.282606924302499,0
Odisha,2025-06-08 00:00:00,3,Normal,0.47980472576115074,16.774259262560047,12.961905359939124,10.640988614038816,2.3209167459003073,0.3011216710670348,21.328713757221934,8.36680839728281,0
Odisha,2025-06-08 06:00:00,7,Normal,0.9283508483500331,29.57633342069218,41.274121733552136,42.96538676222199,1.6912650286698536,0.3715724721820674,7.786878854420344,33.48724287913179,0
Maharashtra,2025-06-08 12:00:00,10,Heat Wave,0.8912664260011881,14.840996759613532,24.753230324475155,24.799555603523235,0.04632527904808015,0.9557257384718587,27.88258507068933,3.129354746214176,0
Telangana,2025-06-08 18:00:00,10,Monsoon,0.5112050994841851,13.074646439495993,150.9472393307243,112.26742959357162,38.67980973715268,0.025201733743790814,172.35811735491075,21.410878024186445,0
West Bengal,2025-06-09 00:00:00,6,Heavy Rain,0.4698099144926259,9.812507304821224,22.90993303261726,20.58840983911869,2.321523193498571,0.30106669191934704,0.0,22.90993303261726,0
Rajasthan,2025-06-09 06:00:00,2,Heavy Rain,0.5995081778273661,9.187858471178178,100.07195517752982,50.83760114591299,49.234354031616824,0.01990669571207412,107.11372981743699,7.041774639907175,0
Rajasthan,2025-06-09 12:00:00,3,Normal,0.3191086107745892,4.094433872555346,47.89832208298449,47.534129534907876,0.36419254807661616,0.7330343516462587,57.6802669999409,9.781944916956405,0
Odisha,2025-06-09 18:00:00,6,Heavy Rain,0.14696649276972656,1.910968852012167,17.29534998318607,11.90811082325155,5.387239159934522,0.15656216636958548,0.0,17.29534998318607,0
Karnataka,2025-06-10 00:00:00,4,Monsoon,0.9453017225540861,9.044543863935164,73.26243654563397,118.48279375063392,45.22035720499994,0.02163548835342674,52.20455466348811,21.057881882145864,0
Karnataka,2025-06-10 06:00:00,6,Normal,0.26802908638945544,10.672967113411536,96.56694626527198,109.96162992686786,13.394683661595877,0.06947009211935222,109.52820618047609,12.96125991520411,0
Telangana,2025-06-10 12:00:00,1,Monsoon,0.2785606563211448,10.624023086911567,123.65896733535125,131.50428442831486,7.845317092963612,0.11305417199746215,124.9049083146572,1.2459409793059564,0
Telangana,2025-06-10 18:00:00,10,Cyclonic,0.5252142959685528,11.758080885525388,51.710519651718336,58.52277704513178,6.8122573934134465,0.128003974989752,18.526009256532184,33.18451039518615,0
West Bengal,2025-06-11 00:00:00,1,Normal,0.5424520103562976,14.034748017865336,24.934165830538074,21.87125454466849,3.0629112858695855,0.24612892815993886,21.3363648686869,3.597800961851174,0
Maharashtra,2025-06-11 06:00:00,3,Heavy Rain,0.11659078873066775,8.75364163017635,24.476800984293664,23.606771060677087,0.8700299236165776,0.5347508012417428,10.968469364664704,13.50833161962896,0
Tamil Nadu,2025-06-11 12:00:00,8,Normal,0.23315926489657363,3.743751754576683,53.7097405832104,60.49586874870219,6.786128165491796,0.12843353959057735,53.832679300004884,0.12293871679448642,0
Rajasthan,2025-06-11 18:00:00,8,Monsoon,0.4403393367046676,11.475987916311079,12.605739736694524,9.530299943296924,3.0754397933975994,0.24537229126045393,0.0,12.605739736694524,0
Maharashtra,2025-06-12 00:00:00,4,Normal,0.7153576241594851,13.426245463951032,18.034732124571022,21.11461664824871,3.0798845236776877,0.24510497642677898,25.231836603056273,7.197104478485251,0
Coastal Andhra,2025-06-12 06:00:00,6,Heavy Rain,0.30557661114874224,6.584168655129911,43.82168087927364,66.90608190931005,23.084401030036403,0.04152065059674388,60.062338894155474,16.24065801488183,0
Rajasthan,2025-06-12 12:00:00,8,Cyclonic,0.48071300161758646,13.458292146745368,71.72412919609036,45.18802304443163,26.53610615165873,0.0363159552949269,24.29035589594865,47.43377330014171,1
Maharashtra,2025-06-12 18:00:00,7,Normal,0.6016105582448201,9.117395414231321,34.85107384551683,39.49303308292387,4.641959237407043,0.17724339328257616,27.784128197558758,7.066945647958072,0
Rajasthan,2025-06-13 00:00:00,7,Heat Wave,0.8997332451609629,3.261584066498753,122.15086243779439,97.15746557093449,24.993396866859896,0.03847130889133398,101.60168995819221,20.549172479602177,0
Tamil Nadu,2025-06-13 06:00:00,4,Heat Wave,0.393463452094411,36.24125476699659,57.35152392986721,67.25822620225408,9.906702272386866,0.09168674224579856,12.038269000474664,45.31325492939255,0
Coastal Andhra,2025-06-13 12:00:00,9,Normal,0.22020243927713518,6.321800769174021,32.95610421966276,35.7483425354404,2.792238315777638,0.2636965076375849,45.15371977130091,12.197615551638151,0
Karnataka,2025-06-13 18:00:00,10,Normal,0.5403450033078474,3.49489263016108,25.14558475796533,36.96153145961029,11.815946701644961,0.07802779016486136,11.712855179684656,13.432729578280675,0
Karnataka,2025-06-14 00:00:00,6,Heat Wave,0.7720494415156559,4.685697579565209,18.92671346855676,26.977857264239226,8.051143795682467,0.1104832740009075,0.0,18.92671346855676,0
Tamil Nadu,2025-06-14 06:00:00,3,Heat Wave,0.1988737813474601,0.6360306650116081,65.9634315056123,42.08311736109984,23.880314144512468,0.04019241855997856,67.73215678970435,1.7687252840920422,0
West Bengal,2025-06-14 12:00:00,5,Normal,0.4822151425272644,6.743704139646981,23.24125978336535,27.681741210309188,4.440481426943837,0.1838072629101401,45.75064807800348,22.50938829463813,0
Coastal Andhra,2025-06-14 18:00:00,5,Normal,0.1160066271362351,20.750911403232458,53.817182662189694,63.86856058279274,10.051377920603045,0.09048645401363965,36.33437927761614,17.482803384573558,0
Odisha,2025-06-15 00:00:00,5,Normal,0.13020326348252603,9.699761079061675,15.2505600959411,19.78347320049153,4.532913104550431,0.1807366176015977,41.74112705690915,26.49056696096805,0
Maharashtra,2025-06-15 06:00:00,8,Heat Wave,0.5346580268949991,4.304435144008485,18.009558796159094,20.136553114556918,2.1269943183978235,0.31979591204130153,47.7357067829821,29.726147986823005,1
Coastal Andhra,2025-06-15 12:00:00,9,Normal,0.36837756833583646,8.055395760156363,41.22676122316879,47.37492339460546,6.148162171436667,0.139896098607821,41.07788635648247,0.14887486668632022,0
West Bengal,2025-06-15 18:00:00,9,Heavy Rain,0.8605965691048709,8.110634584852907,18.17946852866691,13.486437323192755,4.6930312054741545,0.17565334949129496,19.382368382946424,1.202899854279515,0
West Bengal,2025-06-16 00:00:00,6,Monsoon,0.6419388755138088,6.457816504981276,85.99396772855626,95.06545743992278,9.071489711366524,0.09929017738770221,80.6274984540003,5.3664692745559535,0
Tamil Nadu,2025-06-16 06:00:00,6,Normal,0.5085396655686913,16.058184219147577,10.238239908939393,9.68389623975527,0.5543436691841226,0.6433583639356292,0.0,10.238239908939393,0
Rajasthan,2025-06-16 12:00:00,9,Heavy Rain,0.46714183394886677,10.765223951150036,15.753703195650816,18.4461362242327,2.692433028581883,0.27082414014264744,12.615942933557239,3.137760262093577,0
Coastal Andhra,2025-06-16 18:00:00,4,Normal,0.5475209321706069,3.64891286534254,90.21157269673076,88.07997212470423,2.131600572026528,0.3193255260369549,99.67733438167448,9.465761684943729,0
Maharashtra,2025-06-17 00:00:00,6,Cyclonic,0.1363949480913952,15.75012175001782,81.50783316018774,90.62042707238592,9.112593912198179,0.09888659711666693,103.86446685489453,22.356633694706787,0
Coastal Andhra,2025-06-17 06:00:00,4,Normal,0.9035140207785939,19.445497701916725,90.80952113650176,104.79715324390521,13.987632107403456,0.06672168043850162,103.83798744989365,13.028466313391888,0
Telangana,2025-06-17 12:00:00,1,Monsoon,0.9984728401605625,11.01639764653145,19.829874969426616,22.977811083354585,3.147936113927969,0.2410837516619875,52.94790974580795,33.118034776381336,0
Rajasthan,2025-06-17 18:00:00,7,Monsoon,0.26333841237282885,6.997786136982191,40.371051038889036,32.86407675569714,7.506974283191894,0.11755060809056435,26.42194933840855,13.949101700480487,0
Maharashtra,2025-06-18 00:00:00,10,Normal,0.20834466829715775,5.410190402235663,47.927777565725734,76.90931356718804,28.981536001462302,0.03335386152167876,41.22841596431954,6.699361601406196,0
Karnataka,2025-06-18 06:00:00,6,Normal,0.22921971710373573,23.92894695026721,34.789499380214174,36.99758366325715,2.2080842830429788,0.31171250870362593,22.78660291989206,12.002896460322113,0
Maharashtra,2025-06-18 12:00:00,9,Normal,0.6949243524109304,10.395961200932762,61.58726402514886,71.3141225827826,9.72685855763374,0.09322393826926642,38.33782317064284,23.24944085450602,0
Odisha,2025-06-18 18:00:00,7,Normal,0.6952967546056973,8.959948502168047,78.02798248009755,79.17892442564278,1.1509419455452274,0.4649125942571718,62.345852263940415,15.682130216157134,0
Tamil Nadu,2025-06-19 00:00:00,7,Monsoon,0.8631317460505699,2.954827633753379,39.304067039133784,28.414557268912958,10.889509770220826,0.0841077571175104,83.00762452941194,43.70355749027816,1
Odisha,2025-06-19 06:00:00,2,Monsoon,0.7766437495836279,3.9822245104560734,17.011105192489378,20.34048776033755,3.329382567848171,0.23097981856037017,22.97428461170285,5.963179419213471,0
Maharashtra,2025-06-19 12:00:00,9,Heavy Rain,0.5047207060324058,2.220964096240606,60.47228807191898,64.52931075501243,4.05702268309345,0.19774481204982183,68.08980274967212,7.617514677753135,0
Rajasthan,2025-06-19 18:00:00,10,Heavy Rain,0.6515698254087869,6.920277258819869,45.64472433755164,55.78715851275957,10.142434175207931,0.08974699641708575,0.0,45.64472433755164,1
Coastal Andhra,2025-06-20 00:00:00,9,Heavy Rain,0.7194562033312071,5.31236721959024,72.61200816824741,60.542236600049435,12.069771568197979,0.07651243135979897,17.662270710301108,54.949737457946306,1
Karnataka,2025-06-20 06:00:00,6,Monsoon,0.5614628232567027,9.28676561564172,61.72659662547969,56.5986261652307,5.127970460248989,0.1631861652217182,74.12171293152929,12.395116306049601,0
Coastal Andhra,2025-06-20 12:00:00,3,Normal,0.528085886006473,17.793313980043532,93.30249328444104,99.55035758089447,6.247864296453429,0.13797167815204905,114.84666735828756,21.54417407384652,0
Rajasthan,2025-06-20 18:00:00,1,Normal,0.680587701078388,13.512011665887439,45.02925357672836,45.572487306486096,0.5432337297577376,0.6479899840946216,42.10868408911296,2.9205694876153956,0
Maharashtra,2025-06-21 00:00:00,4,Normal,0.6017270940780883,15.411981936485022,108.27728042579031,100.53104667937978,7.746233746410525,0.11433492735206195,115.58428086718763,7.307000441397321,0
West Bengal,2025-06-21 06:00:00,3,Heavy Rain,0.6795480748023193,17.49195609878315,104.8284516808979,111.87413692383454,7.045685242936642,0.12429022138019957,107.5659261430824,2.737474462184494,0
Coastal Andhra,2025-06-21 12:00:00,1,Normal,0.6515692965670274,4.276355823690082,67.22379889977876,91.25298712427498,24.029188224496224,0.039953353302177565,50.8654400272515,16.358358872527255,0
West Bengal,2025-06-21 18:00:00,3,Normal,0.7472769044622892,6.05473677846463,79.30738800864367,88.38494833404748,9.077560325403809,0.09923036605190749,74.334627674463,4.972760334180677,0
Coastal Andhra,2025-06-22 00:00:00,4,Normal,0.6785231579045885,5.389434066347514,93.91403751187185,121.45471463614209,27.540677124270232,0.03503771111126255,102.95298576268605,9.038948250814201,0
Coastal Andhra,2025-06-22 06:00:00,8,Monsoon,0.5677682377935406,14.004685019804539,36.73496946937353,35.19348588710401,1.541483582269521,0.39347096592574066,60.55863799624669,23.823668526873156,0
Karnataka,2025-06-22 12:00:00,9,Normal,0.7136171301559479,2.863264488610136,94.8702411620969,96.16357265901247,1.2933314969155703,0.4360468607983433,131.4818969286861,36.611655766589195,1
Tamil Nadu,2025-06-22 18:00:00,3,Normal,0.5045337686668853,21.412748338802846,54.23544685667694,57.53190225735515,3.2964554006782123,0.232750001278297,41.15345757076053,13.081989285916407,0
Tamil Nadu,2025-06-23 00:00:00,6,Normal,0.31750410337534096,5.869874411059522,69.25674746332817,61.560968679419304,7.695778783908864,0.11499832560718469,64.24937823729032,5.007369226037852,0
Telangana,2025-06-23 06:00:00,10,Normal,0.10127639812052391,3.058551728962219,76.27993282210858,81.0776560018759,4.797723179767317,0.1724815016159729,65.15383421973894,11.126098602369638,0
Odisha,2025-06-23 12:00:00,5,Heavy Rain,0.6039677324312589,6.072811957339361,67.20976709007603,93.5529592721994,26.343192182123374,0.03657217465098267,67.67470929235772,0.4649422022816907,0
Rajasthan,2025-06-23 18:00:00,6,Normal,0.6315897039477769,6.40606228246987,47.151566246435465,67.7138234313124,20.56225718487694,0.046377333848951915,70.15832952210867,23.006763275673208,0
Rajasthan,2025-06-24 00:00:00,4,Normal,0.9748440682981429,7.153793024976198,84.50228695341781,113.55491363480832,29.052626681390507,0.03327496163984994,83.20609022024581,1.2961967331719961,0
Rajasthan,2025-06-24 06:00:00,10,Heavy Rain,0.425330500684848,7.4103353600687285,172.88400670558008,186.096150575091,13.212143869510925,0.07036236117376234,131.71107331852346,41.17293338705662,1
Telangana,2025-06-24 12:00:00,6,Normal,0.45471991854548055,17.382938453595152,180.20332405663635,147.80556571877565,32.397758337860694,0.029942129345440834,178.7385515710972,1.4647724855391573,0
Tamil Nadu,2025-06-24 18:00:00,7,Normal,0.2816196232079712,10.531144949058666,57.14777439298648,92.10763547931113,34.95986108632465,0.027808783732490412,22.413136272559242,34.734638120427235,0
Maharashtra,2025-06-25 00:00:00,9,Cyclonic,0.16348086571358972,3.021809310844495,89.53223402015468,78.03024127457078,11.501992745583891,0.07998724846110893,81.39627999195396,8.135954028200715,0
West Bengal,2025-06-25 06:00:00,10,Normal,0.7955240435755665,6.30235669436039,174.62391701346058,241.1730192968701,66.54910228340952,0.014804045741487318,116.1884628157432,58.43545419771739,1
Karnataka,2025-06-25 12:00:00,7,Normal,0.32471295790539256,5.256145213258305,33.80655877365265,36.89970491007887,3.0931461364262205,0.2443108471258036,0.0,33.80655877365265,1
West Bengal,2025-06-25 18:00:00,6,Normal,0.6480143749270342,8.679748392611808,68.68698190086606,50.949185082414,17.73779681845206,0.05336806721136229,89.43574118730035,20.748759286434293,0
Maharashtra,2025-06-26 00:00:00,1,Heavy Rain,0.7189957319909334,7.777149966512983,70.05077264270693,44.099956799053366,25.950815843653565,0.03710462814191512,84.551953197581,14.501180554874068,0
Karnataka,2025-06-26 06:00:00,2,Heavy Rain,0.5241130185624829,25.880463794496897,167.8609338159912,226.2115433905554,58.3506095745642,0.01684902660929987,183.36482108151495,15.503887265523758,0
Telangana,2025-06-26 12:00:00,1,Heavy Rain,0.8887169017244725,15.365274302727972,102.57920607230093,87.8526077506137,14.726598321687234,0.06358654170120082,154.8187435139102,52.23953744160926,1
Maharashtra,2025-06-26 18:00:00,9,Monsoon,0.49941535688175587,12.615433783884587,47.05093673002169,32.230340656732245,14.820596073289444,0.06320874354970359,30.282836890767637,16.768099839254052,0
Rajasthan,2025-06-27 00:00:00,10,Normal,0.3564177607375886,0.9629905974289064,51.303871779203114,47.85652304272965,3.447348736473465,0.22485306623220921,41.80402085257218,9.499850926630934,0
Odisha,2025-06-27 06:00:00,10,Normal,0.9064139706654601,14.946533597603871,26.956724145760226,26.92247041166037,0.034253734099856104,0.9668807247481991,20.16559894510906,6.791125200651166,0
Coastal Andhra,2025-06-27 12:00:00,9,Monsoon,0.8754078558249608,1.4440574740709615,18.942110996802462,20.698891339085023,1.7567803422825605,0.36274199458779494,61.452895056969204,42.51078406016674,1
West Bengal,2025-06-27 18:00:00,7,Heat Wave,0.24763595236877173,5.668455402432054,64.84929293823163,70.02411449319823,5.174821554966599,0.1619479998082972,29.95489050876735,34.89440242946428,1
Tamil Nadu,2025-06-28 00:00:00,2,Normal,0.12336491651852886,6.278243066159118,60.497119363420396,49.41876712858026,11.078352234840139,0.08279275024911834,78.58583954021071,18.088720176790318,0
Tamil Nadu,2025-06-28 06:00:00,6,Heavy Rain,0.18098700071465862,16.933380801062878,40.722149331064436,40.73844114415741,0.01629181309297678,0.9839693551762516,80.80032328787863,40.07817395681419,0
Telangana,2025-06-28 12:00:00,4,Normal,0.35789265869843534,3.5250600161174646,25.797243957578914,36.87403186196345,11.076787904384538,0.0828034745594021,13.340074453507722,12.457169504071192,0
Karnataka,2025-06-28 18:00:00,1,Normal,0.9750338215675396,7.168992849014018,34.32543844840921,25.293175044648894,9.032263403760314,0.09967840354203399,28.390938413834487,5.934500034574722,0
Tamil Nadu,2025-06-29 00:00:00,1,Normal,0.6026645378447425,2.4101515313522666,142.01428137857516,158.73457679091922,16.720295412344058,0.05643246778512476,149.3448933180866,7.330611939511442,0
Rajasthan,2025-06-29 06:00:00,5,Normal,0.43593555882634194,11.928704157302118,23.676958057854833,17.438302582638016,6.238655475216817,0.1381472019802196,22.539109873835237,1.137848184019596,0
West Bengal,2025-06-29 12:00:00,2,Monsoon,0.8998444851514718,5.716230712474289,13.384825807948532,12.007393810051685,1.3774319978968474,0.420621915110351,10.25195317038453,3.1328726375640024,0
Maharashtra,2025-06-29 18:00:00,4,Heavy Rain,0.5078226983306496,9.379146197099363,66.71303349343559,85.59971165835158,18.886678164915992,0.05028491896470656,35.74567779359436,30.967355699841228,0
Rajasthan,2025-06-30 00:00:00,1,Normal,0.383714765560919,0.3488149867517148,33.20992460046848,16.32796476763719,16.881959832831292,0.05592228197291883,43.279605496626885,10.069680896158403,0
Telangana,2025-06-30 06:00:00,4,Normal,0.9470975758710917,3.161984194647675,75.5741430661237,115.21439062273618,39.64024755661248,0.024606149325418967,69.46005449975655,6.114088566367144,0
Rajasthan,2025-06-30 12:00:00,6,Monsoon,0.8645658995734102,9.591675449059114,69.89458145050969,47.295453785533894,22.599127664975796,0.04237444765740775,33.19287410726041,36.70170734324928,1
Maharashtra,2025-06-30 18:00:00,10,Normal,0.8593015378774969,13.15133712723326,15.642157256955564,7.78424490250024,7.8579123544553235,0.11289341776982287,49.46355093760248,33.82139368064691,0
Odisha,2025-07-01 00:00:00,4,Heavy Rain,0.5610562687451918,21.59801381093449,65.4466455668695,65.76410808430357,0.31746251743406617,0.7590348770966427,67.28964141122665,1.842995844357148,0
Telangana,2025-07-01 06:00:00,1,Normal,0.8104945589339094,19.534985665124825,36.08206097281835,32.212227929073975,3.8698330437443715,0.20534584882423584,37.43780682037918,1.3557458475608328,0
Odisha,2025-07-01 12:00:00,7,Heavy Rain,0.2614180233380967,5.050488710061928,85.08356946345687,71.92718138334635,13.156388080110517,0.07063948758264002,126.11220502843238,41.02863556497552,1
Coastal Andhra,2025-07-01 18:00:00,2,Normal,0.6159006618006193,9.26221931415278,85.06346268399082,98.70562676829987,13.642164084309044,0.06829591542903335,80.090180479964,4.973282204026816,0
Odisha,2025-07-02 00:00:00,9,Normal,0.9854613305627911,14.184332226216139,20.07876407575828,15.432442727879021,4.646321347879258,0.17710646248917397,7.968070171027827,12.110693904730452,0
Coastal Andhra,2025-07-02 06:00:00,3,Normal,0.3618625874661655,10.385786458921622,14.473385493180967,16.53512562636459,2.0617401331836227,0.32661165105485024,0.0,14.473385493180967,0
Coastal Andhra,2025-07-02 12:00:00,8,Normal,0.8149170963229077,6.326632143478019,82.74791592564435,99.86133169027896,17.11341576463461,0.05520769870211017,83.32240905614195,0.5744931304976006,0
Odisha,2025-07-02 18:00:00,8,Normal,0.5414305664872605,9.565164073832936,76.55633026562222,50.293650546650184,26.262679718972038,0.036680180022952855,65.48994653053734,11.066383735084884,0
Telangana,2025-07-03 00:00:00,3,Monsoon,0.1358251148998786,20.55290094017797,21.069647380306403,26.476416496677164,5.406769116370761,0.15608491297817667,0.0,21.069647380306403,0
Karnataka,2025-07-03 06:00:00,4,Normal,0.7867174580341006,8.04805818512351,83.41622323500187,99.54119554165268,16.124972306650818,0.058394255015036166,97.19171383251101,13.775490597509148,0
Maharashtra,2025-07-03 12:00:00,2,Normal,0.25171222995290155,12.10311108965164,42.941610373568516,59.608138855715325,16.66652848214681,0.05660421632979937,59.55899227468247,16.61738190111395,0
Rajasthan,2025-07-03 18:00:00,4,Heavy Rain,0.6683262104194752,10.033659509243796,7.1108277219526865,7.120394590196198,0.009566868243511273,0.990523789414607,3.5156079189528593,3.5952198029998272,0
Rajasthan,2025-07-04 00:00:00,9,Heavy Rain,0.1770977746422756,4.8206889711675105,31.233851051229735,24.715482691259048,6.518368359970687,0.13300758251274336,36.76614892127001,5.532297870040274,0
Maharashtra,2025-07-04 06:00:00,2,Heat Wave,0.9521806577463683,16.865666617120443,33.29688690605035,43.73588822475038,10.439001318700036,0.08742021896310465,36.00570408292607,2.7088171768757263,0
West Bengal,2025-07-04 12:00:00,3,Heavy Rain,0.3625514984623248,8.226228973872082,4.342740512885694,4.395539728363303,0.05279921547760935,0.9498487321215787,13.204251383271606,8.861510870385912,0
West Bengal,2025-07-04 18:00:00,4,Heavy Rain,0.3038182225096554,6.267022320682063,94.05677504793846,136.91958672162258,42.86281167368412,0.022798356098087502,111.43400141523475,17.377226367296288,0
Coastal Andhra,2025-07-05 00:00:00,5,Heavy Rain,0.2162227636597009,9.950438564906912,97.49200903327137,114.78074424628755,17.28873521301618,0.05467846673663333,75.16534756663978,22.32666146663159,0
Coastal Andhra,2025-07-05 06:00:00,1,Heat Wave,0.951401974005143,18.19533374846719,107.78136614617912,107.08384993697382,0.697516209205304,0.5890959948289107,108.36948789875579,0.5881217525766687,0
Telangana,2025-07-05 12:00:00,7,Monsoon,0.7407133681971746,9.494742374685712,18.56567881007254,14.474391275570092,4.091287534502449,0.19641397057684074,0.0,18.56567881007254,0
Tamil Nadu,2025-07-05 18:00:00,10,Normal,0.7674947998462798,9.365801598714201,31.474092302452195,30.652842748854876,0.821249553597319,0.5490735731546549,63.60216695335298,32.128074650900786,0
Odisha,2025-07-06 00:00:00,7,Normal,0.5494641052422201,11.833453277777785,37.66312508258773,46.48850297800949,8.82537789542176,0.1017772558616764,0.0,37.66312508258773,0
Coastal Andhra,2025-07-06 06:00:00,9,Normal,0.5272550067434351,13.860946136520965,15.305350439840486,9.534684019040652,5.770666420799834,0.14769594864811958,6.893689637750304,8.411660802090182,0
Rajasthan,2025-07-06 12:00:00,4,Heavy Rain,0.19901911869232897,6.81706776973963,54.691152479459305,49.153014615120114,5.538137864339191,0.15294874790791366,54.33296809338412,0.35818438607518743,0
Telangana,2025-07-06 18:00:00,6,Monsoon,0.6038569860255926,7.505881831070031,22.042908356198346,13.146068441538251,8.896839914660095,0.1010423537839295,53.5208912585595,31.477982902361155,1
Odisha,2025-07-07 00:00:00,2,Heavy Rain,0.3222248455979114,6.422516738997096,44.72832274227461,33.087612205384765,11.640710536889841,0.07910947704099892,55.93180612237086,11.203483380096252,0
Telangana,2025-07-07 06:00:00,4,Normal,0.9794307995203653,11.759001219768152,26.83321731172012,22.73257779848146,4.100639513238658,0.19605384724886168,0.0,26.83321731172012,0
Odisha,2025-07-07 12:00:00,2,Monsoon,0.8169228460136326,8.220769901003752,64.66362301725216,60.28699971004147,4.376623307210693,0.18599034056540298,130.20190779551316,65.538284778261,1
Odisha,2025-07-07 18:00:00,10,Monsoon,0.47169285417359885,8.537459978643668,80.19651625906636,87.28099732604132,7.084481066974959,0.1236937772153357,143.04316224931955,62.846645990253194,1
Maharashtra,2025-07-08 00:00:00,5,Normal,0.23620713282237973,8.750234317586463,40.91767389362048,48.096324287936326,7.178650394315845,0.12226956182098199,67.85155448426207,26.933880590641586,0
Coastal Andhra,2025-07-08 06:00:00,7,Monsoon,0.8067985220249055,2.7534483613513316,38.6816965933245,52.06022196452349,13.37852537119899,0.06954816117674051,2.8177357454512872,35.863960847873216,1
Karnataka,2025-07-08 12:00:00,1,Normal,0.2098483903731844,13.050328709125964,59.44238715266636,83.26698718182611,23.824600029159747,0.04028262283482388,50.90367268392207,8.538714468744296,0
Telangana,2025-07-08 18:00:00,10,Cyclonic,0.27040037814736345,6.645350894522403,8.654284210555252,11.218685868570901,2.5644016580156492,0.28055199608360454,49.24080945957927,40.586525249024014,1
Karnataka,2025-07-09 00:00:00,10,Monsoon,0.2903684659698047,8.294265627153374,31.281530287137773,28.31432474263634,2.9672055445014323,0.2520665966970139,46.38321816922439,15.101687882086619,0
Telangana,2025-07-09 06:00:00,7,Heavy Rain,0.6012015744457849,5.756628614689005,22.2523059558566,23.55298105642736,1.3006751005707606,0.4346550278880821,18.145729547543404,4.106576408313195,0
Maharashtra,2025-07-09 12:00:00,10,Monsoon,0.8083509885913297,3.516214140534499,98.63184182267733,84.76713420332246,13.864707619354874,0.06727343891365418,60.908149253782106,37.723692568895224,1
Rajasthan,2025-07-09 18:00:00,6,Cyclonic,0.382883390852223,9.437067899919443,164.57341905743652,174.88578209413322,10.312363036696695,0.0883988603226447,199.55718889043385,34.983769832997325,1
Karnataka,2025-07-10 00:00:00,6,Heavy Rain,0.17620283284776048,11.273558283744885,15.77446246735429,15.140795481089777,0.6336669862645135,0.612119855764831,12.277677474254233,3.496784993100057,0
Rajasthan,2025-07-10 06:00:00,8,Normal,0.5180846171719773,35.85179909056257,47.816148767053875,34.16107367183472,13.655075095219154,0.06823574724132425,60.948592017045584,13.13244324999171,0
West Bengal,2025-07-10 12:00:00,8,Monsoon,0.773299217043942,5.369731829967598,18.600127803325865,25.351781584611867,6.751653781286002,0.1290047295990172,22.076217679962305,3.47608987663644,0
Coastal Andhra,2025-07-10 18:00:00,6,Normal,0.2994974587786495,14.542788289719994,21.55182045035629,30.754849402792903,9.203028952436615,0.09801011098387476,41.15386646633958,19.60204601598329,0
Coastal Andhra,2025-07-11 00:00:00,3,Normal,0.2979320932354368,6.540536318580923,48.193323548578945,39.05973993264902,9.133583615929922,0.09868177319107596,45.39312412057464,2.800199428004305,0
Tamil Nadu,2025-07-11 06:00:00,5,Cyclonic,0.9525043246120397,15.41862632025689,36.48855600693579,41.238956294662735,4.750400287726947,0.1739009373198411,74.58348391041574,38.09492790347995,0
Maharashtra,2025-07-11 12:00:00,2,Monsoon,0.9587383544072601,12.549079347823497,47.63883934304989,39.125084785527655,8.513754557522233,0.10511097316561849,44.811300861502964,2.8275384815469238,0
Rajasthan,2025-07-11 18:00:00,5,Normal,0.9914191588554188,5.434257835586035,20.89149960888422,20.477645306488395,0.4138543023958263,0.7072864568191111,0.0,20.89149960888422,0
Odisha,2025-07-12 00:00:00,9,Normal,0.8268936414173021,3.253968588949816,48.23832606600747,41.826852189970914,6.411473876036553,0.13492592927208316,20.005951860255852,28.232374205751615,1
Telangana,2025-07-12 06:00:00,10,Normal,0.269365752251151,2.3833950653079943,95.93316499205903,80.89172362679531,15.041441365263722,0.0623385378676388,66.15776824234266,29.77539674971638,1
Coastal Andhra,2025-07-12 12:00:00,1,Normal,0.29078336871933524,16.460988604414794,72.11805959113993,75.54665363826217,3.428594047122246,0.22580529833160304,67.3021592825589,4.815900308581021,0
Karnataka,2025-07-12 18:00:00,10,Normal,0.4062027173701528,4.0700169227489305,13.75543723970152,7.512671168679202,6.242766071022317,0.138068797223883,0.0,13.75543723970152,0
Telangana,2025-07-13 00:00:00,5,Monsoon,0.3863192782001418,16.2193013326786,116.19082448905347,101.00138665383211,15.189437835221355,0.061768667335960474,168.3095068971988,52.11868240814532,1
Telangana,2025-07-13 06:00:00,6,Normal,0.9608749741702082,8.607650275147899,19.09416318749421,38.262686624765344,19.168523437271134,0.04958221176231547,64.56731678002927,45.47315359253506,1
Tamil Nadu,2025-07-13 12:00:00,7,Heavy Rain,0.8101665845935242,6.8962467487728745,21.83078910805474,13.419916525158174,8.410872582896568,0.10626007218686734,57.9490786973612,36.11828958930646,1
Rajasthan,2025-07-13 18:00:00,9,Normal,0.7516079129453985,13.837702672500141,80.3365811439096,72.69873251959277,7.637848624316831,0.11576956757320926,109.76284952434676,29.426268380437165,0
Coastal Andhra,2025-07-14 00:00:00,6,Heat Wave,0.26736690165231863,6.56936698558673,49.279191025212526,52.82862548171718,3.549434456504656,0.2198075408186676,27.28169519207065,21.997495833141876,0
Telangana,2025-07-14 06:00:00,5,Normal,0.9185730034260966,12.962958470967273,40.21580499393966,38.41007756606924,1.8057274278704227,0.35641380914859955,80.95801762821134,40.742212634271674,0
Coastal Andhra,2025-07-14 12:00:00,7,Normal,0.8450833415555564,5.438809603522078,34.623875222624505,28.01166208588202,6.612213136742486,0.13136784034241225,69.03143285615309,34.40755763352858,1
Odisha,2025-07-14 18:00:00,1,Normal,0.24727765719513134,20.352951925638397,35.70800208224222,44.349508107798755,8.641506025556538,0.1037182362744286,37.73685785077204,2.028855768529823,0
Tamil Nadu,2025-07-15 00:00:00,5,Heavy Rain,0.8840532987648753,4.782529215044893,36.670978770052336,38.04043860612491,1.369459836072572,0.4220371178173336,32.35577937192924,4.315199398123099,0
Odisha,2025-07-15 06:00:00,2,Heavy Rain,0.3450227827334241,13.092766110460305,62.60778162285385,52.84961360303049,9.758168019823358,0.09295262893806518,43.39055521379814,19.217226409055712,0
Coastal Andhra,2025-07-15 12:00:00,4,Normal,0.17278277124889546,17.94745407832049,67.6335082862681,82.12854495757234,14.495036671304248,0.06453679466612246,72.72661429453547,5.09310600826737,0
West Bengal,2025-07-15 18:00:00,7,Normal,0.691140075862789,0.1989106485039775,36.472174337321086,31.66385907405348,4.808315263267605,0.17216696316815047,40.28966273957027,3.8174884022491824,0
Karnataka,2025-07-16 00:00:00,5,Normal,0.6884241934458976,12.219573444395483,103.85124793578308,81.1366188040507,22.71462913173238,0.042168064043721726,82.67302125382224,21.178226681960837,0
Coastal Andhra,2025-07-16 06:00:00,6,Heavy Rain,0.1854388086090563,4.858108539779093,48.74931826745807,55.91302446141328,7.163706193955207,0.12249338428426627,68.47146266372667,19.722144396268597,0
Rajasthan,2025-07-16 12:00:00,2,Heavy Rain,0.38696662804292414,13.780550981068014,54.28617772870264,36.547449001383626,17.738728727319014,0.053365413126564426,51.44672109571561,2.83945663298703,0
Telangana,2025-07-16 18:00:00,3,Normal,0.9935330160299848,10.051476386965438,90.2076790273249,129.85054512883679,39.642866101511885,0.02460456399660261,76.84318111360497,13.36449791371993,0
Telangana,2025-07-17 00:00:00,7,Normal,0.7105840003078632,11.939989310983547,27.03059946887745,37.27579625227708,10.245196783399631,0.08892685644027311,37.02995334266015,9.999353873782699,0
Odisha,2025-07-17 06:00:00,2,Normal,0.7570676499429962,8.14816350185588,63.427668352537125,72.09970798147971,8.672039628942585,0.10339080880185837,47.798735309575164,15.628933042961961,0
Karnataka,2025-07-17 12:00:00,6,Normal,0.2916255570438751,18.736041154550215,24.118351903465683,20.608022990366038,3.510328913099645,0.2217133205287167,44.567104632959285,20.448752729493602,0
Tamil Nadu,2025-07-17 18:00:00,5,Heavy Rain,0.1709038639035229,2.486532592253658,22.002265347969065,16.128702129236732,5.873563218732333,0.1454849498255472,0.0,22.002265347969065,1
West Bengal,2025-07-18 00:00:00,10,Normal,0.3492115207668439,17.417259064379152,109.68045750070368,39.134908512144285,70.5455489885594,0.013977109885059466,119.09079220379978,9.410334703096098,0
Maharashtra,2025-07-18 06:00:00,1,Normal,0.3240085466738728,5.509440254175556,128.43534065674714,180.32230781990205,51.88696716315491,0.018908250059320404,132.888234273156,4.452893616408858,0
Karnataka,2025-07-18 12:00:00,10,Normal,0.31108969067324777,1.3520028037158576,54.01681962515695,40.92534214847612,13.09147747668083,0.07096487942125601,85.2922156366892,31.27539601153226,1
Telangana,2025-07-18 18:00:00,4,Heat Wave,0.2734788896983356,8.858414170783481,30.63371686042732,33.34556811611577,2.711851255688451,0.26940734720107373,51.7509910235908,21.11727416316348,0
Rajasthan,2025-07-19 00:00:00,2,Cyclonic,0.6172801215898639,5.006929117669805,61.42124434024443,64.47665537808732,3.0554110378428874,0.24658412936901947,81.99404418870287,20.572799848458445,0
Karnataka,2025-07-19 06:00:00,4,Normal,0.3952931282576396,11.62626151257509,46.77658943338399,27.21799888637879,19.5585905470052,0.04864146682203715,67.70775020974548,20.931160776361494,0
Odisha,2025-07-19 12:00:00,1,Normal,0.8383105135427774,12.423375844877304,74.68332190316217,63.398042775249976,11.28527912791219,0.08139823194802283,98.06346601691945,23.380144113757282,0
Odisha,2025-07-19 18:00:00,2,Normal,0.2655526760626456,7.589446220460026,45.94069859469091,32.92741719826781,13.013281396423096,0.07136087342506738,45.41510953179919,0.5255890628917186,0
Maharashtra,2025-07-20 00:00:00,8,Heavy Rain,0.5181643637816901,12.00498207407708,46.26087504543317,55.43307482613344,9.172199780700275,0.0983071529815312,24.193721582325352,22.067153463107815,0
Rajasthan,2025-07-20 06:00:00,6,Normal,0.11229205278347199,10.4923269107419,22.383052288592054,27.067679570068222,4.684627281476168,0.17591302832792283,17.464355424987474,4.9186968636045805,0
Tamil Nadu,2025-07-20 12:00:00,2,Monsoon,0.5335140902096729,8.740988035831606,32.335698217598676,30.362757258448216,1.9729409591504599,0.3363672584623939,97.8864699758794,65.55077175828072,1
Karnataka,2025-07-20 18:00:00,6,Heavy Rain,0.15025439878882696,7.4061993305922105,39.77639810894924,31.39593455558325,8.380463553365988,0.10660453977683974,63.84377301580345,24.067374906854212,0
Rajasthan,2025-07-21 00:00:00,10,Cyclonic,0.9799511606853792,5.804337319042351,63.66857762601629,66.66037804029949,2.9918004142832046,0.25051352678402056,2.464939933994593,61.203637692021694,1
Tamil Nadu,2025-07-21 06:00:00,9,Normal,0.8115329157853716,26.042854015291756,28.880796805763474,36.87460424909242,7.993807443328947,0.11118761506749163,80.28969004940443,51.408893243640954,0
Rajasthan,2025-07-21 12:00:00,7,Monsoon,0.5411003289728099,8.442939415500323,119.5845336510836,75.29195921198983,44.29257443909377,0.02207867431657542,123.23773726685229,3.653203615768689,0
Rajasthan,2025-07-21 18:00:00,9,Monsoon,0.17792862236141524,10.839560539107504,45.22811956163893,69.11613717716813,23.8880176155292,0.04017997798973097,78.0816197645041,32.85350020286517,0
Coastal Andhra,2025-07-22 00:00:00,5,Normal,0.6332008967113728,13.350425358180185,15.990390533616822,15.015809815601981,0.97458071801484,0.5064366277238632,0.0,15.990390533616822,0
Odisha,2025-07-22 06:00:00,7,Normal,0.7828873756316898,6.94150853576187,36.79630223580161,35.703168848584056,1.0931333872175557,0.47775263922827205,56.9506331084115,20.15433087260989,0
Karnataka,2025-07-22 12:00:00,7,Normal,0.27164552770427075,11.38811066047811,69.71026896397797,97.64066009751534,27.93039113353737,0.03456572693345844,54.954918732901795,14.755350231076171,0
Rajasthan,2025-07-22 18:00:00,3,Normal,0.6113875067087418,24.51742903922534,37.4416802961965,36.919461611825724,0.5222186843707775,0.6569358333775537,56.34524617713655,18.90356588094005,0
Karnataka,2025-07-23 00:00:00,7,Normal,0.8327898085445812,4.7721739921225925,22.198708818969482,21.615325636698255,0.583383182271227,0.6315590636535535,82.55301429035255,60.35430547138307,1
Maharashtra,2025-07-23 06:00:00,1,Heavy Rain,0.7914229998816847,24.511315753148388,33.53608626829476,25.877685308944343,7.658400959350416,0.11549476683914434,16.88552377083853,16.650562497456228,0
Rajasthan,2025-07-23 12:00:00,9,Normal,0.8226928160804376,14.012024051606263,28.503300575640196,24.391034620712592,4.112265954927604,0.19560797673996622,90.64268109877945,62.13938052313925,1
Telangana,2025-07-23 18:00:00,10,Heat Wave,0.8913910823827478,5.4519878795401455,62.665561014087736,51.602864289303504,11.062696724784232,0.08290020240211976,96.00604464421,33.34048363012226,1
Odisha,2025-07-24 00:00:00,6,Normal,0.9439138919435232,4.537963402001967,27.834345874641862,15.54767702213662,12.286668852505242,0.0752634095950579,0.0,27.834345874641862,1
Telangana,2025-07-24 06:00:00,5,Heat Wave,0.4649690396831824,24.42123710479885,9.812306916182289,4.709279837270728,5.103027078911561,0.16385311535900052,0.0,9.812306916182289,0
Karnataka,2025-07-24 12:00:00,7,Normal,0.6118921922705896,16.611971049711652,26.429164953644467,24.898927243607858,1.5302377100366087,0.39521978351414716,25.86293548262639,0.566229471018076,0
Karnataka,2025-07-24 18:00:00,5,Monsoon,0.8115935734410498,7.7674714100920905,83.89340960145881,54.92800476297277,28.965404838486045,0.03337181677971695,110.68956608566884,26.79615648421003,0
Odisha,2025-07-25 00:00:00,10,Normal,0.7274258325512049,5.994992006008925,60.75464916196192,70.66766271574552,9.9130135537836,0.09163371740276953,60.010126443879415,0.7445227180825071,0
Karnataka,2025-07-25 06:00:00,5,Normal,0.995968205437941,5.4702454583332845,11.936226405543467,11.277486972844738,0.658739432698729,0.6028674427622572,43.71877810478575,31.782551699242283,1
Telangana,2025-07-25 12:00:00,10,Cyclonic,0.11230988599417974,7.487151135353063,79.46893853162241,47.76702030737225,31.701918224250164,0.030579245937274967,95.32499555019064,15.856057018568222,0
Rajasthan,2025-07-25 18:00:00,7,Normal,0.4196198937842116,8.02419728027318,93.39233510494003,128.99251976560723,35.600184660667196,0.027322266520547405,58.86480907445245,34.52752603048758,1
Rajasthan,2025-07-26 00:00:00,10,Monsoon,0.35292513364318223,9.687716018461218,65.0429313440729,58.1092994697755,6.933631874297397,0.12604567691623075,57.94148767226412,7.101443671808781,0
Coastal Andhra,2025-07-26 06:00:00,7,Heavy Rain,0.33608426514898115,3.979897228721386,23.555425700140145,26.588772016223007,3.033346316082863,0.24793308623475405,60.441350775286736,36.88592507514659,1
Maharashtra,2025-07-26 12:00:00,3,Heavy Rain,0.3002768042489972,5.283734992214782,84.58669463527427,119.35468692394193,34.76799228866766,0.027957957268874418,77.33456019952665,7.252134435747621,0
Karnataka,2025-07-26 18:00:00,3,Heavy Rain,0.7382114567337061,7.2064773903305905,39.48483329601047,39.15085140262968,0.33398189338079476,0.7496353623403663,84.92294658292083,45.43811328691036,1
Telangana,2025-07-27 00:00:00,10,Monsoon,0.17628352594778968,30.523124397862258,27.978223548574466,28.076033493473627,0.0978099448991614,0.9109044827352647,111.85530789562114,83.87708434704668,1
Karnataka,2025-07-27 06:00:00,3,Normal,0.7674479505490045,10.443295243168597,39.560085123040174,53.783118042282254,14.22303291924208,0.06568993217744337,23.532022320148933,16.02806280289124,0
Karnataka,2025-07-27 12:00:00,6,Monsoon,0.7240832578146461,2.806614591372349,57.56695504355282,53.33701037618068,4.229944667372138,0.19120661184785817,78.50878419541979,20.941829151866976,1
Tamil Nadu,2025-07-27 18:00:00,6,Cyclonic,0.3257237192508068,4.150227742550518,64.95546482022311,82.38272946453917,17.427264644316054,0.054267414035780566,19.52486875680129,45.430596063421824,1
Coastal Andhra,2025-07-28 00:00:00,3,Normal,0.32755040484864517,24.225197371381153,50.171254676255536,49.24221089537405,0.9290437808814858,0.518391552286618,73.94020972850541,23.768955052249872,0
Telangana,2025-07-28 06:00:00,3,Normal,0.665974526810052,18.83886898347361,43.33153033588452,45.176506189410894,1.8449758535263712,0.3514968321296969,13.98017547963185,29.351354856252673,0
Telangana,2025-07-28 12:00:00,8,Monsoon,0.78595399493531,6.507973938572342,22.233067945354293,23.10207134111959,0.8690033957652972,0.5350445067492946,0.0,22.233067945354293,0
Karnataka,2025-07-28 18:00:00,8,Normal,0.8888370517786289,12.169093848991936,60.84213811307069,55.217107882432835,5.625030230637854,0.15094270745746025,56.05691283148987,4.785225281580821,0
Coastal Andhra,2025-07-29 00:00:00,7,Normal,0.8669256074690281,11.223014404160923,51.02723675730667,44.20498767211008,6.822249085196589,0.12784047006282057,59.655723089815254,8.628486332508587,0
Rajasthan,2025-07-29 06:00:00,10,Normal,0.9683946947474679,8.63856299055642,63.94005517543085,53.50823439799706,10.431820777433792,0.08747512924397677,83.71896816661165,19.778912991180796,0
Telangana,2025-07-29 12:00:00,4,Heavy Rain,0.6232464058028601,4.584184551008114,41.5505380777114,28.0921322191244,13.458405858587,0.06916391819268854,54.93255708940988,13.382019011698482,0
Rajasthan,2025-07-29 18:00:00,4,Normal,0.9177900052063237,1.8163166179350212,68.32800355330117,60.699301013733375,7.628702539567797,0.11589227875389119,100.24109161430114,31.913088060999968,1
Coastal Andhra,2025-07-30 00:00:00,3,Heavy Rain,0.8276619459343697,15.455925690123525,63.5835459322315,59.36550405387558,4.218041878355919,0.19164277008736394,41.912126654028825,21.671419278202677,0
Rajasthan,2025-07-30 06:00:00,5,Monsoon,0.9052008618826122,11.402986591085227,34.28163512468255,37.774328579696835,3.492693455014283,0.2225836260615339,13.7611380230956,20.52049710158695,0
Odisha,2025-07-30 12:00:00,3,Normal,0.11046394115682998,4.645545680067617,44.07120989103759,43.05438748985593,1.0168224011816633,0.49582947879500766,46.39969078444379,2.3284808934062013,0
Tamil Nadu,2025-07-30 18:00:00,8,Heavy Rain,0.9693126926792298,18.300877003816417,72.22950708298966,91.68445008755228,19.454943004562622,0.048887938713735,70.77098463582907,1.4585224471605898,0
West Bengal,2025-07-31 00:00:00,7,Heat Wave,0.5261771465618305,23.61976914265528,75.39238035634378,94.85139821126404,19.459017854920262,0.04887820163661993,92.07431772349196,16.68193736714818,0
Telangana,2025-07-31 06:00:00,3,Monsoon,0.8183646906173586,10.19890335556732,91.70326716794526,122.54396184957814,30.840694681632883,0.03140634995557569,125.57545001367946,33.8721828457342,0
Maharashtra,2025-07-31 12:00:00,9,Monsoon,0.2144837074040028,8.408395626311329,27.738480172571236,26.33532268278834,1.4031574897828953,0.41611921160037724,65.50514901207927,37.766668839508036,1
Tamil Nadu,2025-07-31 18:00:00,5,Normal,0.45634698623257663,2.345508818955575,35.559885971419746,31.01702844075858,4.542857530661166,0.18041235851153428,44.73882685070553,9.178940879285783,0
West Bengal,2025-08-01 00:00:00,9,Monsoon,0.34431459671889186,7.557802874743945,113.27741818392448,74.55134208375775,38.726076100166736,0.025172382932524332,125.22459149874553,11.947173314821043,0
Rajasthan,2025-08-01 06:00:00,7,Normal,0.36249289345084335,3.682035050015603,145.39533034269408,192.95505647142232,47.559726128728244,0.020593196867483846,123.79798867673723,21.597341665956847,0
Telangana,2025-08-01 12:00:00,7,Normal,0.21093005795579356,7.874494479683345,54.292468209238464,38.62277804960842,15.669690159630044,0.0599891173995398,41.612707972668375,12.67976023657009,0
Rajasthan,2025-08-01 18:00:00,6,Normal,0.8251874492887062,17.02203551092932,43.610373654885386,33.78602757239407,9.824346082491317,0.09238433364741802,0.0,43.610373654885386,0
Odisha,2025-08-02 00:00:00,2,Normal,0.10831808312297035,13.299123080159214,144.9714501691648,153.1528499566766,8.181399787511793,0.10891585413371975,136.03435405985397,8.93709610931083,0
Coastal Andhra,2025-08-02 06:00:00,9,Monsoon,0.3812549112866822,18.643984306154987,120.03531128812504,110.76689604938302,9.268415238742023,0.0973860110591427,180.60671737274345,60.5714060846184,1
Telangana,2025-08-02 12:00:00,6,Normal,0.25696948889477356,7.093683539571199,72.74428976619056,99.06509431892403,26.320804552733463,0.036602143178830704,98.9176853712325,26.173395605041932,0
West Bengal,2025-08-02 18:00:00,8,Monsoon,0.6301350465475064,2.96849478913177,41.95599056485818,33.90522278369328,8.0507677811649,0.11048786403304368,73.7186750336605,31.76268446880232,1
West Bengal,2025-08-03 00:00:00,1,Monsoon,0.3288271623530895,6.872171079524724,56.993722990012884,57.40800389197361,0.41428090196072276,0.7070731129958876,61.98322670710537,4.989503717092489,0
Odisha,2025-08-03 06:00:00,5,Heavy Rain,0.3330986090752897,10.229597573759499,13.080784193412017,7.021978787642772,6.058805405769244,0.14166703039903725,33.30619515815106,20.225410964739048,0
Odisha,2025-08-03 12:00:00,1,Normal,0.5395043295957869,19.184226809873326,80.55692247146054,105.37174784244561,24.814825370985076,0.0387374303575171,67.01696948318167,13.53995298827887,0
Karnataka,2025-08-03 18:00:00,10,Heavy Rain,0.6874201354068331,15.077322434143209,29.081292504024525,16.8977122052771,12.183580298747426,0.07585192924375862,0.0,29.081292504024525,0
Telangana,2025-08-04 00:00:00,8,Normal,0.20917423410864727,2.0075633112511198,109.43831733301786,177.50112755661672,68.06281022359886,0.014479572967887985,130.60029551461912,21.161978181601256,1
Rajasthan,2025-08-04 06:00:00,8,Normal,0.2579603072189466,10.006885725694046,10.072538706351859,9.776919101851474,0.29561960450038427,0.7718314824246729,46.37911888245389,36.30658017610203,1
Maharashtra,2025-08-04 12:00:00,1,Heat Wave,0.32245727013506587,16.917655619003718,30.001958273693145,27.84642218036643,2.155536093326713,0.316903362986336,0.0,30.001958273693145,0
West Bengal,2025-08-04 18:00:00,9,Normal,0.9763733927061645,20.071661388891858,49.691136400964595,49.298075702943954,0.3930606980206406,0.7178438106974598,41.069972184294606,8.621164216669989,0
West Bengal,2025-08-05 00:00:00,2,Normal,0.45743724994862833,17.791688077006434,47.95598428758091,35.07939526807901,12.8765890195019,0.0720638190404442,58.33350495159283,10.377520664011918,0
Odisha,2025-08-05 06:00:00,9,Cyclonic,0.6390910815679238,5.0679763898306796,27.051313359555603,31.50052194150391,4.449208581948305,0.18351288723149975,0.0,27.051313359555603,1
Tamil Nadu,2025-08-05 12:00:00,1,Normal,0.3173885314443801,5.276628321133575,49.34277773355373,44.30296679795841,5.03981093559532,0.16556809652874244,36.956849098996166,12.385928634557565,0
Odisha,2025-08-05 18:00:00,10,Monsoon,0.5414135726417392,26.047711934994922,41.42836947863398,38.19029491646296,3.238074562171022,0.23595620731309974,69.51749026377495,28.089120785140963,0
Maharashtra,2025-08-06 00:00:00,9,Normal,0.16670725694736227,6.169887940609095,49.53453012093022,65.44887286112905,15.914342740198826,0.059121422295847666,31.616073458341358,17.918456662588863,0
Rajasthan,2025-08-06 06:00:00,4,Normal,0.13126793133009426,23.397567087378306,33.016309617935946,18.821259160844676,14.19505045709127,0.06581090354545793,8.502280840812293,24.514028777123652,0
Rajasthan,2025-08-06 12:00:00,9,Normal,0.5218601741393142,4.1866674287459045,89.4849656291222,85.1056070487361,4.379358580386096,0.18589576899486523,69.48065972730622,20.004305901815982,0
Tamil Nadu,2025-08-06 18:00:00,7,Normal,0.4587933587665709,7.86800706108277,57.757678765540064,56.17800117944653,1.5796775860935313,0.38764534195698636,29.935599178883482,27.82207958665658,0
West Bengal,2025-08-07 00:00:00,6,Normal,0.22319228772264493,1.2624543755813766,34.19750452306825,35.377833414235475,1.1803288911672283,0.4586464014906737,47.784958681349316,13.58745415828107,0
Odisha,2025-08-07 06:00:00,5,Monsoon,0.7188412860286604,7.464824901194104,67.96072381176057,58.51074767697333,9.449976134787242,0.09569399844570646,67.21874494504196,0.7419788667186111,0
Karnataka,2025-08-07 12:00:00,9,Heavy Rain,0.993613141809338,4.507846809229477,29.79130118969455,27.415209329910777,2.3760918597837737,0.29620047129406196,0.0,29.79130118969455,1
Rajasthan,2025-08-07 18:00:00,2,Heat Wave,0.4560821390770412,13.363142265948042,30.37861423755675,44.42280602556364,14.044191788006888,0.06647083566145388,38.40291586574025,8.024301628183498,0
Maharashtra,2025-08-08 00:00:00,2,Normal,0.6621027723256551,13.288844015534435,11.64471262776717,13.098703932035132,1.4539913042679622,0.40749940648151767,24.282672098574047,12.637959470806877,0
Telangana,2025-08-08 06:00:00,9,Heavy Rain,0.9666783481280371,11.692798708960792,60.224117868507946,48.494497075515746,11.7296207929922,0.07855693553342227,55.101977970374286,5.1221398981336606,0
Coastal Andhra,2025-08-08 12:00:00,3,Heavy Rain,0.8483814752021878,4.691314679119945,51.95472852181265,60.425613109696044,8.470884587883397,0.10558675810275978,94.12171372515382,42.16698520334118,1
Coastal Andhra,2025-08-08 18:00:00,8,Heat Wave,0.5171970009724172,18.699437310645404,24.543925100685367,24.824018789043915,0.28009368835854787,0.7811928213491082,12.968398775269916,11.575526325415451,0
Coastal Andhra,2025-08-09 00:00:00,9,Normal,0.7637405360139274,8.905564434002482,24.023915544912274,28.480002227000256,4.456086682087982,0.1832815455962132,72.53114622024722,48.50723067533495,1
Karnataka,2025-08-09 06:00:00,8,Heavy Rain,0.21532153622547162,14.108253999116254,60.96217010803731,57.85321919283854,3.1089509151987755,0.24337112334466127,19.040940240115326,41.92122986792199,0
West Bengal,2025-08-09 12:00:00,4,Cyclonic,0.5608934699174193,17.856485484569454,35.189470377228595,28.08295560032782,7.106514776900774,0.12335757443500436,100.39255256858812,65.20308219135953,1
Odisha,2025-08-09 18:00:00,1,Normal,0.35115424946194285,9.639978961855924,61.035731847671755,35.57585358916609,25.459878258505668,0.037793068820282445,50.39162921923106,10.644102628440692,0
Tamil Nadu,2025-08-10 00:00:00,4,Cyclonic,0.24504731910654498,2.7109261304709706,12.343989348107007,15.900146890831964,3.556157542724957,0.2194831918393054,27.59725740237981,15.253268054272803,0
Karnataka,2025-08-10 06:00:00,9,Normal,0.48365281562908136,10.44427267558132,18.538338691488327,21.708934773132,3.170596081643673,0.2397738789429568,46.595466764773484,28.057128073285156,0
Karnataka,2025-08-10 12:00:00,2,Monsoon,0.217913098990253,7.534120984978183,83.7630594785146,91.23272995730697,7.4696704787923665,0.11806834781871978,83.37477506490487,0.388284413609739,0
Rajasthan,2025-08-10 18:00:00,3,Heat Wave,0.729086597357037,4.321185574398251,54.239397594585874,63.03806664294187,8.798669048355997,0.10205467651423314,47.98606284451442,6.253334750071453,0
Telangana,2025-08-11 00:00:00,10,Monsoon,0.510616039648002,21.742226857949895,71.88995523110539,94.11643957571134,22.22648434460595,0.043054298927174356,67.82186941468566,4.068085816419725,0
Karnataka,2025-08-11 06:00:00,8,Normal,0.5780301693081975,6.927015607993336,35.252024065510014,20.418901172984626,14.833122892525388,0.06315873417947682,26.95769462654436,8.294329438965654,0
Maharashtra,2025-08-11 12:00:00,6,Normal,0.2317383448013413,12.75729241614006,26.48497444157998,27.036766725678188,0.5517922840982088,0.6444161439951538,12.554355981908195,13.930618459671784,0
Telangana,2025-08-11 18:00:00,8,Heat Wave,0.22579449498414506,14.864932535405552,80.09774074079188,43.838227980864744,36.259512759927134,0.0268387835998625,138.3599540063965,58.262213265604615,1
Maharashtra,2025-08-12 00:00:00,7,Heavy Rain,0.6250738917341117,10.447349706364538,2.8734640525359723,2.590409533316762,0.2830545192192102,0.7793901077629498,0.0,2.8734640525359723,0
West Bengal,2025-08-12 06:00:00,5,Normal,0.9865087730465016,6.35766850690334,44.83549674109035,48.533454867871434,3.6979581267810815,0.21285843190032303,78.27535645273574,33.43985971164538,1
Odisha,2025-08-12 12:00:00,9,Monsoon,0.18662552491395307,2.4469765552320606,69.45702275886643,63.345602381330515,6.111420377535914,0.1406188844016133,100.72851063966344,31.27148788079701,1
Coastal Andhra,2025-08-12 18:00:00,4,Heavy Rain,0.35715828570920316,11.602320750770092,35.02949057148907,50.463445316786014,15.433954745296944,0.060849626002905916,62.891207204853956,27.861716633364885,0
Karnataka,2025-08-13 00:00:00,6,Normal,0.8825132048840988,6.972881572666076,154.14544138295963,142.92865488786035,11.216786495099285,0.08185458593396439,203.6095783400573,49.46413695709768,1
Odisha,2025-08-13 06:00:00,2,Normal,0.16504481102971325,25.609113320195576,45.68453479283947,36.887678402550236,8.796856390289236,0.10207355912568161,45.903062134628,0.21852734178852984,0
West Bengal,2025-08-13 12:00:00,2,Normal,0.8882971492302562,5.167071977505472,61.184526247959425,61.67384188418013,0.4893156362207023,0.6714493393338749,93.42315197046227,32.238625722502846,1
Tamil Nadu,2025-08-13 18:00:00,2,Heavy Rain,0.5718573850372761,1.301750678349625,24.76363925383253,18.350383666862236,6.413255586970294,0.13489350100887154,17.667708089308544,7.095931164523986,0
Tamil Nadu,2025-08-14 00:00:00,10,Heavy Rain,0.46744009653378327,3.3713726351949584,119.95751331329109,93.67290052410509,26.284612789186,0.03665069421092685,68.3000649083994,51.65744840489168,1
West Bengal,2025-08-14 06:00:00,7,Heavy Rain,0.3787125079163103,17.771003785016834,49.07959925830135,60.57005314634806,11.490453888046709,0.080061141809826,0.0,49.07959925830135,0
Maharashtra,2025-08-14 12:00:00,2,Monsoon,0.3674054423150577,15.178701019002606,36.49633826578495,45.53166240463082,9.035324138845873,0.09964800201411396,60.60497972578486,24.10864145999991,0
Rajasthan,2025-08-14 18:00:00,2,Cyclonic,0.37522232420453094,21.6258898638215,47.38106191970082,49.24173509966574,1.8606731799649197,0.3495680691536609,88.38227024663811,41.001208326937295,0
Rajasthan,2025-08-15 00:00:00,9,Heavy Rain,0.8963227728641762,7.623958018764697,16.731015343414267,19.283751076678865,2.5527357332645977,0.2814732293868374,0.0,16.731015343414267,0
Maharashtra,2025-08-15 06:00:00,7,Normal,0.751415707157307,13.909003224772537,65.82035736231204,100.18505263250302,34.36469527019098,0.028276788259021232,64.20678411570971,1.6135732466023285,0
Tamil Nadu,2025-08-15 12:00:00,3,Monsoon,0.7027507070480355,10.09982148877626,30.37262336629403,29.929394824868883,0.443228541425146,0.6928909533707872,32.296680691853844,1.924057325559815,0
Tamil Nadu,2025-08-15 18:00:00,3,Normal,0.8188742340568007,5.477111466910189,57.58572992317842,45.10571048493883,12.480019438239587,0.0741838692875501,82.52059200771431,24.934862084535894,0
Karnataka,2025-08-16 00:00:00,7,Heavy Rain,0.33140319670373053,8.86154555846163,12.027509279959807,13.638454684533318,1.6109454045735117,0.3830030295724802,8.502827608994588,3.5246816709652187,0
Tamil Nadu,2025-08-16 06:00:00,5,Heavy Rain,0.6562385308735801,6.6089447512568755,16.03374299193056,19.38174686167893,3.3480038697483714,0.22999059567485441,0.0,16.03374299193056,0
Odisha,2025-08-16 12:00:00,10,Normal,0.5140596150621559,20.82850193712552,48.624599846145756,59.974738820999214,11.350138974853458,0.08097074875320305,74.56966281899373,25.94506297284798,0
Tamil Nadu,2025-08-16 18:00:00,6,Heat Wave,0.8041974716801741,5.44668124898206,112.60505717447404,144.8152815856588,32.210224411184754,0.030111208753627498,99.59698429758998,13.008072876884057,0
Telangana,2025-08-17 00:00:00,8,Normal,0.378330499425957,22.827661038985717,10.64240870800255,13.289499604652509,2.6470908966499582,0.2741911370836827,5.8594425233076235,4.782966184694927,0
Karnataka,2025-08-17 06:00:00,9,Monsoon,0.6788607551829061,5.175795047140207,29.58158770935107,33.42747714825221,3.845889438901139,0.20636046542299188,51.843723147736966,22.262135438385897,0
Coastal Andhra,2025-08-17 12:00:00,1,Normal,0.8939911706355821,6.612661246248851,18.155813995735034,21.042115184244807,2.8863011885097727,0.25731407615976787,19.05172478571088,0.8959107899758472,0
Tamil Nadu,2025-08-17 18:00:00,3,Heat Wave,0.4619354285754359,9.169216203128595,34.63802574891238,38.194933559622264,3.5569078107098804,0.21944705522673694,55.52099422557852,20.882968476666136,0
Maharashtra,2025-08-18 00:00:00,7,Normal,0.1599598786307153,4.991872689167338,46.647939480491054,28.11301005741276,18.534929423078292,0.05119035642988369,32.170824459815414,14.47711502067564,0
Coastal Andhra,2025-08-18 06:00:00,6,Normal,0.5644457401076135,9.111890959381684,38.51104918567764,21.965817326089365,16.545231859588277,0.056995542036881716,61.50328233111989,22.99223314544225,0
Odisha,2025-08-18 12:00:00,7,Normal,0.41137523902632334,10.008394673612473,7.089660903691612,5.22283545634941,1.866825447342202,0.3488178887651104,20.507033531229172,13.41737262753756,0
Maharashtra,2025-08-18 18:00:00,8,Normal,0.7050028424924575,20.115727493538614,12.391376860386282,14.930983809288524,2.5396069489022413,0.2825172439866906,0.0,12.391376860386282,0
Coastal Andhra,2025-08-19 00:00:00,6,Normal,0.9559296322737455,1.2790089160066267,18.514602984772026,16.488821432988384,2.0257815517836413,0.3304931247963088,30.610700020555385,12.096097035783359,0
Maharashtra,2025-08-19 06:00:00,3,Heavy Rain,0.5370474861971624,5.213392470731112,31.944152506301513,33.031879040942975,1.0877265346414617,0.478989936376766,52.31948622263889,20.37533371633738,0
Odisha,2025-08-19 12:00:00,2,Normal,0.5195712071399805,24.750430942393187,25.289487238599634,35.17321156080348,9.883724322203847,0.0918803132453386,20.9526516948306,4.336835543769034,0
Karnataka,2025-08-19 18:00:00,7,Normal,0.6891263201723142,6.505832047583937,32.888718126580855,41.798962158508104,8.910244031927249,0.100905688778032,0.0,32.888718126580855,1
Telangana,2025-08-20 00:00:00,1,Normal,0.1931477532342109,6.504607988281112,41.93571344583856,19.154565407606253,22.781148038232306,0.042050114586239785,31.377341374730847,10.558372071107712,0
Odisha,2025-08-20 06:00:00,3,Monsoon,0.32815557003251317,4.950040036776549,36.08063601500474,42.66704332815355,6.586407313148804,0.13181469946476435,25.83797877997452,10.242657235030222,0
Odisha,2025-08-20 12:00:00,4,Monsoon,0.9270813929503586,13.70486630936102,126.06848469408345,127.83808045684546,1.769595762762009,0.3610635217764557,92.49382555244208,33.574659141641376,0
Maharashtra,2025-08-20 18:00:00,1,Monsoon,0.7029483520273896,2.2764974946850898,128.6931272533111,107.59313172759059,21.099995525720516,0.04524887793919123,119.91680457493432,8.776322678376786,0
Karnataka,2025-08-21 00:00:00,5,Monsoon,0.11209963958507463,11.216096288943175,47.5652012540761,43.670771327143505,3.8944299269325953,0.20431388638282402,42.67329017990318,4.891911074172924,0
West Bengal,2025-08-21 06:00:00,10,Normal,0.2841629253031179,27.13102863994322,27.705951062752202,25.534098370301308,2.1718526924508943,0.3152731532520506,0.0,27.705951062752202,0
Rajasthan,2025-08-21 12:00:00,3,Normal,0.7145535394260092,1.7659734899618054,35.74595847474495,24.024365216140815,11.721593258604138,0.07860650625059552,30.2074049881581,5.538553486586853,0
Tamil Nadu,2025-08-21 18:00:00,2,Normal,0.7879592823063167,13.811707952948005,52.794356670101514,56.02195552233406,3.2275988522325463,0.23654089116613122,53.931917320883294,1.1375606507817793,0
Tamil Nadu,2025-08-22 00:00:00,3,Monsoon,0.8558736154066376,3.2070561119440617,22.289599937019698,34.41839499231474,12.12879505529504,0.0761684523056581,17.838617939718766,4.450981997300932,0
Telangana,2025-08-22 06:00:00,8,Heat Wave,0.36295912304384037,11.689847182823168,53.390889278776086,66.9513888459006,13.56049956712451,0.06867896224232956,43.74667727777129,9.644212001004796,0
Telangana,2025-08-22 12:00:00,6,Heavy Rain,0.9379257366498064,11.011899079075231,37.04042490579306,18.27725713796824,18.76316776782482,0.050599175787397685,25.134070539728256,11.906354366064804,0
Tamil Nadu,2025-08-22 18:00:00,7,Normal,0.5976522042201031,14.463600264237995,115.5536410352932,123.96979569664958,8.416154661356387,0.10620046462320439,105.73391255109294,9.819728484200255,0
Rajasthan,2025-08-23 00:00:00,6,Normal,0.7268851201491036,5.879013141053525,21.845972638437235,23.436501584657336,1.5905289462201004,0.38602155033207514,44.21174471681606,22.36577207837882,0
Tamil Nadu,2025-08-23 06:00:00,6,Normal,0.6370649765019172,6.1185751129738195,97.43902404009754,73.20373624222327,24.235287797874264,0.03962704955099568,101.92848048255588,4.489456442458348,0
West Bengal,2025-08-23 12:00:00,3,Heavy Rain,0.21046604920715842,14.729509806232834,53.062305895386224,36.99925275589669,16.063053139489533,0.0586061586883106,82.1319645272468,29.06965863186057,0
Rajasthan,2025-08-23 18:00:00,8,Normal,0.9668031934463919,5.837719872067647,26.491838493363904,32.43712617135292,5.945287677989018,0.1439825168321244,19.000378891379118,7.491459601984786,0
Telangana,2025-08-24 00:00:00,7,Heat Wave,0.2105880219047374,15.90200842865745,70.01410319674524,71.85068522675076,1.8365820300055162,0.3525369580085986,60.5244643806634,9.489638816081836,0
Coastal Andhra,2025-08-24 06:00:00,7,Normal,0.32939376077006527,0.9181198641997514,3.524520301648871,3.103970260712188,0.4205500409366829,0.7039526740927898,0.0,3.524520301648871,0
Maharashtra,2025-08-24 12:00:00,6,Heat Wave,0.8322650922006821,10.540258243492978,31.73601723007698,36.51659180133747,4.780574571260491,0.17299318392530375,22.272948164816317,9.463069065260662,0
West Bengal,2025-08-24 18:00:00,5,Monsoon,0.6567372653509913,15.228358052953258,37.94560451595481,58.03138645606639,20.08578194011158,0.04742532208861059,49.97781546912784,12.032210953173028,0
West Bengal,2025-08-25 00:00:00,10,Monsoon,0.8543342488387212,7.634010449850452,27.343593324259793,29.10704282792845,1.7634495036686566,0.36186657243869874,44.363219249629395,17.019625925369603,0
Karnataka,2025-08-25 06:00:00,8,Heavy Rain,0.5641625695366405,20.663182024596626,82.44219255148167,88.44731589094216,6.005123339460496,0.1427526613795519,54.32659118721054,28.11560136427113,0
Telangana,2025-08-25 12:00:00,5,Heavy Rain,0.43929391182997135,6.039204084312409,145.87110917534088,145.0847785712374,0.7863306041034832,0.5598067892375813,162.8353052894608,16.964196114119915,0
Telangana,2025-08-25 18:00:00,9,Heavy Rain,0.9296609495930065,10.25584328023804,22.097850507136307,19.93103866537471,2.1668118417615965,0.3157749970531031,15.277639672742595,6.820210834393713,0
Odisha,2025-08-26 00:00:00,9,Heavy Rain,0.1326270857633154,16.984225577652023,78.39830273133612,94.45265926490852,16.054356533572403,0.0586360439944742,44.24118241706425,34.157120314271864,0
West Bengal,2025-08-26 06:00:00,1,Heavy Rain,0.8705171983177413,3.52603354681135,46.308827001080715,44.07918289036811,2.2296441107126057,0.30963163918991515,1.7770017688453592,44.531825232235356,1
Odisha,2025-08-26 12:00:00,6,Heat Wave,0.30773600666900347,17.964367283993166,73.65289703242742,82.85806632997878,9.205169297551365,0.09798955517964221,40.82363306429271,32.82926396813471,0
Odisha,2025-08-26 18:00:00,7,Monsoon,0.863862694978571,11.122833393690462,52.09056885092336,71.63257350546851,19.542004654545153,0.04868074060039406,71.50750779355188,19.41693894262852,0
Maharashtra,2025-08-27 00:00:00,3,Monsoon,0.22527695207519705,4.781828094092692,39.24354313006166,46.5502540017267,7.3067108716650395,0.1203845921026447,50.49289112793316,11.249347997871503,0
Odisha,2025-08-27 06:00:00,7,Cyclonic,0.6221970673214864,8.57506376110034,189.67882135983848,129.28140347396382,60.39741788587466,0.016287329898120425,163.6950002104282,25.98382114941029,0
Rajasthan,2025-08-27 12:00:00,7,Normal,0.8992971271103248,4.4550226624876625,49.900531204826315,33.28117070613686,16.619360498689453,0.056755748886253905,55.3576796334007,5.457148428574385,0
Tamil Nadu,2025-08-27 18:00:00,2,Normal,0.5261856822090014,13.086259723127277,77.71241547553588,102.06118538379161,24.348769908255733,0.039449646023033025,104.12164556679662,26.40923009126074,0
Coastal Andhra,2025-08-28 00:00:00,7,Heavy Rain,0.7719100064230536,7.180107274650425,27.718629067620903,26.941272812216074,0.777356255404829,0.5626334039442361,0.0,27.718629067620903,0
Telangana,2025-08-28 06:00:00,1,Heavy Rain,0.8242044560700026,6.527737985847583,110.62262876141774,117.83622163696128,7.21359287554354,0.12174939945922561,106.58867291097839,4.033955850439355,0
Rajasthan,2025-08-28 12:00:00,5,Monsoon,0.7628447878451012,13.365178796805818,44.95778642686566,36.05778233693929,8.90000408992637,0.10101005928043383,3.8084953784674127,41.14929104839825,0
Coastal Andhra,2025-08-28 18:00:00,9,Normal,0.9327967631871384,7.507424299827592,15.886281633075479,18.332997498182916,2.4467158651074374,0.29013125512416704,26.039402377334074,10.153120744258596,0
West Bengal,2025-08-29 00:00:00,7,Heavy Rain,0.5021508074679358,8.892772210316984,34.17064298462077,50.29811730131412,16.127474316693352,0.05838572468477425,35.17916156072555,1.0085185761047768,0
West Bengal,2025-08-29 06:00:00,7,Heavy Rain,0.2558128952486402,8.441644934893727,49.2055115335221,51.07049772911197,1.8649861955898714,0.3490418214019039,45.006672556373346,4.198838977148753,0
West Bengal,2025-08-29 12:00:00,2,Normal,0.1430299573322318,1.2281838132050584,47.57237713151202,55.277535296845706,7.705158165333685,0.11487442054554194,49.572372278354194,1.9999951468421742,0
Rajasthan,2025-08-29 18:00:00,8,Heavy Rain,0.3218138826737546,2.675583606793964,41.504070230252964,54.42699695693722,12.922926726684253,0.07182397922725764,61.9128447100642,20.408774479811235,1
Rajasthan,2025-08-30 00:00:00,3,Monsoon,0.2288777534922179,5.2688479239069945,46.43323096408785,65.93673184499431,19.503500880906465,0.04877215875515351,12.491885852307284,33.941345111780564,1
Telangana,2025-08-30 06:00:00,8,Normal,0.6021538672910324,5.57097922624436,20.61563956803269,17.11474787179311,3.500891696239581,0.2221781965639127,12.092653072318079,8.522986495714612,0
Tamil Nadu,2025-08-30 12:00:00,3,Heavy Rain,0.26645080349055883,1.0998726892698165,45.27315484866417,49.95489036354145,4.681735514877282,0.17600256072841833,67.91121137905355,22.638056530389385,1
Karnataka,2025-08-30 18:00:00,10,Heavy Rain,0.13504033656043407,8.882644130374395,31.210802851156775,41.16029522415753,9.949492373000755,0.0913284347743644,27.9271141237455,3.283688727411274,0
Odisha,2025-08-31 00:00:00,7,Normal,0.1323908459818011,7.94646216922759,61.21173625898444,84.99383439212339,23.782098133138952,0.04035170850456712,87.19858624620827,25.986849987223827,0
West Bengal,2025-08-31 06:00:00,2,Normal,0.8484125485283754,9.623131857046305,47.003226873483115,42.02470349067049,4.978523382812625,0.16726538243119576,63.90997897314192,16.906752099658803,0
Maharashtra,2025-08-31 12:00:00,4,Heat Wave,0.6323049382987224,6.853666411882328,28.782772241724818,23.96050128118655,4.822270960538269,0.17175428742113197,26.345739528244703,2.4370327134801144,0
Tamil Nadu,2025-08-31 18:00:00,6,Normal,0.4222767717040403,22.353636537827434,63.30980321290969,60.85687217010521,2.4529310428044795,0.2896090271144823,48.61788283689369,14.691920376016,0
Maharashtra,2025-09-01 00:00:00,9,Normal,0.9048052384662222,12.301014127314893,81.55818318792666,75.01812258937312,6.540060598553538,0.13262492879590873,163.5819553907047,82.02377220277805,1
Telangana,2025-09-01 06:00:00,5,Normal,0.16317695026694223,24.226794463114658,54.59567855984963,50.79230882342801,3.8033697364216223,0.20818718001603856,14.15065221633047,40.44502634351916,0
Telangana,2025-09-01 12:00:00,9,Monsoon,0.9822898654550433,3.5113182834339933,24.89605226001773,27.460092612421164,2.5640403524034348,0.28058043712261654,49.771410858865956,24.875358598848226,1
Telangana,2025-09-01 18:00:00,5,Heavy Rain,0.6546626112290149,6.707534568529803,134.06138180786823,115.93553947576213,18.125842332106103,0.05228527887220546,140.5724670615861,6.51108525371788,0
Coastal Andhra,2025-09-02 00:00:00,10,Heavy Rain,0.26511782857196364,5.650083973100813,42.85419836486699,59.55830209110591,16.70410372623892,0.05648407936731182,0.0,42.85419836486699,1
Maharashtra,2025-09-02 06:00:00,8,Normal,0.7111621890792716,2.136200101136321,53.46918083925513,48.060094206915295,5.409086632339836,0.15602847291126706,13.074566393834239,40.39461444542089,1
Tamil Nadu,2025-09-02 12:00:00,1,Cyclonic,0.7870431338052064,7.650875313889992,10.236481897454166,8.69801303729757,1.5384688601565948,0.39393825770165697,27.899103404303766,17.6626215068496,0
Karnataka,2025-09-02 18:00:00,7,Normal,0.48640850503369704,1.0198679853291523,46.26530730672472,32.73448902148814,13.530818285236585,0.06881924887987947,26.22734832290269,20.037958983822033,1
Tamil Nadu,2025-09-03 00:00:00,4,Normal,0.8754693456209927,12.98961099433977,72.84859823559802,95.74585657965929,22.89725834406127,0.04184580446854946,68.88043918228928,3.9681590533087387,0
Rajasthan,2025-09-03 06:00:00,5,Heavy Rain,0.23565916656682329,18.97572847244816,36.76076042667186,24.874070329431305,11.886690097240553,0.07759944504400952,0.0,36.76076042667186,0
Rajasthan,2025-09-03 12:00:00,6,Normal,0.3509538252198475,7.322421513006755,58.82850928702851,65.55507246714855,6.7265631801200385,0.1294236488705531,71.53622654185826,12.707717254829745,0
West Bengal,2025-09-03 18:00:00,5,Cyclonic,0.1841431254255908,9.55650383390535,60.03191999960107,70.4560115166353,10.424091517034228,0.08753431277304813,13.791708522676785,46.24021147692429,1
Karnataka,2025-09-04 00:00:00,1,Heat Wave,0.28979005654661694,19.095455957533474,76.40962647417437,20.69856198201124,55.71106449216313,0.017633243335402202,88.01414961784694,11.604523143672566,0
Rajasthan,2025-09-04 06:00:00,9,Normal,0.31485593072003054,4.105658923960329,43.81975918775794,29.482827761629462,14.336931426128476,0.06520209109733442,66.72123948498448,22.90148029722654,0
Telangana,2025-09-04 12:00:00,2,Cyclonic,0.9258698718295392,2.1128995984224894,33.12762844347799,29.99834339787134,3.1292850456066468,0.24217267370872111,41.97978357719052,8.852155133712529,0
Tamil Nadu,2025-09-04 18:00:00,9,Monsoon,0.1702987198760406,0.9873995085991412,17.54163155636614,25.849921627578247,8.308290071212106,0.10743111703111999,56.01046094171593,38.468829385349785,1
Maharashtra,2025-09-05 00:00:00,10,Heat Wave,0.48467360816893856,4.486380040083835,60.43450470900403,54.72958317765695,5.7049215313470825,0.14914417645676614,88.43075058402054,27.996245875016513,1
Telangana,2025-09-05 06:00:00,2,Normal,0.5791588185042217,5.128425789825174,128.46960587910934,112.2996647255721,16.169941153537238,0.05824131783899484,133.1159882254322,4.646382346322866,0
Coastal Andhra,2025-09-05 12:00:00,9,Heavy Rain,0.9088237484219447,13.659232811555404,25.42580492613768,20.65948268893188,4.766322237205799,0.17342076263926806,37.20244339711415,11.776638470976472,0
Rajasthan,2025-09-05 18:00:00,6,Normal,0.9979265967950921,2.799894546991858,69.88929711985996,56.51485636717639,13.374440752683569,0.06956792387302509,47.551572400930496,22.337724718929465,1
Telangana,2025-09-06 00:00:00,9,Monsoon,0.7780493034278523,2.0271508276265098,117.46538574679903,98.81353645774406,18.651849289054965,0.05088579630808317,89.84687932236871,27.618506424430322,1
Telangana,2025-09-06 06:00:00,6,Normal,0.9737118915121266,15.30684229547619,27.789074217045496,23.119672356027273,4.669401861018223,0.1763854502669529,28.867758819460054,1.0786846024145582,0
Coastal Andhra,2025-09-06 12:00:00,6,Heavy Rain,0.8083910192822864,5.408090702867135,83.2980324179116,68.41137636697745,14.88665605093415,0.06294590861625654,140.221001985639,56.92296956772739,1
Odisha,2025-09-06 18:00:00,2,Normal,0.9668823768742749,9.609851441556295,15.712231659215195,12.89971783282112,2.812513826394076,0.2622941307325862,61.41591793281681,45.70368627360162,1
Tamil Nadu,2025-09-07 00:00:00,8,Normal,0.7365436533500096,14.228642089461834,83.92565971814703,75.92817761879701,7.997482099350023,0.11114220500335753,99.7980732802169,15.872413562069866,0
Maharashtra,2025-09-07 06:00:00,3,Heavy Rain,0.17178708290596395,38.6750432488945,10.590410355861636,13.107777615473633,2.517367259611998,0.2843035504089813,43.2239267081436,32.633516352281966,0
West Bengal,2025-09-07 12:00:00,7,Cyclonic,0.4617281682934089,11.287937490600477,7.183161929800569,5.169822684984313,2.0133392448162564,0.331857756049295,31.008610200607208,23.82544827080664,0
Odisha,2025-09-07 18:00:00,5,Heavy Rain,0.6819375554222233,4.955510656775389,22.14440904103977,18.562692322673886,3.5817167183658825,0.2182588015517163,0.0,22.14440904103977,0
Rajasthan,2025-09-08 00:00:00,3,Cyclonic,0.4156466585088259,15.107730760125133,61.5961444513557,53.59344139178462,8.002703059571076,0.11107775002496238,81.25504535356123,19.65890090220553,0
Telangana,2025-09-08 06:00:00,1,Normal,0.34604552630240076,3.897242583908556,49.34294398452675,49.34232331606747,0.0006206684592768852,0.999379716531108,57.652085640533784,8.309141656007036,0
Karnataka,2025-09-08 12:00:00,8,Heavy Rain,0.6196593404197819,18.943188700012705,85.3957593797786,69.11009904167126,16.285660338107334,0.05785142021999799,85.54640339416912,0.15064401439052233,0
Coastal Andhra,2025-09-08 18:00:00,3,Heavy Rain,0.9401516890321914,4.685483694644228,42.78165485139135,64.97887449841944,22.197219647028092,0.04310861453295395,57.4292305486238,14.647575697232448,0
Coastal Andhra,2025-09-09 00:00:00,2,Normal,0.1314836861645382,3.3029602449646553,20.210399044360056,23.15715302909082,2.9467539847307656,0.2533727726300672,15.297145734801191,4.913253309558865,0
Karnataka,2025-09-09 06:00:00,1,Heavy Rain,0.792308083187294,8.785037271023889,50.415832322769205,62.69724866167299,12.281416338903782,0.07529317464966524,44.433924886216325,5.981907436552881,0
Tamil Nadu,2025-09-09 12:00:00,4,Monsoon,0.7504545502401644,11.051358197094036,65.51567926388225,69.42345614936687,3.9077768854846227,0.20375824397348377,11.221606461766633,54.294072802115615,1
Odisha,2025-09-09 18:00:00,8,Heavy Rain,0.9675580828494584,3.434733202775294,58.95176162506702,79.64903117541066,20.697269550343634,0.04608874852569467,70.11712698946755,11.165365364400529,0
West Bengal,2025-09-10 00:00:00,3,Monsoon,0.9376401000992892,5.2892303590465755,60.64572362222282,43.31396749775438,17.331756124468434,0.05455014747142765,9.44567231000731,51.20005131221551,1
Tamil Nadu,2025-09-10 06:00:00,1,Heavy Rain,0.7860093058397736,11.938612969557777,70.9365457547049,61.050282159855584,9.88626359484931,0.09185888172624596,52.46870656166068,18.467839193044213,0
Karnataka,2025-09-10 12:00:00,4,Normal,0.5683678882143388,9.804386860513356,45.21155799435677,35.981927665088776,9.22963032926799,0.09775524313316586,34.74813682994825,10.463421164408516,0
Telangana,2025-09-10 18:00:00,9,Normal,0.2838407979101679,11.473885004570224,85.38368103837327,81.72534865317468,3.658332385198591,0.21466909557106853,134.3830876003798,48.99940656200654,1
Karnataka,2025-09-11 00:00:00,1,Heavy Rain,0.590712146493017,19.18452404786259,13.737111058390932,19.17601031252935,5.438899254138418,0.15530604852332153,74.17675266595812,60.43964160756719,1
Tamil Nadu,2025-09-11 06:00:00,2,Normal,0.7888167945276884,10.572952885770066,88.28680076582876,136.83072192042587,48.543921154597115,0.020184110920078262,120.08703463441915,31.800233868590396,0
Maharashtra,2025-09-11 12:00:00,9,Normal,0.9061022913741038,22.736020702056514,86.27052977494634,106.8597080568434,20.589178281897063,0.04631950262037157,78.21031128496455,8.060218489981793,0
Coastal Andhra,2025-09-11 18:00:00,2,Normal,0.8107408082894941,15.708049881448607,43.144866096472725,42.08822979479059,1.0566363016821327,0.4862308416816795,26.11196512162941,17.032900974843315,0
Coastal Andhra,2025-09-12 00:00:00,3,Heavy Rain,0.2757402416719486,5.39055941850204,55.16380545675802,70.61030102331877,15.446495566560749,0.06080322680007371,45.805709537116215,9.358095919641805,0
Rajasthan,2025-09-12 06:00:00,7,Normal,0.6397176828052534,19.777810679903535,62.99462773048214,86.35208737380225,23.357459643320112,0.04105518451610138,61.85855175474556,1.1360759757365742,0
Rajasthan,2025-09-12 12:00:00,3,Monsoon,0.39895611357822136,10.262564324176092,175.74769486286306,227.44003316990498,51.69233830704192,0.018978091163328725,156.4660993591014,19.28159550376165,0
Karnataka,2025-09-12 18:00:00,9,Heavy Rain,0.1082851006515787,17.772904906690073,40.65532501193226,39.2970828539153,1.3582421580169637,0.42404466250442063,0.0,40.65532501193226,0
West Bengal,2025-09-13 00:00:00,6,Normal,0.28019884220979946,11.629262755674635,41.855131702519074,40.735224538970726,1.1199071635483477,0.47171877013999886,48.07612059600268,6.220988893483607,0
Telangana,2025-09-13 06:00:00,3,Monsoon,0.20189858494010435,26.500197382139852,18.584356442566435,15.526029694256135,3.0583267483103,0.2464069706601012,2.4947769460581064,16.08957949650833,0
Maharashtra,2025-09-13 12:00:00,9,Heavy Rain,0.8584472111855217,3.309828474867454,108.28272610579452,101.64458620230657,6.638139903487954,0.1309219276729077,93.52205480410373,14.760671301690792,0
Odisha,2025-09-13 18:00:00,1,Heavy Rain,0.3326556269330308,7.226171731310793,59.582240548006794,47.67634464010863,11.905895907898163,0.0774839660211438,47.0463556718708,12.535884876135995,0
Tamil Nadu,2025-09-14 00:00:00,10,Heavy Rain,0.35622817199879997,13.161424240619342,35.68259760860375,35.107980679735824,0.5746169288679255,0.6350750977375509,22.907336743682833,12.775260864920917,0
West Bengal,2025-09-14 06:00:00,3,Normal,0.9639429146189958,9.476317599207821,46.63279213154706,46.36299169332127,0.26980043822579347,0.7875253227957871,40.610337816731175,6.022454314815889,0
Telangana,2025-09-14 12:00:00,1,Monsoon,0.441178050743967,3.929011176062052,75.73583850423417,59.38491388088177,16.350924623352398,0.05763381616297913,84.1890086647718,8.453170160537638,0
Rajasthan,2025-09-14 18:00:00,2,Normal,0.1086270761299551,24.768308142759317,49.041664541570654,81.96570529154222,32.92404074997157,0.029477620527880014,45.198727103344986,3.8429374382256682,0
Karnataka,2025-09-15 00:00:00,8,Heat Wave,0.3554615335115229,8.045051654505032,59.33152047479759,63.72345118637647,4.39193071157888,0.18546232388568237,68.41770612770941,9.086185652911816,0
Tamil Nadu,2025-09-15 06:00:00,7,Monsoon,0.20736962254163122,16.624792215951555,21.18819586078867,28.03435716962855,6.8461613088398785,0.12745085917024798,53.57008949798541,32.38189363719674,0
Rajasthan,2025-09-15 12:00:00,2,Heavy Rain,0.19252770556226856,12.447450888545955,23.342573135027237,30.348939532162515,7.006366397135277,0.12490060414394795,17.658465818333596,5.684107316693641,0
Karnataka,2025-09-15 18:00:00,2,Normal,0.16973856112217456,14.722669614529094,93.65272968295957,139.14431322232056,45.49158353936099,0.02150926950365917,108.37470212821853,14.721972445258956,0
Tamil Nadu,2025-09-16 00:00:00,9,Normal,0.6339335231578396,3.110281923304136,28.798093709555733,22.268010892400596,6.530082817155137,0.13280066425322526,29.859057497462807,1.060963787907074,0
Odisha,2025-09-16 06:00:00,6,Normal,0.2704129512668728,8.298971967096417,23.693677023238834,20.463802782512747,3.2298742407260868,0.23641364803988668,30.431455612118707,6.737778588879873,0
Telangana,2025-09-16 12:00:00,5,Heavy Rain,0.4251185146369094,14.978040740362177,9.008148107589854,4.92283827282407,4.085309834765784,0.19664485203310278,26.39988780072123,17.391739693131377,0
Tamil Nadu,2025-09-16 18:00:00,10,Normal,0.875815944517015,16.547554564946708,83.90471098309781,49.97342945588094,33.931281527216875,0.028627635640016393,33.61708042626151,50.287630556836305,1
Maharashtra,2025-09-17 00:00:00,6,Heavy Rain,0.4819043258166481,15.565125731328289,31.523320783630563,23.56569443427161,7.957626349358954,0.11163671725061007,0.0,31.523320783630563,0
West Bengal,2025-09-17 06:00:00,9,Normal,0.9241222150464738,4.716324491318985,116.06820569323887,111.6626549480935,4.405550745145362,0.18499502588114336,124.66141523164742,8.593209538408559,0
Coastal Andhra,2025-09-17 12:00:00,7,Heat Wave,0.5481442480560457,1.8223248616164125,26.72579104144387,26.096673584487494,0.6291174569563758,0.6138292826769322,2.8028391731316624,23.922951868312207,1
Maharashtra,2025-09-17 18:00:00,10,Normal,0.45895295335578024,2.7558747140816213,16.2318971120334,29.116089336061773,12.884192224028371,0.07202435574677309,54.005331234443936,37.773434122410535,1
Maharashtra,2025-09-18 00:00:00,10,Heat Wave,0.7753500343816314,8.618238334360985,24.939651646904167,28.07748321678398,3.137831569879811,0.2416724758154055,68.3471286077974,43.407476960893234,1
West Bengal,2025-09-18 06:00:00,9,Heat Wave,0.1658575888912019,9.268878894163352,46.37149311064033,57.61953770964691,11.248044599006583,0.08164568571877247,47.99353163255269,1.6220385219123585,0
Coastal Andhra,2025-09-18 12:00:00,4,Heavy Rain,0.18053054468417568,8.590664991540368,165.21336523049996,171.0813501746668,5.867984944166835,0.14560311476065874,186.8081495941532,21.594784363653247,0
Maharashtra,2025-09-18 18:00:00,2,Monsoon,0.6867763425306646,3.1948561342474493,105.98448395572612,71.20109581741386,34.78338813831226,0.02794592832111748,98.73828765613239,7.246196299593734,0
Tamil Nadu,2025-09-19 00:00:00,8,Normal,0.5382466419153235,5.5406227860387,82.53737150904539,88.65985552056729,6.122484011521905,0.1404004555689166,75.85813393601327,6.679237573032111,0
Tamil Nadu,2025-09-19 06:00:00,4,Heavy Rain,0.8113737252872892,24.61458926735185,117.6786648239243,70.1896673093973,47.488997514527,0.02062323519269307,119.67356711201207,1.994902288087772,0
Tamil Nadu,2025-09-19 12:00:00,9,Normal,0.9246437536091783,11.135533747861109,41.24514424864216,39.38428797550353,1.86085627313863,0.34954569699613236,0.0,41.24514424864216,1
Coastal Andhra,2025-09-19 18:00:00,4,Normal,0.44953018990439275,8.178279184424632,31.850941890235006,37.010710163313405,5.159768273078399,0.1623437693866755,25.416750905082075,6.434190985152931,0
Maharashtra,2025-09-20 00:00:00,8,Heavy Rain,0.6367690239261816,24.248992895831236,86.4415891094595,73.75111943176631,12.690469677693187,0.07304351300886104,59.21133459614941,27.230254513310086,0
Karnataka,2025-09-20 06:00:00,9,Heavy Rain,0.5506269650157789,27.956193406952472,44.53067134385627,46.678124775977096,2.1474534321208267,0.3177171709022481,20.00073754545651,24.52993379839976,0
Coastal Andhra,2025-09-20 12:00:00,9,Heavy Rain,0.9834495900781896,6.013877623364783,24.16103526672344,20.524659806707724,3.636375460015717,0.21568572446818404,62.39154392427015,38.23050865754671,1
Tamil Nadu,2025-09-20 18:00:00,10,Normal,0.8479759666209357,11.194563889855464,1.4003151436539167,1.0133123287245644,0.3870028149293523,0.7209790702918909,0.0,1.4003151436539167,0
West Bengal,2025-09-21 00:00:00,4,Normal,0.9205639374496182,2.218350552798978,22.21429717842281,24.923624018972568,2.709326840549757,0.26959069475036895,50.51094925831631,28.296652079893498,1
Maharashtra,2025-09-21 06:00:00,1,Normal,0.3289060788198438,1.6585821437251267,62.56998250861662,78.9095731446477,16.339590636031076,0.057671488386930786,60.21057433546443,2.3594081731521896,0
Maharashtra,2025-09-21 12:00:00,3,Normal,0.7952737808463349,7.190985462725978,24.23891694001336,30.55347244219717,6.314555502183808,0.13671370730613003,9.620985220072482,14.617931719940879,0
Rajasthan,2025-09-21 18:00:00,9,Normal,0.338925902497884,3.0165644935427762,75.98945433592115,71.407521005058,4.581933330863151,0.17914939873446445,55.25874979547437,20.73070454044678,0
Rajasthan,2025-09-22 00:00:00,4,Normal,0.2878682800855509,5.547469537181398,15.570740738872125,7.101026022363888,8.469714716508237,0.10559980209928958,19.998832253956298,4.428091515084173,0
Odisha,2025-09-22 06:00:00,5,Normal,0.9498395436899958,10.420104568771935,22.704674551626,23.20599178349153,0.5013172318655315,0.6660817439345604,3.293893332402913,19.410781219223086,0
Karnataka,2025-09-22 12:00:00,7,Monsoon,0.11737397504607999,21.05702001849311,118.36377336715691,155.92497717109305,37.56120380393614,0.025932800362885065,151.66634746360256,33.30257409644565,0
Karnataka,2025-09-22 18:00:00,5,Normal,0.9688498332970867,11.41463975440832,81.97301524650595,55.0290114170732,26.944003829432752,0.03578585252506743,37.149408396824875,44.82360684968108,1
Telangana,2025-09-23 00:00:00,4,Monsoon,0.2343357072899256,6.065401502357769,46.73588765395394,67.54405976002211,20.80817210606817,0.045854370331282736,49.66866890693217,2.9327812529782307,0
Karnataka,2025-09-23 06:00:00,2,Normal,0.8374942736139414,29.000421533898233,46.695005040591695,22.659418482895067,24.03558655769663,0.03994314244227573,61.37291282335399,14.677907782762297,0
Rajasthan,2025-09-23 12:00:00,2,Cyclonic,0.34833029776129276,9.098089945242277,25.237027301174017,27.741846151806342,2.5048188506323257,0.2853214510129629,40.1230426824594,14.886015381285382,0
Coastal Andhra,2025-09-23 18:00:00,4,Heavy Rain,0.4156320946876546,16.68811805868264,94.94459127520219,114.6399239104453,19.69533263524312,0.04832007378789602,86.06221086410224,8.882380411099945,0
Karnataka,2025-09-24 00:00:00,10,Normal,0.2950819401897865,17.675192901449044,95.98533158509859,131.21712362518738,35.23179204008879,0.027600070095719985,142.40566486023943,46.420333275140834,0
Rajasthan,2025-09-24 06:00:00,10,Heavy Rain,0.6269626382329717,8.128356803502886,40.90221528128849,45.595856190267725,4.6936409089792335,0.17563453965334141,5.49174227699703,35.41047300429146,1
Odisha,2025-09-24 12:00:00,9,Normal,0.41328599275708666,0.5884736531810962,40.26795216942705,36.99358422655233,3.2743679428747186,0.23395271847548338,52.660088282270614,12.392136112843566,0
Maharashtra,2025-09-24 18:00:00,8,Heavy Rain,0.6916537355451969,5.0060591509925745,30.56565162964677,31.85007212516062,1.2844204955138494,0.4377477797821384,0.0,30.56565162964677,1
Karnataka,2025-09-25 00:00:00,3,Normal,0.11408258614785938,5.208477195191482,54.12919186021047,44.89512852922398,9.234063330986487,0.09771289933024163,67.14159397725733,13.012402117046861,0
Odisha,2025-09-25 06:00:00,9,Heat Wave,0.15793739516353567,8.347015163077922,9.591621598143943,4.820549438946677,4.771072159197266,0.17327802744699974,6.173919738707472,3.4177018594364714,0
Maharashtra,2025-09-25 12:00:00,5,Normal,0.18969503745812377,7.022889372451656,43.49800715513304,40.86644269241267,2.6315644627203696,0.2753634171348041,35.03036262536864,8.4676445297644,0
West Bengal,2025-09-25 18:00:00,3,Normal,0.477094316779208,7.325092082661033,82.87431691864292,93.05004037339056,10.17572345474764,0.08947966581753442,72.35322880496244,10.521088113680477,0
West Bengal,2025-09-26 00:00:00,5,Monsoon,0.8333165553939784,8.747871970732469,50.298570176855904,63.196779186400896,12.898209009544992,0.0719517168948331,66.33510843207486,16.036538255218957,0
Maharashtra,2025-09-26 06:00:00,10,Normal,0.8993601193405444,9.994456755976472,69.71896384293929,61.251695678723586,8.467268164215703,0.1056270914327526,110.2050805670354,40.48611672409611,1
Karnataka,2025-09-26 12:00:00,4,Monsoon,0.3203296660548107,1.7655777367883014,57.80999767793152,79.15876605131564,21.348768373384118,0.044745195050253095,65.36991100686788,7.559913328936361,0
Telangana,2025-09-26 18:00:00,8,Heavy Rain,0.6169327518151126,9.870386662697285,51.602921813038726,49.435975250587596,2.1669465624511304,0.31576156410609824,8.583918958299009,43.01900285473972,1
Rajasthan,2025-09-27 00:00:00,5,Monsoon,0.7915284934233404,13.879682931563257,45.85028211212552,51.33587346647221,5.485591354346688,0.15418794453181098,0.0,45.85028211212552,1
Coastal Andhra,2025-09-27 06:00:00,10,Normal,0.35994648692764786,29.267488448308434,76.24391960613656,90.46198841683557,14.218068810699009,0.06571136012323414,134.59166727317466,58.34774766703811,0
Coastal Andhra,2025-09-27 12:00:00,8,Monsoon,0.4681069630626459,9.61148676900867,39.04103193205377,39.562236040075994,0.5212041080222249,0.6573739807343394,62.472073551742426,23.431041619688656,0
Tamil Nadu,2025-09-27 18:00:00,9,Monsoon,0.5715767824171426,15.983140120629692,21.523573468126177,21.035971834616635,0.48760163350954144,0.6722229778955039,89.87720692599058,68.3536334578644,1
Maharashtra,2025-09-28 00:00:00,4,Normal,0.22138736176724294,13.018937308774387,101.41058308118804,140.8878462529424,39.47726317175437,0.02470522761770649,110.82411628684794,9.413533205659903,0
Coastal Andhra,2025-09-28 06:00:00,7,Normal,0.12338406435320229,4.516188846630156,71.57129941609028,41.17114587223827,30.400153543852014,0.03184697802841779,81.9301313165943,10.358831900504015,0
Karnataka,2025-09-28 12:00:00,2,Normal,0.23752522838645493,10.069816931995462,8.550928024692649,8.641596833267416,0.09066880857476711,0.9168686150535021,23.955669398773402,15.404741374080754,0
Telangana,2025-09-28 18:00:00,6,Heat Wave,0.66416825912818,22.863182741835747,54.81550105834272,29.676530782284118,25.1389702760586,0.03825705410116815,0.0,54.81550105834272,0
Maharashtra,2025-09-29 00:00:00,8,Normal,0.1662564353803135,22.078410353533524,7.735133995263372,4.259114539412718,3.476019455850654,0.22341279117830667,0.0,7.735133995263372,0
Telangana,2025-09-29 06:00:00,7,Heavy Rain,0.27072672836511547,22.05816619346486,16.756940315857324,16.534490631015526,0.2224496848417985,0.8180295781493973,7.632444037157226,9.124496278700098,0
Karnataka,2025-09-29 12:00:00,7,Normal,0.4040684971257734,44.38341191856732,58.64794081938986,50.93730740897956,7.710633410410303,0.11480221390156016,63.00714276689984,4.35920194750998,0
Coastal Andhra,2025-09-29 18:00:00,8,Normal,0.1700830578757297,13.75186996182421,98.78458716977448,150.12654334463974,51.34195617486526,0.019105132346585903,78.33112539954175,20.453461770232735,0
Coastal Andhra,2025-09-30 00:00:00,7,Heavy Rain,0.272529344045471,6.177184280521418,146.45006395088788,137.173141942151,9.276922008736875,0.09730539933550676,172.8924536036156,26.442389652727712,0
Tamil Nadu,2025-09-30 06:00:00,5,Heat Wave,0.92014281008516,13.977961213897562,118.74328428828717,152.44106865954308,33.697784371255906,0.02882028400719479,110.86812856405678,7.875155724230396,0
Coastal Andhra,2025-09-30 12:00:00,7,Heavy Rain,0.11736921900428629,3.9702879276333274,11.704063439309284,11.855156233803033,0.15109279449374924,0.8687396922155178,25.170476590092132,13.466413150782849,0
Maharashtra,2025-09-30 18:00:00,10,Monsoon,0.6880887317569259,12.359534608903143,128.2393062288351,89.71696325007974,38.52234297875535,0.025302143664345387,32.46560627588924,95.77369995294585,1
Karnataka,2025-10-01 00:00:00,3,Heavy Rain,0.44596803782366645,3.7707384012932743,76.13682572485882,42.586530269375935,33.55029545548289,0.028943312548179875,102.25677682007282,26.11995109521399,1
West Bengal,2025-10-01 06:00:00,5,Normal,0.705383865489134,4.964233041760072,80.03957205985779,52.75105768333611,27.288514376521682,0.03535003594356158,85.60557043843716,5.565998378579366,0
Karnataka,2025-10-01 12:00:00,7,Normal,0.6298225483270641,1.5695292687417204,29.451795792950904,31.866283614442462,2.4144878214915586,0.29286969299049004,56.43263919929268,26.980843406341776,1
Maharashtra,2025-10-01 18:00:00,9,Heavy Rain,0.30114887891917985,11.72039893603065,62.34502610837316,87.23816332924629,24.89313722087313,0.03862027190717833,36.04868748070905,26.296338627664113,0
Maharashtra,2025-10-02 00:00:00,2,Heat Wave,0.8624885388160497,21.298021834516774,59.371015129245315,45.80957190257979,13.561443226665524,0.06867451147759572,35.97720368317799,23.393811446067325,0
Tamil Nadu,2025-10-02 06:00:00,4,Cyclonic,0.5427463443484211,9.648813049959573,61.802138836304465,74.74735039942495,12.94521156312048,0.07170920250823594,84.7378828228651,22.935743986560638,0
Tamil Nadu,2025-10-02 12:00:00,7,Normal,0.8402824170221246,8.747938210832487,68.97390605884009,65.84039659344157,3.133509465398518,0.24192517481113074,102.46127985860599,33.487373799765905,1
Coastal Andhra,2025-10-02 18:00:00,1,Normal,0.46541128256939734,5.290049966892441,45.22606403552451,33.18632231928689,12.039741716237621,0.07668863553905818,49.75153256632794,4.52546853080343,0
Odisha,2025-10-03 00:00:00,2,Normal,0.9862169985237151,17.09218507676631,39.11604082919573,42.583784750287094,3.467743921091362,0.2238266153257334,56.829016832259015,17.712976003063282,0
Karnataka,2025-10-03 06:00:00,9,Heat Wave,0.7934404226511667,19.066807300856038,48.54911746449861,67.86481511438419,19.31569764988558,0.04922302040686415,45.89118282997911,2.657934634519499,0
Karnataka,2025-10-03 12:00:00,10,Cyclonic,0.9693551846013161,2.3358086183847595,91.84449550645317,90.11173482678433,1.7327606796688428,0.36593032366126566,9.786681307675863,82.05781419877731,1
Odisha,2025-10-03 18:00:00,7,Monsoon,0.5628938310188729,10.298829933929083,79.29773776902685,95.74300815919675,16.445270390169895,0.05732212672172066,58.31621987169592,20.98151789733093,0
Tamil Nadu,2025-10-04 00:00:00,10,Normal,0.5263220190616305,16.66620284728333,88.70893810716454,95.55392628224068,6.844988175076139,0.12746991807802113,64.68211303156659,24.026825075597955,0
Coastal Andhra,2025-10-04 06:00:00,7,Heavy Rain,0.7799084283927321,6.130185351771187,59.56393369844227,64.18561766388001,4.6216839654377395,0.1778826426650851,59.71192296648575,0.14798926804348156,0
Odisha,2025-10-04 12:00:00,6,Heavy Rain,0.8922621367120872,1.9780950215673623,22.818269672705917,18.236913528160944,4.581356144544973,0.17916792516051244,0.0,22.818269672705917,1
Coastal Andhra,2025-10-04 18:00:00,3,Normal,0.9677312162790023,3.598978523836544,30.314312554396643,34.03399239976673,3.719679845370088,0.2118787783838728,27.993868631946032,2.320443922450611,0
Coastal Andhra,2025-10-05 00:00:00,10,Heavy Rain,0.39209671542924973,23.64562153984619,78.86240339571411,50.04298256227803,28.819420833436084,0.033535191900129546,44.80279642895592,34.05960696675819,0
Coastal Andhra,2025-10-05 06:00:00,3,Normal,0.818834116458375,18.608739498171712,94.22204313924362,102.73367789979882,8.511634760555197,0.1051343985733142,66.06363119722388,28.15841194201974,0
Rajasthan,2025-10-05 12:00:00,2,Normal,0.289581037871983,20.244175458752682,86.47481369071876,116.14715110836256,29.672337417643803,0.032602666904178124,87.42553081121116,0.9507171204923992,0
Maharashtra,2025-10-05 18:00:00,6,Cyclonic,0.5910169120709008,2.7588750696534223,48.76212657814183,70.75304831208807,21.990921733946237,0.04349542882934936,41.89476229430982,6.867364283832011,0
Coastal Andhra,2025-10-06 00:00:00,4,Monsoon,0.2618633335682793,16.555366563278323,53.47548915129999,39.541520585587485,13.933968565712505,0.06696143731653086,67.8617271040291,14.386237952729111,0
Rajasthan,2025-10-06 06:00:00,5,Normal,0.41265762557530494,24.67230363150476,49.649822191939876,55.13282455082268,5.483002358882807,0.15424951968894957,49.1675948033279,0.48222738861197456,0
Tamil Nadu,2025-10-06 12:00:00,3,Heavy Rain,0.9382225304858133,5.0019274616045815,14.116394836731514,11.627372547803763,2.4890222889277513,0.2866132449693581,0.0,14.116394836731514,0
Odisha,2025-10-06 18:00:00,6,Normal,0.2314816297957775,7.545324704705404,20.723205884687506,21.451201984452073,0.7279960997645674,0.5787050098876069,0.29595225518327695,20.42725362950423,0
Maharashtra,2025-10-07 00:00:00,3,Monsoon,0.6691608056216768,10.624842048139955,67.28583774200798,99.61938825701846,32.33355051501047,0.0299998045377641,49.5503578465736,17.735479895434388,0
West Bengal,2025-10-07 06:00:00,8,Monsoon,0.633658845634663,11.937492513565488,37.153379446866715,45.30623752096167,8.152858074094958,0.1092554906789463,4.5240494078782305,32.629330038988485,0
Odisha,2025-10-07 12:00:00,9,Monsoon,0.20866451743808784,6.4043030680429,7.500407751389245,6.276989422380601,1.223418329008644,0.44975791867555137,8.532517186584027,1.0321094351947817,0
Maharashtra,2025-10-07 18:00:00,4,Monsoon,0.393381139391931,17.884843846350446,50.313152267464496,41.397419394134964,8.915732873329532,0.10084983256151568,23.611118394254085,26.70203387321041,0
West Bengal,2025-10-08 00:00:00,9,Normal,0.6066833540637392,13.371339754188064,22.19099206373343,22.285105762389925,0.09411369865649633,0.9139817929598523,26.67869775641418,4.487705692680752,0
Odisha,2025-10-08 06:00:00,7,Normal,0.26846074808964127,4.182217155175802,19.92206229100634,20.345370129805126,0.42330783879878453,0.702588697076214,49.017463360432906,29.095401069426565,1
Maharashtra,2025-10-08 12:00:00,3,Heavy Rain,0.8205612907715338,17.08517940402593,13.722663119723366,14.178592552974985,0.45592943325161883,0.686846475633532,0.0,13.722663119723366,0
Odisha,2025-10-08 18:00:00,7,Normal,0.9749408585812749,7.976518901193877,26.27822407193143,16.494805399239976,9.783418672691454,0.09273496934070243,32.036228456876046,5.758004384944616,0
Odisha,2025-10-09 00:00:00,1,Monsoon,0.29328345996622485,13.7817307575759,5.250392269351937,7.874410812323818,2.624018542971881,0.27593677795587346,0.0,5.250392269351937,0
West Bengal,2025-10-09 06:00:00,3,Normal,0.2682207683115183,4.506922808585131,22.15292920319307,33.771509370456386,11.618580167263314,0.07924821863828421,26.495718250122515,4.342789046929443,0
Odisha,2025-10-09 12:00:00,6,Normal,0.5094415646177002,4.7357828607284045,67.78953320437536,75.91294572211918,8.123412517743816,0.1096081096908787,120.19652277469817,52.40698957032281,1
Odisha,2025-10-09 18:00:00,4,Normal,0.7729887494260289,1.8148459355237134,57.843016958347306,45.26011583548787,12.582901122859433,0.07362197449240379,59.166998676173755,1.3239817178264488,0
West Bengal,2025-10-10 00:00:00,7,Heat Wave,0.3534405492117263,19.494465689958766,86.76767242091472,73.16740642046105,13.600266000453672,0.06849190281662862,145.30776260140726,58.54009018049254,1
Tamil Nadu,2025-10-10 06:00:00,3,Normal,0.11789191782755237,15.960994430239628,61.13783891818763,46.74100279721181,14.39683612097582,0.06494840837057776,49.131271904916154,12.006567013271479,0
Coastal Andhra,2025-10-10 12:00:00,1,Heavy Rain,0.5870985652296046,10.670003227410138,3.8026197454058486,2.821393313961141,0.9812264314447074,0.5047378654598311,8.89820437608529,5.095584630679442,0
Karnataka,2025-10-10 18:00:00,9,Normal,0.9609405109905769,2.651460487738586,36.531897586677,30.74107711773441,5.790820468942588,0.1472576111492625,1.9684513220561897,34.56344626462081,1
Telangana,2025-10-11 00:00:00,6,Normal,0.452149169866251,21.72533447034306,34.39503341739554,38.02641965024804,3.631386232852499,0.2159180750045314,28.027852452185638,6.367180965209901,0
Rajasthan,2025-10-11 06:00:00,8,Heavy Rain,0.47812109876479036,13.594659690154597,20.36284950685221,21.01681430361506,0.6539647967628497,0.6046077896925052,58.62949277689192,38.26664327003971,0
Telangana,2025-10-11 12:00:00,3,Monsoon,0.9720115454026341,6.398908518902609,13.727704960516643,18.958700239014703,5.23099527849806,0.16048800477361994,0.0,13.727704960516643,0
Telangana,2025-10-11 18:00:00,8,Heavy Rain,0.7251468504640555,11.42337020212548,65.1189258162,40.32120513666846,24.797720679531544,0.03876311447907958,127.15790899743122,62.03898318123122,1
Maharashtra,2025-10-12 00:00:00,2,Cyclonic,0.7472547305579127,7.812395461283845,43.51762353815732,33.9344860135005,9.58313752465682,0.09448993719208303,52.8485886434504,9.330965105293075,0
Coastal Andhra,2025-10-12 06:00:00,4,Normal,0.6064318048339609,13.602280386461077,18.009773955531752,9.004365479366152,9.0054084761656,0.09994594447414631,59.1623176379771,41.15254368244534,0
Maharashtra,2025-10-12 12:00:00,3,Normal,0.9771482897769175,3.8492026987842296,12.291048942683734,12.735638228835452,0.444589286151718,0.6922382780948958,5.236581805358167,7.054467137325567,0
Coastal Andhra,2025-10-12 18:00:00,10,Heat Wave,0.7199798359830005,1.0708241961019545,77.24040462652981,108.14894712142498,30.908542494895173,0.03133956996500179,69.47235184600696,7.768052780522851,0
West Bengal,2025-10-13 00:00:00,1,Normal,0.9055294764446525,12.721016357510535,68.78691819198616,60.662375820591826,8.124542371394334,0.10959453738031014,66.17270683046588,2.614211361520276,0
West Bengal,2025-10-13 06:00:00,7,Heavy Rain,0.729440979159899,14.182610007801767,69.98222209113382,93.87111849243307,23.88889640129925,0.04017855930115881,107.11941478250661,37.13719269137279,0
Karnataka,2025-10-13 12:00:00,10,Monsoon,0.7616042423563564,1.8099734077667948,67.01882824482395,78.64267212777632,11.623843882952372,0.07921517481299264,19.471660809711814,47.54716743511214,1
Coastal Andhra,2025-10-13 18:00:00,2,Normal,0.3613698299280219,0.6026527878929961,66.98230638575293,81.49702254168574,14.514716155932803,0.06445493362233388,58.22439484619063,8.757911539562308,0
Odisha,2025-10-14 00:00:00,4,Monsoon,0.37313082821243715,10.757932920499055,62.192800560794424,71.30249958868993,9.109699027895502,0.09891491301973668,56.75969215725877,5.433108403535655,0
Tamil Nadu,2025-10-14 06:00:00,9,Normal,0.8046861846184262,13.041563831009883,28.62960502612655,41.53596090680177,12.906355880675218,0.07190956484794386,47.029016070036676,18.399411043910124,0
Karnataka,2025-10-14 12:00:00,6,Normal,0.3670356602529097,7.566407163976304,66.3353168488563,63.015163534426485,3.3201533144298097,0.23147326662224807,73.0484420355994,6.713125186743099,0
Karnataka,2025-10-14 18:00:00,8,Normal,0.6064930637213785,4.087752278755763,48.11626405018547,56.37782554094535,8.261561490759881,0.1079731534469306,48.47417417225573,0.3579101220702583,0
Odisha,2025-10-15 00:00:00,2,Monsoon,0.32441707981603174,29.388443951062726,22.69900583255129,33.17165801978865,10.472652187237362,0.0871638034239755,56.457497921922425,33.75849208937113,0
Tamil Nadu,2025-10-15 06:00:00,7,Normal,0.8352850427281625,12.215213133105149,44.09929199604795,32.81752787180309,11.281764124244866,0.08142152787529489,19.673575037912567,24.425716958135386,0
Maharashtra,2025-10-15 12:00:00,6,Monsoon,0.199451216104921,19.321001557229483,94.2274363842084,89.15908162242349,5.068354761784917,0.16478931098383323,56.485047171268164,37.74238921294024,0
Tamil Nadu,2025-10-15 18:00:00,9,Heat Wave,0.846501975785498,3.2703177967213652,53.7578582120354,61.48255789979311,7.724699687757706,0.11461712560756407,0.0,53.7578582120354,1
Maharashtra,2025-10-16 00:00:00,7,Heavy Rain,0.6424568204568416,21.302084691535093,58.305895455396,45.78897332983951,12.51692212555649,0.07398133914741556,73.15471499650474,14.848819541108739,0
West Bengal,2025-10-16 06:00:00,1,Heavy Rain,0.2682185813443696,11.887893969145756,19.205518403400696,14.88085459844316,4.324663804957536,0.18780528435784968,0.0,19.205518403400696,0
Telangana,2025-10-16 12:00:00,8,Heavy Rain,0.5878318469555064,27.465591174147207,23.80932264449449,35.892374666422285,12.083052021927795,0.07643476448186204,0.0,23.80932264449449,0
West Bengal,2025-10-16 18:00:00,10,Normal,0.3542489531626064,13.781303762011188,48.223694038833514,38.43374904068039,9.789944998153125,0.09267887836047045,66.01183776597333,17.78814372713981,0
West Bengal,2025-10-17 00:00:00,3,Heavy Rain,0.39112060125744696,9.530971869227258,39.49702384465829,35.878856624274405,3.6181672203838815,0.21653611752864935,61.9240928651045,22.42706902044621,0
Telangana,2025-10-17 06:00:00,2,Heavy Rain,0.4163752374371923,8.326421108115525,35.34495452897398,37.252877787202635,1.9079232582286565,0.343888029771853,13.80470761810713,21.54024691086685,0
Tamil Nadu,2025-10-17 12:00:00,3,Heat Wave,0.15698732227508885,5.150484093774928,19.443330298247016,21.527199844927907,2.0838695466808907,0.32426793185084,26.65682963597692,7.213499337729903,0
Karnataka,2025-10-17 18:00:00,6,Heat Wave,0.9873655159612756,8.393444423687624,23.404071326786884,20.213896328878814,3.19017499790807,0.23865351697703474,47.22247352068298,23.818402193896098,0
Tamil Nadu,2025-10-18 00:00:00,3,Cyclonic,0.1283811653181017,13.952297733083679,12.907016098887043,12.236160676732668,0.670855422154375,0.5984958283886799,0.0,12.907016098887043,0
Maharashtra,2025-10-18 06:00:00,10,Cyclonic,0.6962471858658505,15.684685327948888,30.325896434794505,22.73062283378929,7.595273601005214,0.11634300970745717,108.54080651995844,78.21491008516394,1
Odisha,2025-10-18 12:00:00,5,Heavy Rain,0.4341048829816875,4.490052403549619,39.684649345074725,34.19078386035747,5.493865484717254,0.15399148663510395,50.2666996915864,10.582050346511679,0
Maharashtra,2025-10-18 18:00:00,6,Monsoon,0.681409261852029,2.3529960519478212,41.742630592648936,48.99890764963442,7.256277056985482,0.12111996643256039,91.06425176301806,49.32162117036913,1
Odisha,2025-10-19 00:00:00,8,Cyclonic,0.42062342777882544,11.177289753332252,92.285314033179,113.19838282713992,20.913068793960917,0.04563486791387214,127.49627004212762,35.210956008948614,0
West Bengal,2025-10-19 06:00:00,7,Normal,0.7063755816329729,1.69746519715943,6.9874685314228655,8.766068258208017,1.7785997267851519,0.35989350692012156,21.336626506633063,14.349157975210197,0
Telangana,2025-10-19 12:00:00,8,Heat Wave,0.7563119585215247,8.530247730584218,125.41927409189438,125.26708487599123,0.1521892159031495,0.8679130009181216,150.03306993142115,24.613795839526773,0
West Bengal,2025-10-19 18:00:00,3,Normal,0.7214973763596804,2.6975514087472083,67.08413216257034,63.78490376940477,3.2992283931655706,0.23259987805944143,74.1834492608273,7.099317098256961,0
Coastal Andhra,2025-10-20 00:00:00,4,Heavy Rain,0.20256578322233704,15.243297690009625,46.430783620948255,31.250801103492016,15.179982517456239,0.061804763937236724,98.34961772343955,51.918834102491296,1
Tamil Nadu,2025-10-20 06:00:00,6,Monsoon,0.6912039111892162,6.373250446107201,22.032835738580346,20.072508793892908,1.9603269446874378,0.33780052632179236,51.45026160198468,29.417425863404333,1
Odisha,2025-10-20 12:00:00,7,Heat Wave,0.3519887945086876,7.037067850806492,31.67402759625078,33.047371288674434,1.3733436924236528,0.4213464755198614,0.0,31.67402759625078,1
Maharashtra,2025-10-20 18:00:00,9,Normal,0.12592123351240017,2.2018197696633464,66.13890072412369,84.13038469789822,17.991483973774535,0.05265517962582106,60.738302135567835,5.400598588555852,0
Telangana,2025-10-21 00:00:00,1,Monsoon,0.47334760470005854,18.056453793600156,25.23046035981626,13.036776970557511,12.193683389258748,0.07579384547109269,37.358599592642136,12.128139232825877,0
Odisha,2025-10-21 06:00:00,8,Heavy Rain,0.49018879252342096,10.313793859924186,70.17799997018359,64.26835161787336,5.909648352310228,0.14472516530680637,93.15213000514377,22.974130034960183,0
Maharashtra,2025-10-21 12:00:00,8,Normal,0.5204567200172019,10.589585205299201,43.4271604021065,18.82759622192838,24.59956418017812,0.039063165019594566,23.883525665909808,19.543634736196694,0
Tamil Nadu,2025-10-21 18:00:00,6,Monsoon,0.7343417488516446,2.820787271636166,43.312474771420355,25.947303323210075,17.36517144821028,0.054450893792088825,40.94312369660007,2.369351074820287,0
West Bengal,2025-10-22 00:00:00,4,Heavy Rain,0.37795942822821327,1.5214474062313599,66.22349037308922,88.0352492370141,21.81175886392488,0.04383704062300196,87.11084048076881,20.887350107679595,1
Tamil Nadu,2025-10-22 06:00:00,3,Monsoon,0.3837524617935303,4.462288897179055,18.049711843536485,12.175724545945041,5.8739872975914444,0.14547597438103893,27.30018903847144,9.250477194934955,0
Rajasthan,2025-10-22 12:00:00,3,Normal,0.15449703061713455,6.245861207470416,34.74991447573047,35.688801758052314,0.9388872823218435,0.5157597396804247,48.94448364446798,14.194569168737509,0
Coastal Andhra,2025-10-22 18:00:00,6,Heavy Rain,0.7181390943930663,4.347994973376394,39.846105538970235,50.068401503242455,10.22229596427222,0.08910832535371038,60.97531031734903,21.129204778378792,0
Rajasthan,2025-10-23 00:00:00,8,Heavy Rain,0.6110434822596256,27.549653344013493,64.20516290360652,56.69228963425895,7.512873269347573,0.11746915152616152,30.533127093324346,33.672035810282175,0
Telangana,2025-10-23 06:00:00,7,Normal,0.4144826014244093,18.383422608803958,87.44319059401269,60.68320387912457,26.75998671488812,0.03602307199461605,71.84990787201384,15.593282721998847,0
Odisha,2025-10-23 12:00:00,1,Normal,0.7346700810256191,8.694952436378378,16.831006653043975,17.332377801654996,0.5013711486110211,0.6660578238266669,0.0,16.831006653043975,0
Telangana,2025-10-23 18:00:00,6,Heat Wave,0.5836219743041895,4.766218543778616,43.65628891420946,60.68042054525554,17.024131631046075,0.05548117493092024,40.17813577395753,3.4781531402519335,0
West Bengal,2025-10-24 00:00:00,7,Heavy Rain,0.5223204512834857,3.339833664591014,15.780461295313664,19.69700398941533,3.916542694101665,0.20339495906334581,58.96099631071222,43.180535015398554,1
Maharashtra,2025-10-24 06:00:00,7,Monsoon,0.5601920892950139,8.40254911776346,43.39593772452905,40.70132015044679,2.694617574082258,0.2706640078299307,81.32734856697508,37.93141084244603,1
Tamil Nadu,2025-10-24 12:00:00,9,Normal,0.6727133127403508,10.836743300371497,58.60028464889824,50.440089095915816,8.160195552982422,0.1091679750957298,44.8561491995713,13.74413544932694,0
Rajasthan,2025-10-24 18:00:00,10,Normal,0.6940023441171396,5.9791045862582815,31.697942641822166,40.86184567500254,9.163903033180375,0.0983874006605011,28.816418935809107,2.881523706013059,0
Karnataka,2025-10-25 00:00:00,5,Normal,0.3600620372266454,11.99059992404073,90.27374027493661,57.29141334856201,32.982326926374604,0.029427060782699754,113.24396949339332,22.97022921845671,0
Rajasthan,2025-10-25 06:00:00,1,Normal,0.22666902705203792,5.60576148665659,59.05337305540921,72.88626893765706,13.832895882247854,0.06741771855870769,62.14236287742511,3.088989822015897,0
West Bengal,2025-10-25 12:00:00,2,Heavy Rain,0.2409707630714669,3.302858705444476,56.15226296180319,48.70486138915752,7.447401572645667,0.11837959772602677,30.770637232058753,25.381625729744435,1
Rajasthan,2025-10-25 18:00:00,4,Heavy Rain,0.6754517973127014,12.011898132110781,47.54600156582043,29.868853232285964,17.67714833353447,0.05354136413879194,18.708009693216336,28.837991872604096,0
West Bengal,2025-10-26 00:00:00,5,Heavy Rain,0.8855859571904133,1.4579071763393663,65.54971713812583,36.60122029934783,28.948496838778,0.03339065748051759,21.792630902646543,43.757086235479285,1
Karnataka,2025-10-26 06:00:00,9,Normal,0.46854665051099664,2.341143481096858,94.79503662080539,133.54506923231264,38.75003261150725,0.02515721206504142,121.08367124999667,26.28863462919128,1
Telangana,2025-10-26 12:00:00,1,Heavy Rain,0.25256814429651614,3.8569304018265145,49.545482747275386,47.0541630759941,2.491319671281289,0.28642464573660975,29.763004456503726,19.78247829077166,0
Tamil Nadu,2025-10-26 18:00:00,3,Normal,0.7809422484644691,5.244725042566106,32.963584881858154,25.5942851898492,7.369299692008955,0.11948431013347563,42.58385299815319,9.620268116295037,0
Odisha,2025-10-27 00:00:00,5,Normal,0.8492405269775036,13.983686637697872,162.39338962679457,160.6190927333079,1.774296893486678,0.3604516886234267,120.44255421887458,41.950835407919996,0
Maharashtra,2025-10-27 06:00:00,3,Heat Wave,0.8925241988088699,2.2108021547121934,48.7060700936139,41.73783600139015,6.968234092223753,0.1254983210114153,40.83099414574557,7.875075947868332,0
Odisha,2025-10-27 12:00:00,4,Heavy Rain,0.6461482860223599,7.062021817394747,39.62072067497005,34.28834266801928,5.332378006950769,0.15791855743645508,22.6521498475805,16.968570827389552,0
Telangana,2025-10-27 18:00:00,3,Monsoon,0.8746557034492762,10.934242372193726,63.374352619497,55.51183126151832,7.862521357978686,0.11283470692002646,43.08921980269696,20.285132816800044,0
Maharashtra,2025-10-28 00:00:00,4,Normal,0.11387346260356691,10.273144744832239,9.445021382234952,9.464623097656139,0.019601715421186938,0.9807751251055029,8.012137343537946,1.432884038697006,0
Rajasthan,2025-10-28 06:00:00,1,Heat Wave,0.19651222159257117,13.988000726561424,15.87478670022004,18.880751180358185,3.005964480138145,0.2496277750234858,6.876507519917675,8.998279180302365,0
Karnataka,2025-10-28 12:00:00,8,Heavy Rain,0.18331846034688887,7.2285462299973835,7.45441671391934,4.605109705363036,2.8493070085563037,0.25978702082665356,35.71609489707508,28.26167818315574,0
Karnataka,2025-10-28 18:00:00,4,Monsoon,0.7413442158292597,5.101162008585857,9.092241323591848,12.161884856358443,3.0696435327665945,0.24572176701682458,12.35188203021238,3.259640706620532,0
Coastal Andhra,2025-10-29 00:00:00,7,Normal,0.16262360518922114,20.300341029546516,20.846033134067106,15.921200070501595,4.9248330635655115,0.16878112670371323,1.6396369810396614,19.206396153027445,0
Telangana,2025-10-29 06:00:00,2,Heat Wave,0.5467279352196763,4.9352679398290125,31.722938820734253,33.75468364105227,2.031744820318014,0.32984306373618383,29.890322429834494,1.8326163908997586,0
Telangana,2025-10-29 12:00:00,2,Monsoon,0.5254362087726602,4.368928554893495,30.665173214965584,30.219397974189473,0.4457752407761113,0.6916704421243144,36.81617414108032,6.151000926114733,0
Tamil Nadu,2025-10-29 18:00:00,6,Cyclonic,0.3796331712024169,4.097804645536122,40.39408517800385,32.24542817134662,8.148657006657231,0.10930566084971018,33.398398636262456,6.995686541741392,0
Odisha,2025-10-30 00:00:00,2,Normal,0.8833646529478898,3.9660655012783304,54.08535882380525,69.43635784667448,15.350999022869232,0.061158342594318287,78.06948839572898,23.98412957192373,1
Telangana,2025-10-30 06:00:00,6,Normal,0.2533898816919964,23.529924262143297,32.596726040514554,26.12494582767931,6.471780212835245,0.13383691322747562,5.601174912896671,26.995551127617883,0
Telangana,2025-10-30 12:00:00,2,Normal,0.4172165059593159,26.147550503338664,55.313133715669814,74.93275758920177,19.619623873531957,0.04849748987340325,103.29557405046812,47.982440334798305,0
Rajasthan,2025-10-30 18:00:00,4,Normal,0.7967543500206362,15.19563374512128,94.27770295256728,110.02263720112413,15.744934248556845,0.05971955369643715,94.90571902106262,0.6280160684953415,0
Rajasthan,2025-10-31 00:00:00,7,Cyclonic,0.12738008295395584,12.352639870818539,137.3311504725367,111.5978989511392,25.733251521397506,0.03740659826581859,111.21935507729714,26.111795395239568,0
Maharashtra,2025-10-31 06:00:00,8,Normal,0.7056553602217318,4.376334119170261,104.50856455477242,73.19668910034977,31.311875454422648,0.030948373807968683,102.49798034802359,2.010584206748831,0
West Bengal,2025-10-31 12:00:00,3,Normal,0.8347579537254135,5.904262915361503,126.20788432319395,159.8168708530727,33.608986529878734,0.028894229512808095,135.34050723361247,9.132622910418519,0
West Bengal,2025-10-31 18:00:00,9,Normal,0.9390410549543505,1.9099709046517763,41.02312940830479,29.320344774254142,11.702784634050648,0.07872289649935765,10.537803238822995,30.485326169481795,1
Coastal Andhra,2025-11-01 00:00:00,2,Normal,0.8886669764423364,7.107076872153303,10.367042307451925,10.022005307095476,0.3450370003564487,0.7434739711509718,23.606476889706883,13.239434582254958,0
West Bengal,2025-11-01 06:00:00,8,Normal,0.3874457051503166,2.5928224315429564,38.554563770116914,45.270816148127004,6.71625237801009,0.12959659054825856,4.951810171675312,33.6027535984416,1
Tamil Nadu,2025-11-01 12:00:00,8,Monsoon,0.6277277271906573,9.740884480810575,19.360564858678536,21.604317352054967,2.24375249337643,0.3082849268068223,26.56491304446102,7.204348185782482,0
Coastal Andhra,2025-11-01 18:00:00,4,Heavy Rain,0.1695641438354193,4.672062562609182,41.406327342420646,39.30659818564361,2.0997291567770375,0.32260883110179733,45.6545673142729,4.248239971852257,0
Maharashtra,2025-11-02 00:00:00,1,Normal,0.3320830031932077,10.353269141244578,15.684602389846702,12.823529486481771,2.8610729033649314,0.2589953686521947,6.465469975263284,9.219132414583418,0
Rajasthan,2025-11-02 06:00:00,1,Normal,0.18480014087275665,4.025164284372591,46.834642490295735,55.289435294496855,8.45479280420112,0.10576646370882527,49.23298675063058,2.398344260334845,0
West Bengal,2025-11-02 12:00:00,2,Normal,0.3836685611385675,1.5750077765471877,24.266715135866733,12.85557716536128,11.411137970505452,0.0805727889236634,23.26927347110717,0.9974416647595632,0
Odisha,2025-11-02 18:00:00,9,Normal,0.887668492112856,3.4655884635987926,24.112977495105103,25.67760989997066,1.5646324048655558,0.3899194278692047,8.182543979328235,15.930433515776867,0
Rajasthan,2025-11-03 00:00:00,2,Monsoon,0.4124501557068634,11.016233083639577,87.42847252113529,59.08681034233915,28.341662178796142,0.03408123213696645,112.05212398152325,24.62365146038796,0
Karnataka,2025-11-03 06:00:00,2,Monsoon,0.6057082927012838,11.537856003824869,47.72291116961654,37.25688410465869,10.46602706495785,0.08721416706368783,33.35208092499155,14.37083024462499,0
Tamil Nadu,2025-11-03 12:00:00,6,Monsoon,0.49004276330344676,10.715596267604209,43.08657227708253,47.054062071820496,3.967489794737965,0.20130891885460833,92.0417080714889,48.95513579440637,1
Rajasthan,2025-11-03 18:00:00,7,Monsoon,0.5130248718688618,9.64691876236729,74.00710463941456,60.1375671711214,13.869537468293167,0.06725158749102551,74.40386502253556,0.3967603831209914,0
Tamil Nadu,2025-11-04 00:00:00,7,Normal,0.9726148466529024,8.698335068387758,54.59766415108056,70.3941095789534,15.796445427872847,0.05953640633634012,64.76647677516365,10.168812624083095,0
Tamil Nadu,2025-11-04 06:00:00,9,Heat Wave,0.3665390214374722,13.403016073509441,73.11170815745818,86.0239250226315,12.91221686517332,0.07187927054985149,114.96565342619601,41.85394526873783,1
Tamil Nadu,2025-11-04 12:00:00,6,Monsoon,0.6645920225708541,0.6254137626618905,39.05239536084356,32.24254604415922,6.809849316684343,0.12804344353529065,0.0,39.05239536084356,1
Maharashtra,2025-11-04 18:00:00,8,Heat Wave,0.4780564026215024,22.805236154265813,70.15164218359193,66.20097708950584,3.950665094086091,0.2019930617392335,63.89728850077661,6.254353682815321,0
Tamil Nadu,2025-11-05 00:00:00,6,Normal,0.1550315629429176,6.953626874112871,11.110171505875769,8.044822303694625,3.065349202181144,0.2459813290979971,21.773267822864618,10.663096316988849,0
Tamil Nadu,2025-11-05 06:00:00,2,Heat Wave,0.5403977484618124,13.472693692416048,38.56741613292701,43.12780141024803,4.560385277321025,0.1798436529351068,35.46304026956107,3.104375863365938,0
Karnataka,2025-11-05 12:00:00,1,Monsoon,0.8320089961405974,8.153106707902047,51.87125200225675,72.20647759835072,20.335225596093963,0.04687084256484634,0.0,51.87125200225675,1
Odisha,2025-11-05 18:00:00,5,Monsoon,0.18887767181351955,4.593897193943518,31.626480637136044,22.177085218901375,9.449395418234669,0.09569931656093277,49.82451620791202,18.198035570775975,0
Coastal Andhra,2025-11-06 00:00:00,9,Normal,0.16263266265667808,6.53838093188721,39.60688527399522,41.472456313333524,1.865571039338306,0.34897058431708317,25.97357272798325,13.633312546011968,0
Telangana,2025-11-06 06:00:00,8,Monsoon,0.23826836835394,3.2897846585988333,75.79889375161957,81.92814040721376,6.129246655594187,0.14026727483405538,97.79855850111434,21.99966474949477,1
Karnataka,2025-11-06 12:00:00,4,Heat Wave,0.7879601002503754,3.8103155672546904,77.29185664194796,53.13742123021883,24.154435411729132,0.0397544203887683,66.08646932314426,11.205387318803702,0
Coastal Andhra,2025-11-06 18:00:00,5,Monsoon,0.7515958457302642,11.926313228869642,51.70107740909694,38.667208996698385,13.033868412398554,0.07125619042548,72.67933786847198,20.978260459375036,0
Tamil Nadu,2025-11-07 00:00:00,5,Heavy Rain,0.6085159920154994,9.792533292724231,97.31514735117716,53.32062604226867,43.99452130890849,0.02222492807812158,102.28378149731093,4.968634146133766,0
Odisha,2025-11-07 06:00:00,6,Heat Wave,0.5214037636833692,1.388657933151227,18.70342924827967,21.325887949495783,2.6224587012161145,0.2760555971733466,15.296628412456402,3.406800835823267,0
Rajasthan,2025-11-07 12:00:00,3,Normal,0.8994932332323599,3.945757371772556,35.7355662357926,32.52216773425089,3.213398501541704,0.23733810121071977,10.302248657101856,25.43331757869074,1
Odisha,2025-11-07 18:00:00,5,Heavy Rain,0.7900280414501343,6.927255880875939,36.674872282536626,30.021797305942425,6.653074976594201,0.130666431866714,82.98779999852101,46.31292771598439,1
Karnataka,2025-11-08 00:00:00,2,Heavy Rain,0.8307480261716247,8.187805979798602,91.69884005172905,139.02275019753336,47.323910145804305,0.02069368966589771,46.33811831356806,45.36072173816099,1
Tamil Nadu,2025-11-08 06:00:00,10,Heat Wave,0.8319360712155888,28.76088444571262,59.108439813065175,32.479834671915526,26.62860514114965,0.03619437155408958,154.32234623584054,95.21390642277537,1
Odisha,2025-11-08 12:00:00,1,Normal,0.6784454392710022,9.593689499248017,107.83279047962884,142.47471467712856,34.64192419749972,0.028056846607348713,102.4467552962585,5.386035183370339,0
West Bengal,2025-11-08 18:00:00,1,Heavy Rain,0.5122131618843513,1.159891042229523,11.670254602313001,5.385629752883166,6.284624849429835,0.1372754288202322,10.805889443790724,0.8643651585222774,0
Odisha,2025-11-09 00:00:00,10,Monsoon,0.8782099773270854,8.518453664374166,52.71027019648712,45.848090746713375,6.862179449773748,0.12719119506090354,58.139177611374144,5.428907414887021,0
Tamil Nadu,2025-11-09 06:00:00,7,Monsoon,0.9334066758429256,2.658640016916513,43.69768695990709,25.14208203639226,18.555604923514828,0.051136234543046034,42.51731305786516,1.1803739020419286,0
Maharashtra,2025-11-09 12:00:00,2,Heavy Rain,0.12142543893250872,7.190582669289729,3.8270203355667998,3.0424630230774152,0.7845573124893845,0.5603630620330377,0.0,3.8270203355667998,0
West Bengal,2025-11-09 18:00:00,4,Heat Wave,0.14639938593962618,30.50831129304114,23.747889712878084,20.536633199258564,3.211256513619521,0.23745881942026678,9.890373338959384,13.8575163739187,0
Odisha,2025-11-10 00:00:00,5,Heat Wave,0.9628689672175935,5.609543683964412,18.862942444886393,15.515987157220318,3.3469552876660753,0.23004607451044434,24.0031644859937,5.140222041107307,0
Telangana,2025-11-10 06:00:00,7,Normal,0.3494445524597753,15.674567968407395,58.67594202586972,62.34418602091931,3.668243995049586,0.21421331041403247,41.42437822146153,17.251563804408192,0
Telangana,2025-11-10 12:00:00,2,Normal,0.8860324956844768,8.446248011565226,88.9646971026602,108.48609095330043,19.521393850640237,0.04872963343904642,93.5235040341636,4.558806931503398,0
Odisha,2025-11-10 18:00:00,6,Normal,0.44991560706526235,22.09731569895282,33.46592110783866,32.51925397389044,0.9466671339482176,0.5136985068278245,30.900799125049772,2.565121982788888,0
Maharashtra,2025-11-11 00:00:00,1,Normal,0.20719005184842004,12.510450536349671,18.21150725432956,19.683854048202203,1.4723467938726422,0.4044740011710157,4.0384979802489624,14.173009274080599,0
Rajasthan,2025-11-11 06:00:00,7,Heavy Rain,0.17239888018840083,17.090648253336187,15.389040602600963,21.39455987407864,6.005519271477679,0.14274459340528933,0.0,15.389040602600963,0
Tamil Nadu,2025-11-11 12:00:00,9,Heat Wave,0.24085710917241085,10.919656700491,111.32118812749047,91.89591327110546,19.425274856385016,0.04895894948935761,81.33357789509984,29.987610232390637,0
Telangana,2025-11-11 18:00:00,5,Monsoon,0.32490387538062826,5.546744225418244,26.020143314286276,31.899871294171202,5.879727979884926,0.14535458421086098,47.5701620615635,21.550018747277225,0
Rajasthan,2025-11-12 00:00:00,5,Normal,0.5396665185377436,20.39668412944096,1.6124465348301933,2.6305405680918352,1.018094033261642,0.4955170490166907,0.0,1.6124465348301933,0
Odisha,2025-11-12 06:00:00,4,Normal,0.7313481105092052,10.051553777614131,28.246602554594986,41.05742389323869,12.810821338643706,0.0724069898147133,18.185309123992944,10.061293430602042,0
Karnataka,2025-11-12 12:00:00,3,Heavy Rain,0.9877587188367699,5.849643944631966,11.351163772321948,15.974846356969206,4.623682584647257,0.1778194243626082,0.0,11.351163772321948,0
Rajasthan,2025-11-12 18:00:00,9,Heavy Rain,0.49735606896025397,4.595191395690754,45.10821819449427,53.31919913325076,8.210980938756492,0.10856606985173099,18.7281250143681,26.38009318012617,1
West Bengal,2025-11-13 00:00:00,5,Normal,0.5663664481087989,10.310503413178862,42.14541346871663,54.274442528413225,12.129029059696592,0.0761670947221675,55.59667582780246,13.451262359085824,0
Coastal Andhra,2025-11-13 06:00:00,8,Cyclonic,0.5696341312449301,18.080935406783645,33.261070933475,29.23776864943864,4.023302284036358,0.19907223245909725,52.65089363092249,19.389822697447492,0
Telangana,2025-11-13 12:00:00,9,Heat Wave,0.5854909199391425,11.602017104301591,13.050838283870391,12.785358617752227,0.2654796661181642,0.7902141984370888,99.47648009584941,86.42564181197902,1
Odisha,2025-11-13 18:00:00,5,Normal,0.5659665913940161,6.218977347238158,41.1725224540904,39.138565340320646,2.033957113769752,0.3296025495750928,42.66930581655642,1.4967833624660187,0
Karnataka,2025-11-14 00:00:00,10,Cyclonic,0.10789727955572605,11.286623395146446,36.697874013053344,30.612057883505575,6.085816129547769,0.14112700382246893,51.72520678337812,15.027332770324776,0
Tamil Nadu,2025-11-14 06:00:00,9,Normal,0.10155233989885665,14.61161592306312,39.6286157603623,41.08080318028417,1.45218741992187,0.4077991722312405,52.2335727415668,12.604956981204502,0
Karnataka,2025-11-14 12:00:00,2,Monsoon,0.18789968631351062,1.8236624888960715,30.535838653834624,26.530477131739488,4.005361522095136,0.1997857688372171,38.81287793006435,8.27703927622973,0
Maharashtra,2025-11-14 18:00:00,9,Heavy Rain,0.19140094308626093,2.6855208246568947,67.0901049563649,68.13397284039767,1.0438678840327782,0.48926841495590656,25.903257070479327,41.18684788588557,1
West Bengal,2025-11-15 00:00:00,4,Normal,0.7344072180593164,13.675152810043148,78.64777678648342,51.49962856609064,27.148148220392777,0.03552631569829236,142.21487641834344,63.56709963186002,1
Odisha,2025-11-15 06:00:00,6,Heat Wave,0.2844244292643998,2.5797497461953416,15.357782464390048,13.309668353396415,2.048114110993634,0.3280717071560083,39.2679264154778,23.910143951087754,1
Tamil Nadu,2025-11-15 12:00:00,6,Heavy Rain,0.9052426942800516,7.180782443097086,64.12138071206138,85.2114455305047,21.090064818443324,0.04526921981528479,0.0,64.12138071206138,1
Maharashtra,2025-11-15 18:00:00,6,Monsoon,0.9357456966193175,9.102164317164213,81.5448009642951,85.51918959575016,3.9743886314550565,0.20102972929710367,47.284873635356696,34.25992732893841,1
Maharashtra,2025-11-16 00:00:00,2,Normal,0.9783040041063088,3.5242525910490183,145.671176476342,194.27819319198488,48.607016715642885,0.020158438588077074,140.0116096478544,5.659566828487584,0
Odisha,2025-11-16 06:00:00,7,Normal,0.9451731743983182,7.410723168940843,47.49010807634549,40.30034348758229,7.189764588763204,0.12210363181526043,47.61981772623996,0.12970964989446543,0
West Bengal,2025-11-16 12:00:00,6,Normal,0.3446994897266722,9.202003236809052,30.936811903703273,29.01641455712913,1.9203973465741413,0.34241915784955756,42.4866560385621,11.54984413485883,0
Rajasthan,2025-11-16 18:00:00,1,Heavy Rain,0.5587991602331612,18.630271428266386,71.21406934030135,75.04057954913816,3.826510208836808,0.20718903653598625,106.09781052662807,34.883741186326716,0
Rajasthan,2025-11-17 00:00:00,2,Monsoon,0.2579094731772469,17.333063785745914,31.36169801329811,29.83525909459415,1.5264389187039598,0.39581404188983554,23.350718168322686,8.010979844975424,0
Maharashtra,2025-11-17 06:00:00,7,Normal,0.8255886896551898,10.278809120364746,84.40562600033887,54.984441938343984,29.421184061994886,0.03287183029963971,62.377304663709786,22.028321336629084,0
Rajasthan,2025-11-17 12:00:00,1,Monsoon,0.8995885346296865,5.108470438858458,39.330826763943534,44.90454530961422,5.573718545670687,0.15212090281208937,54.51067966347781,15.179852899534275,0
Coastal Andhra,2025-11-17 18:00:00,1,Monsoon,0.8661599553677634,17.583703321912687,24.27719602613674,18.295359250448733,5.981836775688006,0.14322878522198879,77.8579656962739,53.58076967013716,1
Maharashtra,2025-11-18 00:00:00,1,Monsoon,0.4900302538271514,17.993224528555942,45.561792085128765,45.443074045101916,0.11871804002684883,0.8938802845943205,29.68235192853193,15.879440156596836,0
Maharashtra,2025-11-18 06:00:00,8,Heavy Rain,0.7828064962181028,4.512512937414519,35.801044131678,16.732676401461237,19.06836773021676,0.04982966295232417,7.962438326358551,27.838605805319446,1
Tamil Nadu,2025-11-18 12:00:00,4,Heat Wave,0.18782125261864252,9.630609088488383,33.56369230125676,28.121408549840417,5.4422837514163405,0.15522445744184263,18.52010418683872,15.04358811441804,0
Rajasthan,2025-11-18 18:00:00,4,Heavy Rain,0.13622029355732562,5.856109445131386,7.689274644007722,7.446594849068174,0.24267979493954783,0.8047125285791313,10.477002204983487,2.787727560975765,0
West Bengal,2025-11-19 00:00:00,2,Heavy Rain,0.7779127728778847,10.539322800664161,80.6453041520001,91.96213133994515,11.316827187945051,0.08118974024241715,139.88920760580416,59.243903453804066,1
Maharashtra,2025-11-19 06:00:00,1,Normal,0.4828197468958153,4.230776551388399,80.29526005763186,55.49545404468884,24.799806012943023,0.03875998135405858,94.27325465485359,13.977994597221723,0
Karnataka,2025-11-19 12:00:00,10,Normal,0.9959943382656122,14.499301621394263,57.471108989912935,44.66675050425652,12.804358485656415,0.07244088894381162,10.92081336065857,46.550295629254364,1
West Bengal,2025-11-19 18:00:00,9,Normal,0.18752879426997915,10.588182069258954,60.66987509241808,87.42971995147867,26.759844859060593,0.036023256076433294,91.79307453925267,31.12319944683459,0
Coastal Andhra,2025-11-20 00:00:00,7,Heavy Rain,0.8700649133817103,4.238796538912154,21.158938418309475,31.554444646099952,10.395506227790477,0.08775388999931197,0.0,21.158938418309475,0
Tamil Nadu,2025-11-20 06:00:00,4,Normal,0.5319847589760925,13.640043357944823,4.123464531225933,4.6540573433159125,0.5305928120899797,0.6533416282247722,25.777747050657027,21.654282519431092,0
Odisha,2025-11-20 12:00:00,6,Normal,0.8444351759534893,5.0739286469694855,48.73998244820578,64.33244074128821,15.59245829308243,0.06026834495144764,75.29444146993345,26.554459021727666,1
West Bengal,2025-11-20 18:00:00,2,Monsoon,0.8354145539531304,1.4294535641809116,38.8231758215152,34.99030948498851,3.832866336526692,0.20691654400661222,1.4627513401082908,37.36042448140691,1
Maharashtra,2025-11-21 00:00:00,7,Normal,0.9243928012258696,3.4644239625014417,48.009291523958176,55.850595622961734,7.841304099003558,0.11310548634026772,0.832424093712234,47.17686743024594,1
Coastal Andhra,2025-11-21 06:00:00,2,Normal,0.3680650101574925,15.608593218058811,2.845595322804373,3.2746162875633376,0.4290209647589647,0.6997797965606976,0.034414361682112204,2.8111809611222607,0
Telangana,2025-11-21 12:00:00,10,Normal,0.9548194181158027,23.824416939512304,65.60471369799247,50.16137070908838,15.443342988904085,0.06081488421635411,85.16894138220778,19.56422768421531,0
Coastal Andhra,2025-11-21 18:00:00,8,Monsoon,0.23650026432185828,24.213654398212043,20.92133706697208,21.94913197774812,1.0277949107760413,0.4931465182626866,0.0,20.92133706697208,0
Coastal Andhra,2025-11-22 00:00:00,8,Normal,0.17377189983414149,5.336194176490681,17.550916762631097,16.25503755675863,1.2958792058724669,0.4355629849524186,47.17377637813547,29.622859615504375,1
Tamil Nadu,2025-11-22 06:00:00,1,Heavy Rain,0.48845396563511423,7.174907484456994,118.54979274407803,129.4515335021351,10.901740758057073,0.08402132262232599,96.58545299598859,21.964339748089444,0
Odisha,2025-11-22 12:00:00,8,Heavy Rain,0.8454906717776584,5.950472294851728,101.31499615591656,87.76193796961178,13.553058186304781,0.06871407969364503,24.59736506327333,76.71763109264323,1
Telangana,2025-11-22 18:00:00,2,Monsoon,0.526079017570101,8.2384992547505,7.54390106887802,4.800060309419985,2.7438407594580347,0.26710537767230297,0.0,7.54390106887802,0
Rajasthan,2025-11-23 00:00:00,6,Heavy Rain,0.8463580097774627,2.4847432874944273,24.98145861611939,25.089227516357425,0.10776890023803531,0.9027153585780588,61.44457458889755,36.46311597277816,1
Rajasthan,2025-11-23 06:00:00,1,Monsoon,0.7567181252148747,5.458957494244542,33.818630159975235,40.84117693751983,7.022546777544598,0.12464869669554768,3.4743300986836942,30.34430006129154,1
West Bengal,2025-11-23 12:00:00,5,Normal,0.2884855475250402,9.654882246542918,93.93832012187501,113.44837139464003,19.510051272765025,0.04875658216066404,88.37489857560696,5.563421546268046,0
Coastal Andhra,2025-11-23 18:00:00,7,Normal,0.9539934624095174,15.662647453690546,68.95412376160071,38.335000582547444,30.61912317905327,0.031626430446448,73.41397146946335,4.459847707862636,0
Karnataka,2025-11-24 00:00:00,10,Normal,0.1547030517664631,10.27670324044143,13.538532620346984,14.156008790392859,0.6174761700458742,0.6182471300159176,36.789773449060704,23.25124082871372,0
Tamil Nadu,2025-11-24 06:00:00,1,Normal,0.9084517367894155,6.924391383624187,44.9906115187515,52.735397965923944,7.744786447172444,0.11435385026736038,65.35170741038749,20.36109589163599,0
Karnataka,2025-11-24 12:00:00,2,Normal,0.37399910409133663,3.545611638791164,33.95059275329041,35.113677045753946,1.1630842924635374,0.46230283465333644,20.96256823114536,12.988024522145047,0
Tamil Nadu,2025-11-24 18:00:00,7,Normal,0.5501332748479594,16.304727675439835,34.74789509889909,42.25914310113888,7.511248002239789,0.11749158287208217,36.82424914021555,2.0763540413164563,0
Rajasthan,2025-11-25 00:00:00,6,Heavy Rain,0.4801166854306611,2.1597103011783987,26.55954060251077,17.193608667795992,9.365931934714776,0.09646985975771946,28.72341909252355,2.163878490012781,0
West Bengal,2025-11-25 06:00:00,3,Monsoon,0.2546511012252246,2.6426742438278232,34.12999513133649,24.360258868945028,9.769736262391465,0.0928527844727319,32.347165332555235,1.7828297987812576,0
West Bengal,2025-11-25 12:00:00,10,Normal,0.4223321797615238,12.65988774599707,64.230688394515,73.69431341540012,9.463625020885118,0.09556917397212022,119.67493521419871,55.44424681968371,1
West Bengal,2025-11-25 18:00:00,2,Monsoon,0.27364099266351577,13.903996802523757,37.14258216605467,33.90861990035925,3.2339622656954248,0.23618538315805016,37.57915339894375,0.4365712328890794,0
Telangana,2025-11-26 00:00:00,10,Normal,0.2834978279144715,0.5743152774633578,39.67697748127633,51.312039568700115,11.635062087423783,0.07914484258809798,39.81121772523696,0.13424024396062606,0
Odisha,2025-11-26 06:00:00,4,Normal,0.2683511524237423,6.971329188253151,69.24387033622736,74.55488849325144,5.31101815702408,0.15845303802319333,47.25634053199327,21.987529804234093,0
Telangana,2025-11-26 12:00:00,3,Heavy Rain,0.5401156423119349,1.1661893457501653,55.33513199424168,42.94840224908308,12.386729745158597,0.07470084322585632,39.618421320659586,15.716710673582092,0
Maharashtra,2025-11-26 18:00:00,7,Normal,0.818138230760184,7.3073047561833135,69.65239977542245,53.183440638927955,16.468959136494497,0.05724439516896542,101.18802465158849,31.53562487616604,1
Maharashtra,2025-11-27 00:00:00,8,Normal,0.6120730303851168,6.161929651225456,21.38335424463787,11.350492596662258,10.032861647975613,0.0906383159607088,30.993073000318226,9.609718755680355,0
Karnataka,2025-11-27 06:00:00,2,Normal,0.9038859296957577,20.552516358431024,42.709870085258586,50.05038907348708,7.340518988228496,0.11989661571556441,15.377962029767943,27.331908055490644,0
Odisha,2025-11-27 12:00:00,10,Heat Wave,0.6728900397190518,11.385161788767794,41.764687853066036,40.54586408619184,1.2188237668741948,0.45068924126802856,89.86180009276184,48.097112239695804,1
Rajasthan,2025-11-27 18:00:00,7,Monsoon,0.720406104069344,11.650447687478636,37.518070350836304,46.112819260183265,8.594748909346961,0.10422367583020598,0.0,37.518070350836304,0
Odisha,2025-11-28 00:00:00,8,Normal,0.7008465067543028,18.343942546044378,32.85284124996121,34.96974973482171,2.1169084848605024,0.32083072212649677,34.1328517398506,1.280010489889392,0
Tamil Nadu,2025-11-28 06:00:00,6,Monsoon,0.504513273865367,18.804470976353077,99.19017417289874,102.0297319005478,2.8395577276490656,0.26044666363495284,80.74796612684534,18.442208046053395,0
Maharashtra,2025-11-28 12:00:00,6,Monsoon,0.7204049399800745,9.241302582962623,30.409501014376556,36.60851009731418,6.199009082937625,0.13890800643245477,44.34911313433544,13.939612119958884,0
Coastal Andhra,2025-11-28 18:00:00,10,Heavy Rain,0.16273697182206504,4.952064324215232,84.25118454034505,82.18882184008702,2.062362700258035,0.326545252107381,97.92035791620162,13.669173375856573,0
Coastal Andhra,2025-11-29 00:00:00,1,Monsoon,0.8738663247240969,15.080877685980967,128.79573493637528,118.09396649913226,10.701768437243018,0.08545716874872665,154.59320666897509,25.797471732599803,0
Rajasthan,2025-11-29 06:00:00,4,Normal,0.8000309290995257,14.57138045122196,17.960450664423853,17.95994609707528,0.0005045673485710722,0.999495687111246,0.0,17.960450664423853,0
Tamil Nadu,2025-11-29 12:00:00,1,Normal,0.32070696240851093,12.572490231332786,13.214313050267538,15.995094956129265,2.7807819058617262,0.26449555274521375,5.145670942950943,8.068642107316595,0
Karnataka,2025-11-29 18:00:00,4,Heavy Rain,0.7912292088286742,9.211465636800735,6.324896424369129,4.8356507247491,1.489245699620029,0.4017281219578465,36.22692828575974,29.90203186139061,0
Telangana,2025-11-30 00:00:00,2,Heavy Rain,0.11137834126001665,7.251751944440085,83.48425976781883,102.78414416807001,19.299884400251187,0.04926136426607563,73.64378429919354,9.840475468625286,0
Tamil Nadu,2025-11-30 06:00:00,5,Heavy Rain,0.29552191523279236,18.841736813259004,84.88469238734493,86.22929455550627,1.3446021681613445,0.4265115905715501,55.302877218624786,29.58181516872014,0
Coastal Andhra,2025-11-30 12:00:00,10,Heavy Rain,0.15862351480380635,6.1462670251557565,18.830037222306977,17.021999931003226,1.8080372913037515,0.3561206267085247,0.0,18.830037222306977,0
Coastal Andhra,2025-11-30 18:00:00,9,Heat Wave,0.8022042249561052,4.760926781212919,70.36084195073732,73.58421084355989,3.2233688928225632,0.2367778011765578,61.071419550965636,9.289422399771688,0
Karnataka,2025-12-01 00:00:00,10,Heat Wave,0.7802867360605484,6.900021283001781,23.587440967652086,30.524476453292394,6.937035485640308,0.12599162518665827,17.470022759923758,6.117418207728328,0
Maharashtra,2025-12-01 06:00:00,3,Cyclonic,0.8322724214216476,4.146595016745473,43.797043971346156,56.596381824324325,12.79933785297817,0.07246724521526084,73.18691304230842,29.389869070962263,1
Tamil Nadu,2025-12-01 12:00:00,8,Monsoon,0.10403352399297595,14.61724380736089,80.05658019303004,87.9037790590214,7.847198865991359,0.11303012570950574,41.00722237808838,39.049357814941665,0
Tamil Nadu,2025-12-01 18:00:00,3,Heat Wave,0.5511094540105672,9.218267154049128,55.65778080040725,64.36798752387402,8.710206723466769,0.10298441922799527,41.47907558523366,14.178705215173594,0
Coastal Andhra,2025-12-02 00:00:00,6,Normal,0.7343525777656028,1.2579516744819166,21.799418102767092,22.03503643445589,0.23561833168879787,0.8093113984746703,1.5850211912923733,20.21439691147472,1
Telangana,2025-12-02 06:00:00,4,Normal,0.23986101586511394,11.4184106599658,45.74008989583667,39.05305587429163,6.687034021545038,0.13008918617990026,76.9721605630839,31.232070667247235,0
Rajasthan,2025-12-02 12:00:00,8,Heavy Rain,0.6848116547613622,7.0828817318912485,32.425541785722686,36.03213079955812,3.606589013835432,0.21708035967536923,0.0,32.425541785722686,1
West Bengal,2025-12-02 18:00:00,6,Monsoon,0.17569908937871714,8.421773536891296,69.81650732682294,61.982934558158505,7.833572768664439,0.11320447866205685,69.2520280528941,0.5644792739288391,0
Rajasthan,2025-12-03 00:00:00,8,Heavy Rain,0.26319327049388186,10.065587609001124,54.61113775257025,40.5963613787969,14.014776373773351,0.06660105852436954,28.89870558953102,25.71243216303923,0
Tamil Nadu,2025-12-03 06:00:00,1,Monsoon,0.528217133495141,5.569354442154177,54.314843499293,48.58006789927039,5.734775600022608,0.14848304671007048,73.97343872487535,19.658595225582353,0
Rajasthan,2025-12-03 12:00:00,6,Normal,0.6882086374129919,4.718399463998167,20.75282111492644,12.233371953011485,8.519449161914956,0.10504809500961057,0.0,20.75282111492644,0
Coastal Andhra,2025-12-03 18:00:00,1,Normal,0.23128221425850648,12.603897515755705,20.248211395829934,13.978755820056335,6.269455575773598,0.13756188335927513,28.448551135226033,8.2003397393961,0
Coastal Andhra,2025-12-04 00:00:00,1,Monsoon,0.2667009977478441,2.9568797252762904,47.863995112014734,72.14430194464657,24.280306832631837,0.03955648191378751,35.61753771819805,12.246457393816684,0
Karnataka,2025-12-04 06:00:00,8,Normal,0.2840017303590967,3.7445892970037504,75.9140897699792,97.28320279035887,21.36911302037967,0.044704499417966954,79.86080216196893,3.9467123919897347,0
Tamil Nadu,2025-12-04 12:00:00,7,Normal,0.31483072422908065,4.473406871520604,111.73195172216455,105.0239210522979,6.708030669866659,0.12973482369619307,77.47434567279319,34.25760604937136,1
Karnataka,2025-12-04 18:00:00,3,Normal,0.30389846367366213,16.139468889531656,9.24536210627668,10.452205408936095,1.206843302659415,0.45313593348241965,3.8219698217909714,5.4233922844857085,0
Tamil Nadu,2025-12-05 00:00:00,6,Normal,0.45563419764787305,19.346561793980996,44.093136858281014,33.61525338507802,10.477883473202994,0.08712407669363995,0.0,44.093136858281014,0
West Bengal,2025-12-05 06:00:00,9,Monsoon,0.6884106857530506,4.438867160198282,80.35617392948606,93.64689953321849,13.290725603732426,0.06997545315255524,82.72098712225049,2.36481319276443,0
West Bengal,2025-12-05 12:00:00,7,Normal,0.4942286048210227,3.807594630550697,65.63832371302973,69.92483863451,4.286514921480261,0.18916053673409342,88.26770079750233,22.629377084472594,1
Maharashtra,2025-12-05 18:00:00,3,Heavy Rain,0.7983765178748993,9.139273325523822,53.197959653207775,43.82249251036232,9.375467142845451,0.09638120252634254,44.63702538639074,8.560934266817036,0
Tamil Nadu,2025-12-06 00:00:00,6,Normal,0.7473416553537533,7.075096184887178,79.52273270503088,73.09578812244128,6.4269445825895986,0.13464487163997713,82.65433218911176,3.13159948408088,0
Telangana,2025-12-06 06:00:00,4,Monsoon,0.2138742226441681,14.80234384979754,19.23803355765476,17.349409661007854,1.888623896646905,0.3461856010956612,33.34866690934335,14.110633351688591,0
Rajasthan,2025-12-06 12:00:00,3,Normal,0.14395746098866954,11.907086030174568,67.04537902938591,81.29258044504401,14.247201415658097,0.06558580638759393,49.416234057456904,17.62914497192901,0
Tamil Nadu,2025-12-06 18:00:00,9,Heavy Rain,0.8901474075996455,25.131847325004383,82.87442618479945,81.188474030884,1.6859521539154514,0.3723074510252345,156.27551316857017,73.40108698377072,1
Odisha,2025-12-07 00:00:00,10,Monsoon,0.17184795990658608,3.963487368454866,16.702234545743885,10.112616576266833,6.589617969477052,0.13175893754095017,0.0,16.702234545743885,0
Maharashtra,2025-12-07 06:00:00,2,Normal,0.2335052626477418,14.648028956872395,54.660764606703,48.52648768849145,6.1342769182115475,0.14016837465999069,57.459332587983056,2.7985679812800583,0
Odisha,2025-12-07 12:00:00,1,Cyclonic,0.11991994800230626,6.159602391320222,70.30125742512728,56.55092815255243,13.750329272574845,0.06779509674128367,88.86927695161634,18.568019526489067,0
Coastal Andhra,2025-12-07 18:00:00,2,Heavy Rain,0.6655027287687884,3.6063542598438354,74.29452502848515,46.84338457469688,27.451140453788277,0.03514797593524409,66.22330387992768,8.07122114855747,0
West Bengal,2025-12-08 00:00:00,7,Normal,0.6241335068425137,6.076282691918173,8.45369796700581,6.844980954160695,1.6087170128451156,0.38333019452707184,4.245072748850172,4.208625218155639,0
Rajasthan,2025-12-08 06:00:00,10,Normal,0.98821329979173,6.595943987961349,27.057277895667582,12.456476001715092,14.60080189395249,0.06409926917844146,32.00263066486616,4.945352769198578,0
Tamil Nadu,2025-12-08 12:00:00,1,Heat Wave,0.8982391566854548,18.180275362611443,3.511131835684305,2.6941078334272213,0.8170240022570838,0.5503504624913116,21.17429101622043,17.663159180536123,0
Odisha,2025-12-08 18:00:00,6,Monsoon,0.4697588597328187,2.0146075428687418,98.62519072948848,103.46038521651106,4.8351944870225765,0.17137389374492856,68.48323770502388,30.1419530244646,1
Rajasthan,2025-12-09 00:00:00,7,Normal,0.43442725682128147,4.551243742322607,33.67943099200397,37.49977332583449,3.820342333830517,0.20745414552442032,22.89774838490228,10.781682607101693,0
Coastal Andhra,2025-12-09 06:00:00,9,Normal,0.36716683085198654,8.824756569911989,19.321437566284065,21.753285477061134,2.431847910777069,0.2913882042556983,31.132373270464004,11.81093570417994,0
West Bengal,2025-12-09 12:00:00,8,Monsoon,0.23716622803409323,3.397544956408474,17.735757910135376,21.98060735104211,4.244849440906734,0.19066324234220902,8.135102488634399,9.600655421500978,0
Telangana,2025-12-09 18:00:00,6,Monsoon,0.22427529094180815,23.52062304413335,28.13593798398432,36.48957741180832,8.353639427824,0.10691025752236387,53.94356783432994,25.80762985034562,0
Maharashtra,2025-12-10 00:00:00,3,Monsoon,0.2190553372086449,25.96676333914278,82.96230163677541,61.712882004336905,21.249419632438503,0.044944992566999444,54.83357690407215,28.128724732703255,0
Rajasthan,2025-12-10 06:00:00,8,Normal,0.20270328146810068,8.305916289878335,21.350383339325862,14.00231835553787,7.348064983787992,0.1197882385848706,0.0,21.350383339325862,0
Rajasthan,2025-12-10 12:00:00,7,Monsoon,0.31646083816498327,12.633411757494004,106.91385220023662,108.05216738673509,1.138315186498474,0.4676579048374605,74.36687123027363,32.54698096996299,0
Telangana,2025-12-10 18:00:00,3,Normal,0.3760017672818048,21.029415690380805,13.439563094817837,15.276100587753122,1.8365374929352853,0.35254249326533216,27.659235247675866,14.21967215285803,0
Rajasthan,2025-12-11 00:00:00,9,Normal,0.9654210739350243,7.4550741653770425,151.14287777100574,119.57916200903854,31.563715761967202,0.03070902618453482,180.79197643597203,29.64909866496629,0
Coastal Andhra,2025-12-11 06:00:00,2,Heavy Rain,0.6206259259016972,12.112093992237654,28.595386014657098,30.48728901817451,1.8919030035174131,0.34579306386960523,26.034589201784932,2.560796812872166,0
Coastal Andhra,2025-12-11 12:00:00,3,Heat Wave,0.9888361970619528,3.027911370525333,108.51908820307997,157.96402757452938,49.44493937144941,0.019823594050466346,146.913350821618,38.39426261853802,1
Telangana,2025-12-11 18:00:00,2,Normal,0.43522025304310596,1.3135005116776681,98.74234319690177,65.75631376540758,32.98602943149419,0.02942385494062215,88.78821228881263,9.954130908089141,0
Maharashtra,2025-12-12 00:00:00,1,Heavy Rain,0.5118639693304969,15.851725916294443,98.48363727006526,98.62920130617839,0.14556403611312874,0.8729324319511426,82.1096638308858,16.373973439179466,0
Tamil Nadu,2025-12-12 06:00:00,4,Monsoon,0.39212079324875126,7.8156956081624855,40.98621622673434,51.62983579115766,10.643619564423318,0.08588394652256295,44.29990971095608,3.313693484221737,0
Odisha,2025-12-12 12:00:00,5,Heavy Rain,0.2645988858068974,25.46153385794249,15.216401774777728,14.464035826675339,0.7523659481023888,0.5706570600067213,25.532934967588133,10.316533192810406,0
Tamil Nadu,2025-12-12 18:00:00,6,Monsoon,0.22884823699982126,5.173342183996359,50.76562183405603,56.00545965658258,5.239837822526553,0.16026057542551533,53.11333948971,2.347717655653973,0
Rajasthan,2025-12-13 00:00:00,5,Monsoon,0.9505712780270487,2.797734870807221,23.382838378077672,28.70309919828475,5.3202608202070785,0.1582213184624928,0.0,23.382838378077672,1
Odisha,2025-12-13 06:00:00,1,Normal,0.9881296136188802,14.794201040616704,99.04247907971344,91.5722546133142,7.4702244663992445,0.11806062566192033,108.27194427690759,9.229465197194145,0
Karnataka,2025-12-13 12:00:00,3,Heat Wave,0.1404185468578584,24.11715161225189,48.95880272511035,35.97042662065296,12.988376104457394,0.07148792629913275,78.01137394360079,29.052571218490435,0
Telangana,2025-12-13 18:00:00,1,Monsoon,0.23531128725858988,3.0582859587699636,44.196712674563756,43.08233633073094,1.1143763438328165,0.4729526997011606,52.17766829520262,7.980955620638866,0
Telangana,2025-12-14 00:00:00,5,Cyclonic,0.4811716830709204,3.920603259219329,24.551916434523072,17.832737589378358,6.7191788451447145,0.12954745835808557,0.0,24.551916434523072,1
Maharashtra,2025-12-14 06:00:00,5,Monsoon,0.2677001287099666,20.487444444841906,31.395020846465957,27.074996876716362,4.320023969749595,0.18796907790005096,60.06731683549164,28.67229598902568,0
Odisha,2025-12-14 12:00:00,6,Cyclonic,0.42749235426419496,30.745849868409376,62.695905805317736,69.62299057304519,6.92708476772745,0.12614978006431507,0.0,62.695905805317736,0
Coastal Andhra,2025-12-14 18:00:00,8,Normal,0.21618671487367003,12.183746265131361,55.93467276642016,58.46759047585095,2.532917709430791,0.283052163182458,60.506590516705515,4.571917750285358,0
Odisha,2025-12-15 00:00:00,10,Normal,0.5108605810496112,4.800256257281833,70.36576709856675,87.91895050240639,17.55318340383964,0.05389910605815748,116.15594232586714,45.790175227300395,1
Rajasthan,2025-12-15 06:00:00,1,Cyclonic,0.34452515455233335,19.284358565438257,74.04727064059382,78.34219938411199,4.29492874351817,0.18885995420130217,52.05850025975889,21.988770380834936,0
Coastal Andhra,2025-12-15 12:00:00,4,Normal,0.4167145501827948,6.6980010911487255,78.38404253986798,63.10532727487041,15.278715264997565,0.061429909161824114,82.8205818528282,4.436539312960221,0
West Bengal,2025-12-15 18:00:00,10,Normal,0.18488138631647283,4.928333804963995,17.23798673039917,12.942660226299342,4.29532650409983,0.18884576790982852,9.181634696150912,8.05635203424826,0
West Bengal,2025-12-16 00:00:00,1,Monsoon,0.48531524563912753,5.54765956513653,57.721755575173816,66.78114994846054,9.059394373286722,0.09940956312991917,67.52306733650366,9.801311761329842,0
Karnataka,2025-12-16 06:00:00,9,Monsoon,0.9849318498654128,13.489525057521071,55.12238313458178,58.432727182707026,3.310344048125245,0.2320000419537144,0.6128379241073745,54.50954521047441,1
West Bengal,2025-12-16 12:00:00,7,Normal,0.39594974219307133,8.65155321167627,12.958043781208666,12.335721656507152,0.6223221247015136,0.6164003959349239,3.341940324496745,9.61610345671192,0
Telangana,2025-12-16 18:00:00,7,Cyclonic,0.8887863473581915,11.697229285530605,60.03662579364985,65.12197074887989,5.085344955230042,0.1643292216557997,0.0,60.03662579364985,1
Odisha,2025-12-17 00:00:00,5,Monsoon,0.8588792274613166,15.084605649812275,97.96454116138165,80.7164352860241,17.248105875357552,0.05480020813285675,72.70228864685828,25.262252514523368,0
West Bengal,2025-12-17 06:00:00,7,Heavy Rain,0.9568525764674896,6.97863939169162,61.02553357402799,23.716020237241185,37.30951333678681,0.026103176806470875,69.97799931525121,8.952465741223222,0
Tamil Nadu,2025-12-17 12:00:00,2,Monsoon,0.811098561040385,16.427115765012942,14.075851459670032,17.745332433032758,3.6694809733627256,0.21415656380324646,39.864603905958006,25.788752446287972,0
Maharashtra,2025-12-17 18:00:00,4,Normal,0.6936371443529334,8.413567060746878,23.452595743808665,27.257350307710652,3.8047545639019873,0.20812717625848726,52.54920067229891,29.096604928490244,0
Tamil Nadu,2025-12-18 00:00:00,7,Normal,0.8709259998047119,5.615942583672284,52.54568479033055,51.403245186099205,1.1424396042313418,0.46675761502214064,55.86240537447267,3.316720584142125,0
West Bengal,2025-12-18 06:00:00,3,Normal,0.16808021259161468,2.2375037924617893,20.477030947208988,15.876600738917226,4.600430208291762,0.17855771124858266,21.342794019708386,0.8657630724993979,0
Karnataka,2025-12-18 12:00:00,2,Heavy Rain,0.516547591478927,6.7491943322304495,64.24210652221979,60.81285250945503,3.4292540127647584,0.2257716529957594,31.782151280361262,32.45995524185852,1
Maharashtra,2025-12-18 18:00:00,10,Heavy Rain,0.990330614753553,21.925242957639522,44.6488684112537,25.34192243098839,19.30694598026531,0.04924423401587908,67.58786313125319,22.938994719999485,0
Rajasthan,2025-12-19 00:00:00,2,Monsoon,0.792640136165259,14.554448707478704,77.20434248287562,79.41441337453628,2.2100708916606635,0.31151959995583484,48.462437196492424,28.741905286383194,0
Tamil Nadu,2025-12-19 06:00:00,1,Monsoon,0.9658678402335008,11.643178858200606,35.7067256978607,18.425720458435677,17.28100523942502,0.05470158707921536,38.60872350280852,2.9019978049478254,0
Karnataka,2025-12-19 12:00:00,5,Heavy Rain,0.8016709205201312,3.3085520050586315,53.369874681420654,54.7923730195725,1.422498338151847,0.41279698080738914,0.0,53.369874681420654,1
Odisha,2025-12-19 18:00:00,6,Monsoon,0.8873937706979298,5.467010146591086,26.153704901618624,21.541603544911165,4.612101356707459,0.17818637555517813,75.79064303559029,49.63693813397167,1
Odisha,2025-12-20 00:00:00,6,Normal,0.7358766690728719,13.17977284613322,134.28709755445374,129.331965473752,4.9551320807017305,0.16792238802571843,98.56542362294891,35.721673931504824,0
Tamil Nadu,2025-12-20 06:00:00,9,Normal,0.7844518039755158,15.527296214355053,43.454100080869466,31.078493548528552,12.375606532340914,0.07476296477338036,59.76012839476435,16.306028313894885,0
West Bengal,2025-12-20 12:00:00,4,Cyclonic,0.5708602088555507,14.786903265034958,16.49801116563729,22.718497290861244,6.220486125223953,0.13849483021740225,0.0,16.49801116563729,0
Karnataka,2025-12-20 18:00:00,1,Normal,0.9318139307327197,10.074912665074756,84.29443412855261,91.89144414941153,7.597010020858917,0.11631951080360509,53.30038726321844,30.99404686533417,0
Odisha,2025-12-21 00:00:00,6,Normal,0.8425350195610255,4.364780659744699,34.76523185158796,28.78119498708881,5.984036864499153,0.14318366575112762,42.94592480999337,8.180692958405409,0
Rajasthan,2025-12-21 06:00:00,5,Monsoon,0.859496469099069,15.552915338728406,81.6208321291225,77.95857281104222,3.662259318080288,0.2144882838502762,120.94095537644782,39.32012324732531,0
Coastal Andhra,2025-12-21 12:00:00,10,Normal,0.7057081908667471,5.434301797370368,35.251736615767584,49.406041052465596,14.154304436698013,0.06598785211008279,68.88024882300842,33.62851220724083,1
West Bengal,2025-12-21 18:00:00,6,Cyclonic,0.3741219523785241,15.700465222077032,20.219573325658907,15.418576377378619,4.800996948280288,0.17238416239754292,54.10227793704398,33.88270461138507,0
Karnataka,2025-12-22 00:00:00,3,Normal,0.1320668158511254,6.760295591393529,42.86521979808953,30.94549651716511,11.919723280924416,0.07740103857150486,70.71480167732312,27.849581879233597,0
Rajasthan,2025-12-22 06:00:00,2,Normal,0.9420896164685901,24.61722549047667,15.615324734442034,11.105967027546619,4.509357706895415,0.18150936156285835,22.127486197629956,6.5121614631879225,0
Karnataka,2025-12-22 12:00:00,6,Normal,0.6275083139249472,6.211077375362346,34.19822778499593,28.373607507028744,5.824620277967185,0.1465282989045458,20.139750817920305,14.058476967075624,0
Maharashtra,2025-12-22 18:00:00,1,Heavy Rain,0.36832867403332625,6.115974043225424,75.13968626935312,103.22426176618607,28.084575496832954,0.03438248566182067,71.35909485914807,3.780591410205048,0
Rajasthan,2025-12-23 00:00:00,7,Normal,0.23422159706278403,7.875116500800187,58.95494511223099,50.70319279004682,8.251752322184167,0.10808763196158698,66.23169383681899,7.276748724588003,0
West Bengal,2025-12-23 06:00:00,7,Heavy Rain,0.8465708489506792,4.42122780560428,47.73818709203954,42.76113954669671,4.977047545342828,0.16730668317657538,78.61639199287941,30.878204900839876,1
Maharashtra,2025-12-23 12:00:00,10,Cyclonic,0.852868175002821,3.763336473396108,34.905631739173046,36.66533300055766,1.7597012613846132,0.36235806171943197,63.16608729912552,28.260455559952476,1
West Bengal,2025-12-23 18:00:00,7,Heat Wave,0.8330571713174784,4.293170981780694,102.19940234736272,101.40330519214318,0.7960971552195417,0.556762754784146,93.80953093553617,8.389871411826547,0
Odisha,2025-12-24 00:00:00,10,Normal,0.6805744227701076,19.990513815151573,48.67282998197216,60.46964316886133,11.796813186889175,0.07814445560747407,19.655083931073204,29.017746050898953,0
Coastal Andhra,2025-12-24 06:00:00,1,Heavy Rain,0.4294138488326883,3.9786938498359685,26.470425933276115,31.905397735060184,5.434971801784069,0.15540083636772956,48.749891598141254,22.27946566486514,0
West Bengal,2025-12-24 12:00:00,4,Heavy Rain,0.3736632563022313,6.161689756219195,73.58713258296709,79.60806588807978,6.020933305112692,0.14243120630013578,70.157787384195,3.429345198772083,0
West Bengal,2025-12-24 18:00:00,7,Heat Wave,0.10769929310635318,32.57724568752322,62.12168065816408,58.552872563162445,3.5688080950016356,0.21887546581219275,52.55366046205006,9.56802019611402,0
Odisha,2025-12-25 00:00:00,9,Heat Wave,0.8502468028194163,16.03041478977391,23.367134060077714,28.974185933938376,5.607051873860662,0.1513534355551647,61.54195005518771,38.174815995109995,0
Telangana,2025-12-25 06:00:00,5,Normal,0.1786894277442782,15.839571883779275,90.44387936069805,72.6442704325944,17.799608928103652,0.05319259585794329,79.74355004964899,10.70032931104906,0
Odisha,2025-12-25 12:00:00,2,Monsoon,0.6676794982366908,29.41561102491419,49.59621865737496,39.04158125921502,10.55463739815994,0.08654533807865304,15.958256454749318,33.637962202625644,0
Maharashtra,2025-12-25 18:00:00,7,Normal,0.5536674521560795,7.705827964688035,53.95574739479959,48.453019942208996,5.502727452590591,0.15378162583172922,67.06579060838754,13.110043213587957,0
Odisha,2025-12-26 00:00:00,10,Normal,0.574020423033716,1.4180135562030585,94.1424398198694,121.48491675694873,27.34247693707934,0.035282731365364174,115.45828390526219,21.315844085392797,1
Odisha,2025-12-26 06:00:00,1,Normal,0.934041560776996,14.841486400198638,14.314258590400065,11.319288405872856,2.99497018452721,0.2503147592623013,0.0,14.314258590400065,0
Coastal Andhra,2025-12-26 12:00:00,7,Heavy Rain,0.1284535101441179,7.0796768232452445,24.47731803329208,20.80339783364939,3.673920199642687,0.21395316079133064,4.774473932636507,19.70284410065557,0
Odisha,2025-12-26 18:00:00,6,Heavy Rain,0.7960530021658951,32.76680408882027,95.06456951166507,99.19923525750808,4.134665745843009,0.19475464411867383,85.76811709786153,9.296452413803536,0
Karnataka,2025-12-27 00:00:00,7,Normal,0.14684715853057642,1.220177103602495,23.048628785240396,22.722208043923136,0.3264207413172606,0.7539085969108911,33.0763338245593,10.027705039318903,0
West Bengal,2025-12-27 06:00:00,10,Monsoon,0.1343382453418395,3.765092923784801,44.2479505012735,40.05057342001441,4.197377081259091,0.19240474269335578,64.83638616319674,20.588435661923235,0
Karnataka,2025-12-27 12:00:00,3,Normal,0.48683592832724376,5.265564115590467,103.4612035933111,115.54126917458098,12.080065581269878,0.07645221606778176,94.87901626317223,8.582187330138865,0
Coastal Andhra,2025-12-27 18:00:00,3,Heavy Rain,0.15676765690867006,7.821414164051329,18.674675035389345,16.46587329172593,2.2088017436634146,0.3116428124532004,32.829253293823996,14.15457825843465,0
Tamil Nadu,2025-12-28 00:00:00,7,Normal,0.8102295561636208,2.560411706546323,7.441115914904755,9.405626386245537,1.9645104713407813,0.3373238211392529,27.78941069236503,20.348294777460275,1
Telangana,2025-12-28 06:00:00,2,Normal,0.5766067842835035,10.858185217862012,16.819090290454643,17.81737227797323,0.9982819875185882,0.500429872383413,19.160128704032374,2.3410384135777313,0
Karnataka,2025-12-28 12:00:00,1,Normal,0.12613490439379701,5.027721977668829,43.842776085142276,54.984206339149516,11.14143025400724,0.0823626194838086,39.03817812076596,4.804597964376313,0
Coastal Andhra,2025-12-28 18:00:00,9,Normal,0.13645061783372758,16.765413594124865,37.337827788465674,29.957706782118912,7.380121006346762,0.1193300191301105,0.0,37.337827788465674,0
Maharashtra,2025-12-29 00:00:00,9,Heavy Rain,0.6514016767655314,20.91980097439054,34.45909495129692,33.18214205072204,1.2769529005748765,0.43918343666552073,23.090709436160104,11.368385515136815,0
Tamil Nadu,2025-12-29 06:00:00,7,Normal,0.8255006358925644,6.4548293913147194,32.14427416656347,16.896750760907384,15.247523405656086,0.06154784178688305,53.20407723336503,21.059803066801557,0
Coastal Andhra,2025-12-29 12:00:00,7,Heavy Rain,0.49401957814729625,12.16720417130177,22.793570511825955,30.41291889658635,7.619348384760396,0.11601805094316284,31.98119341090124,9.187622899075286,0
Coastal Andhra,2025-12-29 18:00:00,3,Normal,0.599122604382062,8.362016720263766,32.99484379925367,51.91647707144718,18.92163327219351,0.050196687507333734,9.6895155409326,23.305328258321072,0
Telangana,2025-12-30 00:00:00,10,Monsoon,0.8198465086449114,7.894461946862478,57.243779565021846,53.12039791514108,4.123381649880763,0.19518358543975992,9.09245748833547,48.15132207668638,1
West Bengal,2025-12-30 06:00:00,2,Monsoon,0.6494555566376372,2.3688509243866513,69.57594568348247,76.05918358069991,6.483237897217435,0.1336319937619302,46.915026401437956,22.660919282044517,1
Karnataka,2025-12-30 12:00:00,7,Normal,0.3022842138929375,7.565703115297403,61.167402292982864,62.89901866453362,1.731616371550757,0.3660836164312096,40.98483338318205,20.182568909800814,0
Maharashtra,2025-12-30 18:00:00,9,Heavy Rain,0.6517468232825308,15.620190709036395,32.42851139535519,21.95363830029412,10.474873095061067,0.08714693327897569,0.0,32.42851139535519,0
Rajasthan,2025-12-31 00:00:00,1,Normal,0.6654515131586922,11.063234856422488,37.65993257216066,49.40480439829407,11.744871826133405,0.0784629311021784,34.13021883892509,3.5297137332355746,0
Karnataka,2025-12-31 06:00:00,4,Heavy Rain,0.760696282793014,3.8530602322428815,75.2590308091261,70.09264423366992,5.166386575456187,0.16216952793395384,55.2061615594463,20.0528692496798,0
Rajasthan,2025-12-31 12:00:00,6,Normal,0.6587867688011211,2.3891769892926256,74.59189403240433,36.39501775818307,38.19687627422125,0.025512237072260614,90.80448632563754,16.212592293233214,0
Coastal Andhra,2025-12-31 18:00:00,7,Heavy Rain,0.9723179174122342,7.359368605905133,127.14208906139574,104.3875705364645,22.754518524931242,0.042097254000347896,118.05947615272052,9.082612908675216,0
Odisha,2026-01-01 00:00:00,10,Heavy Rain,0.2775594778453616,4.504185103201108,34.67510630731869,22.58748832969933,12.087617977619363,0.07640809822765776,26.055971707576553,8.61913459974214,0
Maharashtra,2026-01-01 06:00:00,7,Heat Wave,0.9559816116103687,4.958742343774364,15.84516217898778,16.329302937982774,0.48414075899499487,0.6737905376826676,0.0,15.84516217898778,0
Tamil Nadu,2026-01-01 12:00:00,10,Heavy Rain,0.5845055413150146,4.570513333607621,46.071598154300794,47.41023481251314,1.3386366582123443,0.4275995574123946,69.08470560900263,23.01310745470183,0
Odisha,2026-01-01 18:00:00,2,Heavy Rain,0.7047605264454209,8.447730229015201,63.4250525077502,82.23318096728372,18.808128459533513,0.05048432526288,102.16847567772746,38.743423169977255,1
Odisha,2026-01-02 00:00:00,4,Normal,0.18951543770697088,12.776703378168957,78.43891159091481,114.32090559611245,35.88199400519764,0.027113501505885873,88.11616211503946,9.677250524124645,0
Karnataka,2026-01-02 06:00:00,5,Heat Wave,0.4425183472402964,4.359717069462389,29.784125369663045,44.01681786068467,14.232692491021623,0.06564827594264211,8.135801392841302,21.648323976821743,0
Maharashtra,2026-01-02 12:00:00,1,Monsoon,0.7924412318168553,4.197348419089053,51.26177171907535,38.121378340920806,13.140393378154542,0.07071939041985194,55.43014944525565,4.168377726180303,0
West Bengal,2026-01-02 18:00:00,1,Normal,0.7362199135890913,2.7955433328090225,67.83209007160296,78.33359193337819,10.501501861775225,0.0869451669893181,61.38599937442952,6.446090697173446,0
Coastal Andhra,2026-01-03 00:00:00,10,Monsoon,0.13612544934886917,9.518588048107636,43.480144435450654,52.14191230387977,8.661767868429116,0.10350072715652892,61.682780122737086,18.20263568728643,0
Coastal Andhra,2026-01-03 06:00:00,3,Normal,0.5919348371475202,15.358471937206666,37.369104903006814,32.478550894887725,4.890554008119089,0.16976331914140444,15.220675500126749,22.148429402880065,0
Coastal Andhra,2026-01-03 12:00:00,10,Monsoon,0.17945037367156852,7.651892803987411,57.89900985342763,62.05506440431583,4.1560545508882,0.19394674554553276,61.05890130539735,3.1598914519697203,0
Coastal Andhra,2026-01-03 18:00:00,3,Monsoon,0.996270786260346,12.820882226169136,6.927141861394982,7.6186781047266114,0.6915362433316297,0.5911785833393743,10.800068574380804,3.872926712985822,0
Karnataka,2026-01-04 00:00:00,8,Normal,0.9075669296799652,18.339067601399666,35.41098676494372,31.116558173705144,4.294428591238578,0.18887779535922689,0.0,35.41098676494372,0
Rajasthan,2026-01-04 06:00:00,9,Monsoon,0.11897259438568326,9.982188633537444,139.59948578364208,184.33923523025925,44.73974944661717,0.021862821989593523,94.67742614507065,44.922059638571426,1
Coastal Andhra,2026-01-04 12:00:00,1,Normal,0.8727846210123678,3.9387377089908537,55.610649173551714,58.8794450191195,3.2687958455677872,0.23425809904642822,34.13067961590207,21.479969557649646,0
Rajasthan,2026-01-04 18:00:00,2,Normal,0.9274866405025668,3.5650025540174504,141.91205956919018,135.82165110724958,6.090408461940598,0.1410355983534278,147.78560326561504,5.873543696424861,0
Rajasthan,2026-01-05 00:00:00,10,Normal,0.4181934003071096,4.149012885360422,48.546869100512765,33.696844721934085,14.85002437857868,0.06309138561020138,62.877421696969805,14.33055259645704,0
West Bengal,2026-01-05 06:00:00,2,Monsoon,0.7475514895429892,26.613083538109823,90.10000063903165,116.03367886730425,25.933678228272598,0.0371282374254508,122.43037983692601,32.33037919789436,0
Coastal Andhra,2026-01-05 12:00:00,4,Normal,0.4978933715870011,31.68587670634277,32.051666695640705,32.65241217228575,0.6007454766450451,0.6247089337999382,76.44607412661385,44.394407430973146,0
Telangana,2026-01-05 18:00:00,2,Normal,0.6897092361187097,6.25234165547317,35.48578778264427,36.1803258630906,0.6945380804463284,0.590131323420367,50.787166260625376,15.301378477981103,0
Tamil Nadu,2026-01-06 00:00:00,7,Monsoon,0.4062856638683723,17.721323078612414,27.161141834601843,21.415687809147922,5.74545402545392,0.1482479898649531,56.10763485931834,28.946493024716496,0
Odisha,2026-01-06 06:00:00,9,Normal,0.3903033129699416,19.921692821667452,85.93752759825944,105.14017677191771,19.202649173658273,0.04949845891022425,123.97491338440982,38.03738578615038,0
Rajasthan,2026-01-06 12:00:00,7,Normal,0.4819904999718212,2.424008156010375,22.271710568853518,15.953463052531053,6.318247516322465,0.13664473602042307,51.85075674532082,29.579046176467305,1
Maharashtra,2026-01-06 18:00:00,6,Normal,0.23101098278725105,25.615188950523674,9.736249800019694,4.361668384619341,5.374581415400353,0.15687304543386954,44.38670243320816,34.650452633188465,0
Maharashtra,2026-01-07 00:00:00,10,Normal,0.8480250679918443,6.870654591345414,79.68446315029655,65.565306966587,14.11915618370955,0.06614125734592721,81.24617791989073,1.5617147695941753,0
Tamil Nadu,2026-01-07 06:00:00,1,Heavy Rain,0.413828105825473,6.603711343854589,20.598621135252245,22.385658535542763,1.7870374002905187,0.358803939945607,13.338867200895113,7.259753934357132,0
Maharashtra,2026-01-07 12:00:00,10,Normal,0.4601345985152606,2.9018456423824213,72.4094075360383,78.53517730893259,6.125769772894287,0.1403357155607103,63.96429423380146,8.445113302236841,0
Telangana,2026-01-07 18:00:00,9,Heat Wave,0.9046491514319301,26.729243311455427,36.888609452095466,38.1842428165771,1.2956333644816311,0.4356096297745727,61.75319681515727,24.8645873630618,0
Maharashtra,2026-01-08 00:00:00,5,Monsoon,0.5469614326568543,8.812155746124125,186.28807620168226,178.27344286951256,8.014633332169694,0.1109307459496319,195.56835036794698,9.280274166264718,0
Odisha,2026-01-08 06:00:00,5,Normal,0.5898285184157767,24.97293209400892,126.6728047921101,131.69595168335826,5.02314689124816,0.16602616838932394,115.99820060886941,10.674604183240689,0
Odisha,2026-01-08 12:00:00,6,Normal,0.9608483122993886,19.094103530315486,216.4220535719129,371.1799123716322,154.75785879971932,0.006420221796229534,210.2485289529141,6.173524618998783,0
Rajasthan,2026-01-08 18:00:00,9,Normal,0.8980537448304903,6.343182093889871,18.70037464459873,19.86813075095873,1.1677561063600024,0.4613065081750154,2.1573364047946626,16.543038239804066,0
Coastal Andhra,2026-01-09 00:00:00,8,Heavy Rain,0.25252003799959555,9.030735947970266,43.26454391724997,38.695765701425046,4.568778215824928,0.17957260304572312,72.29370354478678,29.029159627536806,0
West Bengal,2026-01-09 06:00:00,8,Normal,0.5258935269262945,4.880357526695376,9.656003247937715,9.403260069415465,0.25274317852225003,0.7982482101236514,0.0,9.656003247937715,0
Telangana,2026-01-09 12:00:00,8,Normal,0.9741666046856909,5.385326022080471,59.65863608412961,56.56539468904898,3.093241395080632,0.24430516147956163,41.73712906964461,17.921507014485,0
Rajasthan,2026-01-09 18:00:00,1,Cyclonic,0.4351296684057424,11.521420396653275,20.584409674889148,20.94113245061448,0.3567227757253306,0.737070253328194,2.2969061470523364,18.28750352783681,0
Telangana,2026-01-10 00:00:00,1,Normal,0.43441579766458005,14.248540678595143,45.10764329941474,34.82888088751682,10.278762411897922,0.08866220986666976,61.909492094988394,16.801848795573655,0
Coastal Andhra,2026-01-10 06:00:00,8,Normal,0.27552720861023894,1.3631038100658757,5.35668311864233,6.426596088790656,1.0699129701483256,0.483112099118033,24.856771174314094,19.500088055671764,1
Karnataka,2026-01-10 12:00:00,5,Cyclonic,0.20289080270721271,1.4090703992483449,5.8204702135966535,6.252437885347555,0.43196767175090134,0.6983397877811557,20.803970647193598,14.983500433596944,0
Maharashtra,2026-01-10 18:00:00,9,Monsoon,0.7662743116803836,5.509584873799219,23.022646317628723,18.48078357908735,4.541862738541372,0.18044474343354122,0.0,23.022646317628723,0
Maharashtra,2026-01-11 00:00:00,2,Normal,0.7930274218313649,10.325569091212515,25.85727856135755,32.44938831781274,6.592109756455191,0.1317156932761345,48.62853613914777,22.77125757779022,0
West Bengal,2026-01-11 06:00:00,9,Monsoon,0.9721116671526999,20.14895780878717,102.39014386285095,53.686584108111894,48.703559754739054,0.020119283305551443,80.7740807728973,21.61606308995364,0
Coastal Andhra,2026-01-11 12:00:00,8,Normal,0.7960763898148266,8.71084808657785,33.0867374626289,50.89214216999693,17.805404707368027,0.05317620203133391,0.0,33.0867374626289,1
Rajasthan,2026-01-11 18:00:00,9,Monsoon,0.31901724463023884,6.8410012203001,63.73696583036437,93.77622904107211,30.039263210707745,0.032217259578991096,84.64584347104662,20.90887764068225,0
West Bengal,2026-01-12 00:00:00,4,Heavy Rain,0.1361049204596639,12.662298609567157,8.794223058885414,12.587044553630074,3.7928214947446595,0.20864536705498055,29.72475549170993,20.930532432824517,0
Coastal Andhra,2026-01-12 06:00:00,1,Monsoon,0.9868936459326942,3.8810622906709327,53.98824888867039,47.286564339481004,6.7016845491893875,0.12984172405571343,70.41445826145775,16.426209372787362,0
Tamil Nadu,2026-01-12 12:00:00,1,Heat Wave,0.40640562598924523,8.877902294511818,51.5158374386811,54.61542371697985,3.0995862782987444,0.24392705315010038,54.039929316426,2.524091877744894,0
Odisha,2026-01-12 18:00:00,5,Heat Wave,0.38077438818917875,7.523025282353892,70.48125847969065,59.524537452823715,10.956721026866937,0.0836349696336466,50.149762279424934,20.33149620026572,0
West Bengal,2026-01-13 00:00:00,2,Heat Wave,0.9153596887744442,9.399235310506388,49.97328449074743,55.35388535820625,5.380600867458817,0.15672505156998906,24.865187802750054,25.108096687997378,0
West Bengal,2026-01-13 06:00:00,8,Heavy Rain,0.6265899086904875,18.456645934943083,134.53887621733787,135.1565883324929,0.6177121151550296,0.6181569579851773,100.15662063843858,34.38225557889929,0
Rajasthan,2026-01-13 12:00:00,10,Normal,0.2933840564642211,1.6720048331978086,34.47499818986059,30.508184491537246,3.966813698323346,0.20133632158129292,75.98740554635349,41.51240735649289,1
Telangana,2026-01-13 18:00:00,5,Heavy Rain,0.9001866184446156,7.852015715549366,21.7135051625665,19.157228624782046,2.556276537784452,0.2811929807413111,28.070749360082594,6.357244197516096,0
Tamil Nadu,2026-01-14 00:00:00,5,Monsoon,0.994024769549269,14.208587731401792,72.73319444278671,74.23306352854331,1.4998690857566004,0.4000209473758679,105.45727387786332,32.724079435076604,0
Rajasthan,2026-01-14 06:00:00,2,Cyclonic,0.17801070503574767,12.060378509807265,54.576055629393906,94.63753408278576,40.06147845339186,0.024353726111812607,45.526504650926285,9.049550978467622,0
Coastal Andhra,2026-01-14 12:00:00,7,Normal,0.8760264654722385,1.8446614063496218,22.413265565197804,29.728585644762813,7.315320079565009,0.12025995276568019,0.8711052122158165,21.542160352981988,1
Coastal Andhra,2026-01-14 18:00:00,8,Heat Wave,0.4514641279159546,1.4012172115093664,64.4723787348231,65.8531689209385,1.380790186115405,0.4200286131184206,76.5225572553834,12.050178520560308,0
Coastal Andhra,2026-01-15 00:00:00,10,Monsoon,0.571665201856034,13.495393691748031,87.05109705430935,83.10796998007355,3.9431270742358038,0.20230109098593177,10.602581231121576,76.44851582318778,1
Karnataka,2026-01-15 06:00:00,1,Heat Wave,0.9233343781884826,1.7571705439447396,56.12448504867472,64.86581635389778,8.741331305223063,0.10265537313814843,72.93315355812669,16.80866850945197,0
Coastal Andhra,2026-01-15 12:00:00,2,Cyclonic,0.9760412761976055,9.002074600304642,49.95327792870149,42.29858121481566,7.654696713885826,0.11554419907003481,30.768155180808613,19.185122747892876,0
Telangana,2026-01-15 18:00:00,10,Normal,0.33594751936791944,17.631530257796967,13.693569353660934,12.912832355619237,0.7807369980416965,0.5615652401784852,0.0,13.693569353660934,0
Tamil Nadu,2026-01-16 00:00:00,4,Normal,0.2915656938639224,2.2594775587465223,33.70624794956662,17.261401519709132,16.444846429857485,0.05732351981548338,22.11226530334319,11.593982646223427,0
Maharashtra,2026-01-16 06:00:00,5,Normal,0.17246490273236068,25.06389898441153,21.284765960704433,21.768215286075993,0.48344932537155927,0.6741045904952164,6.95679781722494,14.327968143479493,0
Odisha,2026-01-16 12:00:00,2,Normal,0.6056180673959242,13.179201560642532,65.61429660263988,67.52162432041376,1.9073277177738817,0.3439584722033649,68.82780960222365,3.21351299958377,0
Telangana,2026-01-16 18:00:00,1,Heavy Rain,0.11224395590560145,43.52996468159691,14.109377951757855,12.191218969934958,1.9181589818228968,0.3426818093972819,0.0,14.109377951757855,0
Telangana,2026-01-17 00:00:00,9,Monsoon,0.47070846784894294,5.664691216459598,15.206081074598043,16.922048541170934,1.7159674665728915,0.368192922893085,32.417327270037376,17.211246195439333,0
Karnataka,2026-01-17 06:00:00,1,Cyclonic,0.1660456149868077,20.77267466962795,19.58703784865042,20.196529576372832,0.6094917277224106,0.6213141594800854,0.0,19.58703784865042,0
Maharashtra,2026-01-17 12:00:00,4,Heavy Rain,0.4647032046364006,6.1864072945931445,24.75790988033968,21.4663822757529,3.2915276045867827,0.23301725915294136,41.65786753553546,16.899957655195777,0
Maharashtra,2026-01-17 18:00:00,2,Normal,0.13593897033904834,8.590892659101861,17.801540327776856,21.46441847244574,3.662878144668884,0.2144598183727598,20.515834529818672,2.714294202041817,0
Odisha,2026-01-18 00:00:00,4,Normal,0.851695534547892,4.791661349467464,32.627702398372286,31.162025889386232,1.4656765089860535,0.40556820667899557,49.93321665004895,17.305514251676662,0
Odisha,2026-01-18 06:00:00,8,Normal,0.28876509454470933,8.284598976466524,34.974475888481365,25.81560129992265,9.158874588558714,0.09843610050332106,42.396256892755204,7.421781004273839,0
Maharashtra,2026-01-18 12:00:00,8,Normal,0.39547783932212077,16.027899244985605,80.38677622300425,44.99075502489566,35.396021198108585,0.02747553076081755,92.64173462575538,12.254958402751129,0
Coastal Andhra,2026-01-18 18:00:00,9,Heavy Rain,0.8830431969457527,25.647351304639624,21.859256131086898,29.703497740474877,7.8442416093879785,0.11306791968895567,131.72913933111894,109.86988320003205,1
Telangana,2026-01-19 00:00:00,5,Normal,0.7716394551989846,4.0004161072690545,25.39950273317217,26.199049812743567,0.799547079571397,0.5556953809945182,24.706500525648423,0.6930022075237474,0
Rajasthan,2026-01-19 06:00:00,7,Normal,0.29713452547785263,9.600353075334178,62.81187640320161,64.1233262456408,1.3114498424391883,0.43262889881475286,72.91324294651082,10.101366543309211,0
Odisha,2026-01-19 12:00:00,3,Normal,0.16470947679174647,5.318955338170009,71.46630132708935,70.68378571051801,0.7825156165713452,0.5610049026798947,86.04895103199041,14.582649704901058,0
Karnataka,2026-01-19 18:00:00,10,Heavy Rain,0.7441063991698056,9.979030710881853,47.28556085162646,61.68440395177342,14.398843100146962,0.06493994344227433,76.91598389050266,29.630423038876202,0
Karnataka,2026-01-20 00:00:00,4,Heavy Rain,0.4516322956192984,17.68002017459339,62.56215550419208,64.79258232090638,2.2304268167142993,0.3095566179756737,51.29279374485478,11.2693617593373,0
Odisha,2026-01-20 06:00:00,10,Heavy Rain,0.7894719992063991,5.701812951427131,9.278018885658717,12.86868436479827,3.5906654791395525,0.21783334127570414,82.10637422438296,72.82835533872424,1
Maharashtra,2026-01-20 12:00:00,9,Normal,0.5007652951376894,11.672661469623451,75.3149325813135,78.06027274185519,2.745340160541687,0.2669984453041964,79.70885219525162,4.393919613938124,0
Tamil Nadu,2026-01-20 18:00:00,10,Heat Wave,0.4114021716750488,3.782732354516267,41.96143448366004,13.902802620432245,28.058631863227795,0.034413182448050784,9.204999016196865,32.75643546746318,1
Rajasthan,2026-01-21 00:00:00,10,Normal,0.5060848673911569,18.68579322782991,64.0470824408033,84.33209540117969,20.285012960376392,0.0469814137234294,78.06459903845719,14.017516597653895,0
Rajasthan,2026-01-21 06:00:00,1,Heavy Rain,0.773703087103609,14.5738549979416,50.601279338725504,54.58956373968384,3.988284400958335,0.20046972458264065,9.507392018174109,41.093887320551396,0
Odisha,2026-01-21 12:00:00,2,Monsoon,0.9119982578863367,4.387495621481878,31.820792297799304,27.78829171992499,4.032500577874313,0.19870837261232702,6.454084043235955,25.36670825456335,1
Coastal Andhra,2026-01-21 18:00:00,5,Heavy Rain,0.144790476929718,4.295100600389878,56.110196322049276,52.50905558094403,3.6011407411052474,0.21733740745339347,49.28858537171581,6.821610950333465,0
Tamil Nadu,2026-01-22 00:00:00,3,Heat Wave,0.5717003871042596,21.581337609253218,28.439446085469754,26.25142854813321,2.1880175373365454,0.3136745605343997,29.139212246624165,0.699766161154411,0
Rajasthan,2026-01-22 06:00:00,2,Normal,0.12955188617548985,30.555687849119746,150.16259116235616,103.55480821834232,46.60778294401385,0.02100496889712313,150.01565101358787,0.14694014876829442,0
Odisha,2026-01-22 12:00:00,1,Heavy Rain,0.5215685905219228,4.555408355618898,12.60089521116744,15.364339763331389,2.763444552163948,0.26571402504788033,4.345040560195065,8.255854650972376,0
Karnataka,2026-01-22 18:00:00,10,Normal,0.8967545461872103,16.105498849478504,74.07662934886724,65.81962680864133,8.257002540225912,0.10802632878780603,2.485876662124923,71.59075268674232,1
Rajasthan,2026-01-23 00:00:00,3,Heavy Rain,0.4254312397782787,6.391346164931871,53.534174955210226,41.91546124838752,11.618713706822703,0.07924737998131447,43.155538541976895,10.37863641323333,0
West Bengal,2026-01-23 06:00:00,1,Normal,0.9392053789725789,21.60840627973361,43.13587129425821,89.49461303201487,46.35874173775666,0.021115425860285305,5.068714535128613,38.067156759129595,0
Tamil Nadu,2026-01-23 12:00:00,1,Normal,0.6675476244855485,6.658427434045046,24.440218060512326,17.39506720343647,7.045150857075857,0.12429847715291525,41.640641002205776,17.20042294169345,0
Tamil Nadu,2026-01-23 18:00:00,1,Heavy Rain,0.9407398094137057,13.767674879590118,55.2794161062353,54.06622644864671,1.2131896575885932,0.45183655931663885,71.67172469841898,16.39230859218368,0
West Bengal,2026-01-24 00:00:00,8,Heavy Rain,0.7814499628712677,9.378096143163594,42.143078465154595,17.905498296259953,24.23758016889464,0.03962345016074487,41.490306308750654,0.652772156403941,0
Telangana,2026-01-24 06:00:00,3,Normal,0.19309164998388606,0.9446115398264887,11.224151863950688,14.743764870923723,3.519613006973035,0.22125788169410987,0.0,11.224151863950688,0
Karnataka,2026-01-24 12:00:00,1,Monsoon,0.3080362308064094,4.036590508610571,65.5051796587217,60.879756075938744,4.6254235827829575,0.17776439147810613,86.96626145886692,21.461081800145223,0
West Bengal,2026-01-24 18:00:00,7,Heavy Rain,0.4547534091251556,13.588129082423457,56.44653756430931,67.9746126501746,11.528075085865297,0.07982072210983492,0.0,56.44653756430931,1
Maharashtra,2026-01-25 00:00:00,10,Normal,0.25309619381086845,12.450637148191156,21.626489521861817,16.526579560712165,5.099909961149653,0.16393684601395814,21.63429437248016,0.0078048506183421296,0
Maharashtra,2026-01-25 06:00:00,3,Heavy Rain,0.5454204442989945,10.321208830687867,82.69773314399684,49.29458256611088,33.40315057788596,0.029067105285490658,52.67301516885936,30.024717975137484,0
Odisha,2026-01-25 12:00:00,8,Monsoon,0.5242313401313415,26.250511016753492,79.69088524708133,64.82878282752965,14.862102419551675,0.06304334529875415,80.38796947446788,0.6970842273865543,0
Tamil Nadu,2026-01-25 18:00:00,4,Heavy Rain,0.9606332782246431,15.344979083678009,16.838461199018557,22.50240892357065,5.6639477245520915,0.1500612011579388,47.8995145492528,31.061053350234243,0
Telangana,2026-01-26 00:00:00,4,Normal,0.49035509460637994,14.039120403989351,56.61739952463496,64.78715061949262,8.16975109485766,0.10905421419353399,20.802055592000144,35.81534393263482,0
Telangana,2026-01-26 06:00:00,5,Normal,0.807064123859198,0.9252634401239536,70.88301194041186,42.23830838743224,28.64470355297962,0.03373283858996421,74.68117243397164,3.7981604935597773,0
Rajasthan,2026-01-26 12:00:00,6,Heavy Rain,0.9477194903663319,15.885293567287809,13.537640367361732,5.348835288303153,8.188805079058579,0.1088280784493965,44.3070555013808,30.76941513401907,0
Rajasthan,2026-01-26 18:00:00,7,Heat Wave,0.889289947876587,1.9584563375826116,7.275010493037471,6.690792600989697,0.5842178920477741,0.63122630101557,0.0,7.275010493037471,0
West Bengal,2026-01-27 00:00:00,4,Monsoon,0.28780086206043265,8.297320540405826,36.28323032791181,46.191925297938226,9.908694970026417,0.0916699937753946,24.193127759403197,12.090102568508613,0
Telangana,2026-01-27 06:00:00,8,Normal,0.5464269048281899,1.9822318171699183,29.152607704678832,23.624420216019224,5.528187488659608,0.1531818750207684,21.93744554040845,7.215162164270382,0
West Bengal,2026-01-27 12:00:00,6,Heavy Rain,0.4129658040663332,11.885641911182518,41.425848207965984,52.572615579847714,11.14676737188173,0.08232643051309906,28.663529935969745,12.76231827199624,0
Karnataka,2026-01-27 18:00:00,1,Cyclonic,0.45987282562349396,18.1879418588037,114.7781429177426,118.42149550483167,3.643352587089069,0.21536163391522736,103.0556828981803,11.722460019562305,0
West Bengal,2026-01-28 00:00:00,1,Normal,0.4247261436211761,7.788065463840343,72.04786896776258,103.6186770833224,31.570808115559814,0.030702339237394523,56.64509112822534,15.402777839537244,0
Rajasthan,2026-01-28 06:00:00,9,Heat Wave,0.8437232891575037,7.987397769811664,25.573587432661537,21.234306116852284,4.339281315809252,0.1872911241891427,23.56180902832984,2.0117784043316966,0
Tamil Nadu,2026-01-28 12:00:00,10,Heat Wave,0.5069251496102027,3.704891211985533,49.023629887309276,48.28773615143695,0.7358937358723239,0.5760721289183514,68.41851207015182,19.394882182842544,0
West Bengal,2026-01-28 18:00:00,6,Normal,0.5713248990202194,17.976589175446897,45.369143108143184,37.937750882998685,7.431392225144499,0.11860437437814272,25.975909238546507,19.393233869596678,0
Coastal Andhra,2026-01-29 00:00:00,10,Heat Wave,0.9842026213423671,2.1891938079716318,78.5346488268635,97.8806918182069,19.346042991343396,0.04914960616300028,166.9752175840025,88.440568757139,1
Tamil Nadu,2026-01-29 06:00:00,8,Normal,0.15398134497236482,9.379680648354643,73.78657253945639,84.68517132674839,10.898598787292002,0.08404350948180762,61.4226236067698,12.36394893268659,0
Telangana,2026-01-29 12:00:00,7,Monsoon,0.539161875811674,7.704075636141237,41.21236723256384,23.713224918317785,17.499142314246058,0.05405656019143694,0.0,41.21236723256384,1
Telangana,2026-01-29 18:00:00,6,Normal,0.7966555362515044,11.044642209788512,63.86920705790934,74.92136660942938,11.052159551520042,0.082972681843884,43.9915541675587,19.877652890350646,0
West Bengal,2026-01-30 00:00:00,4,Normal,0.2360457623694039,14.808882547644423,87.32901297612932,54.82062437429256,32.508388601836764,0.029843273333209016,116.30282128040156,28.97380830427224,0
Tamil Nadu,2026-01-30 06:00:00,7,Heavy Rain,0.6503784351532965,7.35908212009747,66.36422017145831,51.24595609181908,15.118264079639232,0.06204142053133445,17.930600177843502,48.43361999361481,1
Rajasthan,2026-01-30 12:00:00,9,Monsoon,0.3155183015810201,15.961080442254387,25.16891508838561,29.860973290378965,4.692058201993355,0.17568337576903215,44.74552012067516,19.57660503228955,0
Rajasthan,2026-01-30 18:00:00,10,Normal,0.8806637019021109,8.103732988142797,25.705622531972846,17.64393766695186,8.061684865020986,0.11035475354700322,19.402051632017514,6.303570899955332,0
Maharashtra,2026-01-31 00:00:00,10,Heavy Rain,0.39438969886007136,10.766635287425965,11.4412689709065,10.378900666708734,1.062368304197765,0.4848794456182196,0.0,11.4412689709065,0
Telangana,2026-01-31 06:00:00,7,Normal,0.3961565352108186,3.1391884627444306,24.44909494636926,29.090669306368255,4.6415743599989945,0.1772554851160693,36.07940677459128,11.630311828222016,0
Odisha,2026-01-31 12:00:00,1,Normal,0.6383744906661042,5.94956172018691,26.65617148701378,29.423120895185985,2.7669494081722057,0.2654667986330134,24.692094826344135,1.9640766606696438,0
Maharashtra,2026-01-31 18:00:00,10,Normal,0.26520661730791784,1.7452236929616394,5.390013851129894,5.870701283799301,0.4806874326694066,0.6753619825064526,32.85072181963197,27.460707968502078,1
Rajasthan,2026-02-01 00:00:00,9,Heavy Rain,0.356399775012755,8.74716529985173,18.35900536742172,21.993153415420096,3.6341480479983765,0.21578939421927384,24.655652577543144,6.296647210121424,0
Tamil Nadu,2026-02-01 06:00:00,4,Normal,0.4749686651074704,14.233310756699183,15.296500458361786,20.29471712389201,4.998216665530224,0.16671621846317602,39.58460239695757,24.288101938595787,0
Karnataka,2026-02-01 12:00:00,3,Normal,0.4182740768260993,7.080113275436738,31.375135448333566,21.644693580863937,9.73044186746963,0.09319280718826654,24.096724063224595,7.278411385108971,0
Rajasthan,2026-02-01 18:00:00,4,Normal,0.5723894962050242,7.741466204847568,46.55739693467254,50.43615905557738,3.878762120904838,0.20497002625217875,73.73513373288725,27.17773679821471,0
Tamil Nadu,2026-02-02 00:00:00,4,Normal,0.6396761296620697,11.18790538845715,23.798847037757525,29.537454582140736,5.7386075443832105,0.14839861105036808,25.706306936479645,1.90745989872212,0
Maharashtra,2026-02-02 06:00:00,10,Heavy Rain,0.6100007083751481,12.083510274359224,105.7887278367336,126.0962879108907,20.307560074157095,0.04693169919595118,129.89370491859066,24.104977081857058,0
Telangana,2026-02-02 12:00:00,2,Heat Wave,0.6887514807927391,1.6639348776411063,18.035507735750677,17.31711855115772,0.718389184592958,0.5819403479525939,30.143315802611358,12.107808066860681,0
Rajasthan,2026-02-02 18:00:00,1,Normal,0.3769745649470382,5.075343173175427,4.429080754036382,4.188690062967256,0.24039069106912603,0.806197601449325,0.0,4.429080754036382,0
West Bengal,2026-02-03 00:00:00,10,Heat Wave,0.21378360443952527,1.9659589501077221,39.95361608564546,48.18737005113267,8.23375396548721,0.10829831547793856,66.43810847607196,26.484492390426503,1
Tamil Nadu,2026-02-03 06:00:00,1,Monsoon,0.7847267872879694,6.076643136885842,69.46100440033572,73.17760271576141,3.716598315425685,0.21201720670795504,80.71968240448098,11.258678004145253,0
Telangana,2026-02-03 12:00:00,8,Heavy Rain,0.8657023443676138,23.12124583338319,30.470916145485813,38.80570873765146,8.334792592165645,0.1071261080657822,20.807486196516564,9.663429948969249,0
Karnataka,2026-02-03 18:00:00,2,Heavy Rain,0.331305609000189,14.371444288422925,32.95062491634027,33.855695156427245,0.9050702400869781,0.5249150288308235,18.413980365514487,14.53664455082578,0
Karnataka,2026-02-04 00:00:00,10,Monsoon,0.46638276054221783,8.279141250543688,126.28619154233134,114.49246696691793,11.793724575413407,0.07816332093953075,189.06420892708897,62.77801738475763,1
Odisha,2026-02-04 06:00:00,5,Normal,0.5487122952671998,27.475960731413945,73.09704081868433,40.87097496783881,32.22606585084552,0.030096852407657297,78.41922589126416,5.322185072579828,0
Tamil Nadu,2026-02-04 12:00:00,4,Heavy Rain,0.5799941584776428,10.428096846806103,49.54076468025487,46.686764476725976,2.8540002035288907,0.2594706661105924,28.169628855483374,21.371135824771493,0
Maharashtra,2026-02-04 18:00:00,8,Monsoon,0.6935411539788866,37.47425448867724,41.56598030577812,28.774525692598992,12.791454613179127,0.07250866772562185,0.0,41.56598030577812,0
Odisha,2026-02-05 00:00:00,2,Heavy Rain,0.13744291001978923,9.234840439143179,6.643419023396705,3.604811560828528,3.038607462568177,0.24761010057761185,6.140738044507826,0.5026809788888791,0
Odisha,2026-02-05 06:00:00,10,Monsoon,0.7493293744606153,5.055162342958727,92.05823802943192,72.13809966598116,19.92013836345076,0.04780083107610244,143.98550206120353,51.927264031771614,1
Coastal Andhra,2026-02-05 12:00:00,9,Normal,0.15577390628146925,2.911887366636864,41.86492856026228,49.22386533643529,7.35893677617301,0.11963243972014251,42.10697118714124,0.2420426268789626,0
Rajasthan,2026-02-05 18:00:00,7,Monsoon,0.5214597109055811,13.313532744857968,13.609447291546173,12.786583640739256,0.8228636508069176,0.5485873831305678,29.521351515024033,15.91190422347786,0
Tamil Nadu,2026-02-06 00:00:00,7,Heavy Rain,0.8449040220122748,6.025995467197821,62.07837904295773,64.84361045964117,2.7652314166834415,0.26558792523856023,49.863775017412586,12.214604025545142,0
Odisha,2026-02-06 06:00:00,1,Normal,0.5060937819505567,9.221169772472571,74.81559779473794,87.41452842982709,12.598930635089147,0.07353519382029296,48.707184514028924,26.108413280709016,0
Coastal Andhra,2026-02-06 12:00:00,2,Normal,0.234180773891423,11.843780963332982,32.2578092525108,31.96904041222985,0.2887688402809516,0.7759343403910975,48.3565223186651,16.098713066154296,0
Maharashtra,2026-02-06 18:00:00,4,Heavy Rain,0.9865304605053637,4.0136027863442285,27.40345988513105,22.68997929188568,4.713480593245368,0.17502466030640362,0.0,27.40345988513105,1
Telangana,2026-02-07 00:00:00,4,Cyclonic,0.900356915866837,10.3003662206456,37.4579870468151,33.280404218209064,4.177582828606035,0.19314031916109992,0.6815175731458254,36.77646947366927,1
West Bengal,2026-02-07 06:00:00,3,Heavy Rain,0.7941822699025126,7.174966143057386,23.2950032590559,27.79344184532294,4.498438586267039,0.181869813458972,5.322179962466581,17.97282329658932,0
West Bengal,2026-02-07 12:00:00,7,Monsoon,0.47036044260928933,2.0943436533667867,17.6298315908913,17.514300322904308,0.11553126798699154,0.8964338595407809,11.097225262751701,6.5326063281395985,0
Tamil Nadu,2026-02-07 18:00:00,8,Normal,0.26546115420036803,12.305539819626656,40.20984591428079,14.634135889513495,25.575710024767297,0.03762834554817341,0.0,40.20984591428079,1
Odisha,2026-02-08 00:00:00,2,Normal,0.9472700632766511,13.47365043333608,72.6720070427551,66.25600785695617,6.415999185798924,0.1348435962499732,42.86188464641206,29.81012239634304,0
West Bengal,2026-02-08 06:00:00,4,Normal,0.5791160138654251,20.256346568150466,119.23821046853243,135.08719333463853,15.848982866106098,0.059350763660139326,133.8815005395404,14.643290071007982,0
Rajasthan,2026-02-08 12:00:00,3,Normal,0.8671199143487366,3.002051807752222,41.87136782397211,43.78569552918092,1.9143277052088123,0.343132310828562,40.966767172200385,0.9046006517717231,0
West Bengal,2026-02-08 18:00:00,2,Normal,0.4078855051834832,30.997833621321064,106.34129001751448,79.20977944933412,27.13151056818036,0.03554732681618253,133.89844371298193,27.55715369546745,0
West Bengal,2026-02-09 00:00:00,6,Normal,0.4017594853715235,4.3906432274832525,17.15070059754248,13.95171266538032,3.1989879321621615,0.23815262538396378,0.0,17.15070059754248,0
West Bengal,2026-02-09 06:00:00,4,Monsoon,0.9869864326066352,1.0834040035520873,70.69654664735273,36.25602198326249,34.44052466409024,0.028216286566808083,69.44521466563911,1.2513319817136193,0
Karnataka,2026-02-09 12:00:00,6,Monsoon,0.5696497436453648,8.552435546766938,31.859588828594955,36.235251716949435,4.37566288835448,0.1860235697008347,87.18479552034941,55.32520669175446,1
Coastal Andhra,2026-02-09 18:00:00,2,Normal,0.22662588147467166,11.049725116074793,147.6523168270535,170.60486024213577,22.95254341508226,0.041749219808128075,180.19639794700652,32.544081119953006,0
Odisha,2026-02-10 00:00:00,4,Normal,0.2977072101952367,7.411515725599035,25.41754035076187,24.56990883441951,0.8476315163423571,0.5412334608686686,33.944830570471474,8.527290219709606,0
Rajasthan,2026-02-10 06:00:00,6,Normal,0.5337498514534487,2.960769059383874,49.324003075332016,45.00422880343562,4.319774271896392,0.1879779007321527,65.23345965554279,15.909456580210772,0
Odisha,2026-02-10 12:00:00,5,Heavy Rain,0.1382238194395702,5.65254510578843,10.554629096287442,7.700999257017273,2.8536298392701696,0.2594956032905817,19.231087745670568,8.676458649383125,0
Karnataka,2026-02-10 18:00:00,3,Normal,0.5162805868404704,10.578123316333777,29.881829980768764,32.36481205362429,2.4829820728555276,0.2871102920090969,33.603530257687446,3.721700276918682,0
Tamil Nadu,2026-02-11 00:00:00,8,Normal,0.4770467578721148,34.02708660604351,79.5477065066689,46.88972661888559,32.65797988778331,0.029710636328562474,31.922743526837806,47.624962979831096,0
Tamil Nadu,2026-02-11 06:00:00,7,Heat Wave,0.8014026387875383,3.1048005590799654,69.00038721355108,82.40071376023481,13.40032654668373,0.06944286969869384,28.5320462097975,40.46834100375358,1
Tamil Nadu,2026-02-11 12:00:00,3,Monsoon,0.4194477680403176,5.015743260562214,49.665792436555364,56.85711669633945,7.191324259784089,0.12208038264454672,8.907414143153979,40.758378293401385,1
Maharashtra,2026-02-11 18:00:00,6,Normal,0.9842938853856394,2.3850544956274895,71.11227962767325,91.88034180464066,20.76806217696742,0.045938861799930474,30.104985867466027,41.00729376020722,1
West Bengal,2026-02-12 00:00:00,4,Normal,0.26269292737081285,6.065004304530266,39.19057171675627,39.68386393572567,0.4932922189694011,0.6696612942175191,30.260230103742437,8.93034161301383,0
Maharashtra,2026-02-12 06:00:00,5,Normal,0.6318880164713214,7.821578047938287,113.00697136092725,98.31628562671635,14.690685734210902,0.0637320775483807,142.4330012351402,29.426029874212958,0
Coastal Andhra,2026-02-12 12:00:00,5,Monsoon,0.18072936730742917,16.704617727074105,9.896211219375726,10.96545496293196,1.0692437435562336,0.4832683453141121,0.0,9.896211219375726,0
Tamil Nadu,2026-02-12 18:00:00,7,Heavy Rain,0.7604775855945838,10.732981003382495,48.62327633394871,58.11596518987828,9.492688855929572,0.09530445567676253,108.2443993839501,59.62112305000139,1
Karnataka,2026-02-13 00:00:00,5,Normal,0.9952783192557744,22.40225795807282,11.6797097097254,8.299340015414826,3.3803696943105734,0.22829123334015533,0.8521975474098102,10.827512162315589,0
Rajasthan,2026-02-13 06:00:00,3,Monsoon,0.837224773976469,8.097146187532974,18.550853924544562,18.229778221481247,0.3210757030633147,0.7569588916677498,58.39588897229328,39.845035047748716,1
Odisha,2026-02-13 12:00:00,10,Normal,0.6001331866482711,0.20779664701416237,28.16992616334793,30.038745409494506,1.8688192461465754,0.3485754640496118,0.0,28.16992616334793,1
West Bengal,2026-02-13 18:00:00,5,Normal,0.5362672216597228,11.098827771567379,32.59360371351365,36.51542986025164,3.921826146737992,0.20317661985333713,24.339582480522253,8.254021232991398,0
Telangana,2026-02-14 00:00:00,7,Normal,0.8515269651401622,1.5144616016851815,39.651375678912416,36.15910191520702,3.4922737637053984,0.2226044209681384,44.487856369899134,4.836480690986718,0
Rajasthan,2026-02-14 06:00:00,5,Heavy Rain,0.9423766762396518,16.345342204536244,40.028390957302605,46.34303961770069,6.314648660398085,0.1367119661418676,58.33577526860393,18.307384311301327,0
West Bengal,2026-02-14 12:00:00,5,Normal,0.9902858732182837,8.105397763802634,26.81478563019496,20.377946212304185,6.436839417890777,0.13446572445739566,27.712633170202437,0.8978475400074757,0
Maharashtra,2026-02-14 18:00:00,9,Normal,0.4568853048080357,4.82833471399376,42.45409293390125,63.87263566241196,21.418542728510708,0.044605932335122445,59.46631170823247,17.012218774331217,0
Maharashtra,2026-02-15 00:00:00,3,Normal,0.991825727315061,2.7395092964469163,14.964452932518821,12.62857873344138,2.335874199077441,0.2997714962622262,21.45191428947287,6.48746135695405,0
Rajasthan,2026-02-15 06:00:00,6,Normal,0.24033362695644836,5.44994203038593,74.11136101196593,81.66648595627855,7.555124944312624,0.11688900004491364,107.39836674275054,33.287005730784614,1
Maharashtra,2026-02-15 12:00:00,1,Monsoon,0.3281947983387183,7.815508910593741,63.48671033675633,54.7170082901064,8.769702046649932,0.10235726690794053,77.06945547129726,13.582745134540929,0
Tamil Nadu,2026-02-15 18:00:00,10,Normal,0.18011451226050657,28.137965371643105,111.95438595401028,114.6968963287939,2.7425103747836204,0.26720032808401145,150.57813927746074,38.62375332345046,0
Coastal Andhra,2026-02-16 00:00:00,5,Normal,0.34456466483603354,7.307265275028323,56.37617119328412,41.165285264172084,15.210885929112038,0.06168694322894268,47.3691794420663,9.006991751217825,0
Odisha,2026-02-16 06:00:00,8,Monsoon,0.79114379645621,9.836668017258754,61.03815284619637,77.45090474058627,16.4127518943899,0.057429176391250565,59.80177166061281,1.2363811855835607,0
Coastal Andhra,2026-02-16 12:00:00,5,Monsoon,0.8676319223606047,7.640825567758663,60.27404311239592,47.95725492800923,12.316788184386695,0.07509318209119319,33.53785804444012,26.7361850679558,0
West Bengal,2026-02-16 18:00:00,9,Monsoon,0.8010033805923146,9.852772753239455,21.65776900536148,22.099553274178888,0.4417842688174076,0.6935850401670899,38.09304618414701,16.435277178785533,0
Odisha,2026-02-17 00:00:00,6,Heavy Rain,0.6679592003509266,9.413662454148152,48.342999642965026,47.570979831082575,0.7720198118824513,0.5643277763004695,44.58707115534317,3.7559284876218584,0
Karnataka,2026-02-17 06:00:00,8,Normal,0.562569861270381,8.216615817358287,30.768508792810493,25.371224347946953,5.397284444863541,0.1563163258752567,81.31695259222442,50.54844379941393,1
Odisha,2026-02-17 12:00:00,10,Monsoon,0.7378338602922818,4.688355590471848,51.75980516647893,18.82531253819057,32.93449262828835,0.029468541373339513,18.36750162743501,33.392303539043915,1
Coastal Andhra,2026-02-17 18:00:00,8,Monsoon,0.4517501943404997,13.664625984854478,57.47063704624526,72.69174817267115,15.221111126425896,0.061648058027966704,14.242014478978895,43.22862256726636,1
Rajasthan,2026-02-18 00:00:00,3,Normal,0.8571775163497316,3.1037937610923305,68.35898033373613,70.82641625389587,2.467435920159744,0.28839754303345,56.42254160152175,11.936438732214377,0
Odisha,2026-02-18 06:00:00,7,Heat Wave,0.7094710845791069,11.92607887625652,60.08026798934202,33.940802407803,26.13946558153902,0.03684670934273025,88.58494270699784,28.504674717655817,0
Karnataka,2026-02-18 12:00:00,7,Normal,0.7280242286449676,13.851452160115564,61.17543278877325,31.91386700841622,29.26156578035703,0.03304521673657436,45.57645607458047,15.59897671419278,0
Karnataka,2026-02-18 18:00:00,10,Heat Wave,0.5823423938161641,1.1733171332226444,32.23291203408957,29.63773237034121,2.595179663748361,0.27815021599154033,27.057811449522678,5.175100584566895,0
Karnataka,2026-02-19 00:00:00,6,Cyclonic,0.8967060857900553,2.8256040760698586,186.2958971773461,182.45502749133556,3.840869686010535,0.20657445146475767,263.5204232957266,77.22452611838048,1
Coastal Andhra,2026-02-19 06:00:00,7,Monsoon,0.3268132603111472,1.3750269246193227,58.44622145187173,55.305315084000796,3.140906367870933,0.2414930237879672,30.839615165547578,27.60660628632415,1
Odisha,2026-02-19 12:00:00,2,Heat Wave,0.44303288802494567,19.651289784403524,44.03755652355616,59.9344182354992,15.896861711943039,0.05918258769278913,69.8377052831346,25.800148759578434,0
Telangana,2026-02-19 18:00:00,9,Monsoon,0.7998783127099202,5.276297795428868,87.41998858333281,50.931599375173825,36.488389208158985,0.02667492578695165,66.68330413421677,20.73668444911604,0
Rajasthan,2026-02-20 00:00:00,10,Normal,0.543474006516404,18.934006811183504,34.62913944224018,36.467014585716704,1.8378751434765235,0.35237632011356057,33.69185572657128,0.9372837156688973,0
Tamil Nadu,2026-02-20 06:00:00,10,Normal,0.9002926120817717,6.271089318758567,12.212335060301672,14.183500789725167,1.971165729423495,0.3365682331675363,0.0,12.212335060301672,0
Odisha,2026-02-20 12:00:00,1,Normal,0.41175938778656707,3.352823826823813,25.040631550452837,28.949881877302207,3.909250326849371,0.2036970888469185,33.77892356989187,8.738292019439037,0
Karnataka,2026-02-20 18:00:00,1,Normal,0.43239715193768025,4.481234806483289,17.854885299495955,21.844791807828695,3.9899065083327407,0.2004045563439076,23.380926264992077,5.526040965496122,0
Telangana,2026-02-21 00:00:00,3,Monsoon,0.8998622104479628,9.280899757238153,52.76663528177668,54.308817683418354,1.542182401641675,0.39336280486963726,33.11042371259113,19.65621156918555,0
Tamil Nadu,2026-02-21 06:00:00,3,Normal,0.517933288163837,13.746105634561065,73.2127006071436,77.71763223700148,4.504931629857879,0.18165529878266937,84.91585859711631,11.70315798997271,0
Tamil Nadu,2026-02-21 12:00:00,1,Normal,0.5645121257822381,8.429336589639698,15.977583845428418,14.660060166433531,1.3175236789948865,0.43149505183640735,0.0,15.977583845428418,0
West Bengal,2026-02-21 18:00:00,7,Heavy Rain,0.3994873438021115,15.94794376587634,63.013784258921675,39.23186904414306,23.781915214778614,0.040352006345484276,89.80092674902653,26.787142490104856,0
Odisha,2026-02-22 00:00:00,4,Cyclonic,0.3490029479611737,7.174294145503768,60.03489397909209,64.96963161228192,4.934737633189826,0.16849944543589135,44.258053290610974,15.776840688481116,0
Coastal Andhra,2026-02-22 06:00:00,10,Normal,0.6903538397545528,7.834175672180152,108.55710678702587,97.62968439910556,10.927422387920316,0.08384041140462718,108.67645551511704,0.11934872809116825,0
Odisha,2026-02-22 12:00:00,2,Normal,0.2078565953870835,4.230039738656962,81.76520411699856,66.55694699872527,15.208257118273295,0.061696948209970924,88.08087667984528,6.315672562846714,0
Telangana,2026-02-22 18:00:00,10,Normal,0.8913453770646184,3.8358679133096696,25.044854589303746,27.377121773110154,2.332267183806408,0.30009598415746247,0.0,25.044854589303746,1
Tamil Nadu,2026-02-23 00:00:00,5,Monsoon,0.8012828230885971,14.410866134657375,32.44230673164191,36.18503793283209,3.742731201190182,0.21084897237040365,68.47276198660282,36.03045525496091,0
Odisha,2026-02-23 06:00:00,6,Normal,0.27167343733522253,3.1145299498132726,34.66715268921607,28.550887806929623,6.116264882286444,0.1405231559731798,26.26179041727543,8.405362271940636,0
Coastal Andhra,2026-02-23 12:00:00,9,Monsoon,0.7246179512421088,6.257695612968091,99.15074123089518,105.34787966750436,6.19713843660918,0.1389441107473173,187.8447387106816,88.69399747978643,1
West Bengal,2026-02-23 18:00:00,4,Normal,0.6423696291570713,14.909161008021265,113.01433933032507,110.7193618555797,2.294977474745366,0.30349221130177206,105.53669771460326,7.477641615721808,0
Odisha,2026-02-24 00:00:00,2,Normal,0.2660815456629797,1.6960283105846945,58.560393752654996,61.3403970828631,2.7800033302081033,0.26455003147971995,47.50971463475614,11.050679117898852,0
Rajasthan,2026-02-24 06:00:00,5,Heat Wave,0.3458831554452092,20.00349556785868,13.365638889116143,17.554322178137507,4.188683289021364,0.19272712252757473,17.589102481743225,4.223463592627082,0
West Bengal,2026-02-24 12:00:00,3,Normal,0.468087853360451,3.4017720914145793,38.043873790337564,42.25276428201232,4.208890491674758,0.19197946311182304,35.1108126750202,2.933061115317365,0
Coastal Andhra,2026-02-24 18:00:00,2,Normal,0.7293184617209265,20.05746913831394,142.88568148275445,155.99390747858638,13.10822599583193,0.0708806337731927,102.31692299057269,40.56875849218176,0
Telangana,2026-02-25 00:00:00,1,Normal,0.6748510679353054,3.109325649700559,44.9738208076596,35.020998063965706,9.952822743693893,0.09130066498846169,31.06614983715634,13.907670970503261,0
Tamil Nadu,2026-02-25 06:00:00,10,Heavy Rain,0.5790113629090281,14.386388689896354,2.640724595759778,2.149319453740696,0.49140514201908214,0.670508617561951,99.68604669845124,97.04532210269146,1
Odisha,2026-02-25 12:00:00,2,Heavy Rain,0.7915694888026308,5.151322892403468,41.90687591440241,46.95198674527057,5.045110830868154,0.1654229389631203,54.92251510196144,13.015639187559024,0
Coastal Andhra,2026-02-25 18:00:00,6,Normal,0.7821439656455493,28.872857560727653,90.71290842530101,54.70761447252277,36.00529395277824,0.027023160558488774,100.69434962291909,9.981441197618082,0
West Bengal,2026-02-26 00:00:00,8,Normal,0.6560732386560303,6.803746668556981,10.443485193231076,9.51299362376433,0.9304915694667457,0.5180027801293259,2.548732917631513,7.894752275599563,0
Rajasthan,2026-02-26 06:00:00,3,Normal,0.8082910750463427,2.7285433788450635,14.003416625803757,11.331379231497886,2.672037394305871,0.27232838139139676,15.124084908326601,1.1206682825228444,0
Coastal Andhra,2026-02-26 12:00:00,9,Monsoon,0.4008370373012883,11.93366778809121,96.79497666668098,93.3537703777504,3.441206288930587,0.2251640511480932,114.68322618874703,17.888249522066047,0
Maharashtra,2026-02-26 18:00:00,9,Monsoon,0.8931245754903451,5.6494164127865645,64.99551270556985,61.49150102568382,3.504011679886034,0.22202429102610657,87.23679407577279,22.24128137020294,0
Karnataka,2026-02-27 00:00:00,2,Heavy Rain,0.6534190772217466,12.821590488895716,63.53318800178216,65.60721289980766,2.074024898025506,0.3253064087549569,102.32321453223128,38.79002653044912,0
Rajasthan,2026-02-27 06:00:00,8,Heavy Rain,0.8401271624311875,19.847183159073197,8.262578320664955,9.223400214825745,0.9608218941607891,0.5099902255161167,56.29421491519342,48.031636594528464,0
West Bengal,2026-02-27 12:00:00,10,Normal,0.5916511943112556,14.66860417533363,26.775962069586466,33.24641964323936,6.470457573652897,0.13386060895745386,0.3514503039161738,26.424511765670292,0
Telangana,2026-02-27 18:00:00,5,Normal,0.2965944204898123,1.5837680072107971,59.73789964031298,75.29662187287255,15.558722232559568,0.06039113320191402,74.2569165639006,14.519016923587621,0
Tamil Nadu,2026-02-28 00:00:00,4,Normal,0.5881691158104778,3.0477240222391195,17.534689011489696,16.495235261577104,1.0394537499125924,0.49032737322082365,30.83775216084574,13.303063149356042,0
West Bengal,2026-02-28 06:00:00,10,Normal,0.4340004973989293,10.042240865863967,56.80098280562149,48.40991343703373,8.391069368587758,0.10648414581462957,96.50071969258613,39.699736886964644,1
Karnataka,2026-02-28 12:00:00,5,Normal,0.727749132433385,10.833478025882945,17.961068367727837,14.423790195208003,3.5372781725198337,0.22039644958436339,8.876518235868895,9.084550131858942,0
Telangana,2026-02-28 18:00:00,4,Heavy Rain,0.5282144125612622,2.463483947550485,12.409047378464088,11.408887998492107,1.000159379971981,0.4999601581819987,0.0,12.409047378464088,0
Odisha,2026-03-01 00:00:00,8,Heavy Rain,0.8525015244349189,3.340695841356576,58.281140055961316,43.8881529061738,14.392987149787515,0.06496464852917154,16.111045484045086,42.17009457191623,1
Coastal Andhra,2026-03-01 06:00:00,4,Heat Wave,0.710265261089725,20.872796598695672,45.06821867315382,50.359814323592005,5.2915956504381825,0.15894219138675167,57.66157560461379,12.593356931459965,0
Maharashtra,2026-03-01 12:00:00,10,Normal,0.7160899897281916,4.657492220985061,38.441948258025356,48.27793636363555,9.835988105610191,0.09228507730478802,40.24566053043148,1.8037122724061234,0
Rajasthan,2026-03-01 18:00:00,6,Heavy Rain,0.2954398001419585,13.675137302093102,41.04487693221898,25.400404078410727,15.644472853808256,0.060080004262267755,40.18373195486578,0.8611449773532058,0
Rajasthan,2026-03-02 00:00:00,2,Monsoon,0.9858247898421614,17.933323845466187,41.068486101106565,41.16587260197629,0.09738650086972456,0.9112559697130029,55.105012978071294,14.036526876964729,0
Coastal Andhra,2026-03-02 06:00:00,5,Heavy Rain,0.8575076883443399,4.507928520795757,9.650118958767507,13.403903229757606,3.7537842709900993,0.2103587253848446,0.0,9.650118958767507,0
Maharashtra,2026-03-02 12:00:00,6,Normal,0.8101043961046251,7.61787870195098,72.94044913412252,45.92316009338008,27.017289040742433,0.0356922469745667,45.18542425098035,27.75502488314217,0
Coastal Andhra,2026-03-02 18:00:00,5,Normal,0.39719370264402476,13.703582978886967,93.28305759435347,127.7332676406277,34.450210046274236,0.02820857757104033,72.2553118098865,21.02774578446696,0
Odisha,2026-03-03 00:00:00,2,Normal,0.5820684875625087,1.5671954045211958,119.66394296174443,93.94204204680784,25.721900914936583,0.03742248738902538,121.80496770230053,2.141024740556105,0
Karnataka,2026-03-03 06:00:00,7,Normal,0.22339286926689578,6.5025618019539975,51.87445325506664,44.0001263363472,7.87432691871944,0.11268460235452982,61.72804624293954,9.8535929878729,0
Telangana,2026-03-03 12:00:00,4,Monsoon,0.5846283789964354,19.218039814889366,12.379707168957362,14.291023459997115,1.9113162910397534,0.34348724083251636,49.26671290256203,36.88700573360467,0
West Bengal,2026-03-03 18:00:00,8,Normal,0.23130032183495855,10.63500648184398,71.51550385148967,80.59043070418113,9.074926852691462,0.09925630375498512,109.8956456183958,38.380141766906135,1
Rajasthan,2026-03-04 00:00:00,7,Normal,0.5977340595906411,10.72273860005657,46.846918127643626,45.6124211513295,1.2344969763141265,0.4475280166409228,33.21345364403897,13.633464483604655,0
Odisha,2026-03-04 06:00:00,7,Monsoon,0.683849692139415,16.005343775485013,49.3042401029063,39.89408499549329,9.410155107413011,0.09606004806670995,49.33442324635596,0.030183143449661998,0
Telangana,2026-03-04 12:00:00,9,Monsoon,0.4511763705249121,5.07957938781675,21.545252002629994,14.845130688788284,6.700121313841709,0.12986808379270645,21.287848639575017,0.25740336305497635,0
Odisha,2026-03-04 18:00:00,1,Heavy Rain,0.5486903904981639,3.227354814189875,56.6603106847651,55.57465407337302,1.085656611392082,0.479465313004016,16.59947657006989,40.06083411469521,1
Maharashtra,2026-03-05 00:00:00,10,Monsoon,0.8880880489071273,10.194850715767231,72.99048881033951,69.11654402753761,3.8739447828018996,0.20517261572773235,5.403112912196363,67.58737589814315,1
Rajasthan,2026-03-05 06:00:00,6,Normal,0.19770683023252844,5.414817029065871,47.1899513211483,37.84314158698592,9.346809734162377,0.09664814814350645,46.49712688549501,0.6928244356532929,0
West Bengal,2026-03-05 12:00:00,6,Normal,0.8125596036996876,5.122804297858251,29.896025467850183,27.986130696247283,1.9098947716029002,0.343655038580366,25.03147747051691,4.864547997333272,0
Coastal Andhra,2026-03-05 18:00:00,6,Normal,0.2536790958965768,3.130759972410526,31.721780989609293,33.71146847415127,1.9896874845419745,0.334483120784513,49.035534028370726,17.313753038761433,0
Coastal Andhra,2026-03-06 00:00:00,6,Heavy Rain,0.13303718452416557,11.853328000920564,50.1508231268334,63.56451845825429,13.41369533142089,0.06937846104045692,33.408999358426286,16.741823768407116,0
Telangana,2026-03-06 06:00:00,10,Heat Wave,0.267017142470543,6.966254143509161,30.676822082579793,32.172798827305705,1.4959767447259118,0.4006447584549959,24.16683006931053,6.509992013269262,0
West Bengal,2026-03-06 12:00:00,7,Normal,0.7885388709734408,3.198164765301713,16.451358670348625,15.729081899738386,0.7222767706102395,0.580626770949061,37.247652375770244,20.79629370542162,0
Karnataka,2026-03-06 18:00:00,10,Heavy Rain,0.464613466003174,16.69161442264012,70.74089656344701,56.178140626010915,14.562755937436094,0.06425597137294349,59.93658896264591,10.804307600801103,0
Tamil Nadu,2026-03-07 00:00:00,6,Normal,0.8852684651615638,6.171175468592242,43.55564369346438,35.449208958774655,8.106434734689728,0.10981245999497867,17.80204974577598,25.7535939476884,0
Maharashtra,2026-03-07 06:00:00,1,Heavy Rain,0.5722367870640392,12.063578923824249,47.69305828242999,50.273793407702655,2.5807351252726676,0.2792722625424162,0.22326069438205565,47.46979758804793,1
Telangana,2026-03-07 12:00:00,3,Normal,0.12002531673369787,24.333075287910578,25.835310582492674,27.58403155494707,1.7487209724543966,0.3638055699437098,56.251541625958325,30.41623104346565,0
Tamil Nadu,2026-03-07 18:00:00,2,Normal,0.7450422486417341,16.495939120144037,16.4206146943678,15.50824678808631,0.9123679062814887,0.5229119337943994,41.81519311432589,25.394578419958094,0
Odisha,2026-03-08 00:00:00,6,Monsoon,0.19920961784910945,22.565745634762195,22.605058539821613,27.7198866646783,5.114828124856686,0.163536894182686,25.806230731502154,3.2011721916805413,0
Maharashtra,2026-03-08 06:00:00,8,Heavy Rain,0.810441670115732,16.26875225087289,28.60479851989464,29.025553353031956,0.4207548331373161,0.7038512040756506,18.33361968090345,10.27117883899119,0
Odisha,2026-03-08 12:00:00,3,Heavy Rain,0.25129229482466203,6.528360580762165,30.4018403566284,26.705063241184636,3.6967771154437656,0.2129119554581029,0.32497712114232513,30.076863235486076,1
Karnataka,2026-03-08 18:00:00,10,Normal,0.4109017472249621,4.012509183791012,38.758220823369626,32.41115592648856,6.347064896881065,0.13610877459712034,9.353795664166576,29.40442515920305,1
West Bengal,2026-03-09 00:00:00,8,Normal,0.7851442866628243,6.2602742655040755,78.89433339294575,64.65105267077085,14.243280722174902,0.06560267558054396,133.9549114480539,55.06057805510815,1
Rajasthan,2026-03-09 06:00:00,8,Normal,0.9588082217287794,6.635182023128879,66.22918430792001,74.1771334619953,7.947949154075289,0.11175745221401444,78.41610374851592,12.186919440595915,0
Maharashtra,2026-03-09 12:00:00,5,Monsoon,0.4342905555820591,19.756945658063184,62.908455606226525,53.1365281070614,9.771927499165123,0.09283389626206683,111.45777215185684,48.54931654563032,0
Tamil Nadu,2026-03-09 18:00:00,8,Heat Wave,0.8464601981790422,5.529685185874726,16.99282257503438,17.449792316301405,0.4569697412670237,0.686356052343524,59.15867250866645,42.16584993363207,1
Karnataka,2026-03-10 00:00:00,6,Normal,0.2717130389282548,2.4881910352770764,60.40591833886437,47.59246500842047,12.813453330443899,0.07239319351056618,51.35637718466069,9.04954115420368,0
Rajasthan,2026-03-10 06:00:00,5,Normal,0.826461793182242,9.776570316117965,77.65007661695134,74.40767357122448,3.24240304572686,0.23571546343463173,74.24586220314792,3.404214413803416,0
Coastal Andhra,2026-03-10 12:00:00,9,Monsoon,0.691744653330626,8.554326680373837,30.191376834196717,29.779723203071253,0.41165363112546416,0.7083890679349817,0.0,30.191376834196717,0
Tamil Nadu,2026-03-10 18:00:00,7,Normal,0.27346915649113157,4.19404626900043,16.097337259807723,25.611432895957776,9.514095636150053,0.0951104150662044,41.26757034790894,25.17023308810122,1
Telangana,2026-03-11 00:00:00,8,Heavy Rain,0.37225356431627044,5.946490329011654,57.56839031229469,38.756452205503535,18.811938106791153,0.05047461760731117,58.32922364580478,0.7608333335100923,0
Coastal Andhra,2026-03-11 06:00:00,1,Normal,0.2185937997373324,23.037575086169767,65.45541868931696,78.6882886868479,13.23286999753094,0.07025989840232334,74.9961759869143,9.540757297597338,0
Karnataka,2026-03-11 12:00:00,2,Monsoon,0.44467030995788204,11.817107452026058,41.454488376493835,33.48936724114604,7.965121135347793,0.11154338964335767,8.22117951289944,33.233308863594395,0
Coastal Andhra,2026-03-11 18:00:00,8,Heavy Rain,0.28328377701094964,6.337770038492437,72.29191650029871,96.68575221301096,24.393835712712246,0.03937963572393265,98.14752058511039,25.855604084811674,0
Telangana,2026-03-12 00:00:00,9,Monsoon,0.6795981582674262,4.169955333288827,43.476631910816266,35.88966044534711,7.586971465469155,0.1164554935370761,36.2372584158241,7.239373494992165,0
Maharashtra,2026-03-12 06:00:00,4,Monsoon,0.9950545937985028,31.35946405826466,20.406970223526617,25.693584358479946,5.286614134953329,0.15906813724100533,84.83125114394552,64.42428092041891,0
Coastal Andhra,2026-03-12 12:00:00,10,Normal,0.11080824677583773,26.275949229855172,43.02899246799005,45.41432921149158,2.385336743501526,0.29539158901092916,0.0,43.02899246799005,0
West Bengal,2026-03-12 18:00:00,10,Monsoon,0.5868278319585688,15.529401392045571,46.528539115132055,31.04184262238395,15.486696492748106,0.06065496507683413,0.0,46.528539115132055,1
Tamil Nadu,2026-03-13 00:00:00,9,Monsoon,0.6162999377941087,6.886014963136398,40.963015313548595,42.99812894122511,2.035113627676516,0.32947695627643914,64.83671579311834,23.87370047956975,0
Rajasthan,2026-03-13 06:00:00,4,Normal,0.9227879107127307,3.994568703360688,13.383717331676335,15.10884166888934,1.7251243372130052,0.36695573348506505,30.60520188809214,17.221484556415803,0
Coastal Andhra,2026-03-13 12:00:00,10,Normal,0.5554048012902438,4.129937795778085,106.01693896345564,121.59204055114446,15.57510158768882,0.0603314552679877,99.22881052731053,6.788128436145115,0
Tamil Nadu,2026-03-13 18:00:00,10,Normal,0.5893312776804257,6.819211322989908,142.51229793946624,134.07074461081194,8.441553328654294,0.10591477537547629,164.98647593569532,22.474177996229088,0
Odisha,2026-03-14 00:00:00,10,Heavy Rain,0.5244875211955498,5.5127980200100355,35.41364997597701,58.38497000911564,22.971320033138632,0.04171651784789372,0.0,35.41364997597701,1
Tamil Nadu,2026-03-14 06:00:00,9,Normal,0.34201387410533324,8.114156632977066,37.9887549395484,56.47110469386792,18.48234975431952,0.05132851081160194,27.193466541442696,10.795288398105704,0
Rajasthan,2026-03-14 12:00:00,7,Heavy Rain,0.15042621992402233,7.813109066615903,43.325585359661964,46.98803138151066,3.6624460218486945,0.21447969484555932,11.019749893329347,32.30583546633262,1
Tamil Nadu,2026-03-14 18:00:00,2,Normal,0.46779191398885256,3.4609716161581043,39.52371930182253,26.519115355162285,13.004603946660247,0.07140508962686341,52.86619912634535,13.342479824522819,0
Telangana,2026-03-15 00:00:00,9,Cyclonic,0.14733232411661068,3.573480356265998,20.792043737972353,15.592540807604044,5.199502930368309,0.16130325466925627,65.35649694151323,44.56445320354088,1
Karnataka,2026-03-15 06:00:00,4,Normal,0.595443222519326,6.387355839360448,68.99998218567853,64.36031089034748,4.6396712953310555,0.1773152986465497,62.299496753268805,6.700485432409728,0
Rajasthan,2026-03-15 12:00:00,8,Normal,0.3765642789180639,7.653413248609832,71.08661349332236,69.38030106219976,1.7063124311225977,0.36950648731461977,33.32937150925948,37.75724198406288,1
Karnataka,2026-03-15 18:00:00,7,Heavy Rain,0.5802421613728851,21.74419261015895,38.858080205607855,30.83272414036469,8.025356065243166,0.110798952725092,78.59906819997167,39.74098799436381,0
Maharashtra,2026-03-16 00:00:00,7,Heavy Rain,0.22086726795566802,10.196241255479261,37.12955555027989,32.08241019927289,5.047145351006996,0.1653672835619001,24.05935670068174,13.07019884959815,0
Karnataka,2026-03-16 06:00:00,8,Normal,0.9393669691654236,9.918480962643022,36.4108202421778,18.30689071887755,18.10392952330025,0.052345251733699215,56.44162291898216,20.030802676804363,0
Odisha,2026-03-16 12:00:00,1,Normal,0.9050691191949414,10.496778112412457,67.90189777064865,31.212808051138882,36.68908971950977,0.026532877483701863,47.14243342321236,20.759464347436285,0
Telangana,2026-03-16 18:00:00,5,Normal,0.27099685828205605,18.31232744635664,42.676906967328705,42.82370085987112,0.14679389254241215,0.8719962728289615,62.047450550922136,19.37054358359343,0
Maharashtra,2026-03-17 00:00:00,2,Monsoon,0.4090998549646089,68.47329383437503,35.12379834641207,49.10649722020966,13.982698873797588,0.06674364935337815,19.339441815768577,15.784356530643496,0
Tamil Nadu,2026-03-17 06:00:00,2,Monsoon,0.6521434946667817,5.164022458232375,16.40209416677545,10.041801677074139,6.36029248970131,0.13586416591449632,0.0,16.40209416677545,0
Rajasthan,2026-03-17 12:00:00,1,Heavy Rain,0.18611758657531563,29.770544981123336,74.72391039946626,70.73788142240441,3.9860289770618493,0.20056040680880213,113.52907380461488,38.80516340514862,0
Odisha,2026-03-17 18:00:00,5,Monsoon,0.4191110390045357,2.150506431292273,24.40183770638878,24.289035032097335,0.1128026742914443,0.8986319166034812,12.18440176516187,12.21743594122691,0
Telangana,2026-03-18 00:00:00,2,Monsoon,0.3260010581371055,6.44149804786585,16.130507628961517,17.633672103491314,1.5031644745297967,0.3994943241545658,21.770251566244504,5.6397439372829865,0
Maharashtra,2026-03-18 06:00:00,4,Normal,0.923965055845027,3.1347857620994146,60.59619168301598,52.86449141979404,7.7317002632219385,0.11452523218324569,43.093636713323825,17.502554969692156,0
Maharashtra,2026-03-18 12:00:00,3,Heat Wave,0.8672595726602846,13.390791226497331,42.329017039368054,30.68669591690533,11.642321122462725,0.07909939878233373,31.878701003859895,10.450316035508159,0
Odisha,2026-03-18 18:00:00,3,Monsoon,0.6218494671401774,16.17626355841193,147.0736620710937,170.8178685711208,23.744206500027104,0.040413500428833904,159.0463951599657,11.97273308887199,0
West Bengal,2026-03-19 00:00:00,2,Normal,0.5683117031844168,2.493421874571053,14.382976716688828,7.356473310881454,7.026503405807374,0.12458725168875841,15.60805298306068,1.2250762663718522,0
Tamil Nadu,2026-03-19 06:00:00,6,Normal,0.9376532150908574,17.59751353862438,27.652643150551775,30.292014584886658,2.6393714343348833,0.27477272326910923,84.70603357831932,57.053390427767546,1
Odisha,2026-03-19 12:00:00,2,Normal,0.9391850046809338,10.684813085345937,60.5033641673577,48.34340930374745,12.159954863610253,0.07598810257056336,41.70032080061027,18.80304336674743,0
Maharashtra,2026-03-19 18:00:00,8,Normal,0.9723971128164943,14.857418345147336,40.900729884838654,43.394111064202605,2.4933811793639507,0.2862556213181616,0.0,40.900729884838654,0
Coastal Andhra,2026-03-20 00:00:00,8,Monsoon,0.2128409956973689,19.41033231968856,47.023408061711756,60.666189487628415,13.64278142591666,0.06829303606417785,65.5767120348089,18.55330397309715,0
Telangana,2026-03-20 06:00:00,5,Heavy Rain,0.2445020296868532,13.665651926793284,46.9177557685342,38.86737046698694,8.050385301547259,0.1104925333763458,47.93849274295107,1.0207369744168702,0
Odisha,2026-03-20 12:00:00,10,Monsoon,0.709063028811898,2.0441975023327172,10.080242078359468,9.152413352780345,0.9278287255791238,0.5187182796540175,0.0,10.080242078359468,0
West Bengal,2026-03-20 18:00:00,7,Monsoon,0.5872910289488604,5.928991332023749,48.98659378765587,43.835727225115136,5.150866562540735,0.1625787179468466,101.50112711692898,52.514533329273114,1
Maharashtra,2026-03-21 00:00:00,4,Heavy Rain,0.11661931440391238,2.3413387854992807,66.36964873043773,104.17503242548095,37.80538369504322,0.025769620211943282,58.91650869747202,7.453140032965713,0
Tamil Nadu,2026-03-21 06:00:00,1,Monsoon,0.15577753239056744,1.0379462045884567,21.919251684884028,21.217957756957418,0.7012939279266099,0.5877879087117613,9.10736438467015,12.811887300213877,0
Karnataka,2026-03-21 12:00:00,2,Normal,0.8992723440329247,2.942814469050612,22.940900102062727,21.943791552299665,0.9971085497630625,0.5007239091328513,33.81349345430172,10.872593352238994,0
Maharashtra,2026-03-21 18:00:00,10,Normal,0.8819837159854477,6.324223087334601,30.805497554928593,30.139416979840817,0.6660805750877756,0.6002110671912227,47.46941029547489,16.663912740546294,0
Tamil Nadu,2026-03-22 00:00:00,10,Heavy Rain,0.42154382979644067,28.27350081700577,15.746925318097285,21.072898137795736,5.3259728196984515,0.1580784534650701,0.0,15.746925318097285,0
Odisha,2026-03-22 06:00:00,4,Normal,0.9019455552374812,8.01992879076262,19.992266527305166,16.803677854492417,3.188588672812749,0.2387439011356714,44.908576120576654,24.91630959327149,0
Tamil Nadu,2026-03-22 12:00:00,1,Normal,0.6343075669581116,10.745671926062892,43.896429265972394,52.60252918171463,8.706099915742236,0.10302799359999468,29.687722588937937,14.208706677034456,0
Rajasthan,2026-03-22 18:00:00,8,Cyclonic,0.8253150823170117,5.304875236460239,88.45289073865251,71.66891758303363,16.78397315561888,0.05623040426621697,71.50048657873063,16.952404159921883,0
Rajasthan,2026-03-23 00:00:00,9,Monsoon,0.4846879640441929,6.945941015352717,28.363759472024455,22.489772643775044,5.873986828249411,0.14547598431384667,0.0,28.363759472024455,0
Rajasthan,2026-03-23 06:00:00,4,Normal,0.20205849461041786,8.646292075853868,111.76103818160767,122.12189845739977,10.360860275792092,0.0880215032774249,113.64133622788376,1.8802980462760814,0
West Bengal,2026-03-23 12:00:00,10,Monsoon,0.49035435638141467,6.644084041121725,28.017094729107978,36.521878093653775,8.504783364545798,0.10521018329887907,0.0,28.017094729107978,0
West Bengal,2026-03-23 18:00:00,3,Monsoon,0.5115698181972081,12.436393873906791,70.23167892421236,63.50122523998856,6.730453684223804,0.12935851385291725,79.66856302598413,9.436884101771767,0
Coastal Andhra,2026-03-24 00:00:00,2,Normal,0.5958497744565427,4.832618373843248,23.978426064543644,21.63829969004035,2.3401263745032956,0.29938986968680437,45.442839750176006,21.464413685632362,0
West Bengal,2026-03-24 06:00:00,5,Normal,0.1950244416139852,2.1661304105473573,53.55791582433853,62.063338362550205,8.505422538211675,0.10520310864456714,73.47166681016198,19.913750985823448,1
Karnataka,2026-03-24 12:00:00,3,Heat Wave,0.9922616767446503,1.7058644821750926,102.75596610332084,102.48238471242291,0.273581390897931,0.785187352097659,127.98703921800447,25.231073114683625,1
Odisha,2026-03-24 18:00:00,10,Normal,0.3197231387262157,15.315238765509942,61.533385199780824,71.99407630873075,10.46069110894993,0.08725477290100558,42.26283560173977,19.27054959804105,0
Maharashtra,2026-03-25 00:00:00,7,Normal,0.27869716318338367,0.47545330310195355,38.08562823565125,22.609868031692084,15.475760203959165,0.06069522666151074,50.164578019423026,12.078949783771776,0
Maharashtra,2026-03-25 06:00:00,6,Heavy Rain,0.5741226269703429,6.84942864217332,36.41964062281012,26.956538837967557,9.463101784842564,0.09557395317024021,36.98351047754545,0.56386985473533,0
Coastal Andhra,2026-03-25 12:00:00,1,Monsoon,0.5834873614553998,3.0516897232643525,54.038879812356946,53.206320733813904,0.8325590785430421,0.5456849995772252,52.61853152909913,1.420348283257816,0
West Bengal,2026-03-25 18:00:00,8,Normal,0.49583866404991983,12.767788779542892,65.10663136106628,72.4607860238786,7.35415466281232,0.11970092012437829,85.50814523335401,20.401513872287737,0
Karnataka,2026-03-26 00:00:00,2,Normal,0.794702931692729,8.210311060009307,69.80177636255924,67.53563479237788,2.266141570181361,0.3061716641830906,66.88777106097983,2.914005301579408,0
Tamil Nadu,2026-03-26 06:00:00,5,Normal,0.5649889606557424,8.370731895994492,44.32417413303724,45.20893133933886,0.8847572063016216,0.5305723180983386,25.067241334598396,19.256932798438843,0
Coastal Andhra,2026-03-26 12:00:00,9,Heat Wave,0.6487259096304857,8.928631757924038,52.7081105072386,60.70069898152369,7.992588474285093,0.11120268684145469,51.517623537297695,1.1904869699409062,0
Karnataka,2026-03-26 18:00:00,8,Normal,0.751371746867007,8.701693513107463,23.21393522363803,15.978815478904824,7.235119744733204,0.12143114259383454,0.0,23.21393522363803,0
Tamil Nadu,2026-03-27 00:00:00,2,Heavy Rain,0.12252259140747995,2.15979184926576,57.30253041173795,65.98919689034621,8.68666647860826,0.10323468885899702,61.289298868266414,3.9867684565284662,0
Karnataka,2026-03-27 06:00:00,9,Heat Wave,0.6135797642905403,5.5613440338202,24.27549819934006,30.65155544357331,6.376057244233252,0.13557378513864163,16.103498573377806,8.171999625962254,0
Tamil Nadu,2026-03-27 12:00:00,5,Normal,0.8957750241055323,3.852040749378436,47.373661540375664,43.313246509038045,4.0604150313376195,0.19761224994537058,45.21942057826001,2.154240962115658,0
Telangana,2026-03-27 18:00:00,10,Heat Wave,0.11564986863289052,4.495516321034187,33.12081229014243,25.990445884179206,7.130366405963226,0.12299568679543753,6.531046027953181,26.58976626218925,1
Karnataka,2026-03-28 00:00:00,6,Heat Wave,0.464663893420865,8.798061446351065,96.32879546327572,117.7325374515435,21.403741988267768,0.04463540066314247,85.6403562037631,10.68843925951262,0
Maharashtra,2026-03-28 06:00:00,3,Cyclonic,0.933604705185247,15.384690418756062,44.045142787090526,62.97931407027202,18.93417128318149,0.050165115258325406,71.76228859728482,27.717145810194296,0
Rajasthan,2026-03-28 12:00:00,3,Normal,0.41783896205428406,15.009341340091018,102.59212608743945,106.38250871531037,3.790382627870912,0.20875159202981047,93.31364675090391,9.27847933653554,0
West Bengal,2026-03-28 18:00:00,10,Heavy Rain,0.5128559417802168,9.970012498386119,41.2320733965683,32.131047849312374,9.10102554725593,0.09899984861157614,78.90478584834298,37.67271245177468,1
Tamil Nadu,2026-03-29 00:00:00,8,Monsoon,0.9833872537398815,5.836969094182889,113.33885395748057,113.1732205447699,0.1656334127106618,0.8579026554107745,98.25944671461,15.079407242870573,0
Telangana,2026-03-29 06:00:00,10,Heat Wave,0.2793914730555164,8.362603985478634,59.00170227865406,46.70357084429876,12.298131434355298,0.07519853484201035,59.90242247509177,0.9007201964377103,0
Karnataka,2026-03-29 12:00:00,10,Normal,0.15872967021250536,13.694184714347799,10.628032531629303,12.530716018707798,1.9026834870784946,0.3445087983073498,6.7665913397628135,3.86144119186649,0
Maharashtra,2026-03-29 18:00:00,2,Monsoon,0.8734803317751739,4.472010430646655,33.610492003522346,33.18521681077618,0.4252751927461631,0.7016188909267691,34.532809817473186,0.9223178139508406,0
Rajasthan,2026-03-30 00:00:00,2,Normal,0.8816188070911316,8.095394308732248,25.973671801253925,19.948022495892506,6.025649305361419,0.1423355986808051,37.92455798535812,11.950886184104196,0
Tamil Nadu,2026-03-30 06:00:00,5,Normal,0.5248700512120119,5.266330387781676,16.715261769137243,17.548628071759776,0.8333663026225331,0.5454447365862202,30.221820654426136,13.506558885288893,0
Karnataka,2026-03-30 12:00:00,6,Normal,0.5627864570295577,4.413261305914531,24.94345003174078,20.856618964149536,4.086831067591245,0.19658604477178512,3.3744678841216142,21.568982147619167,0
Karnataka,2026-03-30 18:00:00,2,Monsoon,0.8522257326560524,7.724289447780556,29.029216966419163,19.48543005419896,9.543786912220202,0.09484258438882186,0.0,29.029216966419163,0
Tamil Nadu,2026-03-31 00:00:00,5,Heavy Rain,0.7647035483042156,5.862511920298942,11.456504424301365,13.63117052423154,2.1746660999301763,0.31499375635818644,3.2645663214003857,8.191938102900979,0
Coastal Andhra,2026-03-31 06:00:00,7,Heavy Rain,0.33863410199530963,10.137141578942439,37.6479191698611,40.45862982823873,2.81071065837763,0.2624182441670183,36.6855059745939,0.9624131952671959,0
Coastal Andhra,2026-03-31 12:00:00,10,Heat Wave,0.11520401956436661,5.933798877979798,57.28056391398556,50.56226723727588,6.718296676709677,0.12956226508078486,88.73910900442792,31.458545090442357,1
Maharashtra,2026-03-31 18:00:00,10,Normal,0.5317301462801912,7.183763739057001,149.31787766852892,196.80369315071644,47.48581548218752,0.02062458865660154,196.77100778473144,47.453130116202516,1
Rajasthan,2026-04-01 00:00:00,8,Heavy Rain,0.8730210934860773,2.1569122481993253,90.70005913251964,73.76778262268923,16.932276509830416,0.055765368075369755,148.22388962531045,57.52383049279081,1
Tamil Nadu,2026-04-01 06:00:00,7,Normal,0.906251209021146,14.138727799939414,36.697482340998405,32.70954688545942,3.987935455538988,0.20048374902075425,20.542323010745918,16.155159330252488,0
Maharashtra,2026-04-01 12:00:00,8,Normal,0.9606035773685385,14.324906092704346,43.2839732075072,47.342370530989015,4.058397323481813,0.19769107407950245,101.32211397052185,58.03814076301465,1
Maharashtra,2026-04-01 18:00:00,9,Monsoon,0.891606913851503,3.8463710703640484,60.73291907930987,74.0374527356368,13.304533656326932,0.06990790640404397,36.6633736592003,24.06954542010957,1
Odisha,2026-04-02 00:00:00,5,Heat Wave,0.6220391997682885,4.161194886296735,38.5827220531569,42.35389224647918,3.771170193322277,0.2095921879709088,63.66087674363,25.0781546904731,1
Karnataka,2026-04-02 06:00:00,5,Heavy Rain,0.5001450393124908,9.149720458131803,44.642290434945515,38.34820753296827,6.294082901977248,0.13709742724872573,40.15602930001536,4.486261134930153,0
West Bengal,2026-04-02 12:00:00,10,Monsoon,0.7973648618806891,5.428395144957942,24.93220524735037,23.452781580305857,1.4794236670445144,0.40331953481431637,40.45065203928931,15.518446791938938,0
Karnataka,2026-04-02 18:00:00,4,Normal,0.7658394709290368,9.899554434322791,42.16238138044943,35.36048880912056,6.801892571328871,0.12817402839855732,65.64479604228205,23.48241466183262,0
Coastal Andhra,2026-04-03 00:00:00,9,Normal,0.584329087073309,20.46095738159139,46.00386807556886,42.181785384917966,3.8220826906508947,0.20737927243321866,91.33438258102879,45.33051450545993,0
Rajasthan,2026-04-03 06:00:00,5,Heavy Rain,0.1785946353026222,4.016648890378826,17.116119229103145,16.0180460033057,1.098073225797446,0.476627787678819,50.04920421573512,32.93308498663197,1
Karnataka,2026-04-03 12:00:00,2,Normal,0.9334732121082269,14.913757512972818,59.73287757385555,65.94935764403482,6.216480070179266,0.13857171228564882,85.33256268393731,25.599685110081758,0
Tamil Nadu,2026-04-03 18:00:00,10,Normal,0.510042283751496,3.4249609385970707,61.58888741858814,50.964585199174365,10.624302219413778,0.08602666905286559,6.3620427114544995,55.226844707133644,1
Maharashtra,2026-04-04 00:00:00,8,Heavy Rain,0.4270004037246379,4.477246385903994,63.16685574395044,78.24502768816863,15.078171944218191,0.06219612549669281,24.16554985730764,39.001305886642804,1
Tamil Nadu,2026-04-04 06:00:00,7,Normal,0.6666106556518945,9.206091829006365,25.300765218042226,25.14278393494996,0.15798128309226556,0.8635718164024263,20.735551104347838,4.565214113694388,0
Odisha,2026-04-04 12:00:00,8,Normal,0.7064541650502792,12.336415408221395,102.68494163795053,80.76408013933647,21.92086149861406,0.043628377583471996,113.18071991034594,10.495778272395413,0
Rajasthan,2026-04-04 18:00:00,3,Heavy Rain,0.2896191253272713,20.044295073940162,33.786071491822135,37.068425330920036,3.282353839097901,0.23351643455288482,50.20962537669794,16.42355388487581,0
Maharashtra,2026-04-05 00:00:00,4,Heavy Rain,0.8532449603289606,24.766275603495068,18.357212298853987,17.80588827293992,0.5513240259140666,0.6446106572808237,13.653042456703801,4.704169842150186,0
Tamil Nadu,2026-04-05 06:00:00,5,Heat Wave,0.36094338429614004,6.38975631634283,98.46606830975841,87.14048366224668,11.325584647511732,0.08113205406462226,110.12868098317072,11.662612673412312,0
Coastal Andhra,2026-04-05 12:00:00,6,Heavy Rain,0.2680155333228851,8.02985479903311,21.208642234155654,28.719232499996938,7.510590265841284,0.11750066314597142,35.949875123453346,14.741232889297692,0
West Bengal,2026-04-05 18:00:00,1,Normal,0.46575986756904775,10.283191274857515,51.804854004938434,47.75564694277166,4.049207062166772,0.19805089941604986,44.87887800182287,6.925976003115565,0
Odisha,2026-04-06 00:00:00,4,Heat Wave,0.7575040728077187,7.761183294949527,28.180558141392854,24.98150453917744,3.1990536022154146,0.2381489008552788,53.581886614884965,25.40132847349211,0
Rajasthan,2026-04-06 06:00:00,10,Monsoon,0.9689123605958231,6.335416362337342,13.024204177447984,16.152294951256973,3.1280907738089887,0.24224273515121864,115.55000463565122,102.52580045820324,1
Odisha,2026-04-06 12:00:00,5,Normal,0.8283531379342899,5.1406990384286955,20.725425300333345,23.336149157866892,2.6107238575335465,0.27695277718720124,33.600384663182155,12.87495936284881,0
Coastal Andhra,2026-04-06 18:00:00,7,Normal,0.9463135399031726,12.456222607298768,91.66818242759852,108.95736191478879,17.289179487190268,0.054677138506973456,47.98722401728079,43.680958410317736,1
Rajasthan,2026-04-07 00:00:00,5,Monsoon,0.2265452236688741,20.14948567093849,43.54015348020628,37.41099905084672,6.129154429359559,0.1402690894002466,90.73015444260237,47.19000096239609,0
Odisha,2026-04-07 06:00:00,1,Heavy Rain,0.16405911897730913,1.903283147379462,30.114291775767953,31.76996503620084,1.6556732604328879,0.3765523473459966,41.24547597713113,11.131184201363176,0
Telangana,2026-04-07 12:00:00,7,Monsoon,0.601934285716004,6.753037730589874,35.39450908304386,23.126912379062308,12.26759670398155,0.07537160062303554,54.51004852862445,19.115539445580595,0
Coastal Andhra,2026-04-07 18:00:00,8,Monsoon,0.3612677347396309,1.9504797922070802,18.75964048167782,9.752916693860207,9.006723787817613,0.09993280730076912,58.87231083173131,40.11267035005349,1
Coastal Andhra,2026-04-08 00:00:00,7,Heavy Rain,0.8452494756723455,11.935602185134716,23.517057188165765,20.042903306736207,3.474153881429558,0.2235059469345934,0.0,23.517057188165765,0
Coastal Andhra,2026-04-08 06:00:00,4,Heat Wave,0.7047890842620934,4.386409671970595,70.04625667147894,70.87227190640718,0.826015234928235,0.5476405568101963,67.85705855604007,2.18919811543887,0
Telangana,2026-04-08 12:00:00,8,Heavy Rain,0.973655347587215,18.30099555974951,49.02190438168594,78.43752610207414,29.415621720388202,0.03287784182723708,135.75653393654136,86.73462955485542,1
Telangana,2026-04-08 18:00:00,5,Normal,0.3293131201581738,7.167365574358789,42.005851934067834,55.13028977807672,13.124437844008888,0.07079927789297231,44.186535944514695,2.1806840104468606,0
Tamil Nadu,2026-04-09 00:00:00,10,Monsoon,0.5372057029197091,12.047859254401416,37.463649595353175,27.22202584901861,10.241623746334565,0.08895512094736842,38.965587332191646,1.501937736838471,0
Maharashtra,2026-04-09 06:00:00,9,Normal,0.5511164296828179,3.9387109767393484,11.577446051422875,14.111743908721031,2.5342978572981565,0.2829416309480107,17.388741846295154,5.811295794872279,0
West Bengal,2026-04-09 12:00:00,10,Monsoon,0.3152591153716386,8.928449597141736,39.57449223099607,26.262188350136284,13.312303880859787,0.06986995303651468,45.007459874105166,5.4329676431090945,0
Odisha,2026-04-09 18:00:00,5,Heat Wave,0.631084059539207,8.85424493865152,70.08923182193298,96.95156184444795,26.862330022514968,0.03589075282619655,73.42413050150434,3.334898679571353,0
Tamil Nadu,2026-04-10 00:00:00,1,Monsoon,0.49895738747131557,10.761573241267751,27.724832468244603,24.22236161344561,3.502470854798993,0.22210027166175708,21.736199473204323,5.98863299504028,0
Odisha,2026-04-10 06:00:00,9,Heavy Rain,0.5020494003908863,4.850741402658844,39.98612610069786,34.242459456170195,5.743666644527664,0.14828728238094002,27.465954320101538,12.520171780596321,0
West Bengal,2026-04-10 12:00:00,5,Heavy Rain,0.42646298317523523,17.23002694465523,6.158379846412362,7.729094631957488,1.5707147855451264,0.38899686796174376,54.84942967396696,48.6910498275546,0
Maharashtra,2026-04-10 18:00:00,6,Normal,0.11523641718298155,10.310847147507607,86.77442736907885,74.64515249498521,12.129274874093639,0.07616566867475487,85.71902074039869,1.05540662868016,0
Telangana,2026-04-11 00:00:00,4,Normal,0.56988571322331,19.499266123269912,103.48121481988223,148.7094299465766,45.228215126694366,0.021631810729862085,99.02033868096058,4.460876138921648,0
Maharashtra,2026-04-11 06:00:00,6,Heavy Rain,0.401723052130298,2.204992209425722,103.10090297296748,88.40574797384498,14.695154999122494,0.06371392955698171,117.55968073668285,14.458777763715375,0
Telangana,2026-04-11 12:00:00,8,Monsoon,0.10118788208589671,8.985032231435936,12.545841582297225,15.329387617037037,2.783546034739812,0.2643023213721168,0.0,12.545841582297225,0
West Bengal,2026-04-11 18:00:00,3,Monsoon,0.3771493368957388,6.958076613626947,73.71126006386523,75.84825993261408,2.136999868748859,0.31877591387940785,75.27926093893211,1.5680008750668861,0
Maharashtra,2026-04-12 00:00:00,5,Normal,0.3507654997807813,25.132952887228374,4.159820247778508,4.86573982281371,0.7059195750352023,0.5861941058853051,0.0,4.159820247778508,0
Tamil Nadu,2026-04-12 06:00:00,2,Heavy Rain,0.4541033379012722,12.656598534097977,76.28417498473375,57.06598747551369,19.218187509220066,0.04946041773249811,86.83085420639384,10.546679221660085,0
Rajasthan,2026-04-12 12:00:00,2,Monsoon,0.21866679067905725,7.856338602592764,41.58407724382684,22.52352327977211,19.06055396405473,0.049849072054133615,46.15174002479218,4.5676627809653425,0
Tamil Nadu,2026-04-12 18:00:00,7,Heavy Rain,0.556915442171576,12.116298177755736,32.96157444636871,25.226008746298767,7.735565700069941,0.11447455543628887,20.8565403879591,12.105034058409608,0
Odisha,2026-04-13 00:00:00,10,Heavy Rain,0.723196317266317,5.695168993108162,73.38868794818256,65.97847110708487,7.410216841097693,0.11890299844747891,128.68232383310988,55.29363588492731,1
Tamil Nadu,2026-04-13 06:00:00,10,Monsoon,0.6671670121491152,11.071778924599707,45.166903325271335,42.90939249404693,2.2575108312244083,0.30698286262462793,15.587049974028982,29.579853351242352,0
West Bengal,2026-04-13 12:00:00,10,Monsoon,0.8233794528122715,34.646854849177714,23.422946013745864,20.588423718547745,2.83452229519812,0.26078867796707716,94.17219292166317,70.7492469079173,0
Coastal Andhra,2026-04-13 18:00:00,6,Normal,0.506807459188373,5.0978694094035815,64.21858171919945,29.916649203237952,34.3019325159615,0.028327061119043772,46.91861788212276,17.29996383707669,0
Odisha,2026-04-14 00:00:00,4,Cyclonic,0.5671825573057554,8.874511765866725,85.0521268807436,71.4709061681741,13.581220712569504,0.0685813636397374,93.83177091210645,8.77964403136285,0
Maharashtra,2026-04-14 06:00:00,5,Normal,0.8293617467730849,4.243489538335588,70.07729050570913,70.77024514762007,0.6929546419109442,0.590683279542113,25.619193870537863,44.458096635171266,1
Odisha,2026-04-14 12:00:00,1,Heat Wave,0.4849310537373147,3.636249486158041,72.78011831136085,68.35232812858973,4.427790182771119,0.18423704054998258,59.6439800107464,13.136138300614455,0
Rajasthan,2026-04-14 18:00:00,7,Normal,0.7314394149096373,15.021956806235702,18.58475829404297,16.8454520982691,1.739306195773871,0.36505594064028823,0.0,18.58475829404297,0
Telangana,2026-04-15 00:00:00,8,Normal,0.4911421318461927,2.9035861673114702,29.588680653273833,26.18532273872099,3.403357914552842,0.22709941353962124,26.49531653499237,3.093364118281464,0
Maharashtra,2026-04-15 06:00:00,9,Cyclonic,0.4759625750604064,10.948000578983292,49.57624128190723,50.275515644368966,0.6992743624617361,0.5884864869916012,3.7764760195490368,45.79976526235819,1
Karnataka,2026-04-15 12:00:00,8,Normal,0.7841850620762443,14.388337959927227,96.97282101462176,71.58503027333416,25.387790741287603,0.03789631385985459,73.71129900481168,23.26152200981008,0
Odisha,2026-04-15 18:00:00,5,Monsoon,0.25735322391959004,5.888304963509795,24.01188222744785,22.53947613545431,1.4724060919935376,0.40446430027750224,63.119705127874276,39.10782290042643,1
Maharashtra,2026-04-16 00:00:00,3,Monsoon,0.40472737474741627,19.04026682067373,93.9588323359026,84.38535544913432,9.573476886768276,0.09457626953830174,117.59421521908588,23.635382883183283,0
Maharashtra,2026-04-16 06:00:00,10,Cyclonic,0.3017550490722116,17.918794017253433,10.022184562479072,6.893113770143352,3.12907079233572,0.2421852398016947,56.80385757852949,46.78167301605042,0
Maharashtra,2026-04-16 12:00:00,9,Heat Wave,0.4231989486708374,5.862477686654301,86.91238719352967,82.96886144516029,3.9435257483693817,0.20228477627123703,108.85422013985671,21.94183294632704,0
Telangana,2026-04-16 18:00:00,6,Normal,0.3073373401294216,2.491895356299683,82.21391083477701,41.39192415654171,40.8219866782353,0.0239108679291989,86.30681831754747,4.092907482770457,0
Karnataka,2026-04-17 00:00:00,5,Monsoon,0.6214650679779892,11.560090267443098,127.99817654795575,106.27270861791655,21.7254679300392,0.04400349436493539,112.7298607755981,15.268315772357653,0
West Bengal,2026-04-17 06:00:00,3,Normal,0.8183537223560607,7.673761011271396,75.94924722051583,82.3453900155789,6.396142795063071,0.13520561023612207,52.26808187613364,23.681165344382187,0
Tamil Nadu,2026-04-17 12:00:00,6,Normal,0.8079517550961117,9.273041329841979,52.42518326298171,57.82373731111527,5.398554048133562,0.1562853095367221,37.07510708999829,15.350076172983421,0
Maharashtra,2026-04-17 18:00:00,3,Monsoon,0.42805086809391324,11.47174842316888,33.2485384384616,33.3581478521826,0.10960941372099597,0.9012180210751559,5.22431354305672,28.02422489540488,0
Coastal Andhra,2026-04-18 00:00:00,10,Normal,0.9898843653048356,2.0721102861415392,30.555494859235615,32.27264904648137,1.7171541872457539,0.36803211414868253,62.15501879938492,31.599523940149304,1
West Bengal,2026-04-18 06:00:00,6,Heavy Rain,0.6344689282352207,5.600391151742188,40.68330924026299,46.98778386693599,6.304474626672999,0.13690238533356017,55.784472214150114,15.10116297388712,0
Rajasthan,2026-04-18 12:00:00,4,Heavy Rain,0.4594602716004653,23.423485226867342,31.679311610223632,32.508016055946776,0.8287044457231438,0.5468352211527322,40.8740515661395,9.194739955915868,0
Telangana,2026-04-18 18:00:00,2,Heavy Rain,0.8519853513172829,9.483532053422639,64.2061190810746,83.09128948505372,18.885170403979117,0.05028873173749093,82.8607304376863,18.654611356611696,0
Odisha,2026-04-19 00:00:00,8,Heat Wave,0.7568866113783768,12.027208900503169,74.8159023329717,35.134626298169884,39.68127603480182,0.024581333170191733,114.01167055054565,39.19576821757394,1
Telangana,2026-04-19 06:00:00,4,Normal,0.7743478031416939,8.89545664372909,22.747670238575402,27.43822172920499,4.690551490629588,0.1757298921987898,14.265620784254594,8.482049454320808,0
Odisha,2026-04-19 12:00:00,9,Heavy Rain,0.2765254147604844,11.776345932098975,77.17719795533982,35.21930649509594,41.95789146024388,0.023278609959836303,101.50050376537877,24.323305810038946,0
Telangana,2026-04-19 18:00:00,7,Cyclonic,0.5214918766316996,17.664766846650874,54.76626128649799,46.186187815452165,8.580073471045829,0.10438333307383632,16.92397550863435,37.842285777863644,0
Odisha,2026-04-20 00:00:00,2,Heavy Rain,0.8756453177421425,1.1221292624397563,34.89138394988623,41.263065094672044,6.371681144785811,0.13565426669428413,62.39147990379573,27.500095953909494,1
Maharashtra,2026-04-20 06:00:00,4,Normal,0.5536342068658816,13.74021922386272,85.74026951346741,99.0325252765614,13.29225576309399,0.06996796143140947,67.16012363526241,18.580145878205002,0
Tamil Nadu,2026-04-20 12:00:00,5,Heavy Rain,0.7151074690789453,7.757277932148533,25.288235286288714,19.156262810233827,6.131972476054887,0.14021366506354757,18.68222645933531,6.606008826953403,0
Odisha,2026-04-20 18:00:00,3,Normal,0.629140359730838,15.40680799332993,16.487102892323882,16.289247731595903,0.19785516072797904,0.8348254720481102,11.807399452100118,4.679703440223765,0
Karnataka,2026-04-21 00:00:00,9,Normal,0.8581211089465438,6.055669200729516,24.404831116463825,20.772925971939944,3.6319051445238806,0.21589388573344614,17.375029929554266,7.029801186909559,0
Odisha,2026-04-21 06:00:00,5,Monsoon,0.35610475578544243,5.863887946088177,29.601565825670512,35.87271243329454,6.271146607624026,0.1375298909461499,31.366008372164206,1.7644425464936937,0
Coastal Andhra,2026-04-21 12:00:00,2,Heavy Rain,0.6179277500977284,2.7969544243512923,83.66885351565551,82.05117406868175,1.6176794469737672,0.382017745204087,84.90216025975978,1.2333067441042687,0
Odisha,2026-04-21 18:00:00,3,Heat Wave,0.2109112012088236,7.9143868035393306,81.19599777578365,68.03854899890551,13.157448776878141,0.07063419516892011,85.40658905328189,4.210591277498239,0
Coastal Andhra,2026-04-22 00:00:00,9,Monsoon,0.721189699029521,2.6265387692420616,43.77853401594187,47.956769832633675,4.178235816691803,0.1931159636987845,33.87886731906007,9.899666696881802,0
Rajasthan,2026-04-22 06:00:00,7,Monsoon,0.7587710545174409,7.3936602295248965,8.64111416037466,9.892099445245142,1.2509852848704828,0.4442499054619711,0.0,8.64111416037466,0
Maharashtra,2026-04-22 12:00:00,2,Normal,0.13855358907009857,9.264328296745832,26.306781930353296,25.023172770269905,1.2836091600833903,0.4379033056442474,31.417836930795612,5.111055000442317,0
Coastal Andhra,2026-04-22 18:00:00,9,Normal,0.7082118672651866,4.53791545505709,120.48998693552811,140.1703825906826,19.6803956551545,0.04835497427974761,84.02446809259388,36.46551884293423,1
Tamil Nadu,2026-04-23 00:00:00,4,Normal,0.4732211387492078,1.837481384944366,71.91716948250264,99.99382627455616,28.076656792053512,0.034391849350207775,77.26222219788345,5.3450527153808025,0
West Bengal,2026-04-23 06:00:00,9,Heat Wave,0.2116871884987141,1.3889452335534909,8.089430076005556,3.8819372708462514,4.207492805159305,0.1920309902318547,23.878217585099502,15.788787509093947,0
Maharashtra,2026-04-23 12:00:00,2,Normal,0.4779167929286209,3.4850983638077975,5.185929782433629,6.749545528080019,1.5636157456463904,0.3900740591479945,7.074846773668958,1.8889169912353294,0
Coastal Andhra,2026-04-23 18:00:00,10,Normal,0.27480963672602354,1.2781156534816065,69.99071440897266,95.04846772431932,25.05775331534666,0.0383762939152184,86.02379536785602,16.03308095888336,0
Maharashtra,2026-04-24 00:00:00,4,Heavy Rain,0.4740035789109849,9.079708056888629,95.28067359179951,105.97912252407909,10.698448932279575,0.08548141773228553,83.38149562390633,11.89917796789318,0
Karnataka,2026-04-24 06:00:00,5,Normal,0.445905125162675,35.270798956479254,19.933645935708196,18.376263074566474,1.557382861141722,0.3910247523726496,24.524418422379473,4.590772486671277,0
Maharashtra,2026-04-24 12:00:00,2,Normal,0.7645524732424517,2.748560514874021,25.48895344575799,15.556729860156096,9.932223585601893,0.09147269923357895,14.081627552642079,11.40732589311591,0
Maharashtra,2026-04-24 18:00:00,10,Heavy Rain,0.7967940023497229,40.85963260323554,79.48298602208939,80.32675528948413,0.8437692673947339,0.5423672135575895,83.48373003178641,4.000744009697016,0
Rajasthan,2026-04-25 00:00:00,1,Normal,0.646325788946092,8.825897850595041,34.95418636093861,31.43646337615631,3.5177229847822957,0.22135044653433725,36.42110673605896,1.4669203751203526,0
Tamil Nadu,2026-04-25 06:00:00,7,Normal,0.1204181579642028,10.226532866937582,38.24286246338875,24.94322930753896,13.299633155849786,0.06993186392274081,46.01990407591217,7.777041612523426,0
Telangana,2026-04-25 12:00:00,10,Normal,0.9379200511638945,1.9605214095201537,37.005908902758236,30.930601671574035,6.075307231184201,0.1413366186548805,12.833401636848862,24.172507265909374,1
Telangana,2026-04-25 18:00:00,1,Monsoon,0.7176099520868029,9.388674514273182,46.780693770157896,46.31434510457017,0.4663486655877236,0.6819660449577949,52.09571490618787,5.315021136029976,0
Coastal Andhra,2026-04-26 00:00:00,8,Heavy Rain,0.13077590492906996,5.318108422867478,53.244828030411725,56.8311735737479,3.586345543336172,0.2180385212040927,46.49429855854917,6.750529471862556,0
Maharashtra,2026-04-26 06:00:00,3,Normal,0.836949609292706,22.438987308286418,126.65889146189141,94.2131006217324,32.44579084015902,0.029899128556388634,97.61626060690014,29.042630854991273,0
Coastal Andhra,2026-04-26 12:00:00,10,Heavy Rain,0.28023953924619655,1.3906862958283293,33.050737442741315,13.3847778773921,19.665959565349215,0.048388752375026815,35.64199536974206,2.591257927000747,0
Rajasthan,2026-04-26 18:00:00,6,Normal,0.6212990706139961,5.396945787478239,38.13461684206378,35.69720118921963,2.4374156528441446,0.290916229223717,40.2463445924039,2.1117277503401226,0
Rajasthan,2026-04-27 00:00:00,7,Heat Wave,0.5199709329551685,4.0490077725953295,18.487107195128235,14.244401294739271,4.242705900388964,0.19074119719853225,24.226256156220433,5.739148961092198,0
Odisha,2026-04-27 06:00:00,10,Normal,0.477854904119569,10.538845186490553,46.45462339460839,41.387030718937346,5.067592675671044,0.16481000842552523,41.132559234059556,5.322064160548834,0
Karnataka,2026-04-27 12:00:00,1,Monsoon,0.9007423481119577,0.6387414939586032,83.20639305156382,40.62886057537051,42.57753247619331,0.022947604950929852,67.86084505679347,15.345547994770357,0
Rajasthan,2026-04-27 18:00:00,6,Cyclonic,0.49362516240635324,21.973937272856865,25.27881818840229,23.251659343459703,2.027158844942587,0.33034275742440133,0.0,25.27881818840229,0
Odisha,2026-04-28 00:00:00,7,Monsoon,0.16780970581583565,10.236963049311658,22.63761379361942,24.74491646892462,2.1073026753052027,0.3218225272830169,10.099591912973676,12.538021880645744,0
Tamil Nadu,2026-04-28 06:00:00,6,Normal,0.9519748544934573,9.723910060388919,78.68640940409149,69.96395151527456,8.722457888816933,0.10285464966119631,45.67339686580614,33.01301253828535,0
Coastal Andhra,2026-04-28 12:00:00,4,Normal,0.9284817081156648,2.880102440670407,53.05958470772779,54.43013275210613,1.3705480443783458,0.4218433802138951,51.358203622088205,1.7013810856395821,0
West Bengal,2026-04-28 18:00:00,1,Monsoon,0.7159894206234388,14.263942262205521,22.783101587005735,21.107536117016412,1.6755654699893228,0.37375276786031725,0.0,22.783101587005735,0
Tamil Nadu,2026-04-29 00:00:00,9,Normal,0.5211032753188225,13.262079857274912,48.08006814056186,24.387041429142663,23.6930267114192,0.04049726312155786,18.27950275878977,29.800565381772092,0
Rajasthan,2026-04-29 06:00:00,4,Monsoon,0.18357352564916912,18.771049335041255,21.225455635491578,21.655413894663006,0.4299582591714284,0.6993211120578007,37.87181412387983,16.646358488388252,0
Tamil Nadu,2026-04-29 12:00:00,7,Monsoon,0.8116733067197286,6.411612243945371,34.08478699163168,27.399520672327686,6.685266319303995,0.1301191082328769,8.037397807115966,26.047389184515715,0
Tamil Nadu,2026-04-29 18:00:00,7,Monsoon,0.16793012298162607,1.8190294203940705,36.30976643758699,24.28444504798105,12.025321389605939,0.07677353748814128,73.53712608906267,37.22735965147568,1
Karnataka,2026-04-30 00:00:00,2,Normal,0.1617408864056311,4.704807031482696,77.96683515200131,91.18620243876902,13.219367286767707,0.07032661719980905,66.79442929243253,11.172405859568784,0
Karnataka,2026-04-30 06:00:00,1,Monsoon,0.5836454581954313,15.80603004288291,61.80009629735426,65.96211247942374,4.162016182069479,0.19372275574678552,63.50609919896314,1.7060029016088833,0
Karnataka,2026-04-30 12:00:00,8,Monsoon,0.2441154161661762,5.432127920641662,80.87177458360634,68.493518023566,12.378256560040342,0.07474815537526099,100.71595531854999,19.84418073494365,0
Tamil Nadu,2026-04-30 18:00:00,8,Monsoon,0.10695724060631409,28.741767399168822,33.670938576667226,32.36511113788169,1.3058274387855349,0.43368379748603125,101.03858604050056,67.36764746383334,0
Rajasthan,2026-05-01 00:00:00,7,Normal,0.4808020878962076,14.50738211256937,58.101184451366414,60.43143461863243,2.3302501672660156,0.3002777418433266,61.551481214291236,3.450296762924822,0
West Bengal,2026-05-01 06:00:00,8,Normal,0.22349550844905935,26.15486043750881,11.156899875309342,6.41886954505319,4.738030330256152,0.17427583028397112,0.0,11.156899875309342,0
Maharashtra,2026-05-01 12:00:00,3,Normal,0.24446387375262213,5.683737127033536,22.15039338705747,15.834812009937451,6.315581377120019,0.13669453573813947,19.170706087514006,2.979687299543464,0
Tamil Nadu,2026-05-01 18:00:00,2,Normal,0.1692195748618012,11.230734236535724,16.263646655643083,11.82059528616215,4.443051369480932,0.18372047811398176,21.272804705962308,5.0091580503192255,0
Odisha,2026-05-02 00:00:00,7,Heavy Rain,0.28458437835124895,3.51187427868777,70.86485025906401,79.68175502735343,8.816904768289419,0.10186510143504718,75.56473358258697,4.699883323522954,0
Rajasthan,2026-05-02 06:00:00,8,Heat Wave,0.7439357617969504,15.054693755422932,113.59340697828026,158.05025694654776,44.456849968267505,0.021998884671904882,64.99003406509217,48.60337291318808,1
Tamil Nadu,2026-05-02 12:00:00,1,Normal,0.8280345764960122,11.848224297933376,37.44847517096806,42.983345664153646,5.534870493185586,0.15302522078177022,23.918561025411236,13.529914145556823,0
West Bengal,2026-05-02 18:00:00,10,Monsoon,0.5072802796263706,13.935654011535036,60.940231247238856,62.73331513791316,1.7930838906743034,0.35802719830179575,62.56650737270851,1.6262761254696514,0
Maharashtra,2026-05-03 00:00:00,9,Normal,0.5558984342932759,6.113810718333067,59.984096548454886,44.57972188625669,15.404374662198194,0.060959348990264985,36.40865838271206,23.575438165742824,0
Karnataka,2026-05-03 06:00:00,4,Normal,0.12938953113478235,9.103807270438434,107.05889680574975,126.88144250278577,19.82254569703602,0.04802486759063013,95.86778564575191,11.191111159997845,0
Rajasthan,2026-05-03 12:00:00,4,Normal,0.16238463523418517,8.74628143369155,34.05561750676944,30.969450691629433,3.086166815140004,0.24472813892345632,46.78816998851956,12.732552481750126,0
Telangana,2026-05-03 18:00:00,3,Normal,0.3318109530845652,6.137975240032376,45.590168378981275,34.06221681772821,11.527951561253062,0.07982150913584621,50.28108257875952,4.690914199778248,0
Maharashtra,2026-05-04 00:00:00,6,Heat Wave,0.5895085786418328,9.5176809988875,22.727319572125428,26.83286860352308,4.105549031397654,0.1958653210164643,0.0,22.727319572125428,0
Odisha,2026-05-04 06:00:00,1,Normal,0.7655960338614937,10.780391609497963,17.45724360484048,23.261122718914553,5.803879114074071,0.14697498048303997,5.233668837935966,12.223574766904516,0
Tamil Nadu,2026-05-04 12:00:00,6,Heavy Rain,0.6445027552042297,12.24752387192579,65.95150502796908,78.13102138267996,12.179516354710884,0.07587531841732266,4.267516523172247,61.68398850479683,1
West Bengal,2026-05-04 18:00:00,2,Heavy Rain,0.45291506948810945,6.017458188948309,26.24561351072433,41.85178351757374,15.606170006849414,0.06021858138195249,14.96952022434484,11.276093286379488,0
Telangana,2026-05-05 00:00:00,9,Heat Wave,0.20649166570282437,14.491009107787834,27.290688745742408,22.115499375564674,5.175189370177733,0.16193835363646802,48.77962631614483,21.48893757040242,0
West Bengal,2026-05-05 06:00:00,2,Normal,0.8026959113984705,13.833237358294186,57.102852145309924,50.40941256843844,6.693439576871484,0.1299808739651722,57.55324857862008,0.45039643331015355,0
Telangana,2026-05-05 12:00:00,7,Normal,0.4274074464391514,12.417319943757864,35.90890513151285,28.002840680433373,7.90606445107948,0.11228304101019533,17.140062357617648,18.768842773895205,0
Rajasthan,2026-05-05 18:00:00,1,Normal,0.7624486130345106,15.287461552631232,66.8356050705909,52.0189645186125,14.816640551978402,0.06322455117530736,67.01481982668453,0.17921475609362858,0
Telangana,2026-05-06 00:00:00,7,Normal,0.5616809577229077,7.205152979551896,67.65274395657454,91.28396055501126,23.631216598436723,0.04059888783826729,66.26844030232387,1.3843036542506724,0
Odisha,2026-05-06 06:00:00,5,Normal,0.7647958482056427,3.079273576608707,48.39327218560197,34.98911634001291,13.40415584558906,0.06942440853319613,7.250613289894822,41.14265889570715,1
Odisha,2026-05-06 12:00:00,8,Cyclonic,0.9165606053073146,13.87277816804562,44.874535136117444,38.73349241585337,6.141042720264075,0.14003557171872236,57.74838729018799,12.873852154070548,0
Coastal Andhra,2026-05-06 18:00:00,4,Heavy Rain,0.9289265644484218,5.195456198596064,112.25118385614934,147.63180140554485,35.38061754939551,0.02748716397247126,102.45067797372745,9.800505882421888,0
Odisha,2026-05-07 00:00:00,10,Heavy Rain,0.5815961020005431,1.9219456312787133,39.38096253028559,43.18345416308622,3.802491632800624,0.20822524565583456,30.28767607785376,9.093286452431833,0
Maharashtra,2026-05-07 06:00:00,7,Heavy Rain,0.5603575282890749,5.315313665574456,69.45178399151452,51.813604962487354,17.638179029027164,0.05365331014594272,41.47818431651406,27.973599675000457,1
Telangana,2026-05-07 12:00:00,6,Normal,0.33911061895255357,9.361820070611916,21.25057411760904,20.821659459727016,0.4289146578820251,0.699831858035683,16.101762672223593,5.148811445385448,0
Odisha,2026-05-07 18:00:00,5,Normal,0.9422198483763622,20.82048247563091,44.165966562111976,25.409550583847988,18.756415978263988,0.05061646814382731,40.12433581105919,4.041630751052786,0
Rajasthan,2026-05-08 00:00:00,4,Heat Wave,0.5121272504796588,10.849251894348704,69.7437888590793,66.23888212542458,3.504906733654721,0.2219801783085361,22.411544862535337,47.332243996543966,1
West Bengal,2026-05-08 06:00:00,7,Monsoon,0.21483211535863944,15.224414862670436,23.441186904622093,23.890952013647087,0.44976510902499456,0.6897669103600697,26.460492076611775,3.019305171989682,0
Karnataka,2026-05-08 12:00:00,5,Cyclonic,0.48943442316389496,13.659428828126398,40.95944849993772,42.40296233589878,1.4435138359610562,0.4092467107339668,13.284736259698693,27.674712240239028,0
West Bengal,2026-05-08 18:00:00,5,Monsoon,0.21434792521420357,10.472154626701709,43.3032563084138,63.62829101843839,20.32503471002459,0.04689324137558916,72.26304996506539,28.95979365665159,0
Coastal Andhra,2026-05-09 00:00:00,1,Normal,0.5522785158313676,6.766605194633905,24.49569855783757,29.047159123940066,4.551460566102495,0.18013277552686793,24.465712062596477,0.029986495241093536,0
West Bengal,2026-05-09 06:00:00,2,Normal,0.605147963370591,3.500549578665818,27.41269503452986,19.39014668775283,8.022548346777032,0.11083343214860274,28.76180480079455,1.3491097662646894,0
Telangana,2026-05-09 12:00:00,5,Normal,0.40398018534422686,31.086675537344508,20.829194385977665,21.39531377667238,0.5661193906947162,0.6385209237185993,22.983925638601345,2.15473125262368,0
Coastal Andhra,2026-05-09 18:00:00,3,Normal,0.1644855528083362,5.436343131975877,7.539073159538372,7.415877313351464,0.12319584618690804,0.8903166828784663,26.796696643695707,19.257623484157335,0
Telangana,2026-05-10 00:00:00,2,Normal,0.9491531820699152,6.663828729519892,21.603254838277273,31.679038711253053,10.07578387297578,0.09028706333282084,28.594518907802282,6.991264069525009,0
Rajasthan,2026-05-10 06:00:00,4,Heavy Rain,0.7960178021350867,7.605439717279148,48.131004566534266,42.82027812363924,5.3107264428950245,0.1584603625349435,74.09651805320993,25.96551348667567,0
Coastal Andhra,2026-05-10 12:00:00,4,Monsoon,0.8549929724546089,5.321449232680813,28.20007329734366,29.118969312488368,0.918896015144707,0.5211329806865999,0.0,28.20007329734366,1
Tamil Nadu,2026-05-10 18:00:00,4,Cyclonic,0.43018155485760645,11.989315548346912,41.22792981695784,43.98075265870914,2.7528228417513034,0.2664660822447289,69.39965961971988,28.171729802762044,0
Maharashtra,2026-05-11 00:00:00,4,Monsoon,0.7847479270175055,5.398138244386557,45.182404076649085,33.09862387790702,12.083780198742062,0.07643051051072723,28.75616529435177,16.426238782297315,0
Maharashtra,2026-05-11 06:00:00,3,Heat Wave,0.5368356056522748,6.5462992860021245,37.044983194307996,22.927217304050725,14.117765890257271,0.066147339974649,23.902901881005732,13.142081313302263,0
Telangana,2026-05-11 12:00:00,7,Normal,0.2809751395654414,5.065203484425961,69.06937883333325,65.1593919267502,3.9099869065830433,0.20366653089425849,80.03241288413585,10.963034050802605,0
West Bengal,2026-05-11 18:00:00,9,Normal,0.21198103921649197,6.435119870483394,135.73809147721153,158.36585919429024,22.62776771707871,0.0423230840921623,153.818722556252,18.080631079040472,0
Karnataka,2026-05-12 00:00:00,5,Monsoon,0.4105457823898512,2.947062268601206,21.78450474069703,14.633948112069236,7.150556628627795,0.12269100695376153,27.621048967555303,5.836544226858273,0
Karnataka,2026-05-12 06:00:00,4,Normal,0.22379690032762573,2.341511168055309,77.87679918290239,75.9342201830756,1.942578999826793,0.3398379448976093,82.59675903180586,4.719959848903471,0
Tamil Nadu,2026-05-12 12:00:00,2,Normal,0.9984420785836617,23.85194815174814,24.591033513918134,20.475958088600418,4.115075425317716,0.1955005384769837,53.01605393152104,28.42502041760291,0
Coastal Andhra,2026-05-12 18:00:00,2,Normal,0.14427009120881987,15.281697004281249,54.44644257466045,28.09373407451942,26.35270850014103,0.03655945077595676,58.69783228002207,4.251389705361618,0
Tamil Nadu,2026-05-13 00:00:00,5,Normal,0.4970292394321689,21.393660299723845,16.21646498146226,17.16163786842527,0.9451728869630109,0.5140931208234633,8.054855143705776,8.161609837756483,0
Tamil Nadu,2026-05-13 06:00:00,7,Heavy Rain,0.5068841701513458,22.691766083064785,51.87591844117791,57.18296431100453,5.307045869826624,0.15855283450277005,101.77470682698632,49.89878838580841,0
West Bengal,2026-05-13 12:00:00,10,Normal,0.370568735723508,3.9095619881221637,32.69438446364719,38.17420995280512,5.479825489157932,0.15432514373623235,37.263144124663754,4.568759661016564,0
Karnataka,2026-05-13 18:00:00,10,Heavy Rain,0.6142164091362508,20.771163141239676,32.12542715575453,38.41581151748025,6.290384361725721,0.1371669791856198,57.673997250126234,25.548570094371705,0
Coastal Andhra,2026-05-14 00:00:00,9,Monsoon,0.23497932173639022,17.148914122941814,48.05154946554928,46.8602130332513,1.1913364322979803,0.45634252470823655,44.787735892505026,3.263813573044253,0
Rajasthan,2026-05-14 06:00:00,7,Normal,0.8055211425285103,6.392470031194333,20.019917697194316,22.024174873827103,2.0042571766327875,0.3328609839989843,0.0,20.019917697194316,0
West Bengal,2026-05-14 12:00:00,5,Normal,0.39920294642287446,10.771790601123598,19.91658127657545,20.85208686654839,0.9355055899729408,0.5166608689639488,49.732700091912164,29.816118815336715,0
Tamil Nadu,2026-05-14 18:00:00,10,Normal,0.6322083308187776,14.922266247904707,33.61177725548599,11.989571341642785,21.622205913843203,0.04420435406734894,37.01228584458667,3.4005085891006814,0
Tamil Nadu,2026-05-15 00:00:00,10,Normal,0.7440753124602634,12.762894479688644,76.63323527256999,47.89951420384862,28.733721068721373,0.03363184842182293,67.60231158166287,9.030923690907116,0
Rajasthan,2026-05-15 06:00:00,10,Monsoon,0.9001379059211451,7.650248148994214,34.21368875525794,27.880422191708305,6.3332665635496355,0.13636487796182803,55.176505636115024,20.962816880857083,0
Tamil Nadu,2026-05-15 12:00:00,6,Monsoon,0.8522086928069801,9.465668735837715,137.40595793480145,139.20529047563275,1.7993325408313012,0.3572280125401021,124.98952752077352,12.416430414027928,0
Tamil Nadu,2026-05-15 18:00:00,3,Monsoon,0.6474781252932036,11.69462477278029,161.2500534498201,172.0435820868185,10.793528636998417,0.08479226453589306,199.4164007105895,38.16634726076941,0
Tamil Nadu,2026-05-16 00:00:00,5,Normal,0.4495538623454982,6.238514250444679,40.68622900186976,47.319377957424294,6.633148955554532,0.13100753120667383,46.99283656177417,6.306607559904407,0
Maharashtra,2026-05-16 06:00:00,8,Heavy Rain,0.5528842030674676,12.620640410770276,109.77006179688797,128.28465644421166,18.51459464732369,0.05124369827159818,210.4189064574275,100.64884466053954,1
West Bengal,2026-05-16 12:00:00,1,Heavy Rain,0.7918613140409223,4.709490345053078,22.27288401988519,23.30869206153275,1.0358080416475595,0.4912054474402753,27.49320215239102,5.220318132505831,0
Odisha,2026-05-16 18:00:00,1,Heavy Rain,0.8897909883035258,21.221518232390167,43.940257156094376,49.34719287010405,5.406935714009677,0.15608085434872676,86.70506376251461,42.76480660642024,0
West Bengal,2026-05-17 00:00:00,7,Heavy Rain,0.19340373535900468,16.609299689010722,49.44897718740498,68.4006590904675,18.95168190306252,0.05012108777889563,39.31048227329412,10.138494914110858,0
Rajasthan,2026-05-17 06:00:00,5,Heavy Rain,0.4463706362437482,15.13545399156758,61.75370605200351,68.09688455906007,6.343178507056564,0.1361808103996153,17.360430442727903,44.393275609275605,0
Tamil Nadu,2026-05-17 12:00:00,5,Heavy Rain,0.7985049385721505,11.132718363195547,14.036069775973903,13.918333698762819,0.11773607721108448,0.8946655837531403,4.520569727214541,9.515500048759362,0
West Bengal,2026-05-17 18:00:00,1,Monsoon,0.4884865863345649,9.970206415650066,47.39065758417267,52.81891322787709,5.428255643704418,0.15556319714499234,48.775925910305226,1.3852683261325538,0
Maharashtra,2026-05-18 00:00:00,9,Normal,0.39900498765965553,17.040306547339966,90.9492939577474,109.49513190430659,18.54583794655919,0.05116178711468536,105.93279284785785,14.983498890110454,0
Karnataka,2026-05-18 06:00:00,1,Monsoon,0.4701904271409426,3.225741233101076,6.919635877750997,9.600069214719964,2.6804333369689672,0.27170713566668026,10.83367952152769,3.9140436437766937,0
Rajasthan,2026-05-18 12:00:00,5,Normal,0.6425602721077157,4.243310167467628,23.361066939283738,16.966872226566412,6.394194712717326,0.1352412316489439,28.483361215535048,5.12229427625131,0
Telangana,2026-05-18 18:00:00,10,Normal,0.9998246297204213,12.838303239444151,92.23526335658471,54.43156356486479,37.80369979171992,0.025770738495749925,91.66385715464061,0.5714062019441002,0
West Bengal,2026-05-19 00:00:00,9,Heat Wave,0.5436931861940786,8.1958419967661,27.723477433259603,29.160382327236576,1.4369048939769726,0.41035659720311163,12.77194875149878,14.951528681760824,0
Telangana,2026-05-19 06:00:00,4,Heat Wave,0.28764502745883447,5.339211912895201,46.36576311975403,29.612804694481785,16.752958425272244,0.05632863977062262,59.38045574716002,13.014692627405992,0
Tamil Nadu,2026-05-19 12:00:00,8,Normal,0.24656191775118527,17.924466355993268,55.56304528342113,52.10163891053496,3.4614063728861737,0.22414456707584784,25.82126671016401,29.741778573257122,0
Maharashtra,2026-05-19 18:00:00,6,Normal,0.13811477272877287,9.273946173695274,23.429824273704515,34.0374437988379,10.607619525133384,0.08615030823802859,27.144823468237114,3.7149991945325986,0
Maharashtra,2026-05-20 00:00:00,3,Normal,0.6029355114264893,10.749128674470455,17.75157465623635,17.76691184456968,0.015337188333329976,0.9848944877528756,17.4780405299197,0.2735341263166511,0
West Bengal,2026-05-20 06:00:00,4,Heavy Rain,0.5901148823399508,18.224896037782152,36.927872917367466,37.06097676122831,0.1331038438608445,0.8825316456368929,0.0,36.927872917367466,0
Rajasthan,2026-05-20 12:00:00,2,Monsoon,0.28471053410227826,7.562855823153619,81.60446118985519,73.43279012689098,8.171671062964208,0.10903138513526327,115.35786315596206,33.75340196610688,1
Rajasthan,2026-05-20 18:00:00,1,Heat Wave,0.7257964658073103,29.027051018655378,47.63705537636475,65.5610624399074,17.924007063542653,0.05284293102630008,129.2656498063334,81.62859442996867,1
Maharashtra,2026-05-21 00:00:00,8,Heavy Rain,0.7669963374667127,3.4921152942017164,18.09206527001571,20.00668532077757,1.9146200507618616,0.34309789357916715,4.487580018164875,13.604485251850834,0
Rajasthan,2026-05-21 06:00:00,1,Normal,0.3331883848439001,17.85044282104986,69.77559671578467,61.61181068520226,8.163786030582415,0.10912520181753348,69.63652195191416,0.13907476387051076,0
Maharashtra,2026-05-21 12:00:00,1,Heavy Rain,0.4096897876267629,5.611843352122181,18.87344242929805,25.856396966025137,6.982954536727089,0.12526690405154023,0.0,18.87344242929805,0
West Bengal,2026-05-21 18:00:00,4,Normal,0.991424505112531,15.965171016233457,54.6074235220588,57.13547637436803,2.52805285230923,0.2834424658194863,85.97502241546951,31.367598893410708,0
Odisha,2026-05-22 00:00:00,10,Heat Wave,0.43683802106566083,4.7767118005161,38.26400881044242,34.2942837917134,3.9697250187290223,0.20121837651608018,23.911182022885136,14.352826787557284,0
Maharashtra,2026-05-22 06:00:00,10,Cyclonic,0.7847215045804916,2.315692193274884,31.181211024901824,14.90352126579946,16.277689759102365,0.05787810835491894,48.04510134875983,16.863890323858005,0
Telangana,2026-05-22 12:00:00,6,Heavy Rain,0.507452883966946,16.108250105338747,35.637086934261795,36.861357611440724,1.2242706771789287,0.4495855698948983,2.261817088010389,33.375269846251406,0
Rajasthan,2026-05-22 18:00:00,9,Normal,0.8140103450748783,6.421541412411114,39.01365487394341,34.611125361629504,4.4025295123139045,0.18509847983629057,101.24983461969417,62.23617974575076,1
Maharashtra,2026-05-23 00:00:00,1,Normal,0.7921209149043831,2.4076460407343347,41.48373861269067,38.21969193653334,3.264046676157335,0.23451900880718735,45.24355624176729,3.7598176290766148,0
Maharashtra,2026-05-23 06:00:00,7,Normal,0.700980422678682,16.630492610097768,49.492227999281305,44.902618784349016,4.589609214932288,0.1789033833221405,28.210697214962007,21.281530784319298,0
West Bengal,2026-05-23 12:00:00,10,Monsoon,0.8693005116660213,9.92088206844077,76.39252410138907,41.431448728921254,34.96107537246782,0.02780784472217454,109.8452392892559,33.45271518786683,0
Rajasthan,2026-05-23 18:00:00,5,Heavy Rain,0.9452966453899166,6.404124036518598,118.76351406586501,194.88425718924765,76.12074312338264,0.012966680033154463,120.60090432969882,1.8373902638338109,0
Odisha,2026-05-24 00:00:00,8,Normal,0.6219849884068755,11.158240405921076,42.488204152636,35.118523391650534,7.369680760985467,0.11947887004978879,41.141202167101625,1.3470019855343764,0
West Bengal,2026-05-24 06:00:00,7,Heavy Rain,0.31372201650047116,7.519537785224215,71.22971937480791,83.13085347726125,11.90113410245334,0.07751256533406899,61.80125032598936,9.428469048818556,0
Odisha,2026-05-24 12:00:00,4,Monsoon,0.4587660654796676,6.839474894748706,45.79151153816328,43.28557317454713,2.5059383636161456,0.2852303424320802,69.75810522208009,23.966593683916813,0
Karnataka,2026-05-24 18:00:00,4,Normal,0.7824751421619639,14.805955468100969,34.16885519615228,10.785608483725163,23.383246712427116,0.04101176565179657,46.186573397177305,12.017718201025026,0
West Bengal,2026-05-25 00:00:00,6,Cyclonic,0.6857951366114825,10.003980291496093,51.07592934465485,49.183152520641315,1.8927768240135379,0.3456886102304172,30.698475103753665,20.377454240901187,0
Rajasthan,2026-05-25 06:00:00,6,Cyclonic,0.2600185047087239,4.527180634617603,13.929982044135649,14.345963997670642,0.41598195353499356,0.706223689859538,0.0,13.929982044135649,0
Coastal Andhra,2026-05-25 12:00:00,9,Heat Wave,0.14611558703178223,8.37567177627562,21.16493325792127,18.2807921754806,2.884141082440671,0.2574571774750344,16.727373739664838,4.437559518256432,0
Rajasthan,2026-05-25 18:00:00,5,Normal,0.7146654341878583,14.654202912399551,16.982201794097534,23.142106293799714,6.159904499702179,0.13966666734753175,25.700799207865487,8.718597413767952,0
Rajasthan,2026-05-26 00:00:00,8,Normal,0.32597112162641084,3.3792272385043005,49.24838453936278,71.31142118413614,22.063036644773355,0.04335942466737676,47.40807737799183,1.8403071613709514,0
Odisha,2026-05-26 06:00:00,5,Normal,0.5497032193561481,19.020953327262113,8.626870708448077,9.246080419966995,0.6192097115189181,0.6175852286989674,0.0,8.626870708448077,0
Odisha,2026-05-26 12:00:00,2,Normal,0.7720720952613348,9.74669489898052,15.537747608100148,17.181971238637438,1.6442236305372901,0.3781828391711355,11.680008456789228,3.85773915131092,0
Rajasthan,2026-05-26 18:00:00,6,Normal,0.6064001025906998,9.200402348124248,10.60406454618009,7.548640362755846,3.055424183424245,0.24658333007119326,37.611198377486765,27.007133831306675,0
Rajasthan,2026-05-27 00:00:00,9,Heavy Rain,0.17497232480061675,9.545810323706176,43.01498515149852,30.580743021958966,12.434242129539555,0.07443665153251737,78.21934162921323,35.20435647771471,1
Rajasthan,2026-05-27 06:00:00,3,Heavy Rain,0.26702221310519986,24.620892679221313,30.812229664821686,25.770997040754683,5.041232624067003,0.16552913324612095,29.68338250720832,1.1288471576133645,0
Odisha,2026-05-27 12:00:00,1,Cyclonic,0.2973953656278272,8.417295634530655,35.81146645906496,53.71851627195112,17.907049812886157,0.05289032450310926,67.61623020296351,31.804763743898548,0
Rajasthan,2026-05-27 18:00:00,1,Normal,0.3320778282803604,6.470929210393532,54.67020649891634,47.17260929772733,7.497597201189016,0.11768032495822185,46.17567546918887,8.494531029727476,0
Rajasthan,2026-05-28 00:00:00,3,Heavy Rain,0.6088630527554538,7.631588731966659,40.21742312975914,53.45970280135812,13.242279671598979,0.07021347867463483,63.108865493204306,22.891442363445165,0
Karnataka,2026-05-28 06:00:00,10,Monsoon,0.5535692018428542,16.103290308867873,33.17244888393516,27.180226543822727,5.992222340112434,0.14301604716761912,80.81069514675278,47.63824626281762,1
Tamil Nadu,2026-05-28 12:00:00,5,Monsoon,0.28284403452778806,13.21103628983213,8.435393054908092,6.406191588513478,2.029201466394614,0.330120003932987,0.0,8.435393054908092,0
Coastal Andhra,2026-05-28 18:00:00,3,Cyclonic,0.1607993591101184,8.515163282042176,54.7349005428887,47.8880217352505,6.8468788076382054,0.1274392053852792,65.7620367300625,11.027136187173802,0
Telangana,2026-05-29 00:00:00,9,Monsoon,0.2542889840272463,32.86697323140386,7.856325904345321,6.823393968340234,1.0329319360050873,0.4919003840163479,0.0,7.856325904345321,0
Coastal Andhra,2026-05-29 06:00:00,8,Heat Wave,0.985943181356743,12.468899700070304,47.85692844118997,39.176712437276706,8.680216003913266,0.10330347996323078,24.81915786092016,23.03777058026981,0
Tamil Nadu,2026-05-29 12:00:00,3,Normal,0.5216922548123251,4.040809203914256,206.38560613925594,286.9554005468725,80.56979440761657,0.012259439995678413,184.92791523105154,21.4576909082044,0
Telangana,2026-05-29 18:00:00,9,Heavy Rain,0.8806109542319012,1.1742844815543982,60.63411418772952,59.81275031348324,0.8213638742462805,0.5490391097242013,82.75869032593609,22.124576138206564,1
West Bengal,2026-05-30 00:00:00,6,Normal,0.863877220001959,13.333162096184381,26.267796809257682,24.961200041444002,1.30659676781368,0.4335391490849332,21.301378401572467,4.9664184076852145,0
Rajasthan,2026-05-30 06:00:00,7,Normal,0.5603676017165864,6.83501584454219,74.5442094201298,75.01716208520293,0.47295266507312306,0.6789084426894032,77.24611017745463,2.7019007573248217,0
Tamil Nadu,2026-05-30 12:00:00,4,Normal,0.7360189376144891,2.238110454403887,130.4930452138987,160.34052376840503,29.847478554506324,0.03241756042501295,87.44014166433722,43.05290354956149,1
Karnataka,2026-05-30 18:00:00,4,Normal,0.27347680937144103,7.8388642793710535,82.24726245514687,82.76300312013446,0.5157406649875895,0.6597434660817705,112.9885393491308,30.741276893983937,1
West Bengal,2026-05-31 00:00:00,2,Normal,0.7195570344342175,13.967081602170028,98.82495141868425,106.3735265768247,7.548575158140451,0.11697855859028644,102.133912319392,3.3089609007077456,0
Rajasthan,2026-05-31 06:00:00,5,Normal,0.34514612133696054,7.408238732813713,22.185132043294985,27.829459949568243,5.644327906273258,0.1505043119644724,22.487429774377738,0.3022977310827528,0
Odisha,2026-05-31 12:00:00,8,Normal,0.8488558870787357,8.208244451804264,31.31967130849301,22.94907469358458,8.370596614908429,0.10671679094680271,34.45766777695528,3.1379964684622728,0
Maharashtra,2026-05-31 18:00:00,7,Heat Wave,0.17535171979801895,1.0530190467820428,66.41362615991073,52.50449810910925,13.909128050801485,0.06707300363861601,92.6450274275642,26.231401267653467,1
Tamil Nadu,2026-06-01 00:00:00,7,Normal,0.7958248055967497,13.352243445603238,39.561474271334035,40.634089059471535,1.0726147881374999,0.48248232412672465,92.83009794784242,53.26862367650838,1
Odisha,2026-06-01 06:00:00,6,Monsoon,0.18994321591175758,1.7726050269935658,20.872833713888834,17.179524455786854,3.69330925810198,0.21306927479234763,49.249184146776955,28.37635043288812,1
Tamil Nadu,2026-06-01 12:00:00,3,Normal,0.8930703132048781,5.296848541483681,61.27951160484492,57.723832135522,3.555679469322918,0.21950622442465728,44.14652106887287,17.13299053597205,0
Karnataka,2026-06-01 18:00:00,5,Heat Wave,0.3737840663215034,10.38219759209063,66.25981097371627,47.991737140740604,18.268073832975666,0.05189932365157254,66.64929412858888,0.38948315487260743,0
Tamil Nadu,2026-06-02 00:00:00,1,Cyclonic,0.6889540283475173,4.444609865614037,34.21589337960774,26.835258573500735,7.3806348061070075,0.11932270324812333,76.0552274970749,41.83933411746715,1
Odisha,2026-06-02 06:00:00,7,Monsoon,0.5387520507582518,5.231463459172685,18.426240938511928,23.541306810592825,5.115065872080898,0.16353053604305814,0.0,18.426240938511928,0
Karnataka,2026-06-02 12:00:00,9,Monsoon,0.42967283073610507,10.040509186235234,30.28549947324938,27.50756203946911,2.77793743378027,0.2646946958566708,0.0,30.28549947324938,0
Telangana,2026-06-02 18:00:00,1,Normal,0.6808976498651468,10.632193059087612,32.01094784404809,28.33956989897019,3.6713779450779,0.21406959825497998,26.894661759237586,5.116286084810504,0
Coastal Andhra,2026-06-03 00:00:00,2,Heat Wave,0.9527706824961142,8.709204624253575,45.97075087101765,36.465709462433594,9.505041408584056,0.09519239012069607,35.31697894921338,10.653771921804271,0
Rajasthan,2026-06-03 06:00:00,3,Cyclonic,0.13714277263715968,0.9315216364054614,16.030200677920107,12.481981358022974,3.5482193198971324,0.21986626626057626,14.728885611299457,1.3013150666206492,0
Tamil Nadu,2026-06-03 12:00:00,3,Cyclonic,0.9269675702947938,1.3766362895831987,37.44952063497492,27.736058546550083,9.713462088424833,0.09334050858129529,56.971659264714575,19.522138629739658,1
Rajasthan,2026-06-03 18:00:00,8,Monsoon,0.6481734895189122,16.09512784126395,28.70246701447414,19.437970549752684,9.264496464721457,0.09742319103883451,99.66947589320914,70.967008878735,1
Maharashtra,2026-06-04 00:00:00,7,Normal,0.8265828706921471,6.2950830839068574,61.706428679587084,50.84937794271189,10.857050736875195,0.08433800463466178,89.38460110521925,27.678172425632162,1
Odisha,2026-06-04 06:00:00,6,Cyclonic,0.4454874580908499,36.53640071141232,268.18337105174004,260.4292941791296,7.754076872610426,0.11423249013597073,271.37858009842716,3.1952090466871255,0
Rajasthan,2026-06-04 12:00:00,10,Normal,0.5246586773538524,10.07722200111511,47.660962528930156,55.29433817673882,7.633375647808663,0.11582954811584291,31.3547032571255,16.306259271804656,0
Odisha,2026-06-04 18:00:00,10,Heavy Rain,0.8819656766210476,28.669362608620705,40.68240217459483,39.8235752992569,0.8588268753379253,0.5379737151789378,54.29699678963915,13.614594615044325,0
Rajasthan,2026-06-05 00:00:00,4,Normal,0.4733631728288408,7.323184533220007,54.002475583935976,40.40012778182029,13.602347802115688,0.06848213818432082,55.648470642326586,1.6459950583906107,0
Coastal Andhra,2026-06-05 06:00:00,9,Heat Wave,0.5811936100741765,5.6885737269290235,67.46362037167972,58.333602121485875,9.13001825019385,0.09871650527192918,66.12458214773861,1.3390382239411167,0
Coastal Andhra,2026-06-05 12:00:00,1,Normal,0.11817543077589962,13.471270041655767,3.5142637161146477,2.985561746441762,0.5287019696728859,0.6541497426172491,2.278698708726049,1.2355650073885989,0
Karnataka,2026-06-05 18:00:00,2,Normal,0.24273820525423806,18.336380127375676,40.449324119678295,33.76352034567209,6.685803774006203,0.13011000923313357,50.47366356164608,10.024339441967783,0
Coastal Andhra,2026-06-06 00:00:00,4,Heavy Rain,0.6775178571773198,7.353363919698312,72.56763821489096,65.69646588356491,6.871172331326051,0.12704587803523934,61.11579379630145,11.45184441858951,0
Karnataka,2026-06-06 06:00:00,3,Monsoon,0.7452792109574894,13.166667999780781,11.530934676538836,14.095405652834005,2.564470976295169,0.28054654018795727,43.37999060420723,31.849055927668395,0
Coastal Andhra,2026-06-06 12:00:00,1,Heavy Rain,0.6243408431060494,1.7829888972384709,47.40187576346193,55.38644512288598,7.98456935942405,0.11130194002577151,42.30245238947273,5.099423373989204,0
Coastal Andhra,2026-06-06 18:00:00,5,Normal,0.2289790326480496,4.035964426563617,77.05417141444897,107.81232983266631,30.758158418217334,0.03148797190413828,98.71422228846436,21.660050874015383,0
Coastal Andhra,2026-06-07 00:00:00,7,Normal,0.5008648857200514,11.420631369743015,127.86638284667994,99.3159413225935,28.550441524086438,0.03384044191640603,156.78457664990245,28.918193803222508,0
Odisha,2026-06-07 06:00:00,2,Monsoon,0.4195852897268708,6.3299439948950145,50.69730341458283,36.5428347754817,14.154468639101125,0.06598713711543991,63.009189533728346,12.31188611914552,0
Tamil Nadu,2026-06-07 12:00:00,5,Heat Wave,0.5460952096315795,10.363608394181119,61.41801818207688,55.749533568711406,5.668484613365472,0.1499591073503755,56.460919504386744,4.957098677690134,0
Karnataka,2026-06-07 18:00:00,6,Monsoon,0.8832961310986849,11.553642021816623,57.52203613142693,74.29548916313608,16.773453031709153,0.056263687096476195,49.128999915323334,8.393036216103596,0
Rajasthan,2026-06-08 00:00:00,7,Heavy Rain,0.7982752947927867,13.021184286114977,13.940693723159125,6.605327062046625,7.3353666611125,0.11997072722251818,47.98945543362258,34.04876171046345,0
Coastal Andhra,2026-06-08 06:00:00,1,Heat Wave,0.17559055125024306,15.858817881363079,158.1106599634594,162.61406679345203,4.5034068299926275,0.1817056290569272,181.15492014558797,23.044260182128568,0
Odisha,2026-06-08 12:00:00,7,Normal,0.9012782779971079,16.1192433187319,53.53633959201077,49.0056723536916,4.530667238319168,0.1808100102409906,15.697837569895007,37.83850202211576,0
Odisha,2026-06-08 18:00:00,4,Heavy Rain,0.5245904360348412,3.305486870373138,36.49554722977391,42.18457484949226,5.689027619718345,0.14949856045625162,35.0058857127983,1.489661516975609,0
Odisha,2026-06-09 00:00:00,8,Heavy Rain,0.7694759303973986,7.468072233251633,92.17930614201035,101.86364640470855,9.6843402626982,0.09359492260755295,97.35987374082092,5.180567598810569,0
Karnataka,2026-06-09 06:00:00,4,Normal,0.22603530813791695,7.288090964852176,24.802627718828884,28.641572548435047,3.838944829606163,0.20665662354356476,19.57590371542264,5.226724003406243,0
Tamil Nadu,2026-06-09 12:00:00,6,Monsoon,0.7036475731363433,8.074489700230874,58.336003210984664,65.4842130996376,7.148209888652936,0.1227263427998564,87.4556734598321,29.119670248847434,0
Karnataka,2026-06-09 18:00:00,9,Heavy Rain,0.3126934158485122,6.809529920098547,34.16501311650108,58.09938702694517,23.934373910444094,0.04010527810289781,0.1954901530691373,33.96952296343194,1
Rajasthan,2026-06-10 00:00:00,5,Normal,0.4945428074268384,8.47597658027188,24.110507284919592,34.86558774152444,10.755080456604851,0.08506960064557686,12.778570555518927,11.331936729400665,0
Tamil Nadu,2026-06-10 06:00:00,4,Normal,0.11517658307389397,5.0964058358844095,43.24594851142206,52.169711499948136,8.923762988526079,0.10076822684663134,46.626468457751045,3.380519946328988,0
Telangana,2026-06-10 12:00:00,8,Normal,0.23644957413742843,15.16218445957314,47.44675881938562,41.691155924213405,5.755602895172217,0.14802527850099567,48.96563669896728,1.5188778795816589,0
West Bengal,2026-06-10 18:00:00,9,Heavy Rain,0.18287244381125778,11.566673407415788,39.68230723559302,35.95468568332163,3.727621552271394,0.21152285328751586,47.562230763999416,7.879923528406394,0
Odisha,2026-06-11 00:00:00,4,Normal,0.3157697556444326,5.053281735543007,167.83315496232007,216.0489205936595,48.21576563133942,0.02031869233714052,148.74677375985846,19.08638120246161,0
Karnataka,2026-06-11 06:00:00,3,Normal,0.19001628102189005,8.599468598286212,47.17252047003852,61.181190886564316,14.008670416525796,0.06662815374364653,41.531482283509845,5.641038186528675,0
Telangana,2026-06-11 12:00:00,8,Monsoon,0.7227190239576057,26.82829650806926,33.104126508603095,26.062877470573664,7.041249038029431,0.12435878994304318,7.659179551310995,25.4449469572921,0
Maharashtra,2026-06-11 18:00:00,5,Monsoon,0.12613591198829743,3.474684814462599,46.37927724933972,23.200273779140204,23.17900347019952,0.041358197463865466,45.23268711928889,1.146590130050832,0
Karnataka,2026-06-12 00:00:00,2,Monsoon,0.6559664505624981,4.155312767674959,66.77843333015755,36.194657166365864,30.58377616379169,0.031661825198293456,66.78299096121049,0.00455763105293272,0
Coastal Andhra,2026-06-12 06:00:00,10,Heavy Rain,0.22663704774301685,15.63809500294916,56.069554832855495,72.50714306148652,16.43758822863102,0.057347380089987784,0.0,56.069554832855495,1
West Bengal,2026-06-12 12:00:00,9,Cyclonic,0.9506453114601072,23.126911655914203,109.50508975692665,146.74643386276082,37.24134410583417,0.026149708473438258,133.22356885472422,23.71847909779757,0
Coastal Andhra,2026-06-12 18:00:00,3,Heat Wave,0.9397846657988689,10.670064314450814,50.89050613860134,51.11068828578402,0.22018214718268325,0.8195497715721635,44.807551446533466,6.082954692067872,0
Tamil Nadu,2026-06-13 00:00:00,2,Monsoon,0.3029527922688664,9.007445988458755,6.135903367776022,6.632684482693308,0.4967811149172858,0.6681003588525777,0.0,6.135903367776022,0
West Bengal,2026-06-13 06:00:00,1,Heavy Rain,0.6529791684007266,2.9163620667677876,47.505403092105674,68.6731270713256,21.16772397921992,0.0451106302540307,23.736572939055947,23.768830153049727,1
Karnataka,2026-06-13 12:00:00,8,Normal,0.1252047875252126,5.915838342880795,47.892500981836704,72.00752652756066,24.115025545723952,0.039816802024724936,40.890554740464964,7.001946241371741,0
Rajasthan,2026-06-13 18:00:00,3,Heat Wave,0.9386096887460567,5.670192413785228,79.29905860543133,92.77327966242892,13.474221056997592,0.06908834652048843,116.61724808396693,37.3181894785356,1
Telangana,2026-06-14 00:00:00,7,Normal,0.5706885773725388,5.962673379370415,8.321038007388573,8.275899842428803,0.045138164959769966,0.9568112939770911,0.0,8.321038007388573,0
Rajasthan,2026-06-14 06:00:00,1,Normal,0.1389008362760011,4.585269812587588,59.96258370588418,53.48135014693588,6.481233558948297,0.13366779584148938,61.75625740617846,1.7936737002942849,0
Karnataka,2026-06-14 12:00:00,1,Normal,0.4082499937073236,2.7460999878187553,72.28007127876133,67.19350052835419,5.086570750407134,0.16429612683514924,71.4601325642266,0.8199387145347288,0
Tamil Nadu,2026-06-14 18:00:00,9,Normal,0.1691645156751108,13.565822975109183,48.154627260163124,38.829637301303556,9.324989958859568,0.09685239443181537,23.06823475652598,25.086392503637143,0
Coastal Andhra,2026-06-15 00:00:00,8,Heat Wave,0.4536499954360239,11.148195523248836,68.4260160788414,79.57471718195364,11.148701103112245,0.08231332646284473,74.61111188516142,6.185095806320021,0
West Bengal,2026-06-15 06:00:00,3,Heavy Rain,0.7029337079451907,2.754679964536169,21.33230460958942,20.63167536762744,0.7006292419619804,0.588017643896515,16.475137346099547,4.857167263489874,0
Rajasthan,2026-06-15 12:00:00,6,Heavy Rain,0.5229009172372957,8.683561434453882,75.13982792641764,59.743262829004834,15.396565097412804,0.06098838348513549,73.1883318150743,1.9514961113433316,0
Karnataka,2026-06-15 18:00:00,3,Monsoon,0.44534995724750903,6.600914687076381,18.678262288198738,23.95117959269559,5.2729173044968505,0.15941546037648743,25.83672338545849,7.158461097259753,0
Rajasthan,2026-06-16 00:00:00,4,Heavy Rain,0.20724134098641833,24.972492463309464,27.715054645464264,31.546158480652345,3.831103835188081,0.2069920320727424,16.415519158870982,11.299535486593282,0
Karnataka,2026-06-16 06:00:00,1,Normal,0.3204451411242907,19.50136453669997,64.47764580687848,68.631416296726,4.153770489847517,0.19403269935475662,75.31763208662994,10.839986279751457,0
Coastal Andhra,2026-06-16 12:00:00,5,Heavy Rain,0.19012895896451604,24.871934900364568,136.43388071588421,130.9532671094912,5.480613606393007,0.1543063760217888,174.96306855932949,38.52918784344527,0
West Bengal,2026-06-16 18:00:00,1,Monsoon,0.8267488584909947,5.845455639007851,121.69777295062562,135.60612014740448,13.908347196778863,0.06707651671917479,110.20680988328769,11.49096306733793,0
Telangana,2026-06-17 00:00:00,1,Normal,0.22171584518625032,1.547465105937559,53.78508626373821,49.101209522565405,4.683876741172803,0.17593625715987316,45.10524391267724,8.67984235106097,0
Coastal Andhra,2026-06-17 06:00:00,10,Monsoon,0.6358360298940041,3.209594319446051,11.845295964241787,20.04554115715807,8.200245192916283,0.1086927553593842,37.16947144235799,25.324175478116203,1
Rajasthan,2026-06-17 12:00:00,7,Normal,0.4084663722299613,5.933553639343718,28.49176277371224,44.75055908550622,16.25879631179398,0.05794146833499851,39.21922457743885,10.727461803726612,0
Telangana,2026-06-17 18:00:00,6,Normal,0.30338054618966515,6.98317534216017,34.84942207151501,27.729044577934754,7.1203774935802535,0.12314698433546623,34.7617395191356,0.08768255237940537,0
Karnataka,2026-06-18 00:00:00,2,Normal,0.6755215955428934,25.242328042871073,4.2383775567745605,3.9631950595146135,0.27518249725994703,0.7842014787285377,4.085909265248657,0.1524682915259037,0
Telangana,2026-06-18 06:00:00,2,Normal,0.5113020784392466,15.101155746157641,18.392376679717287,14.26016710520533,4.132209574511958,0.19484784973830574,55.24477140991223,36.852394730194945,0
Karnataka,2026-06-18 12:00:00,7,Monsoon,0.4601309205561033,11.161899940304668,76.53045672306305,40.64420384340327,35.886252879659786,0.02711037099003978,89.5396548446042,13.009198121541147,0
Coastal Andhra,2026-06-18 18:00:00,1,Monsoon,0.6335668044029994,19.696401867780743,116.88969118355081,166.76695348872767,49.877262305176856,0.019655145632673874,67.99416045433011,48.895530729220695,0
Rajasthan,2026-06-19 00:00:00,2,Normal,0.5421408656410006,12.55509771564357,84.3786459032117,81.2194865095423,3.1591593936693982,0.2404331994397923,59.52758435415173,24.851061549059978,0
Tamil Nadu,2026-06-19 06:00:00,8,Heavy Rain,0.37313578769640476,14.487331778812111,29.75192888726561,21.613108241055354,8.138820646210256,0.1094233094961423,0.0,29.75192888726561,0
Rajasthan,2026-06-19 12:00:00,6,Monsoon,0.6031551589887265,6.6035789003753536,66.44591288161762,37.65930560876505,28.786607272852564,0.03357213498132758,49.15182561368307,17.294087267934543,0
Karnataka,2026-06-19 18:00:00,2,Normal,0.7025487188956251,2.228847152181974,42.34618383879207,44.70533904532018,2.359155206528108,0.29769389579160327,50.083290052659194,7.737106213867122,0
Odisha,2026-06-20 00:00:00,7,Normal,0.12402384272816885,1.7972511196341356,18.27120813207847,19.907888534740533,1.636680402662062,0.37926477512798806,14.454179152525937,3.817028979552534,0
West Bengal,2026-06-20 06:00:00,4,Heat Wave,0.5192845560169078,1.8283240503232578,52.09468383282203,57.45397606367801,5.359292230855985,0.1572502039060086,41.21877054327457,10.875913289547455,0
Maharashtra,2026-06-20 12:00:00,2,Heavy Rain,0.1519149561251894,13.44099168107119,62.59208505696863,79.33925642634665,16.747171369378023,0.05634700759837462,68.83417153631257,6.242086479343939,0
Tamil Nadu,2026-06-20 18:00:00,6,Heat Wave,0.2677648726613,4.303720163859918,21.304180660645322,26.077987123578428,4.773806462933106,0.1731959681052416,55.16967367450558,33.86549301386026,1
Telangana,2026-06-21 00:00:00,9,Normal,0.6044578606701758,6.641469065814154,14.22820552107681,9.648962655146146,4.579242865930663,0.1792357895201954,0.0,14.22820552107681,0
Tamil Nadu,2026-06-21 06:00:00,9,Monsoon,0.8795700237390226,2.5206508012592166,30.21499164879236,21.99256030162471,8.22243134716765,0.10843127613057432,46.142919341763495,15.927927692971135,0
West Bengal,2026-06-21 12:00:00,8,Normal,0.8945251112696364,17.98851615391581,92.45803546388629,114.98687117110184,22.52883570721555,0.042501040529316615,71.33063281479082,21.127402649095472,0
Telangana,2026-06-21 18:00:00,3,Normal,0.16294960912476814,8.357717217014024,70.20087124845988,59.35869365707987,10.842177591380008,0.08444392868486503,90.17658564751267,19.97571439905279,0
West Bengal,2026-06-22 00:00:00,3,Heavy Rain,0.47719457765803597,10.011415329582283,31.766777475408578,20.12094835350058,11.645829121907997,0.0790774563185874,47.246038701851404,15.479261226442826,0
Telangana,2026-06-22 06:00:00,2,Normal,0.6247058347040961,10.74963016776051,22.74197886327929,14.932118038935737,7.809860824343552,0.11350917113659544,15.809124891225663,6.932853972053627,0
Tamil Nadu,2026-06-22 12:00:00,5,Normal,0.23236291409530907,11.718984875675991,42.08198639691937,51.938949911056945,9.856963514137576,0.0921067846178016,30.63001281073442,11.451973586184948,0
Telangana,2026-06-22 18:00:00,4,Normal,0.7888889950702945,18.63562578543807,17.449424889731947,21.46010055974749,4.010675670015544,0.19957388301623954,0.0,17.449424889731947,0
Telangana,2026-06-23 00:00:00,7,Normal,0.7698117325935149,13.770793061666431,48.517891025690645,50.0727865338093,1.5548955081186548,0.39140543980069414,50.489230111651416,1.9713390859607713,0
Odisha,2026-06-23 06:00:00,4,Monsoon,0.9130069123361152,3.6334532408967135,37.8575718353149,28.934881344762534,8.922690490552366,0.10077911842076745,32.649972454655895,5.207599380659005,0
Rajasthan,2026-06-23 12:00:00,9,Heavy Rain,0.10763741087509872,4.1235094787400755,3.7617067330109006,3.702498035816081,0.05920869719481958,0.9441010092235588,0.0,3.7617067330109006,0
Rajasthan,2026-06-23 18:00:00,2,Normal,0.29501581959010237,42.3534133480148,32.98986263540625,31.672850742132145,1.3170118932741026,0.43159036123329036,23.489922757273042,9.499939878133205,0
Maharashtra,2026-06-24 00:00:00,6,Normal,0.8444680428207896,16.4133531930845,4.421275750968417,3.9344479470084304,0.4868278039599865,0.6725728408741218,0.0,4.421275750968417,0
Maharashtra,2026-06-24 06:00:00,7,Normal,0.7035220457442418,33.39066670723143,50.74267505804572,59.41848145273769,8.675806394691968,0.10335055903439615,94.0719695737044,43.329294515658674,0
Karnataka,2026-06-24 12:00:00,4,Heavy Rain,0.9049508683286417,7.024649607338826,16.37927403299271,14.413715559222368,1.9655584737703435,0.33720461385090233,0.0,16.37927403299271,0
Karnataka,2026-06-24 18:00:00,6,Normal,0.1514616890772399,23.06854800285513,10.09990949179306,11.46393135929111,1.3640218674980495,0.423007931419156,14.585919895871385,4.486010404078325,0
Karnataka,2026-06-25 00:00:00,7,Monsoon,0.6372675691447985,11.998158846174418,35.63672804677537,38.61092490332347,2.9741968565481045,0.2516231671695742,38.86232414006218,3.2255960932868106,0
Odisha,2026-06-25 06:00:00,4,Normal,0.6121419174043068,10.477775462330223,33.37815569830775,21.349793219282763,12.028362479024988,0.0767556169556957,39.36907235158403,5.99091665327628,0
Maharashtra,2026-06-25 12:00:00,8,Normal,0.13210697472447913,8.621952333375734,51.85545385222456,77.69687391844505,25.841420066220493,0.03725585298888431,47.24443456412221,4.611019288102348,0
West Bengal,2026-06-25 18:00:00,9,Cyclonic,0.5621698692212352,14.941240538114728,16.97729573808811,19.425940570973886,2.448644832885776,0.2899689728742564,89.84275230729057,72.86545656920245,1
Karnataka,2026-06-26 00:00:00,1,Monsoon,0.6485682801789318,12.386096837996032,99.29877515368835,59.76137483519398,39.53740031849437,0.024668577465333172,110.36919113489398,11.070415981205628,0
Karnataka,2026-06-26 06:00:00,7,Normal,0.27216385678189653,7.342960114648083,67.82432340531956,43.46036256153512,24.36396084378444,0.03942601891553758,104.91306747967207,37.088744074352505,1
Tamil Nadu,2026-06-26 12:00:00,9,Monsoon,0.3459966248121966,5.2601652051797725,101.6772116510534,141.94545536796386,40.26824371691046,0.02423170723861531,115.232094537472,13.554882886418596,0
Coastal Andhra,2026-06-26 18:00:00,10,Heavy Rain,0.6763126116679633,7.520859673836574,36.89005882248758,38.54789493587016,1.6578361133825794,0.37624592237454335,30.509690404695874,6.380368417791708,0
West Bengal,2026-06-27 00:00:00,5,Monsoon,0.5214708528399625,8.43991021559321,20.901526628629618,23.83176055292422,2.930233924294601,0.2544377813795091,6.111305770737626,14.790220857891992,0
Karnataka,2026-06-27 06:00:00,2,Heavy Rain,0.8722122918114942,6.163636117202809,117.04821203602492,128.3988853235287,11.350673287503781,0.08096724581094575,118.58651745236679,1.5383054163418706,0
Karnataka,2026-06-27 12:00:00,10,Monsoon,0.40814358940826956,3.9946821360176976,67.00707910725156,85.22228150849307,18.215202401241513,0.05204212680764628,58.12332604867643,8.883753058575124,0
Karnataka,2026-06-27 18:00:00,6,Heat Wave,0.33999369254938105,8.8809169786204,34.963684448812586,44.85689929792323,9.893214849110642,0.0918002640957406,74.45575457589301,39.492070127080424,1
Coastal Andhra,2026-06-28 00:00:00,7,Normal,0.9863793463103585,11.365855952454249,41.02936829369354,32.02788305364762,9.001485240045916,0.09998514980515125,36.34868765349434,4.680680640199199,0
Coastal Andhra,2026-06-28 06:00:00,2,Heavy Rain,0.920022193117075,10.31531345918932,30.471924818328212,34.30522000686716,3.8332951885389477,0.20689818457007778,0.0,30.471924818328212,0
Odisha,2026-06-28 12:00:00,2,Heavy Rain,0.12609347049908187,3.1609757971722754,78.2100798768982,50.739360251307666,27.47071962559054,0.03512380484760079,72.95462953650346,5.255450340394745,0
West Bengal,2026-06-28 18:00:00,10,Normal,0.7936557537759092,24.786169831051936,54.59766506061004,39.74819925301531,14.849465807594733,0.06309360909317341,83.6461592518476,29.048494191237566,0
Odisha,2026-06-29 00:00:00,10,Normal,0.19930129644268268,28.8708877465332,59.25366854566959,54.75958977051323,4.4940787751563605,0.18201413574954434,53.53522568775595,5.718442857913644,0
Telangana,2026-06-29 06:00:00,1,Normal,0.12473667534643386,13.275365020887895,19.438827001372427,11.1748709824884,8.263956018884027,0.10794524477032912,3.5593279765501418,15.879499024822286,0
Coastal Andhra,2026-06-29 12:00:00,4,Heavy Rain,0.346325964369714,15.193662652440423,38.49605977582981,31.01195829555646,7.4841014802733525,0.11786751989295872,22.746394794785758,15.749664981044056,0
Tamil Nadu,2026-06-29 18:00:00,7,Heavy Rain,0.3424112911549939,10.060385597629216,47.9046250848876,21.887642786763035,26.016982298124564,0.037013756346482005,29.82575613036743,18.078868954520168,0
Maharashtra,2026-06-30 00:00:00,9,Heavy Rain,0.8373868861122682,10.92657830216983,11.084205691146899,11.02866964035493,0.055536050791967995,0.9473859270365049,45.21859153435299,34.13438584320609,0
Tamil Nadu,2026-06-30 06:00:00,3,Normal,0.7396005213485516,1.6901648383667744,54.038966752294115,76.23007627348036,22.19110952118625,0.04311997229310868,59.91714081024129,5.878174057947177,0
Maharashtra,2026-06-30 12:00:00,7,Heavy Rain,0.9834484845988128,7.865153991098283,44.83722684010977,45.1962601495656,0.3590333094558318,0.735817137845141,47.550509229962486,2.713282389852715,0
Coastal Andhra,2026-06-30 18:00:00,7,Heat Wave,0.7403616102806366,7.954445275315446,73.99789266893072,74.64311263881532,0.6452199698846073,0.6078214574979528,19.006678896832412,54.991213772098305,1
Coastal Andhra,2026-07-01 00:00:00,7,Normal,0.47642999793044316,28.27530083856145,82.0683299238103,74.69528510510352,7.373044818706774,0.11943086674585018,111.59389251927647,29.52556259546617,0
Coastal Andhra,2026-07-01 06:00:00,2,Heavy Rain,0.7290348948506952,6.72627790638513,133.58535755952758,166.20754848452233,32.622190924994754,0.029742261657808845,127.36554126883743,6.219816290690147,0
Odisha,2026-07-01 12:00:00,6,Monsoon,0.9995131604677618,24.50908895044384,46.93497561772703,46.327021929134354,0.6079536885926728,0.6219084586168826,16.08646242203526,30.848513195691766,0
West Bengal,2026-07-01 18:00:00,2,Monsoon,0.7391276943062752,8.609039223742498,32.991423851052865,23.924333753761488,9.067090097291377,0.09933357011169068,15.466097184025195,17.52532666702767,0
Maharashtra,2026-07-02 00:00:00,6,Heavy Rain,0.7855132203822864,5.98729566123796,17.10696132245079,17.832545360290215,0.7255840378394254,0.579513937351949,25.25283476344766,8.14587344099687,0
West Bengal,2026-07-02 06:00:00,10,Cyclonic,0.9445285136712335,1.8034575413585072,14.72320320105003,20.43749439152579,5.714291190475759,0.14893604874011165,30.931161323308388,16.207958122258358,0
Odisha,2026-07-02 12:00:00,3,Normal,0.20228613518051503,10.800055333241943,40.644996546717394,26.14080534361776,14.504191203099634,0.06449868857396945,13.027505479175403,27.61749106754199,0
Odisha,2026-07-02 18:00:00,2,Cyclonic,0.7343058641029542,4.494635398766154,13.60174532947751,10.401970207542,3.1997751219355095,0.23810798696744023,20.921766505644555,7.320021176167046,0
Rajasthan,2026-07-03 00:00:00,6,Normal,0.8657253621707041,2.058591462024075,15.727837176062103,15.317212866600446,0.4106243094616566,0.7089059739666863,25.10493493247595,9.377097756413846,0
Tamil Nadu,2026-07-03 06:00:00,2,Normal,0.9589407401988037,13.213162559404239,41.63586782181839,37.98753213863024,3.6483356831881437,0.21513076252576754,20.159436831440633,21.476430990377754,0
Tamil Nadu,2026-07-03 12:00:00,5,Normal,0.28987236074052947,11.111726964811655,31.201369923648024,34.477339399915664,3.2759694762676403,0.23386509317949308,28.82191201429247,2.379457909355555,0
Telangana,2026-07-03 18:00:00,2,Monsoon,0.5535361069518198,11.817730353948182,20.785114041342506,15.677313243664134,5.107800797678372,0.16372505147517394,50.46504497835377,29.67993093701126,0
Karnataka,2026-07-04 00:00:00,3,Normal,0.7124993628800337,8.552118654961484,32.79013887380232,28.44770876026396,4.342430113538359,0.18718073587259101,13.860257062194922,18.929881811607398,0
Odisha,2026-07-04 06:00:00,3,Normal,0.3227209565512037,4.868356239211308,69.27577275815042,70.18402687676229,0.9082541186118647,0.5240392200633306,74.36912621720641,5.09335345905599,0
Maharashtra,2026-07-04 12:00:00,6,Normal,0.6404255769252466,3.5328883531966926,54.70523452674812,55.891283745175805,1.1860492184276836,0.45744624209296175,63.05981324018018,8.354578713432062,0
Rajasthan,2026-07-04 18:00:00,6,Heat Wave,0.33182090424819943,22.491523303599955,80.02522066957025,132.10913732940057,52.08391665983032,0.018838097542955422,0.0,80.02522066957025,1
Rajasthan,2026-07-05 00:00:00,10,Monsoon,0.4001113184784826,13.990162092149713,36.95350725151417,44.189824687680826,7.236317436166658,0.12141348457611408,45.73766425051505,8.784156999000885,0
Karnataka,2026-07-05 06:00:00,3,Heavy Rain,0.4973668268597786,16.571241428506642,30.474782298719262,18.737687715077932,11.73709458364133,0.07851084039874627,28.518165111691044,1.9566171870282183,0
West Bengal,2026-07-05 12:00:00,3,Heavy Rain,0.5762710888719103,7.58667594155377,46.12776492815708,34.4185190198947,11.709245908262375,0.07868287443788405,24.126934736487726,22.00083019166935,0
Karnataka,2026-07-05 18:00:00,1,Heavy Rain,0.5044292844626356,4.369216679163218,15.997248338472481,10.551802451077194,5.445445887395287,0.1551483043175647,31.3139764120778,15.316728073605319,0
Karnataka,2026-07-06 00:00:00,7,Normal,0.5438759678091363,3.9734269410648473,34.93003740598604,49.024070814385716,14.094033408399675,0.06625134402071153,23.197757163696796,11.732280242289246,0
Karnataka,2026-07-06 06:00:00,8,Heat Wave,0.3687298806594633,9.017505153346125,32.345313506519965,23.69953847159815,8.645775034921815,0.10367233284827543,6.915701233689564,25.4296122728304,0
Tamil Nadu,2026-07-06 12:00:00,2,Normal,0.24306858462036754,4.529660244965572,183.92745060037402,210.9354649399281,27.00801433955408,0.035704066267481106,170.42131566504864,13.506134935325377,0
Odisha,2026-07-06 18:00:00,4,Normal,0.1426149795941555,1.5043657901564371,89.76315220658215,100.69440023605627,10.93124802947412,0.0838135287716482,82.86320193268462,6.899950273897531,0
Telangana,2026-07-07 00:00:00,10,Normal,0.2763808502425009,12.744780409653455,63.7766527286645,40.40704208935436,23.36961063931014,0.04103471388200679,93.26716048722466,29.490507758560156,0
Odisha,2026-07-07 06:00:00,7,Heavy Rain,0.6237492773552047,16.56734508694923,55.97524417913894,50.113591060984994,5.861653118153946,0.1457374750341561,38.709472990324336,17.265771188814604,0
West Bengal,2026-07-07 12:00:00,8,Heavy Rain,0.8075039030228192,5.4820705750177385,110.60625756435226,103.2946886642399,7.311568900112363,0.12031422851905627,160.3777566405572,49.77149907620495,1
Coastal Andhra,2026-07-07 18:00:00,1,Heavy Rain,0.2523228376986051,1.9758181872776526,55.668986731852485,33.666081984878296,22.00290474697419,0.04347277054788224,42.726480448087315,12.94250628376517,0
Karnataka,2026-07-08 00:00:00,4,Normal,0.1976998219953836,9.627180885852285,23.612250320673876,34.14921054438948,10.536960223715607,0.08667794467596239,7.299992583530582,16.312257737143295,0
Odisha,2026-07-08 06:00:00,6,Heavy Rain,0.7743613244943253,7.515285310408863,22.229408765244152,23.176177847250752,0.9467690820066004,0.5136716055554295,14.663135384621878,7.566273380622274,0
West Bengal,2026-07-08 12:00:00,3,Normal,0.3746424974835607,6.308358881454161,70.43742103332437,98.49148255696242,28.054061523638055,0.03441859580239449,67.8331822980684,2.6042387352559757,0
Coastal Andhra,2026-07-08 18:00:00,5,Normal,0.9563494953046172,11.648261731220398,62.50972488473196,97.01602946412147,34.506304579389514,0.028164012330938938,62.71295834659765,0.20323346186569324,0
Coastal Andhra,2026-07-09 00:00:00,10,Normal,0.7428861735493357,9.262992731536078,55.48002527316698,57.693802062801645,2.2137767896346645,0.31116037779141403,56.29077719173697,0.8107519185699914,0
Karnataka,2026-07-09 06:00:00,9,Monsoon,0.39408044251872776,11.330670566752868,82.28997039426264,89.97566078876238,7.685690394499744,0.11513189563298905,49.71034520360006,32.579625190662576,0
Telangana,2026-07-09 12:00:00,3,Normal,0.3605884730143345,8.95064823893412,79.47005689750837,63.81859106685261,15.65146583065576,0.0600547729653311,84.23553598382149,4.765479086313121,0
Maharashtra,2026-07-09 18:00:00,5,Heavy Rain,0.5713285476441782,4.520270588508307,9.255286559950664,12.34096829295355,3.085681733002886,0.24475719484518488,0.0,9.255286559950664,0
Tamil Nadu,2026-07-10 00:00:00,8,Monsoon,0.17123020145038848,4.242833215688892,37.630789146746764,37.18089714495612,0.44989200179064426,0.6897065428080029,33.541431511230755,4.089357635516009,0
Odisha,2026-07-10 06:00:00,6,Monsoon,0.20590886138076908,8.562786014787635,59.310435639541026,53.03284056452426,6.2775950750167695,0.13740802967080382,30.658487465061775,28.65194817447925,0
Coastal Andhra,2026-07-10 12:00:00,4,Heavy Rain,0.2582720931845733,15.758501043622289,95.29943989320702,77.00970045924947,18.28973943395755,0.051841032037975875,139.27067960028086,43.971239707073835,0
Odisha,2026-07-10 18:00:00,8,Normal,0.7972512339741041,9.118652368488428,65.30767396272532,66.50381392504113,1.1961399623158115,0.4553443847656723,81.54343634163763,16.235762378912312,0
Maharashtra,2026-07-11 00:00:00,3,Normal,0.5624716233422102,4.989695415182316,71.01627691136405,82.05079215697222,11.034515245608176,0.08309433156145908,56.58807689037252,14.428200020991525,0
Tamil Nadu,2026-07-11 06:00:00,3,Heavy Rain,0.10951041049699865,9.59613066548357,17.973471391476007,18.888526643366845,0.9150552518908377,0.5221781455196376,12.275596766180755,5.697874625295253,0
Maharashtra,2026-07-11 12:00:00,4,Heavy Rain,0.7061648747248981,9.883162099295268,12.545620874239916,13.996151670298262,1.450530796058347,0.40807485529604015,11.693081350214788,0.8525395240251274,0
Tamil Nadu,2026-07-11 18:00:00,9,Monsoon,0.4813211607944474,4.559271940117965,53.8748460728427,50.97013862046623,2.9047074523764707,0.256101132337426,21.426535896849657,32.44831017599304,1
Rajasthan,2026-07-12 00:00:00,5,Cyclonic,0.5597671284674182,28.5977147311379,30.11130027344676,33.91152509685616,3.800224823409401,0.20832357582987984,0.0,30.11130027344676,0
Tamil Nadu,2026-07-12 06:00:00,8,Normal,0.292704619071642,15.210289408556443,60.27842413628443,67.42323197494409,7.144807838659659,0.12277760504716387,89.30754742417231,29.029123287887884,0
Karnataka,2026-07-12 12:00:00,6,Normal,0.5966040055546933,7.613946996422181,26.08710220446958,34.00997800737176,7.922875802902176,0.11207149153356463,4.101250495932405,21.985851708537176,0
Telangana,2026-07-12 18:00:00,3,Heavy Rain,0.9812379157763398,27.194649558938487,29.514244383055676,35.46329632663119,5.949051943575512,0.14390452224558672,49.25232621230604,19.738081829250362,0
Maharashtra,2026-07-13 00:00:00,8,Normal,0.1661002219051853,10.838156169957031,69.74449040500312,72.44051889294242,2.6960284879393015,0.27056068514167325,51.44073045357921,18.303759951423913,0
Coastal Andhra,2026-07-13 06:00:00,9,Normal,0.35552565969798755,10.200865710318475,43.30202093806204,47.79195022739891,4.489929289336864,0.18215170857342525,54.592665307525486,11.290644369463443,0
Karnataka,2026-07-13 12:00:00,8,Cyclonic,0.3186978335747468,21.014118639780726,25.022717940247663,17.82035992597504,7.2023580142726225,0.12191616096980121,0.0,25.022717940247663,0
Rajasthan,2026-07-13 18:00:00,4,Normal,0.3236943796760616,15.28629280957453,39.06425976478119,51.544026285549194,12.479766520768003,0.07418526118084615,26.952018363972048,12.112241400809143,0
Telangana,2026-07-14 00:00:00,6,Heat Wave,0.44083572180883956,11.968293903905067,63.63895240021671,59.668651604546675,3.9703007956700347,0.2011950666790967,82.25595857830695,18.617006178090236,0
Odisha,2026-07-14 06:00:00,1,Monsoon,0.8362988062697507,6.161965351062353,40.9074589943061,39.63206821768329,1.2753907766228068,0.4394849492552772,51.172147170092046,10.264688175785949,0
Karnataka,2026-07-14 12:00:00,4,Monsoon,0.9215728209679486,8.467618290558951,58.93927532591387,51.890043785126146,7.049231540787723,0.12423546209755781,64.66127677217078,5.722001446256911,0
Maharashtra,2026-07-14 18:00:00,8,Normal,0.281993578713076,7.511792437838812,35.548425283432884,27.668331827415876,7.880093456017008,0.11261142745321179,69.90633910372266,34.357913820289774,1
West Bengal,2026-07-15 00:00:00,1,Normal,0.5886549441533014,5.068706464016403,90.4411352279893,71.95619561807806,18.48493960991125,0.05132168844348575,84.49805612370044,5.94307910428887,0
West Bengal,2026-07-15 06:00:00,3,Heavy Rain,0.6732090749489322,34.74994748749205,38.495897137128,28.125166014252628,10.37073112287537,0.08794509246535814,0.0,38.495897137128,0
Coastal Andhra,2026-07-15 12:00:00,1,Normal,0.5696447269274605,15.37649932902225,28.70008951236915,26.982129130516206,1.7179603818529436,0.36792294938392717,51.39602469870546,22.69593518633631,0
Tamil Nadu,2026-07-15 18:00:00,9,Normal,0.4906687547772276,7.292033524073264,104.78052468332353,126.61039507206586,21.82987038874232,0.04380226356839555,88.30352288844526,16.477001794878277,0
Coastal Andhra,2026-07-16 00:00:00,2,Normal,0.27277795527331405,11.127542224784596,43.499204962810595,43.25257879436184,0.2466261684487563,0.8021650959279586,38.751900683734746,4.747304279075848,0
West Bengal,2026-07-16 06:00:00,9,Normal,0.5393974232793147,7.575705955450703,58.34420099476891,68.02103122554726,9.67683023077835,0.09366075683373483,76.09952718507024,17.755326190301332,0
Odisha,2026-07-16 12:00:00,4,Normal,0.46109334494019605,4.421261236929056,28.46484066461999,31.88916868284331,3.424328018223317,0.22602302448668155,0.0,28.46484066461999,1
Rajasthan,2026-07-16 18:00:00,2,Monsoon,0.8160070262520427,1.4787627414990359,57.18327767075684,50.7720176395648,6.411260031192036,0.1349298224311742,33.9527263421667,23.23055132859014,1
Rajasthan,2026-07-17 00:00:00,4,Normal,0.7872439232466957,11.814296765284729,63.429127702698224,83.06322027893808,19.63409257623985,0.04846348325254194,34.50401670938548,28.925110993312742,0
Maharashtra,2026-07-17 06:00:00,10,Normal,0.22059881308510365,8.675990690292455,23.66549335194601,29.57739511262254,5.911901760676528,0.144677982214568,22.69385971780266,0.9716336341433518,0
Rajasthan,2026-07-17 12:00:00,6,Heavy Rain,0.1796671473067608,18.325793080071694,73.47998023248233,88.5659895293761,15.086009296893764,0.06216582258180727,120.73850287212439,47.25852263964205,0
Maharashtra,2026-07-17 18:00:00,7,Heat Wave,0.9173385489047526,5.526724412914446,40.12241536853311,44.293600379439596,4.171185010906484,0.1933792733949592,34.72395363045706,5.398461738076051,0
Karnataka,2026-07-18 00:00:00,3,Normal,0.581957550068048,18.34578287093231,73.46486816457036,67.2246463906315,6.240221773938856,0.13811731618491235,76.3011633145631,2.8362951499927362,0
Maharashtra,2026-07-18 06:00:00,3,Normal,0.8720208435543316,19.768000275546875,25.62553127535515,23.43451734396599,2.1910139313891612,0.31338001697932566,0.0,25.62553127535515,0
Karnataka,2026-07-18 12:00:00,10,Heavy Rain,0.15233600850976103,16.66226970957568,29.69312053744501,29.471321779775053,0.2217987576699585,0.8184653927026889,52.17808872189636,22.484968184451347,0
Maharashtra,2026-07-18 18:00:00,8,Heat Wave,0.5738640548694672,14.815823281089365,48.13354227310561,64.71462637146051,16.5810840983549,0.05687931383557696,2.8279957985929087,45.3055464745127,1
West Bengal,2026-07-19 00:00:00,5,Monsoon,0.5854838631186128,8.050887978730453,22.189332776463463,28.389719431472145,6.200386655008682,0.1388814306665583,38.784669472333874,16.59533669587041,0
West Bengal,2026-07-19 06:00:00,4,Heavy Rain,0.8746318292879349,18.126993214370415,49.19765719757409,31.454179702096845,17.743477495477244,0.05335189269127341,21.96622182285088,27.23143537472321,0
Tamil Nadu,2026-07-19 12:00:00,7,Normal,0.18784899840673674,16.18003189647724,54.28683957334563,57.81084556957802,3.5240059962323897,0.22104303151516685,71.34817374082972,17.06133416748409,0
Karnataka,2026-07-19 18:00:00,7,Heavy Rain,0.3164010073083184,9.36429552268215,48.07644294806327,18.18274005570567,29.8937028923576,0.032369056033337375,49.19802940289337,1.1215864548301013,0
Telangana,2026-07-20 00:00:00,9,Normal,0.4658844824983118,2.0761733839956613,45.97442451745891,40.90183626125732,5.072588256201584,0.16467442840023902,75.46629170436924,29.491867186910333,1
Karnataka,2026-07-20 06:00:00,9,Monsoon,0.879257327877948,7.0207731592166684,18.872766486531273,15.677864796064743,3.19490169046653,0.23838460917275667,16.0764813472765,2.796285139254774,0
Maharashtra,2026-07-20 12:00:00,5,Monsoon,0.9449949835635103,16.82140993518554,14.107885118408202,16.069114362519212,1.96122924411101,0.3376975970329544,52.42771166399716,38.31982654558895,0
Maharashtra,2026-07-20 18:00:00,8,Heat Wave,0.9934521576342651,10.707807199687663,41.82754545068149,30.449643218874836,11.377902231806654,0.0807891338348406,20.999672486828445,20.827872963853046,0
Telangana,2026-07-21 00:00:00,10,Normal,0.9632741378126694,5.992794479367499,10.019916266477933,6.191449614691484,3.8284666517864494,0.20710508575843994,0.0,10.019916266477933,0
Coastal Andhra,2026-07-21 06:00:00,1,Normal,0.10534758025991897,8.911844733267761,8.582552910940148,7.512184762021109,1.070368148919039,0.4830058849785293,8.687459849551884,0.10490693861173561,0
Maharashtra,2026-07-21 12:00:00,9,Heavy Rain,0.14293750730848484,9.344329521042226,29.40522946960126,29.347677023501053,0.05755244610020682,0.9455795820694896,49.43018229781485,20.024952828213593,0
Tamil Nadu,2026-07-21 18:00:00,8,Monsoon,0.23284613724182981,4.289621567250492,21.852687343014043,12.35287325641245,9.499814086601594,0.09523978155728122,11.879469612493484,9.97321773052056,0
Rajasthan,2026-07-22 00:00:00,6,Monsoon,0.41397588709324584,5.839287721800879,55.54207476896963,71.34114472951359,15.79906996054396,0.059527104914063926,32.203196781609876,23.33887798735975,0
Rajasthan,2026-07-22 06:00:00,3,Normal,0.8469262278882629,33.06512690753311,41.76074106345648,39.65889064083009,2.1018504226263914,0.3223882082467672,47.40044570729807,5.63970464384159,0
Odisha,2026-07-22 12:00:00,3,Normal,0.9033905758019324,0.48996970579055577,54.08148740826398,54.42339275418087,0.34190534591688504,0.7452090440229441,61.63427612304115,7.552788714777165,0
Odisha,2026-07-22 18:00:00,8,Heavy Rain,0.26815096566512475,8.834892221998599,72.84632052481827,92.92679509865766,20.080474573839396,0.047437262216145144,111.01559788073837,38.1692773559201,1
Rajasthan,2026-07-23 00:00:00,5,Normal,0.6576977364577378,16.82072391425264,91.20537962789953,74.49544034584918,16.709939282050357,0.05646546744592936,85.58462021764626,5.620759410253271,0
Rajasthan,2026-07-23 06:00:00,10,Cyclonic,0.9256257865587489,8.724363458336011,67.6037681372224,92.63900200083368,25.035233863611282,0.03840948789777041,9.093420971405358,58.510347165817045,1
West Bengal,2026-07-23 12:00:00,7,Heavy Rain,0.5173585623381887,5.349993248616957,47.312527380264775,47.37812317846482,0.06559579820004302,0.9384421388383433,4.503511440151243,42.80901594011353,1
Tamil Nadu,2026-07-23 18:00:00,5,Monsoon,0.19318921475750556,6.616272243163839,20.5173895526886,24.579707128809375,4.062317576120776,0.1975379823496364,15.850799006470755,4.666590546217844,0
Telangana,2026-07-24 00:00:00,8,Heavy Rain,0.5120322850761625,27.724387498726127,86.37948538390718,95.96681883112375,9.587333447216565,0.09445248938134676,153.08579027179934,66.70630488789216,0
Odisha,2026-07-24 06:00:00,10,Monsoon,0.4382154120592515,13.662190649799108,17.458420317645633,20.456902387882387,2.9984820702367543,0.2500949066256008,35.233382068170926,17.774961750525293,0
West Bengal,2026-07-24 12:00:00,10,Normal,0.6198921964594063,13.086986009728578,74.00970277229848,75.41628125006397,1.4065784777654926,0.41552769179939636,37.74454494805476,36.26515782424372,0
West Bengal,2026-07-24 18:00:00,4,Monsoon,0.49479281596639335,8.017849330862198,97.16045106485123,85.78967217007217,11.370778894779065,0.08083565380204456,77.98027009210902,19.180180972742207,0
Telangana,2026-07-25 00:00:00,2,Normal,0.11561133416834615,10.292198986117862,56.29004137361925,83.57330374907357,27.28326237545432,0.03535660019432029,68.21236616746737,11.922324793848112,0
West Bengal,2026-07-25 06:00:00,3,Heavy Rain,0.994597960072304,3.7076555005534884,20.971999199580885,20.866429005227413,0.10557019435347215,0.9045106363280636,0.0,20.971999199580885,0
Karnataka,2026-07-25 12:00:00,8,Normal,0.5891862139575138,28.79870920024284,30.952230118284305,22.458428896125515,8.49380122215879,0.10533188725986518,69.34251684442135,38.39028672613705,0
Tamil Nadu,2026-07-25 18:00:00,7,Heavy Rain,0.5262676799361486,14.29543060132589,50.177328265141256,68.60259967673066,18.425271411589407,0.051479332196274236,64.32950592207985,14.15217765693859,0
Rajasthan,2026-07-26 00:00:00,2,Normal,0.9591556343536486,8.782866144909239,24.790110127642468,22.86409618911652,1.9260139385259478,0.34176187161424626,14.275047581955585,10.515062545686883,0
Maharashtra,2026-07-26 06:00:00,6,Normal,0.2402743308283694,9.76574752719275,7.3443010071972665,4.180348024405419,3.163952982791847,0.24015641005857852,8.835110282900608,1.4908092757033415,0
Telangana,2026-07-26 12:00:00,9,Heat Wave,0.2703138422907234,12.311143970773909,46.85361958641485,37.19908919970394,9.65453038671091,0.09385678802392561,56.565385553439526,9.711765967024675,0
Rajasthan,2026-07-26 18:00:00,4,Normal,0.8272132741565051,3.677599522678421,55.708294829318106,28.438016470246794,27.270278359071312,0.03537283882735884,55.44085650685362,0.2674383224644856,0
Rajasthan,2026-07-27 00:00:00,9,Monsoon,0.3347479720225079,6.898476814412941,59.21341960174204,47.692728552150896,11.520691049591143,0.07986779611758366,28.598670693834308,30.61474890790773,1
Coastal Andhra,2026-07-27 06:00:00,2,Heat Wave,0.8193043956623742,3.785710478697228,30.638192117781372,44.104507155352344,13.466315037570972,0.06912610415319072,0.0,30.638192117781372,1
Karnataka,2026-07-27 12:00:00,2,Normal,0.34438013461765227,14.232930596353896,43.381976759172545,48.35958417202541,4.977607412852862,0.16729101309828942,38.450392862489366,4.931583896683179,0
Telangana,2026-07-27 18:00:00,9,Monsoon,0.12986886720250135,2.7357684053702975,48.681543952674346,48.623750631241826,0.05779332143251992,0.9453642594809984,63.740261364603725,15.05871741192938,0
West Bengal,2026-07-28 00:00:00,7,Normal,0.5653132514980445,4.011083416235272,12.020232561638116,10.285015405479156,1.73521715615896,0.3656016845859108,9.78174833368674,2.238484227951375,0
Maharashtra,2026-07-28 06:00:00,7,Normal,0.27701779071417526,15.4981770463925,29.845280003089748,28.81508924086678,1.0301907622229685,0.4925645503898582,0.0,29.845280003089748,0
Telangana,2026-07-28 12:00:00,1,Normal,0.7820616636392239,10.321955233738489,45.23020451106173,57.835225863948224,12.605021352886496,0.07350227346668853,30.574280581602068,14.65592392945966,0
West Bengal,2026-07-28 18:00:00,6,Heat Wave,0.6770796699089333,25.714785601774896,55.29148827262682,30.02739615006196,25.26409212256486,0.03807479791547211,3.881870839800065,51.40961743282676,0
Rajasthan,2026-07-29 00:00:00,7,Normal,0.931242401180126,6.837426545056809,102.53471963455276,177.8830762059955,75.34835657144275,0.013097858878786119,80.02965651540106,22.5050631191517,0
Maharashtra,2026-07-29 06:00:00,6,Heavy Rain,0.8046895215391623,7.760111913733846,52.43829170984472,40.86704912190053,11.571242587944191,0.07954663136951944,20.12583590046807,32.31245580937665,1
West Bengal,2026-07-29 12:00:00,6,Heavy Rain,0.2626983593566542,22.175523563520073,16.86196445363806,15.810202039561918,1.0517624140761406,0.48738586550737456,15.206866491353264,1.6550979622847954,0
Tamil Nadu,2026-07-29 18:00:00,2,Cyclonic,0.8201424129983167,18.47986780764598,23.41794066261954,22.48243753520037,0.935503127419171,0.5166615263150802,0.0,23.41794066261954,0
West Bengal,2026-07-30 00:00:00,6,Normal,0.6775633403326209,15.722479714008188,76.59545287852623,73.03280404827346,3.562648830252769,0.21917093276376484,153.0211888704076,76.42573599188137,1
Coastal Andhra,2026-07-30 06:00:00,4,Monsoon,0.7020564775845625,4.744541805074612,125.4000664180536,104.33952270872389,21.060543709329707,0.04532979844812647,111.49508796076579,13.904978457287811,0
Karnataka,2026-07-30 12:00:00,9,Monsoon,0.8490365973731339,5.081615513143455,20.04540853645027,24.429382059476517,4.3839735230262455,0.1857364260286919,2.4797799011164585,17.565628635333812,0
Rajasthan,2026-07-30 18:00:00,1,Monsoon,0.6164416622700463,8.257602836397824,29.12419677425564,37.43106207401136,8.306865299755717,0.10744756346975899,46.08307277096581,16.958875996710173,0
West Bengal,2026-07-31 00:00:00,8,Heat Wave,0.5194031629177116,8.099554290744248,128.80171682742537,159.5625373236881,30.76082049626274,0.031485332695283134,118.75631731813496,10.045399509290405,0
Karnataka,2026-07-31 06:00:00,5,Monsoon,0.6729769318228551,4.818675437127689,110.45024576446637,112.91041833144517,2.460172566978798,0.2890029270630095,95.00057675802395,15.44966900644242,0
Odisha,2026-07-31 12:00:00,1,Normal,0.3681616860625232,6.604180342584121,62.623770102574426,53.39718087340959,9.226589229164837,0.09778431279396033,82.0528950472576,19.42912494468318,0
Odisha,2026-07-31 18:00:00,4,Heavy Rain,0.2643374179783894,8.433054786282263,29.524206487741765,28.154597414766236,1.3696090729755284,0.42201053811137534,21.666270920628595,7.85793556711317,0
Karnataka,2026-08-01 00:00:00,1,Normal,0.6549290542641217,17.802904889476377,19.366005101227653,18.94738596912599,0.41861913210166435,0.7049108371452132,0.0,19.366005101227653,0
Karnataka,2026-08-01 06:00:00,6,Normal,0.3104635321769299,21.143837644802723,27.966073272346318,21.11139029690052,6.854682975445797,0.12731258576903218,0.0,27.966073272346318,0
Coastal Andhra,2026-08-01 12:00:00,2,Heavy Rain,0.17192359841194604,13.888138082475123,33.47051884536791,34.961272337412694,1.4907534920447816,0.4014849334524273,21.14708802571939,12.323430819648522,0
Tamil Nadu,2026-08-01 18:00:00,5,Normal,0.10049876612672853,2.343739218778758,34.566554640599875,50.117423314108585,15.55086867350871,0.06041978942172372,35.53456455678002,0.9680099161801436,0
Rajasthan,2026-08-02 00:00:00,7,Normal,0.6474874612600604,19.392758283639782,11.879708845447635,11.375516400760906,0.5041924446867281,0.6648085512809937,0.0,11.879708845447635,0
Telangana,2026-08-02 06:00:00,2,Heat Wave,0.4259339051322132,13.934817834861999,22.33314916503948,25.124344892448466,2.7911957274089865,0.263769024840991,39.48134728749732,17.148198122457842,0
Coastal Andhra,2026-08-02 12:00:00,6,Normal,0.7770798736061104,16.12872111585054,46.12868729418996,38.552981733230524,7.575705560959435,0.11660848112048774,23.52279179034366,22.6058955038463,0
Tamil Nadu,2026-08-02 18:00:00,6,Heat Wave,0.43765875848179225,5.065564991321068,28.775188023115817,35.14710441809307,6.371916394977255,0.1356499377395727,29.548343642571457,0.7731556194556397,0
Karnataka,2026-08-03 00:00:00,5,Heavy Rain,0.5374031034144041,22.730320534855196,16.40061549682024,13.703622814255555,2.6969926825646855,0.2704901215293393,0.0,16.40061549682024,0
Telangana,2026-08-03 06:00:00,5,Heavy Rain,0.4663764755338464,7.550005081843766,20.59895521011528,18.471013939003544,2.1279412711117374,0.3196990970500474,32.846040075403,12.247084865287722,0
Karnataka,2026-08-03 12:00:00,3,Monsoon,0.6855173119984115,4.765714044548846,37.27554869597653,42.0973336624404,4.821784966463866,0.17176862521725822,0.0,37.27554869597653,1
Karnataka,2026-08-03 18:00:00,10,Normal,0.4205252458134714,14.772426552912028,13.844201088999032,10.415247860989561,3.4289532280094708,0.22578698588999,0.0,13.844201088999032,0
Odisha,2026-08-04 00:00:00,10,Normal,0.967390884948078,8.340829717099927,93.30168583409335,103.39025184556503,10.088566011471684,0.09018298659767632,80.86386764570521,12.437818188388135,0
Odisha,2026-08-04 06:00:00,2,Normal,0.9425322879386772,13.64317004692067,14.567444783412668,18.395457345221455,3.8280125618087872,0.20712456465220044,7.686336522177915,6.881108261234753,0
Telangana,2026-08-04 12:00:00,7,Normal,0.8632251123915532,6.571775466057054,65.7662998460574,68.44496950579962,2.6786696597422264,0.27183740115171756,20.877063645426198,44.889236200631196,1
Coastal Andhra,2026-08-04 18:00:00,1,Heat Wave,0.9282702435154733,3.447075582312661,124.15098761272287,151.1137834957238,26.962795883000922,0.035761803082356214,81.58446336456953,42.56652424815334,1
Odisha,2026-08-05 00:00:00,6,Monsoon,0.504225719613452,6.44056171260623,15.904850924673909,10.76898799195798,5.135862932715929,0.16297626119841763,24.531063505024626,8.626212580350717,0
Rajasthan,2026-08-05 06:00:00,6,Normal,0.582787357110543,2.796675443725478,18.729308042428336,20.82792105286865,2.098613010440314,0.32272503750247267,24.277424923568997,5.548116881140661,0
Karnataka,2026-08-05 12:00:00,3,Normal,0.76788333330242,13.966560912449314,37.70105387766533,33.40156275527775,4.299491122387579,0.18869736299312265,7.6897298644473295,30.011324013218,0
Maharashtra,2026-08-05 18:00:00,2,Normal,0.726531332444687,0.6645479303993734,31.08095960371606,34.074956905541306,2.993997301825246,0.25037573248810224,63.9199782956674,32.83901869195134,1
West Bengal,2026-08-06 00:00:00,2,Normal,0.9016107360449237,18.584971235659403,78.07567268337601,108.94982135363105,30.87414867025504,0.03137338695207882,141.69753606408364,63.62186338070762,1
Telangana,2026-08-06 06:00:00,9,Heavy Rain,0.7446979245310258,3.0130239959235183,35.94996365799652,9.122981405918338,26.82698225207818,0.035936343759493276,62.19795933047327,26.247995672476748,1
Telangana,2026-08-06 12:00:00,5,Normal,0.9980962374056145,17.04214849259815,22.02347156270404,18.605902777812982,3.4175687848910563,0.22636885777991603,11.587149784840737,10.436321777863302,0
Odisha,2026-08-06 18:00:00,7,Heavy Rain,0.4136552198484319,12.80144678264804,68.42098947765501,29.234968947632233,39.18602053002278,0.0248842753477644,103.98535812262429,35.56436864496928,0
Coastal Andhra,2026-08-07 00:00:00,5,Normal,0.8496979680154761,1.1834481816464177,33.5682537775248,23.23735110390731,10.33090267361749,0.0882542219984263,58.05675287878682,24.488499101262015,1
Karnataka,2026-08-07 06:00:00,7,Normal,0.7278713405493977,10.03218042130323,21.594182780982067,19.028405460072825,2.565777320909241,0.2804437602247717,32.990647092400614,11.396464311418548,0
Rajasthan,2026-08-07 12:00:00,4,Monsoon,0.7222478006935167,2.6371983679356026,24.39116322247471,29.634900168287444,5.243736945812735,0.16016049501743254,0.0,24.39116322247471,1
Coastal Andhra,2026-08-07 18:00:00,8,Heavy Rain,0.393252035360499,10.070538228769237,15.436135432028061,18.553534142810047,3.117398710781986,0.24287179120675387,26.835266979442324,11.399131547414262,0
Tamil Nadu,2026-08-08 00:00:00,10,Heat Wave,0.8070416131807203,5.149874871702736,6.984618691771534,8.344682995775848,1.3600643040043146,0.42371726834023243,0.0,6.984618691771534,0
Tamil Nadu,2026-08-08 06:00:00,10,Cyclonic,0.9103384201128393,1.2115228087551717,16.68571678000328,19.022470466965835,2.336753686962556,0.29969248371769963,9.143748273683023,7.541968506320256,0
Maharashtra,2026-08-08 12:00:00,7,Normal,0.2966936153685067,12.346550010778545,36.55179315545884,24.29722955407171,12.25456360138713,0.07544571289358384,0.9535077354958261,35.59828541996301,0
Odisha,2026-08-08 18:00:00,10,Normal,0.6629471534050337,8.109693964378007,33.01376144194942,39.633439875480256,6.6196784335308365,0.13123913413451177,38.439954498693695,5.426193056744275,0
Odisha,2026-08-09 00:00:00,5,Monsoon,0.4529213461924977,8.735004001328708,12.788629590497386,10.62165610690698,2.1669734835904055,0.31575887994688784,0.9377860102029238,11.850843580294462,0
Odisha,2026-08-09 06:00:00,6,Heat Wave,0.9905933073653893,1.4750064382521964,22.349616655549468,24.852262350938847,2.502645695389379,0.28549847371554743,14.472143033625432,7.877473621924036,0
Maharashtra,2026-08-09 12:00:00,5,Monsoon,0.5309495342485134,1.3057103093149014,62.6717786895024,48.288061668151585,14.383717021350819,0.06500379580644364,64.41567561099063,1.7438969214882292,0
Tamil Nadu,2026-08-09 18:00:00,7,Normal,0.30548815641724847,6.9452958703728935,59.40034336204246,56.72040683299358,2.679936529048881,0.27174381734743147,42.53922752327151,16.861115838770957,0
Coastal Andhra,2026-08-10 00:00:00,2,Heat Wave,0.4436718626996493,16.71410791131229,44.30996468585004,43.56005419778534,0.7499104880646996,0.5714578013107073,27.537471153314506,16.772493532535535,0
Maharashtra,2026-08-10 06:00:00,5,Normal,0.6884545508349637,14.142110249454179,18.01270407553543,19.56858851803432,1.5558844424988898,0.39125399543584194,10.766609256230659,7.246094819304773,0
Maharashtra,2026-08-10 12:00:00,10,Monsoon,0.16848043421461867,12.073721697127791,77.60753558856439,61.32274517176595,16.284790416798437,0.05785433180769942,138.1292974151739,60.52176182660952,1
Coastal Andhra,2026-08-10 18:00:00,3,Heat Wave,0.6432417281991138,20.34720659182867,37.87342017387762,44.13743938074994,6.2640192068723195,0.13766483423583506,70.4877574455645,32.61433727168688,0
Odisha,2026-08-11 00:00:00,9,Normal,0.9381022832610082,5.383564039303871,24.252154400572916,16.290619551912247,7.961534848660669,0.11158802781974934,49.730813497442526,25.47865909686961,0
Rajasthan,2026-08-11 06:00:00,6,Heat Wave,0.8653265088920654,12.594402909204126,18.56825137920177,26.46220545173811,7.893954072536342,0.1124359302785138,8.699884500425847,9.868366878775921,0
Coastal Andhra,2026-08-11 12:00:00,10,Normal,0.16090618299218504,1.9209186156514386,66.43805266121439,53.954016516968686,12.4840361442457,0.07416177094917897,66.01109177954342,0.4269608816709649,0
Tamil Nadu,2026-08-11 18:00:00,3,Heat Wave,0.9940508908651613,34.40183927902156,2.7337916117810495,1.395916244296308,1.3378753674847415,0.42773879818746435,32.111149511926776,29.377357900145725,0
Telangana,2026-08-12 00:00:00,7,Normal,0.7288542313334913,4.617366820990876,50.942749967859996,50.024534370691484,0.918215597168512,0.5213178338639854,68.8809578533522,17.938207885492204,0
Karnataka,2026-08-12 06:00:00,4,Heat Wave,0.24605274188262133,11.91300367799887,29.9457410038598,26.86229220636727,3.0834487974925295,0.24489103441533466,14.661308346453236,15.284432657406565,0
Telangana,2026-08-12 12:00:00,3,Normal,0.11117448025248115,25.378286016717986,84.07745998940321,64.78100078103785,19.296459208365363,0.04926967752029582,97.69089891357629,13.613438924173082,0
West Bengal,2026-08-12 18:00:00,8,Monsoon,0.2541543726629362,6.397138903995975,150.1449718544256,200.65838559143688,50.51341373701129,0.019412419551638475,213.57239031117436,63.42741845674877,1
West Bengal,2026-08-13 00:00:00,4,Heavy Rain,0.8543583286171647,11.709382339764216,24.398054618588585,29.00249417073932,4.604439552150733,0.17842997336214372,17.000539880725984,7.3975147378626005,0
Maharashtra,2026-08-13 06:00:00,1,Heavy Rain,0.11947539245064737,9.89302547401721,78.32094386256797,87.36826623506929,9.047322372501313,0.09952900513443433,84.99068627251985,6.66974240995188,0
Karnataka,2026-08-13 12:00:00,6,Normal,0.3098325732562779,6.143881828471142,52.56681113487509,40.01131206501927,12.55549906985582,0.0737707992045649,38.00428451869311,14.562526616181977,0
Telangana,2026-08-13 18:00:00,10,Monsoon,0.7815750358013879,5.117570698268533,48.950289016271626,42.464399377095575,6.485889639176051,0.13358465702816144,75.07871105067454,26.128422034402917,1
Rajasthan,2026-08-14 00:00:00,1,Normal,0.6274994823083216,2.9429849772651853,13.02094541635463,11.03184553191247,1.98909988444216,0.3345488737947025,15.215862267449477,2.194916851094847,0
Odisha,2026-08-14 06:00:00,5,Heavy Rain,0.8044621393241727,7.602118916501727,28.22026333328887,15.331468696461338,12.888794636827532,0.07200048860600183,17.402802058151885,10.817461275136985,0
Tamil Nadu,2026-08-14 12:00:00,7,Normal,0.7715354534441091,4.725795526128362,76.32900419692263,81.50815383425928,5.17914963733665,0.1618345660311638,127.91585051927356,51.58684632235094,1
West Bengal,2026-08-14 18:00:00,6,Heat Wave,0.14554124840962426,4.459824794315991,90.61692413952724,98.4213725138623,7.804448374335053,0.1135789498084852,100.45853071632044,9.841606576793197,0
Rajasthan,2026-08-15 00:00:00,2,Normal,0.9032602771847363,13.204883715521056,108.91503623948056,112.2408489839015,3.3258127444209435,0.23117043179682545,125.07563543335762,16.16059919387706,0
Tamil Nadu,2026-08-15 06:00:00,4,Normal,0.3043286508540418,9.398132372447991,28.323388543596934,29.934230056572186,1.6108415129752522,0.3830182701746703,35.31597066783152,6.992582124234588,0
Tamil Nadu,2026-08-15 12:00:00,2,Normal,0.5980531962067874,17.484237601060848,58.25372420655526,41.75630791625312,16.49741629030214,0.05715129499172088,68.05207120306964,9.798346996514383,0
Odisha,2026-08-15 18:00:00,1,Normal,0.6798593408750009,6.089211177276242,29.242541118267,22.703492451771172,6.539048666495827,0.13264273043415742,28.57490415159191,0.6676369666750901,0
Karnataka,2026-08-16 00:00:00,3,Normal,0.25176538979658586,3.1775989581389714,46.351358154251095,42.68470391343233,3.6666542408187652,0.2142862848618821,43.774446320928206,2.576911833322889,0
Maharashtra,2026-08-16 06:00:00,3,Heavy Rain,0.978608131030877,13.352615349944795,57.69704258664799,77.66608280719385,19.969040220545857,0.047689354852788225,34.21283653432989,23.4842060523181,0
Telangana,2026-08-16 12:00:00,7,Cyclonic,0.5393403604785781,13.841658980859082,30.085388432922414,38.82936742688023,8.743978993957818,0.10262747904322186,5.7113554480132045,24.37403298490921,0
Odisha,2026-08-16 18:00:00,1,Monsoon,0.1518784260376541,10.634707806449066,60.74513247726192,68.59630097843008,7.851168501168161,0.11297943315258566,43.6703119500112,17.074820527250722,0
Rajasthan,2026-08-17 00:00:00,9,Heavy Rain,0.9435358403000563,4.356042386233341,36.49026294703703,54.871094836854255,18.380831889817223,0.051597372377261294,0.0,36.49026294703703,1
Maharashtra,2026-08-17 06:00:00,6,Normal,0.6276410588739413,8.834288172275608,40.514607567488234,45.67785382430068,5.1632462568124495,0.1622521571151997,7.581187112883988,32.933420454604246,1
Rajasthan,2026-08-17 12:00:00,4,Monsoon,0.7292738781832387,3.0433282382355378,13.190454799870944,15.287588281259275,2.0971334813883313,0.3228792062109434,0.0,13.190454799870944,0
Maharashtra,2026-08-17 18:00:00,3,Normal,0.5726582109408017,4.666350351040303,27.16296114663468,37.21177616056672,10.048815013932042,0.09050744344430117,34.56977751296822,7.406816366333544,0
Karnataka,2026-08-18 00:00:00,3,Monsoon,0.8512641592992708,19.09352245299072,27.525420007968133,32.31254790549316,4.787127897525028,0.17279728696296281,36.44298873906096,8.917568731092825,0
West Bengal,2026-08-18 06:00:00,2,Normal,0.12982011597388982,5.659448076045765,158.26962883927354,223.50070483301766,65.23107599374413,0.015098652482928939,160.01283670273097,1.7432078634574282,0
Rajasthan,2026-08-18 12:00:00,2,Normal,0.34154052874943297,16.11865373217618,23.131631657378197,23.296526651386245,0.16489499400804775,0.8584464738399343,2.1587929090588354,20.97283874831936,0
Odisha,2026-08-18 18:00:00,10,Normal,0.522683520762423,11.095799000633313,39.98302759134426,33.582466992399674,6.400560598944587,0.13512489853033735,45.204472113434946,5.221444522090685,0
Maharashtra,2026-08-19 00:00:00,5,Cyclonic,0.16894325468233906,25.009460548865615,23.497725621376944,22.937363112140424,0.5603625092365192,0.6408767155584231,0.0,23.497725621376944,0
Maharashtra,2026-08-19 06:00:00,9,Normal,0.7353160023939924,10.78974383297949,36.55965523266382,38.73241748734614,2.1727622546823184,0.3151827712663355,90.90399917321045,54.34434394054663,1
Tamil Nadu,2026-08-19 12:00:00,2,Heavy Rain,0.4542970726500767,10.299228702435068,45.78136715512129,35.4259738004123,10.355393354708987,0.08806388019885796,90.16262753017259,44.3812603750513,1
Tamil Nadu,2026-08-19 18:00:00,2,Normal,0.3454011912413296,1.940884464713219,20.005243378553075,16.442486366375206,3.562757012177869,0.21916573627108094,6.205357484106328,13.799885894446748,0
Coastal Andhra,2026-08-20 00:00:00,6,Monsoon,0.10304096212757105,4.783694612585981,73.09775632664903,65.3695841338793,7.728172192769733,0.11457152516174952,62.130990257007156,10.966766069641878,0
Rajasthan,2026-08-20 06:00:00,10,Heat Wave,0.7478472805749583,6.926265597726209,20.80173865111791,15.089840307157672,5.711898343960236,0.148989145656513,0.0,20.80173865111791,0
Tamil Nadu,2026-08-20 12:00:00,2,Normal,0.8504283779855756,31.605602504091237,11.67152181677302,9.955501300402641,1.716020516370378,0.36818573128319926,56.630047862411516,44.95852604563849,0
Coastal Andhra,2026-08-20 18:00:00,4,Heavy Rain,0.45553648211334863,5.093122484313287,43.243826625874476,51.18890613687317,7.945079510998696,0.11179330477391726,37.50575281156017,5.738073814314305,0
West Bengal,2026-08-21 00:00:00,6,Heat Wave,0.6077961793300289,3.239591741562424,127.22415475160045,152.47905199685331,25.254897245252863,0.038088132307613945,160.72517587629437,33.50102112469392,1
West Bengal,2026-08-21 06:00:00,5,Heavy Rain,0.30491796333663856,2.333211671800754,8.725129600931051,5.665693393788401,3.0594362071426504,0.2463396267295646,0.0,8.725129600931051,0
Tamil Nadu,2026-08-21 12:00:00,1,Heavy Rain,0.6599778816521198,1.8761899652682932,14.773734480589773,15.915122566906666,1.1413880863168924,0.4669868140155588,12.737298107497006,2.0364363730927675,0
Rajasthan,2026-08-21 18:00:00,6,Heavy Rain,0.11092371248368048,32.33952519511212,69.47684215504638,68.27325334716569,1.203588807880692,0.4538051729177881,70.72087518201435,1.2440330269679691,0
Maharashtra,2026-08-22 00:00:00,1,Monsoon,0.5397795073888826,9.72780243057368,23.058643279141542,29.117719326149572,6.0590760470080305,0.1416615989600859,4.4397316151455755,18.618911663995966,0
Telangana,2026-08-22 06:00:00,3,Normal,0.6797849336566231,3.6396369284905425,47.648381495379766,44.441421818003136,3.2069596773766307,0.23770135125791803,47.67314966560324,0.02476817022347433,0
Karnataka,2026-08-22 12:00:00,10,Monsoon,0.9263725959067606,20.73498199961938,80.99924193040779,55.89888265498663,25.100359275421162,0.03831364884473851,82.72617291762684,1.726930987219049,0
Rajasthan,2026-08-22 18:00:00,5,Normal,0.4432022354100559,27.22109825049381,66.58139684081269,58.48154272471278,8.099854116099905,0.10989187158844133,105.14867246196744,38.56727562115475,0
Karnataka,2026-08-23 00:00:00,10,Normal,0.7886711826829268,3.7943739871413333,45.51222015947044,31.889125357508618,13.62309480196182,0.06838497688367862,4.65732188629768,40.85489827317276,1
Odisha,2026-08-23 06:00:00,5,Monsoon,0.6379183269491506,5.90439094452219,46.07076956323069,20.098252884122186,25.972516679108505,0.037074775479684755,40.72879379558584,5.341975767644854,0
West Bengal,2026-08-23 12:00:00,10,Normal,0.9343109016325725,18.571542932401602,45.429923243923234,44.82442129295096,0.6055019509722754,0.6228581655689738,22.189937010272363,23.23998623365087,0
Tamil Nadu,2026-08-23 18:00:00,6,Normal,0.45853990809348755,13.973373689235757,50.83724586279001,57.435940734383664,6.598694871593651,0.13160154696279747,80.67951854111725,29.842272678327234,0
Tamil Nadu,2026-08-24 00:00:00,10,Heavy Rain,0.3871858058856892,7.449017679436281,93.52774236190535,97.90129122254022,4.37354886063487,0.18609675392099306,40.89752941792078,52.630212943984574,1
Karnataka,2026-08-24 06:00:00,8,Cyclonic,0.8984277988247295,18.917520140814304,17.444510735549446,11.840705958930869,5.603804776618578,0.15142785618687557,2.8231313309844115,14.621379404565035,0
Maharashtra,2026-08-24 12:00:00,5,Cyclonic,0.14431996126746022,1.8634456963159414,15.50130084224441,10.259728076625223,5.241572765619187,0.1602160284837753,0.0,15.50130084224441,0
Karnataka,2026-08-24 18:00:00,1,Heat Wave,0.2227468536403091,3.105325162432689,60.815235509412815,64.12973733576891,3.314501826356093,0.2317764692765403,50.77951734880329,10.035718160609527,0
Odisha,2026-08-25 00:00:00,5,Cyclonic,0.17416399112564002,4.552733288716293,25.59474759091963,36.46131963921808,10.866572048298451,0.0842703348473235,81.3573953127181,55.762647721798466,1
Maharashtra,2026-08-25 06:00:00,3,Normal,0.8587989609187624,4.089542443131456,12.5405828011334,16.600315671141882,4.059732870008482,0.19763889234696372,0.0,12.5405828011334,0
Odisha,2026-08-25 12:00:00,4,Normal,0.10954668103328746,0.8389917779278873,105.98904448048762,98.20839586416032,7.780648616327298,0.11388680309339975,96.34164079747293,9.647403683014687,0
Telangana,2026-08-25 18:00:00,8,Monsoon,0.8754914399473434,6.2103983459494225,48.89354625681226,51.479397577691756,2.585851320879499,0.2788738044372489,23.666823183999124,25.226723072813133,0
West Bengal,2026-08-26 00:00:00,7,Normal,0.5061410158341402,12.60992418332987,113.7244126052252,139.68763198001824,25.96321937479304,0.037087559393403316,106.87777618350094,6.846636421724256,0
Tamil Nadu,2026-08-26 06:00:00,5,Heavy Rain,0.10362275096857368,15.363021119141749,65.67956051354332,63.31708373141952,2.3624767821237995,0.2973998230460293,69.04262006609622,3.3630595525528975,0
Tamil Nadu,2026-08-26 12:00:00,2,Heavy Rain,0.4614806594908377,14.533026671376854,34.19061685454695,22.703773943783045,11.486842910763908,0.08008429409630677,33.455048476420906,0.7355683781260467,0
Telangana,2026-08-26 18:00:00,6,Normal,0.26812075694053206,17.734962348814896,42.38528845509513,12.505778865606498,29.87950958948863,0.03238393398386092,8.667501703451336,33.71778675164379,0
Coastal Andhra,2026-08-27 00:00:00,6,Heat Wave,0.6619604387249467,11.591955506376607,77.40586540760526,80.92387374366687,3.5180083360616123,0.22133646634032306,31.92398370288832,45.48188170471694,1
West Bengal,2026-08-27 06:00:00,10,Heavy Rain,0.7114229109294818,5.360893685989835,12.195791626835291,11.589813250831728,0.6059783760035629,0.6226733902161715,17.022452336039585,4.826660709204294,0
Maharashtra,2026-08-27 12:00:00,10,Heavy Rain,0.5387748133644998,1.4111026134742595,80.35980515927413,46.08804203756213,34.271763121712,0.028351290423144083,104.98025864657616,24.62045348730203,1
Telangana,2026-08-27 18:00:00,6,Heat Wave,0.136467572895703,1.3703802591027816,40.46715719948562,26.030280600656035,14.436876598829585,0.06477994389589274,19.319471509668357,21.147685689817262,1
Maharashtra,2026-08-28 00:00:00,9,Heavy Rain,0.6905159239304817,9.247465220042528,36.31082788036813,33.92724721452106,2.38358066584707,0.2955448971835441,0.0,36.31082788036813,1
Karnataka,2026-08-28 06:00:00,8,Normal,0.8578349052449691,3.8462052981730133,146.25787327591559,126.27759631079192,19.980276965123664,0.04766381309752674,139.4440722064473,6.8138010694682976,0
Rajasthan,2026-08-28 12:00:00,8,Heavy Rain,0.7482918495937613,8.896188753322287,94.09039134554237,127.77955351732105,33.689162171778676,0.028827447461776658,129.26750463927152,35.17711329372915,1
Tamil Nadu,2026-08-28 18:00:00,1,Monsoon,0.8469621270597867,2.809818854630373,22.416808721499923,30.36854072742265,7.951732005922729,0.11171022538860308,54.38961300993544,31.972804288435515,1
Maharashtra,2026-08-29 00:00:00,5,Monsoon,0.28045857119579876,20.171381098118893,51.701200198320294,40.716207880812924,10.98499231750737,0.08343768385560212,27.759959582232664,23.94124061608763,0
Odisha,2026-08-29 06:00:00,7,Monsoon,0.8999991456908344,6.39826454477152,20.00867439944046,27.53448492583026,7.525810526389801,0.1172909011881881,37.58462703019786,17.5759526307574,0
Maharashtra,2026-08-29 12:00:00,6,Monsoon,0.3899741055831665,6.823363048682034,57.83032923076925,81.20808660381881,23.377757373049562,0.041021000607116304,71.14205371513431,13.311724484365058,0
Rajasthan,2026-08-29 18:00:00,5,Normal,0.11206433282679193,7.332600557261816,130.16051619576487,139.69279351886317,9.532277323098299,0.09494622761279782,123.31901605502397,6.841500140740905,0
West Bengal,2026-08-30 00:00:00,8,Cyclonic,0.8590524816961637,18.647204279432348,105.3574469893008,80.83767337161167,24.519773617689125,0.039185300582245224,133.73835890787657,28.380911918575777,0
Tamil Nadu,2026-08-30 06:00:00,3,Cyclonic,0.9476391420682541,3.170283290420819,56.25722432922741,57.93252474625963,1.6753004170322185,0.3737897970760706,71.29035789429234,15.03313356506493,0
Karnataka,2026-08-30 12:00:00,6,Normal,0.6900023776756139,7.479311198222489,52.17590099376739,24.45442743716524,27.721473556602152,0.03481715511668557,67.78923542897225,15.613334435204855,0
Telangana,2026-08-30 18:00:00,5,Normal,0.30829296741708223,8.691028592713506,38.35650091528859,32.71986383427436,5.636637081014229,0.1506787229424902,25.913629937113704,12.442870978174888,0
Karnataka,2026-08-31 00:00:00,8,Heat Wave,0.32657001785427736,4.192629726454678,135.89865797907882,144.95100065391972,9.0523426748409,0.09947929874125855,158.48229835999126,22.583640380912442,0
Rajasthan,2026-08-31 06:00:00,4,Cyclonic,0.5199335860920575,12.833092845532189,72.6437901729243,79.64495126267163,7.0011610897473275,0.12498186060538115,124.35807866228112,51.71428848935682,1
Tamil Nadu,2026-08-31 12:00:00,8,Cyclonic,0.9080479716412776,17.22497808354436,31.277563177949844,27.799890332098034,3.47767284585181,0.22333029554100106,85.41530605042782,54.13774287247797,1
Maharashtra,2026-08-31 18:00:00,10,Cyclonic,0.23463789053280254,1.384795356194302,45.86018605630632,46.66440340764715,0.8042173513408315,0.5542569465130323,0.0,45.86018605630632,1
West Bengal,2026-09-01 00:00:00,2,Heavy Rain,0.8433763026251383,13.804264535142758,47.396224712484795,35.32111732795168,12.075107384533112,0.07648120742648173,65.29183097345057,17.895606260965778,0
Coastal Andhra,2026-09-01 06:00:00,9,Heavy Rain,0.3621725278346354,1.0856969294555252,23.453017274807966,31.706490401530687,8.25347312672272,0.10806753165059091,9.411177717620445,14.04183955718752,0
West Bengal,2026-09-01 12:00:00,9,Heavy Rain,0.8277275524861881,4.201993251508879,47.587741106596695,64.81320552779314,17.22546442119645,0.054868286310278444,59.49287816275985,11.905137056163156,0
Coastal Andhra,2026-09-01 18:00:00,10,Normal,0.9282440778413847,5.281380117892553,60.77738614683727,71.57274945107244,10.795363304235167,0.08477907582896972,66.84665380174154,6.069267654904266,0
Odisha,2026-09-02 00:00:00,10,Monsoon,0.4847444847948882,5.412873422727012,20.67461385979298,19.29097521596489,1.383638643828089,0.419526677245849,0.0,20.67461385979298,0
West Bengal,2026-09-02 06:00:00,6,Heavy Rain,0.4285455886949777,19.304222128559903,82.4314178943353,65.45905820997281,16.972359684362488,0.055640996372339845,77.86124519985684,4.570172694478458,0
Tamil Nadu,2026-09-02 12:00:00,4,Heavy Rain,0.8219991870741716,5.72164915152364,26.522229307617486,32.13040874999145,5.608179442373967,0.15132760977821652,0.0,26.522229307617486,1
Coastal Andhra,2026-09-02 18:00:00,4,Heavy Rain,0.5765345941414546,5.715638649570211,31.57824687243638,33.03541009088627,1.4571632184498924,0.4069733717692765,0.0,31.57824687243638,1
Telangana,2026-09-03 00:00:00,6,Heavy Rain,0.7160041436168774,2.4415850776092527,25.961731903537327,19.458878264924376,6.502853638612951,0.13328262127539908,0.0,25.961731903537327,1
Tamil Nadu,2026-09-03 06:00:00,5,Normal,0.6605463132650615,10.40623929191745,22.41452493513147,28.345677502362904,5.9311525672314325,0.14427614892330068,34.17843370439708,11.763908769265608,0
Telangana,2026-09-03 12:00:00,6,Normal,0.2375999610803167,7.031997347460144,91.42630784669906,81.1978963524295,10.228411494269565,0.08905979269733313,88.36944313507294,3.056864711626119,0
West Bengal,2026-09-03 18:00:00,7,Normal,0.8603113242606055,11.886386620749104,101.53672306057155,79.61138643285626,21.925336627715282,0.0436198611274071,58.87836373819596,42.65835932237559,1
Telangana,2026-09-04 00:00:00,7,Normal,0.2761976002718226,2.3950019377688285,28.266045716683198,34.955604993401586,6.689559276718388,0.13004646482506368,14.71961751413533,13.546428202547869,0
Coastal Andhra,2026-09-04 06:00:00,9,Heat Wave,0.9390539296637027,25.391312337890067,85.22739417993635,68.42496026448647,16.802433915449882,0.056172094487155926,30.102447113727656,55.1249470662087,0
Tamil Nadu,2026-09-04 12:00:00,8,Normal,0.3255141622799331,14.495286803057892,13.341996364456847,13.761323024999527,0.41932666054268,0.7045594420227755,0.0,13.341996364456847,0
Maharashtra,2026-09-04 18:00:00,6,Normal,0.7604928759463677,8.604682679531798,35.019618541382734,46.25322679944636,11.233608258063626,0.08174203218750795,3.1772614477600776,31.842357093622656,0
Rajasthan,2026-09-05 00:00:00,6,Heavy Rain,0.3561898541442329,16.557906662531867,16.695387319758275,21.63222900785649,4.936841688098216,0.16843972814783545,49.0448785346938,32.349491214935526,0
Coastal Andhra,2026-09-05 06:00:00,5,Heavy Rain,0.3860068677281775,25.833703465127282,142.6187523591532,154.79959306999567,12.18084071084246,0.07586769478045566,144.56344794268063,1.9446955835274196,0
Coastal Andhra,2026-09-05 12:00:00,1,Normal,0.3790016675040748,10.572517528742434,93.24006468856142,65.9059181244374,27.334146564124012,0.03529310465507985,101.79257203804987,8.552507349488451,0
Maharashtra,2026-09-05 18:00:00,9,Monsoon,0.7731030286234749,7.208768613722443,10.761461469286065,9.423263270920783,1.3381981983652818,0.4276797410498117,14.88508793101605,4.123626461729986,0
Tamil Nadu,2026-09-06 00:00:00,9,Monsoon,0.6011336061724538,5.612269291683914,23.579649483790885,37.82261595399947,14.242966470208582,0.06560402805808417,16.39451304752394,7.185136436266944,0
Tamil Nadu,2026-09-06 06:00:00,9,Normal,0.8946572102627475,6.5172974971537005,35.730904755144266,44.196708209331376,8.46580345418711,0.10564343585199408,32.54842458360549,3.182480171538778,0
Karnataka,2026-09-06 12:00:00,8,Normal,0.3766354472836404,9.509906290865942,41.084764772743114,38.71107722485728,2.3736875478858366,0.2964115632541794,54.710392173502,13.625627400758887,0
West Bengal,2026-09-06 18:00:00,10,Heat Wave,0.7227932698510698,6.944719123398736,15.55701318241972,10.658629315861864,4.898383866557856,0.16953796541959792,59.71143372047089,44.15442053805117,1
Telangana,2026-09-07 00:00:00,3,Monsoon,0.7776537396967996,13.604364952188213,68.55055522046628,35.98928417144713,32.56127104901915,0.02979624932975313,113.2873407512559,44.73678553078962,1
West Bengal,2026-09-07 06:00:00,1,Monsoon,0.23633390172696236,21.483027725483726,85.05213694282956,110.89016731156408,25.838030368734522,0.03726055847842579,44.38307800123535,40.669058941594216,0
Maharashtra,2026-09-07 12:00:00,8,Normal,0.4605304215878301,2.881410064851999,53.67949099567454,70.25376615692655,16.574275161252004,0.056901351027256776,27.631890968464088,26.047600027210454,1
West Bengal,2026-09-07 18:00:00,7,Normal,0.53453574491537,2.866604801497315,51.22721365722924,50.73845104486969,0.488762612359551,0.6716987595591836,44.2267269271069,7.00048673012234,0
Maharashtra,2026-09-08 00:00:00,5,Heavy Rain,0.42011865090493694,5.778422600589415,26.03740608558175,23.362099031289308,2.6753070542924426,0.2720861101474735,95.74265772427054,69.7052516386888,1
Tamil Nadu,2026-09-08 06:00:00,10,Normal,0.38990133637222435,1.3997795199257976,34.42648449210581,44.18851919430793,9.762034702202122,0.09291923206634713,52.76223046768847,18.33574597558266,1
Telangana,2026-09-08 12:00:00,7,Normal,0.7177779045978777,24.20312732196843,49.552853493275876,31.23287550950318,18.319977983772695,0.051759893351841474,32.886266477494644,16.666587015781232,0
West Bengal,2026-09-08 18:00:00,10,Heavy Rain,0.2942797578935397,17.7856836535628,53.09233799925905,79.61530263711492,26.52296463785587,0.03633329523755487,18.174460499355163,34.91787749990389,0
Coastal Andhra,2026-09-09 00:00:00,4,Normal,0.7384516707260159,7.145394157621209,43.08144386117252,51.02792631301298,7.946482451840467,0.11177577392937046,49.413198412773724,6.3317545516012075,0
Odisha,2026-09-09 06:00:00,9,Monsoon,0.9415397767516575,7.675929421726748,80.3136274225845,55.15612847550163,25.15749894708287,0.03822995470717669,58.14880915667875,22.16481826590575,0
Karnataka,2026-09-09 12:00:00,10,Monsoon,0.6086777690599761,10.773347692562183,60.389637998486656,72.25583934809995,11.866201349613299,0.07772301807091303,63.99519811601671,3.605560117530054,0
Rajasthan,2026-09-09 18:00:00,2,Normal,0.6502908130655266,4.258629874892493,85.82139934240745,71.15811616176036,14.663283180647085,0.06384357535178571,68.85463562217801,16.966763720229437,0
Coastal Andhra,2026-09-10 00:00:00,9,Monsoon,0.1620394319116802,6.3235492193932785,46.460535847266954,30.945269061017743,15.51526678624921,0.06055003609342907,47.44474647470954,0.9842106274425859,0
Tamil Nadu,2026-09-10 06:00:00,9,Normal,0.8780292132560454,4.530349747588643,46.26158699719017,55.31199911804575,9.050412120855576,0.09949840742599037,48.26187150747204,2.0002845102818654,0
Rajasthan,2026-09-10 12:00:00,5,Monsoon,0.356903008479879,8.716273916027689,75.68583222168778,54.78533291693494,20.900499304752834,0.045661059416256346,87.44886581987598,11.763033598188201,0
Odisha,2026-09-10 18:00:00,1,Normal,0.6535460489757083,8.897093419945769,20.70436200033917,13.787198732099082,6.917163268240088,0.12630786635555777,8.768804118303892,11.935557882035278,0
Odisha,2026-09-11 00:00:00,7,Normal,0.981200952770322,7.507309088133306,193.99872424809135,217.50645308208695,23.5077288339956,0.040803454566253484,182.32954780861897,11.66917643947238,0
Telangana,2026-09-11 06:00:00,10,Heavy Rain,0.635952340515527,16.645444351996154,25.963727915444302,25.291313523484902,0.6724143919593999,0.5979379302209905,79.32607593052442,53.36234801508012,1
Rajasthan,2026-09-11 12:00:00,10,Heavy Rain,0.7522385387179398,7.587585741710838,23.92775438505094,29.978601109279253,6.050846724228315,0.1418269378291507,7.725208563528724,16.202545821522214,0
Telangana,2026-09-11 18:00:00,4,Heat Wave,0.5007876564013767,7.959348871239667,82.80107198294935,76.58667850341529,6.214393479534067,0.1386117908368624,78.76742492473858,4.033647058210775,0
Coastal Andhra,2026-09-12 00:00:00,9,Normal,0.15432925916355164,2.0019725511255246,62.98735523117457,56.84508310350366,6.142272127670907,0.1400114672368413,45.30297674996305,17.684378481211517,0
Maharashtra,2026-09-12 06:00:00,6,Normal,0.8178394145408097,13.310493081535654,69.17221450268131,33.95165014858495,35.22056435409636,0.027608625592464162,71.63973849694548,2.4675239942641696,0
Maharashtra,2026-09-12 12:00:00,3,Heavy Rain,0.1314989571375871,9.37423450019845,47.23988972935053,53.17229976318673,5.932410033836199,0.1442499787403124,64.64532183143272,17.405432102082194,0
Maharashtra,2026-09-12 18:00:00,6,Heavy Rain,0.7305920459990687,14.331584328353983,21.542103083485557,21.446179046839713,0.09592403664584381,0.9124720022206773,38.571845292862946,17.02974220937739,0
Rajasthan,2026-09-13 00:00:00,10,Normal,0.12062941583467325,3.9252796541796187,116.10691494449406,150.59859084636054,34.49167590186647,0.028175620750199935,78.66852993246908,37.43838501202498,1
Maharashtra,2026-09-13 06:00:00,6,Monsoon,0.8760747129190035,3.0687044125957015,80.62723372320036,95.94472097184621,15.317487248645847,0.06128394554639458,86.99839414002858,6.371160416828218,0
Coastal Andhra,2026-09-13 12:00:00,5,Monsoon,0.24187243224968252,6.867251256631538,28.536068380360007,30.905229598438755,2.369161218078748,0.2968097800230071,7.263556016001637,21.27251236435837,0
Telangana,2026-09-13 18:00:00,2,Cyclonic,0.562844345898296,1.1411815111637489,76.22908373474525,62.303172043673506,13.92591169107174,0.06699758250601012,104.94137144247487,28.71228770772963,1
Rajasthan,2026-09-14 00:00:00,10,Heat Wave,0.6374356340348326,25.119250539120337,30.308482172898763,27.16139079435394,3.147091378544822,0.24113285884500846,12.629065469221743,17.67941670367702,0
Telangana,2026-09-14 06:00:00,10,Normal,0.5117908666360709,6.6865905111876875,33.49251177995563,38.09156686674483,4.5990550867892,0.17860156481751172,74.10319174885053,40.61067996889491,1
Rajasthan,2026-09-14 12:00:00,2,Monsoon,0.40668714041399856,0.5117541495735544,35.38684919519561,34.930193448606985,0.4566557465886234,0.686504002295617,34.46195452876717,0.9248946664284361,0
Telangana,2026-09-14 18:00:00,7,Normal,0.5210328665628745,5.447529765798119,26.71914410289054,36.19231956358252,9.473175460691984,0.09548202488855544,42.620680492299364,15.901536389408825,0
Odisha,2026-09-15 00:00:00,2,Monsoon,0.3802741784930429,7.262895871373112,46.65139073288888,61.983502898894116,15.332112166005238,0.06122906760838121,62.50939791252248,15.858007179633603,0
Telangana,2026-09-15 06:00:00,6,Heavy Rain,0.4943101123727769,21.599599369113577,81.03531310856877,75.96268718585877,5.072625922710003,0.16467340697872834,121.52854630445523,40.49323319588646,0
Maharashtra,2026-09-15 12:00:00,5,Heat Wave,0.4230216918982276,8.641208920738672,58.858976452667534,60.23192880669696,1.3729523540294295,0.4214159623988801,63.70789068812591,4.848914235458373,0
Odisha,2026-09-15 18:00:00,4,Monsoon,0.6095843411564308,2.1710794032743492,68.79395821176934,55.13145732413162,13.66250088763772,0.0682011893921263,109.31404180305272,40.52008359128338,1
Telangana,2026-09-16 00:00:00,7,Heat Wave,0.3141317460204851,10.87800936126375,52.090302978305225,50.759280965334625,1.3310220129705996,0.42899637774146265,89.58291853937305,37.49261556106783,1
Rajasthan,2026-09-16 06:00:00,8,Monsoon,0.9897908994226112,8.540092737678645,8.18033885074609,10.122933201361187,1.9425943506150976,0.3398361720469448,4.510851090484151,3.669487760261939,0
Rajasthan,2026-09-16 12:00:00,4,Heat Wave,0.5507829580439491,7.049015878302982,161.2079871143075,139.2883398923357,21.919647221971815,0.04363068900298581,199.22649798805494,38.01851087374743,1
Karnataka,2026-09-16 18:00:00,1,Monsoon,0.2747458696730587,6.173412179867748,89.98556768644313,81.73079776604621,8.254769920396924,0.1080523890492473,109.53656627864012,19.55099859219699,0
Rajasthan,2026-09-17 00:00:00,1,Heavy Rain,0.5293600746105452,15.871700771870405,53.87710181883229,38.13737519780568,15.739726621026605,0.05973813208776718,9.383059414404102,44.494042404428185,0
Tamil Nadu,2026-09-17 06:00:00,1,Normal,0.8797736165723418,8.345687382130599,19.473460694426773,16.73062822692406,2.742832467502712,0.2671773339262547,0.0,19.473460694426773,0
Coastal Andhra,2026-09-17 12:00:00,1,Normal,0.11962611381195604,7.94612738744401,67.0932986198635,77.38537409244506,10.292075472581558,0.08855767944768998,74.50952622087252,7.4162276010090125,0
Rajasthan,2026-09-17 18:00:00,5,Normal,0.7115987071965599,18.469629694030147,44.243007324760896,41.58050184661263,2.662505478148269,0.27303713426951415,35.26769695441236,8.975310370348538,0
Odisha,2026-09-18 00:00:00,4,Heavy Rain,0.5931710171145352,14.629930224892673,50.2881839350696,35.81134709160047,14.47683684346913,0.06461268604908613,76.167295391366,25.8791114562964,0
Karnataka,2026-09-18 06:00:00,9,Heavy Rain,0.25260219493312197,10.909848742714068,79.94582731258953,84.18497552564575,4.239148213056225,0.19087072160087948,106.1970263898218,26.251199077232272,0
Rajasthan,2026-09-18 12:00:00,3,Heavy Rain,0.8357287953744286,4.634466603413162,57.11838529281752,56.38503414641866,0.73335114639886,0.5769171480790602,139.849804709565,82.73141941674749,1
Tamil Nadu,2026-09-18 18:00:00,7,Heat Wave,0.43199616013660513,6.509517596018625,101.0821690319967,129.40206729444725,28.31989826245055,0.03410653035180144,62.67021376913151,38.41195526286519,1
Maharashtra,2026-09-19 00:00:00,8,Heat Wave,0.36442182593395667,7.733794427728363,32.522191430613105,31.417814894638653,1.1043765359744526,0.4752001283539022,17.721925240325724,14.800266190287381,0
Odisha,2026-09-19 06:00:00,6,Normal,0.8453126726712109,2.4499082949296094,12.74481340700894,9.574424713177473,3.170388693831466,0.23978580257497986,0.0,12.74481340700894,0
Tamil Nadu,2026-09-19 12:00:00,10,Normal,0.6746725415724981,5.531591056594576,42.95491641057012,53.299780288898596,10.344863878328475,0.08814561467857274,28.12272998866329,14.83218642190683,0
Maharashtra,2026-09-19 18:00:00,1,Normal,0.908433175307342,8.57870075440451,33.23235787336766,25.17740128928502,8.054956584082642,0.11043675259115668,36.954400140991126,3.722042267623465,0
West Bengal,2026-09-20 00:00:00,8,Normal,0.6668953333040795,12.622454113558481,61.44251471379667,41.45202946422129,19.99048524957538,0.04764063279672056,75.19451712500471,13.75200241120804,0
West Bengal,2026-09-20 06:00:00,10,Monsoon,0.7667358921389038,12.247760755734369,23.888781007363292,17.677780617255998,6.211000390107294,0.1386770137153079,25.342431668037708,1.4536506606744162,0
Odisha,2026-09-20 12:00:00,3,Heavy Rain,0.8528013066336516,1.5901186438494366,32.54844617827453,27.578585973335485,4.969860204939046,0.16750811001783086,0.0,32.54844617827453,1
Telangana,2026-09-20 18:00:00,8,Heavy Rain,0.14926567231894322,6.194230614822404,63.00736060761497,33.23064120978622,29.77671939782875,0.03249209206068105,62.39743255711432,0.609928050500649,0
Coastal Andhra,2026-09-21 00:00:00,4,Cyclonic,0.7984440629824423,4.1630639258074105,37.44127066342329,21.27937210198585,16.16189856143744,0.058268611507061745,0.0,37.44127066342329,1
Karnataka,2026-09-21 06:00:00,8,Monsoon,0.6523358336646191,1.2628563338488705,83.81408528545853,100.1750921325062,16.361006847047662,0.057600345925216644,106.49836115236646,22.684275866907925,1
Coastal Andhra,2026-09-21 12:00:00,1,Normal,0.1625570168636739,7.444445269420822,24.251634654229953,23.213974575269898,1.0376600789600552,0.490758988864503,37.91953663995599,13.66790198572604,0
Tamil Nadu,2026-09-21 18:00:00,3,Monsoon,0.5577201296818436,5.473297334809343,18.397190273125844,17.63771433473668,0.7594759383891656,0.568351051686174,37.488848774686254,19.09165850156041,0
Maharashtra,2026-09-22 00:00:00,6,Normal,0.17421227018555852,8.360541686902238,67.64551095260768,66.69261050467593,0.9529004479317535,0.5120588717459018,70.4074342522457,2.7619232996380134,0
Coastal Andhra,2026-09-22 06:00:00,9,Normal,0.7623524815509001,12.330741237763586,16.10146686933352,18.3723950852193,2.270928215885778,0.30572361543837695,0.0,16.10146686933352,0
Maharashtra,2026-09-22 12:00:00,2,Normal,0.5918515425080948,10.833439215714751,9.573149425256606,7.6129923878263925,1.9601570374302133,0.3378199154150704,18.06464661861087,8.491497193354263,0
Maharashtra,2026-09-22 18:00:00,1,Heavy Rain,0.9582161836710676,27.493103430244297,18.1437701406142,20.685648204915832,2.541878064301631,0.2823360888899417,76.8209179084722,58.677147767857996,0
Tamil Nadu,2026-09-23 00:00:00,10,Normal,0.26482183441459284,9.349552496477667,87.84414501142166,90.31941466329155,2.475269651869894,0.28774745564331755,87.52009653941535,0.3240484720063108,0
Tamil Nadu,2026-09-23 06:00:00,3,Normal,0.6454301072683406,21.04336853400456,29.126256740499556,22.152780055576628,6.973476684922929,0.12541580536516814,0.0,29.126256740499556,0
Tamil Nadu,2026-09-23 12:00:00,4,Monsoon,0.29042392111344223,3.2135965790672207,33.85884312982441,39.013896740378904,5.155053610554496,0.16246812185116158,33.934647448740016,0.07580431891560835,0
Coastal Andhra,2026-09-23 18:00:00,5,Monsoon,0.6526584862546585,10.712130456692483,70.81711501720714,71.8310627301695,1.0139477129623629,0.4965372206853755,64.86736518473431,5.949749832472833,0
West Bengal,2026-09-24 00:00:00,3,Normal,0.7503847321247709,4.583120000155702,80.02010824014873,59.08377981037557,20.936328429773162,0.04558648012594242,80.50137056427211,0.481262324123378,0
Tamil Nadu,2026-09-24 06:00:00,10,Normal,0.7500738963965847,6.786746534575974,71.91112375301925,54.46055918158807,17.450564571431187,0.054198883515380214,78.10046198093589,6.189338227916636,0
Karnataka,2026-09-24 12:00:00,2,Monsoon,0.8335665916143489,14.876527333814272,67.52292135498189,75.62172771894048,8.098806363958587,0.10990452593442523,0.0,67.52292135498189,1
Coastal Andhra,2026-09-24 18:00:00,2,Normal,0.868195205162485,6.7358839347185455,27.73016917171605,34.76305800170139,7.032888829985339,0.12448821602848263,3.051922701923015,24.678246469793034,0
Tamil Nadu,2026-09-25 00:00:00,7,Heat Wave,0.16954455364045934,16.84844611276971,47.71523691175033,51.08657594703398,3.371339035283647,0.2287628554839632,0.0,47.71523691175033,0
Rajasthan,2026-09-25 06:00:00,9,Heavy Rain,0.4089404413651637,4.7069178447172275,15.971486782127807,19.522635420138954,3.5511486380111474,0.21972475072512687,0.0,15.971486782127807,0
Maharashtra,2026-09-25 12:00:00,10,Normal,0.7184102683238252,3.101724569671691,35.2383470712973,46.09766217000264,10.859315098705345,0.08432190153284382,0.2833288252828581,34.95501824601444,1
Karnataka,2026-09-25 18:00:00,2,Normal,0.5487276586520909,9.785894353784016,11.397229454263744,10.75560526381926,0.6416241904444835,0.6091528169606477,19.153253847776064,7.75602439351232,0
Tamil Nadu,2026-09-26 00:00:00,7,Normal,0.27160835207931233,10.115499326830133,83.875980649223,87.32669991898474,3.4507192697617484,0.22468278482402038,65.49546632332246,18.380514325900535,0
Odisha,2026-09-26 06:00:00,7,Normal,0.5974386131500282,6.398556708468414,33.8795099447807,39.548409976634694,5.668900031853994,0.14994976611187769,0.0,33.8795099447807,1
Maharashtra,2026-09-26 12:00:00,7,Normal,0.4666920874895294,12.991498987177906,46.75100163904438,33.342033128983225,13.408968510061158,0.06940122044834392,33.6230822192604,13.127919419783986,0
Maharashtra,2026-09-26 18:00:00,3,Heavy Rain,0.45103444988887464,1.03329390481481,30.573635163378686,38.478779442721354,7.905144279342668,0.11229464325689902,36.578687077190985,6.005051913812299,0
Tamil Nadu,2026-09-27 00:00:00,7,Normal,0.8287783456920974,3.5662124928808376,90.44378026194053,121.27005086634796,30.826270604407426,0.031420583719335184,57.160655565901074,33.28312469603946,1
West Bengal,2026-09-27 06:00:00,1,Heavy Rain,0.46683850044896313,11.313698262600758,14.994601266022984,12.227513008390643,2.7670882576323415,0.2654570139082729,41.31210310341303,26.317501837390047,0
Telangana,2026-09-27 12:00:00,10,Heavy Rain,0.12380905493238176,6.954291548310919,19.48037747147196,33.456226687372755,13.975849215900794,0.06677417658146809,15.130968954180611,4.34940851729135,0
West Bengal,2026-09-27 18:00:00,1,Normal,0.15225700500198217,4.888464431991257,46.08137765092935,55.23482451997162,9.15344686904227,0.09848872140642083,40.184091953338296,5.897285697591052,0
Tamil Nadu,2026-09-28 00:00:00,5,Normal,0.8706196375224582,9.235867594055643,47.70860976339338,45.88830152783053,1.8203082355628553,0.3545711732463979,50.35382518202237,2.645215418628986,0
Maharashtra,2026-09-28 06:00:00,2,Normal,0.9645407290112692,15.986467572002072,84.43915065689409,40.5889933902411,43.850157266652985,0.02229646585305333,69.0719806339266,15.367170022967485,0
Karnataka,2026-09-28 12:00:00,9,Normal,0.7195684028101368,10.752091985290965,52.49789735590323,51.29351558186249,1.2043817740407334,0.45364192889644245,33.24178656889654,19.256110787006683,0
Odisha,2026-09-28 18:00:00,7,Monsoon,0.42793146469007215,14.223267002332419,47.447290982285885,52.45259020138869,5.0052992191028025,0.16651959602928845,29.42972578337707,18.017565198908816,0
Karnataka,2026-09-29 00:00:00,4,Normal,0.9447402842152547,11.155609704072498,25.836360796392178,27.823298628617216,1.9869378322250384,0.3347910322107632,30.53223531370117,4.695874517308994,0
Karnataka,2026-09-29 06:00:00,4,Monsoon,0.6965227777381622,18.86584467783784,90.76426308357665,61.024277761078935,29.739985322497716,0.032530919891758325,104.27349258037583,13.509229496799179,0
Maharashtra,2026-09-29 12:00:00,2,Normal,0.8599001942794039,5.513084947225925,39.1590435972098,32.68418314497871,6.474860452231091,0.1337817617319559,41.24465802198486,2.085614424775059,0
West Bengal,2026-09-29 18:00:00,5,Heavy Rain,0.7892670736333084,16.702153531341306,27.08856319041779,31.694845197835082,4.606282007417292,0.1783713339209422,79.55746755122354,52.46890436080575,1
Odisha,2026-09-30 00:00:00,4,Heavy Rain,0.4412253841953332,1.7205575039608556,24.354243156680045,27.96257075879238,3.608327602112336,0.21699846155503927,0.0,24.354243156680045,1
Coastal Andhra,2026-09-30 06:00:00,1,Monsoon,0.530831980765707,2.811073452604594,47.03278407869235,58.111425805838664,11.078641727146312,0.08279076593128315,39.1004896018256,7.932294476866751,0
Rajasthan,2026-09-30 12:00:00,8,Normal,0.26751893893128953,12.789716467186174,14.342557886058842,14.768321380921526,0.42576349486268406,0.7013785972240161,10.363057903597024,3.9794999824618174,0
Maharashtra,2026-09-30 18:00:00,3,Normal,0.36281269039666064,2.6521168170300418,15.255096131680634,15.134124687511036,0.12097144416959793,0.8920833846403535,23.505826108963106,8.250729977282472,0
Tamil Nadu,2026-10-01 00:00:00,6,Heavy Rain,0.8003130951578695,6.406700821230379,15.228142656794827,17.17550107566363,1.9473584188688022,0.33928686568897193,10.932474105368119,4.295668551426708,0
Coastal Andhra,2026-10-01 06:00:00,4,Normal,0.9045805526947974,18.673901566844563,121.47379435966607,124.34096515702595,2.8671707973598757,0.25858697544021114,118.40790885430741,3.065885505358665,0
Rajasthan,2026-10-01 12:00:00,9,Normal,0.7520143809262706,3.167696042878942,103.80651858306874,64.09936129985061,39.70715728321812,0.02456570457726997,115.17758483238426,11.371066249315518,0
Tamil Nadu,2026-10-01 18:00:00,7,Heavy Rain,0.5186563269909745,15.106383250193192,22.773524232212843,31.42996363096531,8.656439398752468,0.10355783935527951,0.0,22.773524232212843,0
Karnataka,2026-10-02 00:00:00,9,Heavy Rain,0.17785834204577278,6.150285035329382,53.34871059883212,65.64212843325711,12.293417834424993,0.07522519885069534,86.12501303351993,32.776302434687814,1
Telangana,2026-10-02 06:00:00,10,Heavy Rain,0.1512531538286034,2.912398675501218,69.02808527504918,76.32887828979327,7.300793014744087,0.12047041749189187,94.8694083125357,25.841323037486518,1
Tamil Nadu,2026-10-02 12:00:00,3,Heavy Rain,0.4368930081515685,8.289169235709771,58.037760857969914,38.18657865874354,19.851182199226372,0.04795891141544494,33.31441124150879,24.72334961646112,0
Odisha,2026-10-02 18:00:00,1,Monsoon,0.5174395468908968,17.83868186830994,18.07553839953166,21.860976759466705,3.7854383599350463,0.20896727212542618,0.0,18.07553839953166,0
Odisha,2026-10-03 00:00:00,5,Monsoon,0.6482085599919671,2.57010424857619,25.322842538493685,22.545659119374584,2.777183419119101,0.26474753514437904,18.589906595258057,6.732935943235628,0
Telangana,2026-10-03 06:00:00,3,Heavy Rain,0.10584056924829749,2.429758445234327,52.77721997272607,63.7302973524801,10.953077379754028,0.08366046401521565,65.19542970515056,12.418209732424486,0
Coastal Andhra,2026-10-03 12:00:00,6,Monsoon,0.9907506014196757,12.49903660632098,14.833593854610317,16.859895212664195,2.0263013580538782,0.33043635834174473,0.0,14.833593854610317,0
Rajasthan,2026-10-03 18:00:00,8,Cyclonic,0.42754499506363863,5.2870632227120495,87.04896368717147,79.65279868250055,7.3961650046709195,0.11910199471350125,79.21908672783954,7.829876959331926,0
Tamil Nadu,2026-10-04 00:00:00,4,Normal,0.8632851974210093,27.713378017516384,17.665993471359883,22.311989088810915,4.645995617451032,0.17711668016693657,13.69861860570752,3.9673748656523635,0
Odisha,2026-10-04 06:00:00,5,Normal,0.581470035098864,10.122289027977274,49.160381509820176,34.51216037460432,14.648221135215856,0.06390502737397606,15.887785939231634,33.27259557058854,0
Coastal Andhra,2026-10-04 12:00:00,5,Monsoon,0.21739550908001185,15.94051964919984,75.49939882678876,76.56038335282148,1.060984526032712,0.485205001478079,53.70895602312351,21.79044280366525,0
Telangana,2026-10-04 18:00:00,4,Heavy Rain,0.8178089972810697,9.869054077166567,81.19602337842578,114.86569411191597,33.66967073349019,0.02884365437696587,92.92451480299454,11.728491424568759,0
West Bengal,2026-10-05 00:00:00,4,Normal,0.7388443674278885,2.634347896804732,81.94628185607753,91.91628572980444,9.97000387372691,0.0911576706362879,110.50256575160654,28.556283895529006,1
Maharashtra,2026-10-05 06:00:00,4,Cyclonic,0.5746924764363052,3.821873104620368,26.151198328223085,32.12328057093847,5.972082242715384,0.14342917441124944,35.17302386420125,9.021825535978163,0
West Bengal,2026-10-05 12:00:00,4,Normal,0.5630977822004021,4.302761316242193,28.46529277162801,29.029814400851016,0.5645216292230053,0.6391730106643742,20.453075517513746,8.012217254114265,0
West Bengal,2026-10-05 18:00:00,4,Monsoon,0.17873164517583526,11.636176657704102,55.8104202269345,55.51145392865766,0.29896629827683796,0.7698429138050495,42.581022197568736,13.229398029365761,0
Odisha,2026-10-06 00:00:00,5,Monsoon,0.6902640537164867,8.067176475993802,67.54251971613559,46.93244023289606,20.610079483239524,0.04627470254219037,102.31458896880815,34.772069252672566,1
Karnataka,2026-10-06 06:00:00,2,Heat Wave,0.9201206401788697,1.3633208896813456,65.58414967030605,63.02835881887237,2.5557908514336773,0.28123138896001293,78.61523880278526,13.03108913247921,0
Karnataka,2026-10-06 12:00:00,2,Normal,0.18392042729922253,13.245093559803376,70.58755006409905,82.4769755646378,11.88942550053875,0.07758297683307935,111.44933865522324,40.861788591124196,0
Telangana,2026-10-06 18:00:00,9,Heavy Rain,0.33716030558401444,31.155190180067173,60.515228146292216,43.964346929516935,16.55088121677528,0.05697719605350594,43.481728411706584,17.033499734585632,0
Tamil Nadu,2026-10-07 00:00:00,2,Normal,0.9120771760978889,3.118737806066996,53.716704929317686,40.784872318635564,12.931832610682122,0.07177806595474438,83.72067126179778,30.00396633248009,1
Karnataka,2026-10-07 06:00:00,6,Normal,0.35590951883781397,3.571386849692409,27.808343625819504,30.723212255487017,2.914868629667513,0.25543641296717773,35.62703689305512,7.818693267235616,0
West Bengal,2026-10-07 12:00:00,2,Normal,0.6885493049619337,4.746078706611517,54.72626772354786,66.03694221708817,11.310674493540304,0.08123031768281447,68.76161370714553,14.035345983597665,0
Karnataka,2026-10-07 18:00:00,5,Heavy Rain,0.5813363484488298,7.351895652483234,113.43449317307133,170.5794832607824,57.14499008771108,0.017198386283865746,94.44966284937217,18.984830323699157,0
West Bengal,2026-10-08 00:00:00,4,Heavy Rain,0.6366948445034758,3.350419007020023,36.091314962089236,33.617387652514545,2.473927309574691,0.28785864265030603,26.785196028762908,9.306118933326328,0
Rajasthan,2026-10-08 06:00:00,7,Normal,0.4742100114195278,18.51361845357735,33.73690375698726,31.65301539052509,2.083888366462169,0.3242659529687186,53.8752472037022,20.13834344671494,0
Odisha,2026-10-08 12:00:00,7,Heavy Rain,0.36999232349834,23.29217252441515,64.02108290691228,77.33085872941338,13.309775822501095,0.06988229671827366,57.84813617575456,6.172946731157722,0
Odisha,2026-10-08 18:00:00,6,Monsoon,0.14368010565670208,8.892771569186026,17.652514737133306,20.170591213871205,2.5180764767378996,0.2842462370025679,2.5743040797317622,15.078210657401543,0
Tamil Nadu,2026-10-09 00:00:00,10,Monsoon,0.7698528453647477,7.736438313163251,48.787911590976634,45.638039353594706,3.1498722373819277,0.2409712740050234,36.90241612051837,11.885495470458267,0
Karnataka,2026-10-09 06:00:00,5,Heat Wave,0.7714841159748042,1.5609933903332318,84.81356551528323,84.21282950303313,0.6007360122500955,0.6247126274083987,163.95680778513582,79.14324226985259,1
Karnataka,2026-10-09 12:00:00,1,Normal,0.7036531660708509,2.8545262762969648,49.06584833341338,41.35933141169876,7.706516921714616,0.11485649301455274,18.198216796220482,30.867631537192896,1
Maharashtra,2026-10-09 18:00:00,3,Heat Wave,0.6792704093076585,0.8442002906447337,48.87128204048486,34.74673165001536,14.124550390469494,0.0661176679096613,39.14467144165596,9.726610598828898,0
Coastal Andhra,2026-10-10 00:00:00,9,Cyclonic,0.3193454189507736,4.942387864191352,7.522879027390442,7.268727597655358,0.2541514297350833,0.7973518797576397,0.0,7.522879027390442,0
Rajasthan,2026-10-10 06:00:00,1,Normal,0.1201104403896621,5.728350135726251,36.68491120969737,50.64943091013201,13.964519700434643,0.066824730764393,42.324515888217306,5.639604678519937,0
Odisha,2026-10-10 12:00:00,5,Normal,0.8278438571968957,12.382364049779959,21.4510706694886,17.597543291747755,3.8535273777408463,0.20603571839033621,45.381798985024034,23.930728315535433,0
Rajasthan,2026-10-10 18:00:00,2,Normal,0.5420246821262442,8.963509641537208,16.6116340783857,10.652160649955723,5.959473428429975,0.14368903197689128,25.088108373199482,8.476474294813784,0
Odisha,2026-10-11 00:00:00,4,Normal,0.3761543176323565,4.082910046302985,41.239565871240835,30.89144120510124,10.348124666139594,0.08812028678040423,12.126831986883147,29.112733884357688,1
Rajasthan,2026-10-11 06:00:00,1,Heavy Rain,0.19173871610251308,12.859142144647704,67.4520695980381,76.41670836108364,8.964638763045542,0.1003548672239439,72.89501324471404,5.442943646675943,0
Telangana,2026-10-11 12:00:00,3,Heavy Rain,0.15644943181124957,34.50834425502229,39.19029611795827,43.39138287309882,4.201086755140551,0.19226751005674708,41.475079199837076,2.284783081878807,0
West Bengal,2026-10-11 18:00:00,10,Monsoon,0.4139800496156596,13.328917316912325,76.87810419625211,101.3010079989329,24.422903802680793,0.03933460975825083,7.78225333567579,69.09585086057632,1
Odisha,2026-10-12 00:00:00,7,Heavy Rain,0.8242633582902464,5.338538486340792,66.7156450465431,84.42140495185858,17.705759905315475,0.05345946943945525,79.3782768977634,12.662631851220297,0
Rajasthan,2026-10-12 06:00:00,10,Normal,0.9268513744004474,9.693224752313688,29.012259012057434,31.17062834361617,2.1583693315587347,0.3166190825144806,28.495261821216868,0.5169971908405664,0
Karnataka,2026-10-12 12:00:00,3,Cyclonic,0.9070762281517583,3.2637979634899343,31.881253371109114,37.06636360573993,5.185110234630816,0.16167860588820843,74.73897057651665,42.85771720540754,1
Coastal Andhra,2026-10-12 18:00:00,4,Normal,0.9280007512746894,2.946846766602409,9.687663516664955,7.872714016180095,1.8149495004848601,0.3552461597722287,0.0,9.687663516664955,0
Telangana,2026-10-13 00:00:00,2,Heat Wave,0.9169528088164084,24.48257053984239,137.11602706331743,160.74323164972483,23.6272045864074,0.04060550179340835,162.84982387407297,25.733796810755535,0
Telangana,2026-10-13 06:00:00,3,Normal,0.5745022764403562,9.809378429075693,22.719518410970196,22.101400573225916,0.6181178377442791,0.6180019629435888,25.874346131425586,3.1548277204553905,0
Coastal Andhra,2026-10-13 12:00:00,9,Heat Wave,0.29747407470121345,16.311170593883787,50.01483643204833,60.65203978948167,10.637203357433343,0.08593129889418347,159.21229037678881,109.19745394474049,1
Rajasthan,2026-10-13 18:00:00,3,Normal,0.8182419245531384,6.550303362456422,40.45517557493115,44.68967899459631,4.234503419665167,0.19104008915977871,43.79814239261697,3.34296681768582,0
Karnataka,2026-10-14 00:00:00,5,Normal,0.2923416773673211,2.9275128399510484,109.78075468274612,96.78938420478487,12.991370477961254,0.07147262675769804,110.8977265371722,1.1169718544260832,0
Tamil Nadu,2026-10-14 06:00:00,2,Normal,0.3404865490809122,2.416725181499434,54.518262151312705,39.51991221732997,14.998349933982738,0.06250644623517453,58.80621321069013,4.287951059377427,0
Coastal Andhra,2026-10-14 12:00:00,4,Monsoon,0.30992888964029364,3.7389724840856036,44.173250900944566,38.648495065380736,5.52475583556383,0.1532624400363613,74.88712808890621,30.713877187961643,1
Rajasthan,2026-10-14 18:00:00,7,Cyclonic,0.5634841633262253,10.78391132867937,94.5758029014813,98.94138839731333,4.365585495832036,0.1863729504966039,71.72011263087089,22.85569027061041,0
Coastal Andhra,2026-10-15 00:00:00,7,Normal,0.38964475735217197,1.944331839781931,50.0165994817075,39.81253722675845,10.20406225494905,0.08925334197944863,84.50147494213651,34.48487546042901,1
Coastal Andhra,2026-10-15 06:00:00,3,Heat Wave,0.23874044466280733,8.330692328762833,24.42692148234648,23.493413425095827,0.933508057250652,0.5171946381345564,51.32648998064615,26.899568498299672,0
Odisha,2026-10-15 12:00:00,5,Heavy Rain,0.5078560707044941,11.824059544839134,61.90384768728508,78.73662510657164,16.832777419286558,0.05607651441432096,69.73481762501856,7.830969937733485,0
Rajasthan,2026-10-15 18:00:00,1,Heavy Rain,0.8865165149066503,2.8259476252831144,16.008052304315584,20.710029977192775,4.701977672877192,0.17537774740100037,0.0,16.008052304315584,0
Tamil Nadu,2026-10-16 00:00:00,10,Monsoon,0.613497569454975,34.38235161458679,21.853856425296343,24.46633919750361,2.6124827722072688,0.2768179291244034,24.441888839157794,2.588032413861452,0
West Bengal,2026-10-16 06:00:00,10,Normal,0.8905020452988284,14.96722062677926,32.97116269257462,44.20839659276209,11.23723390018747,0.08171781369519139,22.493731843880333,10.47743084869429,0
Odisha,2026-10-16 12:00:00,10,Normal,0.2762849665712237,7.325816345079854,18.35559075788422,12.548945516222663,5.806645241661556,0.14691525185994445,34.45434380410576,16.098753046221542,0
Coastal Andhra,2026-10-16 18:00:00,1,Heat Wave,0.25027648630529864,4.324193131853625,35.60414437266974,47.15354000299016,11.549395630320426,0.07968511229209425,42.60738429157399,7.0032399189042565,0
West Bengal,2026-10-17 00:00:00,5,Heat Wave,0.6180194131285782,10.071037941521308,4.904889111598923,3.2374320965968533,1.6674570150020696,0.37488889019612714,0.0,4.904889111598923,0
Maharashtra,2026-10-17 06:00:00,10,Heat Wave,0.5169960113916457,9.832750033896808,49.199497703504605,49.32294468568769,0.12344698218308281,0.8901176609658957,7.617736661944271,41.581761041560334,1
West Bengal,2026-10-17 12:00:00,9,Heat Wave,0.6941553774822612,8.47114496185786,59.738440115624826,47.59842648684648,12.140013628778348,0.07610342182673763,22.332912111169264,37.40552800445556,1
Coastal Andhra,2026-10-17 18:00:00,1,Normal,0.8151641119241034,10.347031515851926,29.923739453090867,35.451312303506036,5.527572850415169,0.1531962986726985,18.544818779975984,11.378920673114884,0
Coastal Andhra,2026-10-18 00:00:00,1,Monsoon,0.7761765660869588,3.436601380109732,11.788046400273625,7.1732903613595465,4.614756038914079,0.17810212822593177,5.594739874262677,6.193306526010948,0
Karnataka,2026-10-18 06:00:00,4,Normal,0.948035056292705,13.28310205668441,43.38314355669604,24.241784329147112,19.14135922754893,0.04964908220455256,80.71639086216673,37.33324730547069,0
Rajasthan,2026-10-18 12:00:00,4,Heat Wave,0.45843076824131046,2.2516824576653818,66.60772588758864,55.70979435942146,10.897931528167184,0.0840482228051656,76.5789078154156,9.971181927826962,0
Rajasthan,2026-10-18 18:00:00,2,Heavy Rain,0.2857480680233627,0.939902449670786,14.86875793449736,12.173044229608013,2.6957137048893465,0.2705837301945284,23.76118574428768,8.89242780979032,0
Odisha,2026-10-19 00:00:00,9,Heavy Rain,0.5958213759530971,12.26378998780885,193.1467073770979,165.5780650708568,27.568642306241088,0.03500341350773749,190.26407936626748,2.882628010830416,0
Tamil Nadu,2026-10-19 06:00:00,9,Heavy Rain,0.19966880817206706,10.581372706420568,50.24744308886659,41.76863359607629,8.478809492790297,0.10549848066475148,24.97923894643849,25.2682041424281,0
Odisha,2026-10-19 12:00:00,2,Normal,0.35996601099846826,7.91882368981855,68.59232848035296,80.37829790513544,11.785969424782479,0.07821072980682593,73.07187035526483,4.479541874911874,0
Telangana,2026-10-19 18:00:00,9,Normal,0.28709924973683004,4.7480962887368445,165.38256594971244,161.87924281807173,3.5033231316407125,0.2220582380540093,218.53544227037622,53.15287632066378,1
Coastal Andhra,2026-10-20 00:00:00,6,Cyclonic,0.45690734511737285,5.498568508528011,57.292318118238306,79.48009670385913,22.187778585620826,0.04312616649790328,16.02657316529004,41.26574495294827,1
West Bengal,2026-10-20 06:00:00,8,Monsoon,0.20009491750199385,3.3284458537273687,23.824624368589635,25.199737731075125,1.3751133624854894,0.42103253503383437,44.8998332222874,21.075208853697763,0
Maharashtra,2026-10-20 12:00:00,10,Normal,0.12865757009328807,9.71070431899813,27.67233418662654,33.77592547145911,6.1035912848325715,0.14077386492310975,47.38289127845249,19.71055709182595,0
Coastal Andhra,2026-10-20 18:00:00,4,Monsoon,0.6911146041670286,0.7470419777205757,82.18236919295583,94.09524881063243,11.912879617676595,0.07744206014521254,68.21045777593224,13.971911417023591,0
Coastal Andhra,2026-10-21 00:00:00,2,Heavy Rain,0.6492240804608244,1.281375772761737,73.68483809980415,57.13797177120522,16.54686632859893,0.05699023297226242,83.3854251752398,9.70058707543565,0
Odisha,2026-10-21 06:00:00,2,Normal,0.737523042434795,3.4760715918298595,83.09837691605884,72.27887689692265,10.819500019136186,0.0846059476611502,82.72604798042157,0.3723289356372703,0
Maharashtra,2026-10-21 12:00:00,9,Normal,0.6943477962442096,8.85832617895172,64.25699201185475,80.22726079708048,15.970268785225727,0.05892658582229396,54.848485747126944,9.408506264727805,0
Maharashtra,2026-10-21 18:00:00,1,Cyclonic,0.20286521302814514,7.441122539006413,58.484797029871416,32.51565798604564,25.969139043825777,0.03707941875248467,56.02595518065411,2.4588418492173076,0
Maharashtra,2026-10-22 00:00:00,7,Monsoon,0.3619709932380817,19.453667903368114,6.1774900703776385,6.929080179446591,0.7515901090689523,0.5709098234926345,14.838230143388163,8.660740073010524,0
Odisha,2026-10-22 06:00:00,3,Heavy Rain,0.21657394891031712,6.427357995232507,70.04224614605413,66.92096671220087,3.1212794338532603,0.2426430956818264,67.90091601519126,2.141330130862869,0
Coastal Andhra,2026-10-22 12:00:00,3,Heavy Rain,0.8586751618437068,14.039350924157375,56.337910623388424,45.84654655776896,10.491364065619464,0.08702187088405444,0.0,56.337910623388424,1
Odisha,2026-10-22 18:00:00,2,Normal,0.772213289819971,8.526003064006826,20.014845851314078,18.68243505106697,1.3324108002471071,0.4287409404441341,0.0,20.014845851314078,0
Rajasthan,2026-10-23 00:00:00,10,Heavy Rain,0.2813743026264182,0.9128553853518794,27.758845739083988,39.003613737820174,11.244767998736187,0.0816675334398506,0.0,27.758845739083988,1
Rajasthan,2026-10-23 06:00:00,6,Normal,0.4071783164409041,2.9278811426170437,76.24953987297505,43.390296774939195,32.859243098035854,0.02953403291103129,67.91291622040227,8.336623652572783,0
Odisha,2026-10-23 12:00:00,10,Normal,0.9699534930377928,3.3288490643786357,167.23801435218962,116.28546516210018,50.95254919008944,0.01924833363500788,115.9797385403211,51.25827581186853,1
Maharashtra,2026-10-23 18:00:00,2,Monsoon,0.6347434220916863,4.097639299613917,85.19939205129268,43.91979859578544,41.27959345550724,0.023652072271043618,66.75848274814624,18.44090930314644,0
Karnataka,2026-10-24 00:00:00,10,Heat Wave,0.8210400375710415,5.903794573297937,115.84917152448583,103.16298299167163,12.6861885328142,0.07306636158068303,66.00299906716037,49.84617245732545,1
Coastal Andhra,2026-10-24 06:00:00,4,Normal,0.33813193129185626,16.58972760379399,13.909267456352515,11.737290119705994,2.1719773366465205,0.31526076445969203,0.0,13.909267456352515,0
Odisha,2026-10-24 12:00:00,10,Normal,0.2890476281613747,6.814283197267272,88.5654720560049,92.12038157730483,3.5549095212999333,0.2195433290878209,70.18305911652354,18.382412939481355,0
Odisha,2026-10-24 18:00:00,9,Heavy Rain,0.8055252359618935,4.558816871734125,71.95615314892315,63.33080633762377,8.62534681129938,0.10389236041096002,48.03985064123343,23.91630250768972,0
Odisha,2026-10-25 00:00:00,9,Cyclonic,0.7172852097082961,14.69835651866683,54.11940292110532,60.22070895473003,6.101306033624709,0.14081916696238642,66.59325808727927,12.473855166173948,0
Karnataka,2026-10-25 06:00:00,6,Monsoon,0.7128801362905873,14.622754564288279,31.76346108904276,25.508197454982163,6.255263634060597,0.13783096665232053,0.0,31.76346108904276,0
Karnataka,2026-10-25 12:00:00,4,Cyclonic,0.5973711236462745,0.5560306098037394,60.00086873897931,91.46295808911506,31.462089350135756,0.03080516442469277,59.223198118286604,0.7776706206927031,0
Telangana,2026-10-25 18:00:00,7,Heavy Rain,0.607220508498894,7.386934014133121,78.72628554590344,90.82948427529755,12.103198729394109,0.07631724288487839,112.67615262490298,33.949867078999546,1
Rajasthan,2026-10-26 00:00:00,1,Monsoon,0.7621277547756284,18.062322121918328,45.98719531622198,51.91590740935172,5.9287120931297395,0.1443269667665314,33.37970818320985,12.607487133012128,0
West Bengal,2026-10-26 06:00:00,4,Normal,0.3430022330090758,6.507588373585115,26.661168754695275,30.83702673969913,4.175857985003855,0.19320468275932715,28.469770631344485,1.8086018766492096,0
Maharashtra,2026-10-26 12:00:00,5,Normal,0.4174916192712602,3.061093999270966,105.14556345278882,77.65127371688358,27.49428973590524,0.035094750887575715,120.20713555214049,15.061572099351665,0
Tamil Nadu,2026-10-26 18:00:00,8,Normal,0.8844730934680496,13.94836590150604,37.08326404833437,34.79571231960868,2.2875517287256883,0.30417772327725995,64.90060497933092,27.81734093099655,0
Karnataka,2026-10-27 00:00:00,2,Heavy Rain,0.377978680910942,2.655736739866365,55.36573752332225,52.5490708272441,2.8166666960781512,0.2620087316053976,53.781312302517414,1.5844252208048388,0
West Bengal,2026-10-27 06:00:00,5,Heat Wave,0.5916786142413691,8.619300652691894,8.337570799932974,7.353758814946607,0.9838119849863673,0.5040800275268384,4.189258391343009,4.148312408589965,0
Karnataka,2026-10-27 12:00:00,6,Cyclonic,0.7323755176060157,6.451608824904847,24.948836614280673,22.783827017337295,2.165009596943378,0.3159548081515312,78.18340547257384,53.234568858293166,1
Maharashtra,2026-10-27 18:00:00,5,Normal,0.9999323441498589,1.5548700654791938,89.73964979884175,108.34450613672806,18.604856337886304,0.05100776984871366,97.39611982575234,7.656470026910583,0
Tamil Nadu,2026-10-28 00:00:00,9,Normal,0.4917621983457988,16.023145987022012,85.48553664981387,84.2307595994787,1.2547770503351643,0.4435028287392555,55.99759995547697,29.487936694336895,0
Telangana,2026-10-28 06:00:00,10,Normal,0.4852835889624494,10.28250126274116,59.61293671436258,64.07761001080468,4.464673296442093,0.18299355620235777,130.9485049744189,71.33556826005633,1
Odisha,2026-10-28 12:00:00,1,Normal,0.8583295414903007,19.9527858805283,9.631499185949718,5.564866889981212,4.066632295968506,0.19736975994798261,15.404690402400924,5.773191216451206,0
Telangana,2026-10-28 18:00:00,3,Heavy Rain,0.824952800133877,7.4071506843252095,27.59727027253263,15.535188645685459,12.06208162684717,0.07655747594967163,26.70935874905135,0.8879115234812787,0
Karnataka,2026-10-29 00:00:00,2,Heat Wave,0.7579682935610936,3.2794486662804916,134.7494261905528,102.95069094128388,31.79873524926893,0.03048898051708532,122.26109916294749,12.488327027605322,0
Telangana,2026-10-29 06:00:00,3,Heat Wave,0.516906673668126,1.7098721157296621,46.74206204066994,65.89989273752207,19.157830696852123,0.04960851269358867,50.13724432312326,3.3951822824533195,0
West Bengal,2026-10-29 12:00:00,10,Monsoon,0.3915452081446442,14.826159386692206,76.775949249886,115.32851121930999,38.55256196942399,0.02528281229350067,91.43560642517909,14.659657175293091,0
Coastal Andhra,2026-10-29 18:00:00,9,Monsoon,0.6478574343263638,2.9901338498644954,26.922120168424332,33.53830063942109,6.616180470996756,0.13129940969861584,7.246368677528757,19.675751490895575,0
Karnataka,2026-10-30 00:00:00,9,Heavy Rain,0.8886009638184769,34.26066706042881,45.432925969848284,40.95382532193489,4.479100647913391,0.18251170479608372,48.53318113084705,3.1002551609987634,0
Karnataka,2026-10-30 06:00:00,10,Normal,0.8953997123877279,25.17081953018583,27.179639772862675,30.077709782289013,2.8980700094263376,0.25653720881918324,0.0,27.179639772862675,0
West Bengal,2026-10-30 12:00:00,2,Heavy Rain,0.1976485105633946,7.98066784092474,34.695742595383486,45.64383303523175,10.948090439848265,0.08369538254120376,24.80732313137719,9.888419464006297,0
Rajasthan,2026-10-30 18:00:00,3,Heavy Rain,0.4855152554318356,6.077391720121713,23.86446963248892,34.92810780731061,11.06363817482169,0.0828937328448,6.349899563464344,17.514570069024575,0
Tamil Nadu,2026-10-31 00:00:00,4,Monsoon,0.5182497605788745,4.067237282833319,39.24578192414338,27.96255459792455,11.283227326218828,0.08141182878423794,37.65225743602483,1.5935244881185469,0
Odisha,2026-10-31 06:00:00,9,Normal,0.9798538307713779,4.518041497315112,40.592334047720946,42.663590625707975,2.071256577987029,0.32559962823276156,0.0,40.592334047720946,1
West Bengal,2026-10-31 12:00:00,3,Normal,0.710198213718326,30.23307759468862,71.02694107801736,65.29872560258926,5.728215475428101,0.14862782020761192,87.9027737479911,16.875832669973747,0
Tamil Nadu,2026-10-31 18:00:00,7,Normal,0.4665217755358635,5.331573446214071,11.502824989289406,13.188147793005033,1.6853228037156267,0.37239470748780007,35.36325982915102,23.86043483986161,0
Maharashtra,2026-11-01 00:00:00,3,Heat Wave,0.12345209738703371,10.824010391471603,17.194678306857792,17.41941025154336,0.22473194468556912,0.8165051988226979,18.701431761188086,1.506753454330294,0
Tamil Nadu,2026-11-01 06:00:00,7,Normal,0.6088466440892764,11.421280906815594,45.85397881021906,34.386777639381975,11.467201170837086,0.08021046474642367,52.55466314827102,6.700684338051957,0
Maharashtra,2026-11-01 12:00:00,7,Monsoon,0.18646837807452052,15.415368084216468,18.92976809409335,20.79824382706703,1.8684757329736783,0.3486172075659586,22.965958859642356,4.036190765549005,0
West Bengal,2026-11-01 18:00:00,9,Monsoon,0.8510049616129868,10.174271249765896,20.68211420619378,17.08057058341557,3.601543622778209,0.21731837878269294,0.0,20.68211420619378,0
Karnataka,2026-11-02 00:00:00,2,Normal,0.7772667945133259,7.471402026043065,114.03742670233399,113.02919954559948,1.008227156734506,0.4979516369184341,128.32534195622208,14.287915253888087,0
Karnataka,2026-11-02 06:00:00,6,Heavy Rain,0.514458243917361,3.7245918798126354,68.1443503204497,68.35882786861869,0.21447754816898623,0.823399330442671,69.77651449799296,1.6321641775432596,0
Rajasthan,2026-11-02 12:00:00,9,Cyclonic,0.4862897015875298,11.20818518355283,39.36077670598672,55.96163226513267,16.60085555914595,0.056815419945899684,114.14719284715407,74.78641614116735,1
West Bengal,2026-11-02 18:00:00,2,Heavy Rain,0.9076050690118919,9.552078079100365,25.99551694326945,28.07946441968964,2.083947476420189,0.3242597377698496,0.0,25.99551694326945,0
Maharashtra,2026-11-03 00:00:00,2,Heat Wave,0.35961251537631556,5.246091389475147,119.4807823187277,116.81618978182568,2.6645925369020205,0.2728816341599008,152.77206984820725,33.29128752947955,1
Tamil Nadu,2026-11-03 06:00:00,5,Normal,0.32411796589609376,10.52310900306749,14.696738292121054,17.357816948322675,2.661078656201621,0.27314354426831755,12.001493015120708,2.695245277000346,0
Tamil Nadu,2026-11-03 12:00:00,10,Normal,0.9452776895431858,6.985901905782415,82.47614541144998,64.24570466074611,18.230440750703863,0.0520008882252685,125.17600080737817,42.699855395928196,1
Maharashtra,2026-11-03 18:00:00,10,Cyclonic,0.8283212530781343,9.554030674844945,124.02349244293904,127.15359614806104,3.1301037051219964,0.2421246708066527,199.0805378182983,75.05704537535925,1
Telangana,2026-11-04 00:00:00,10,Monsoon,0.8385630337604751,12.808869149576445,46.07772850358845,53.38599912186909,7.308270618280638,0.12036199179642826,84.51636665655187,38.438638152963414,0
Rajasthan,2026-11-04 06:00:00,8,Heat Wave,0.275674432848333,8.549547570180675,57.53042004687737,65.99894496494969,8.468524918072319,0.10561307158745782,86.08840759439205,28.557987547514685,0
Coastal Andhra,2026-11-04 12:00:00,9,Monsoon,0.228966392287841,13.674213070589845,59.739988261478885,51.830891057518926,7.909097203959959,0.11224481865070628,50.95583508895173,8.784153172527155,0
Karnataka,2026-11-04 18:00:00,2,Heat Wave,0.12342659483542141,8.432832838222682,70.40398727552109,76.8095485475536,6.405561272032514,0.13503365420478686,86.7724288177494,16.36844154222831,0
Odisha,2026-11-05 00:00:00,5,Monsoon,0.31333735802681206,15.406708857500194,52.95376876322685,61.96009416619123,9.006325402964386,0.09993678595578641,24.601086728450042,28.352682034776805,0
Tamil Nadu,2026-11-05 06:00:00,7,Monsoon,0.7967714425428922,5.840722898914782,56.77519998484672,43.928121645735835,12.847078339110887,0.07221740034325605,13.491829199701037,43.283370785145685,1
Odisha,2026-11-05 12:00:00,6,Heavy Rain,0.31603457688773484,3.084036188547981,25.40720623740682,21.569930925056397,3.8372753123504246,0.2067279481585061,0.0,25.40720623740682,1
Coastal Andhra,2026-11-05 18:00:00,6,Normal,0.7561929552353885,9.213501547622576,9.270283049576644,8.523058865624114,0.7472241839525307,0.5723364003226094,47.03959672810889,37.76931367853224,1
West Bengal,2026-11-06 00:00:00,7,Heat Wave,0.3267174388306794,22.891393832654007,79.19803281376193,125.32158289121972,46.12355007745779,0.02122081206437721,105.35491546501598,26.15688265125405,0
Odisha,2026-11-06 06:00:00,3,Normal,0.45576324815560454,14.35228164739566,17.782421987935024,14.457163123188565,3.325258864746459,0.23120003478881226,27.00184392010048,9.219421932165456,0
Coastal Andhra,2026-11-06 12:00:00,3,Heavy Rain,0.9848460609202676,22.708411774962002,108.85572480423129,117.7037438689244,8.84801906469312,0.10154326402404885,132.32338539490675,23.467660590675465,0
Karnataka,2026-11-06 18:00:00,10,Normal,0.32033055815572203,5.208886104540839,41.0306907226188,37.409080404711574,3.6216103179072263,0.2163747982224567,22.22865967049566,18.80203105212314,0
Maharashtra,2026-11-07 00:00:00,9,Heavy Rain,0.4387335645684409,7.442938697105532,142.8674001610857,109.38165172594215,33.48574843514355,0.028997485784038414,131.9668092589297,10.900590902156011,0
Telangana,2026-11-07 06:00:00,8,Heavy Rain,0.37097846241869226,3.2461765243657217,56.40733719664915,66.24914939871759,9.84181220206844,0.0922355028257376,82.48576100058594,26.078423803936786,1
Karnataka,2026-11-07 12:00:00,5,Normal,0.19866248769700207,2.424286934452016,33.144986841439895,21.454702456262314,11.69028438517758,0.07880044052976569,36.84241452579455,3.6974276843546576,0
Tamil Nadu,2026-11-07 18:00:00,6,Cyclonic,0.5409047279177425,20.624682075680063,67.24556134619937,91.51325757064569,24.267696224446325,0.03957622377272791,68.81191806003974,1.5663567138403778,0
Coastal Andhra,2026-11-08 00:00:00,10,Normal,0.440821596999702,19.24190263590155,132.52913359991294,98.09331302049478,34.43582057941816,0.02822003226251857,138.0046234261101,5.475489826197162,0
Odisha,2026-11-08 06:00:00,1,Heavy Rain,0.7253983772265521,11.993710561716583,48.145161298340696,40.13460151767517,8.010559780665524,0.11098089623085987,66.90642823029907,18.761266931958374,0
Tamil Nadu,2026-11-08 12:00:00,10,Normal,0.8358350922563916,5.270988853684779,46.58429179714272,53.24414462468184,6.659852827539119,0.1305508111598105,79.50190238317505,32.91761058603233,1
Telangana,2026-11-08 18:00:00,1,Normal,0.5898247430460747,13.054801887653948,43.94370016643805,52.2108131502648,8.267112983826749,0.10790847179107785,31.09012379465994,12.853576371778107,0
Maharashtra,2026-11-09 00:00:00,4,Normal,0.12897677987860318,18.159393771877724,32.70237687878863,34.60977920762076,1.9074023288321342,0.34394964538729217,54.730953696803866,22.02857681801524,0
West Bengal,2026-11-09 06:00:00,2,Monsoon,0.6570301206112494,24.620055219165877,53.26670344906575,46.1715567465143,7.095146702551453,0.12353080638857564,30.08459417361365,23.182109275452103,0
Tamil Nadu,2026-11-09 12:00:00,7,Normal,0.14985165701884529,1.89538961674972,58.5368719552565,35.218086613700244,23.318785341556257,0.04112047480805659,54.911640298037824,3.625231657218677,0
West Bengal,2026-11-09 18:00:00,2,Heat Wave,0.6547206912391225,5.934465471382633,141.3502063696698,138.17255509232407,3.177651277345717,0.23936895006596934,157.60351850815928,16.25331213848949,0
Coastal Andhra,2026-11-10 00:00:00,10,Normal,0.7165269543422697,5.467127742990995,33.173508606492426,26.12380890881245,7.049699697679976,0.12422823677362926,18.716512509563117,14.45699609692931,0
Telangana,2026-11-10 06:00:00,2,Normal,0.27799086485576663,6.685489636118923,117.61197666676458,188.53354601418314,70.92156934741857,0.013904034757215602,125.97528118378212,8.36330451701754,0
Odisha,2026-11-10 12:00:00,5,Normal,0.8374115338495939,11.37472331737862,60.86056642804533,62.88444188994139,2.0238754618960613,0.3307014500435047,46.59507733951388,14.265489088531453,0
Telangana,2026-11-10 18:00:00,4,Normal,0.9199766184166437,0.9923662372594662,67.65111217161726,45.8473246766159,21.80378749500136,0.04385236444687981,83.03059054039879,15.379478368781534,0
Telangana,2026-11-11 00:00:00,8,Monsoon,0.8317782677024377,5.166659199739679,29.802691795079298,27.32741288608943,2.4752789089898677,0.28774668916880175,26.03565377596858,3.767038019110718,0
Rajasthan,2026-11-11 06:00:00,4,Cyclonic,0.37459827119087397,5.606387746768492,41.48395584587605,49.3447745192089,7.860818673332851,0.11285638910652332,42.75560313081411,1.2716472849380622,0
Telangana,2026-11-11 12:00:00,6,Heavy Rain,0.627978711201071,8.371370683333136,36.28116294462443,46.825154317809165,10.543991373184738,0.08662515135994264,55.9647215562004,19.683558611575975,0
Telangana,2026-11-11 18:00:00,5,Normal,0.923333634272105,9.194086690666822,71.89139939750838,66.33159243736102,5.559806960147355,0.15244351031597073,79.82051694658091,7.929117549072529,0
Karnataka,2026-11-12 00:00:00,2,Normal,0.388598253600565,6.598065761244024,22.28914612097811,21.62815751697932,0.6609886039987884,0.6020510902919654,30.62994166400389,8.34079554302578,0
Tamil Nadu,2026-11-12 06:00:00,8,Heavy Rain,0.8380250400388826,28.073784322269187,21.366152789145097,24.382951003211417,3.01679821406632,0.24895450224463014,0.0,21.366152789145097,0
Odisha,2026-11-12 12:00:00,2,Heat Wave,0.10852761813552687,7.090983242439984,7.395347075160908,5.665435042227544,1.7299120329333642,0.36631216974617054,15.672157601011966,8.276810525851058,0
Karnataka,2026-11-12 18:00:00,9,Normal,0.10328203250620865,11.295405719208073,67.86765601257315,73.75944943391464,5.8917934213414895,0.14510011238922912,69.46214507258364,1.5944890600104884,0
Karnataka,2026-11-13 00:00:00,9,Monsoon,0.7837404943050706,12.762712994762872,17.47320470217052,18.721101284950418,1.247896582779898,0.4448603230506866,102.5101258174731,85.03692111530258,1
Tamil Nadu,2026-11-13 06:00:00,3,Normal,0.7853028239144091,3.5891932929808963,45.098822627642186,51.11497134286718,6.016148715224993,0.14252833578484547,57.27565190633249,12.176829278690306,0
Tamil Nadu,2026-11-13 12:00:00,4,Normal,0.8100794690670644,3.7716723205786638,15.236786788874534,15.08881324387403,0.14797354500050375,0.8711002133760506,2.790147725623086,12.446639063251448,0
Coastal Andhra,2026-11-13 18:00:00,8,Heavy Rain,0.937024154099346,12.92570465404909,45.953549874906244,27.979210954464342,17.9743389204419,0.052702758404017724,24.871752547881137,21.081797327025107,0
Tamil Nadu,2026-11-14 00:00:00,9,Normal,0.2061156806382558,19.404408957707158,44.099746277142614,46.61076158250432,2.5110153053617026,0.2848178982509393,32.0215087418876,12.078237535255013,0
Rajasthan,2026-11-14 06:00:00,3,Monsoon,0.30878648648531953,24.517224111942962,30.88315717321393,24.119529034082078,6.763628139131853,0.1288057570608762,31.72461868064586,0.84146150743193,0
Rajasthan,2026-11-14 12:00:00,5,Normal,0.9133524283364268,3.6867571704020823,58.794503027450354,84.16277624213924,25.36827321468889,0.037924364324431116,53.17972451062976,5.614778516820593,0
Karnataka,2026-11-14 18:00:00,8,Monsoon,0.2595125779951181,15.97678535521294,29.55852753941043,42.52354420837289,12.965016668962459,0.0716075049321295,0.0,29.55852753941043,0
West Bengal,2026-11-15 00:00:00,3,Normal,0.7140063408189256,7.881403365945392,78.00834689752492,55.68198561193575,22.326361285589165,0.042869952486665454,95.57849413153845,17.570147234013533,0
Coastal Andhra,2026-11-15 06:00:00,7,Heat Wave,0.5774167000367338,19.206867915675062,89.76850737263558,70.57978371392971,19.188723658705868,0.04953260131275192,47.04430618423329,42.72420118840229,0
West Bengal,2026-11-15 12:00:00,8,Normal,0.17487430916635655,10.411921574550838,93.12652968280575,39.395935110828766,53.73059457197699,0.018271316213911867,111.91002370906233,18.783494026256577,0
West Bengal,2026-11-15 18:00:00,10,Cyclonic,0.35673729574737956,12.064416174787773,45.60453632748876,53.989451291985546,8.384914964496787,0.10655397558560824,31.5498739678583,14.05466235963046,0
Karnataka,2026-11-16 00:00:00,3,Monsoon,0.5683349947968711,21.544147389591373,65.79393681009901,56.36734265111829,9.42659415898072,0.0959085953430605,92.61936312517521,26.8254263150762,0
Maharashtra,2026-11-16 06:00:00,2,Heat Wave,0.8671151050154506,23.040389149284803,45.495959099685095,48.57404819827413,3.0780890985890323,0.24521288667920166,18.10704603247898,27.388913067206115,0
Karnataka,2026-11-16 12:00:00,10,Heavy Rain,0.7367846406532064,8.871606265915204,60.96728606297472,52.749374480859615,8.217911582115107,0.10848444260847898,115.5707896169362,54.603503553961474,1
Odisha,2026-11-16 18:00:00,7,Monsoon,0.6596948453094398,1.6586231240738571,47.086973876440055,28.22710511369245,18.859868762747606,0.05035280000821367,74.83825162488128,27.751277748441225,1
Odisha,2026-11-17 00:00:00,9,Normal,0.5464296009472733,4.370029513344013,50.32959149796143,52.97985662414366,2.6502651261822265,0.27395270355221824,53.05267551396314,2.7230840160017067,0
Tamil Nadu,2026-11-17 06:00:00,1,Normal,0.36881558543272086,30.791034346754273,112.12715167897257,148.25392316737486,36.1267714884023,0.026934741694746637,130.5004929039406,18.37334122496803,0
Tamil Nadu,2026-11-17 12:00:00,3,Normal,0.20732042018733507,12.503108168855189,9.750598592842966,9.682334366210647,0.06826422663231924,0.936097994362761,20.57580383384186,10.825205240998894,0
Maharashtra,2026-11-17 18:00:00,5,Normal,0.468168431109486,3.704219445413231,51.77067658237245,38.479360737048175,13.291315845324277,0.06997256311616486,53.774383017318094,2.0037064349456415,0
Tamil Nadu,2026-11-18 00:00:00,3,Heat Wave,0.12566664452016332,4.962684332044432,51.53784792031249,49.62859806220746,1.909249858105028,0.34373121896493314,67.28584154961601,15.747993629303522,0
Odisha,2026-11-18 06:00:00,1,Normal,0.28995030034016556,17.230968753264417,28.865778869847766,32.56994143992742,3.704162570079653,0.21257768733597732,26.86949656459498,1.9962823052527874,0
West Bengal,2026-11-18 12:00:00,7,Heavy Rain,0.48923503828539383,27.618191840268004,64.60609941276343,61.34625046970383,3.2598489430595947,0.23475010812983424,48.02002613689018,16.586073275873247,0
Karnataka,2026-11-18 18:00:00,7,Heavy Rain,0.47674466710472363,8.257158175043935,43.9511478388646,31.880376967509697,12.070770871354902,0.07650658173432896,93.21530710936506,49.26415927050046,1
Telangana,2026-11-19 00:00:00,10,Heavy Rain,0.13986588789729318,19.239226019320874,31.447399654779215,47.32672772423689,15.879328069457674,0.059244064448836176,21.773489628710507,9.673910026068707,0
Rajasthan,2026-11-19 06:00:00,8,Monsoon,0.6301541381727621,15.80173316101979,49.96837034512859,31.07348373903266,18.89488660609593,0.050264171884930126,42.18772974272027,7.780640602408319,0
Telangana,2026-11-19 12:00:00,5,Normal,0.5947158302679126,10.511083996485466,116.088443135597,182.10226117910122,66.01381804350422,0.01492229556821874,106.52705169587202,9.561391439724986,0
Telangana,2026-11-19 18:00:00,10,Heavy Rain,0.17029387361882156,13.667342245110705,171.29931227092655,167.3247657155163,3.9745465554102566,0.2010233473264839,167.10623167701192,4.19308059391463,0
Odisha,2026-11-20 00:00:00,5,Normal,0.9488467472143953,10.181242626170548,39.16299662036243,47.94732763328602,8.784331012923595,0.10220422823789935,30.026882255722,9.136114364640427,0
Telangana,2026-11-20 06:00:00,5,Heat Wave,0.1894445010557741,19.70464558779304,36.313360675519284,38.26718471137726,1.953824035857977,0.33854420163844895,27.272438668468574,9.04092200705071,0
Karnataka,2026-11-20 12:00:00,1,Monsoon,0.8693507361136025,14.213689949038608,43.68542509758306,34.099936071240776,9.58548902634228,0.09446894683008716,36.97390512501296,6.711519972570095,0
Maharashtra,2026-11-20 18:00:00,10,Heat Wave,0.10027875872350535,1.900317377383701,12.851978023385861,17.121678331497943,4.269700308112082,0.18976411209962318,4.292576816023759,8.559401207362102,0
Coastal Andhra,2026-11-21 00:00:00,5,Normal,0.8940529855408448,7.029020277070628,40.55581982334787,46.80081792121137,6.244998097863501,0.13802626122081288,3.964505085740363,36.591314737607505,1
Tamil Nadu,2026-11-21 06:00:00,6,Normal,0.1177477589838813,3.6608655566639,9.457173706165653,9.23117080246914,0.22600290369651255,0.8156587533234279,0.0,9.457173706165653,0
Coastal Andhra,2026-11-21 12:00:00,1,Normal,0.7820308287029044,9.006214009766856,24.869366118538952,29.393527684638972,4.52416156610002,0.18102294584153264,26.846640196578647,1.9772740780396951,0
West Bengal,2026-11-21 18:00:00,7,Normal,0.42552173017022765,6.719635912826081,61.21853764571953,59.11675401150169,2.1017836342178384,0.32239514999316354,74.29944252548202,13.080904879762492,0
Karnataka,2026-11-22 00:00:00,1,Normal,0.7643951201226878,4.846766615383816,22.16006616085773,9.965704712417141,12.19436144844059,0.07578995041993393,2.9810618935233784,19.179004267334353,0
Karnataka,2026-11-22 06:00:00,2,Monsoon,0.46157068488248065,2.68236740420157,54.17177933011985,31.0046361641178,23.167143166002045,0.04137849447620206,18.830553516512524,35.34122581360732,1
Rajasthan,2026-11-22 12:00:00,2,Normal,0.16381713009865756,0.8688215643229101,36.56416523925377,36.362326700857444,0.20183853839632349,0.8320585237134704,36.77341529655834,0.20925005730457258,0
Karnataka,2026-11-22 18:00:00,5,Heavy Rain,0.7907560258558277,19.48108615010505,29.163894796441156,26.847845337681093,2.3160494587600624,0.3015636565245683,9.065391973995204,20.09850282244595,0
Tamil Nadu,2026-11-23 00:00:00,10,Cyclonic,0.1641274167892285,19.458545530624225,80.52711128628926,78.72435879579116,1.8027524904980936,0.35679211895813323,96.41714012459259,15.890028838303337,0
Karnataka,2026-11-23 06:00:00,7,Monsoon,0.9299083923650961,2.5724655666092247,48.15262661527565,44.057943057917434,4.094683557358216,0.1962830446173064,30.93098480631067,17.221641808964982,0
Telangana,2026-11-23 12:00:00,1,Normal,0.14587663221249525,10.373356940481912,59.301212725048615,42.67254638192567,16.628666343122944,0.05672578858412091,79.99150439243789,20.690291667389275,0
Rajasthan,2026-11-23 18:00:00,10,Normal,0.5313927499943639,1.4091054724358365,36.32270754361424,23.76763356817849,12.555073975435754,0.07377311269655783,48.95112779429927,12.628420250685025,0
Tamil Nadu,2026-11-24 00:00:00,1,Heavy Rain,0.7507309877657161,4.133841478457544,73.66700795228405,58.090295169657814,15.576712782626238,0.060325591274530764,58.90114626786176,14.76586168442229,0
Maharashtra,2026-11-24 06:00:00,1,Normal,0.45392181831283396,6.361061109622305,18.721094247526395,22.251405492059146,3.5303112445327507,0.22073538572141493,29.332435166196966,10.611340918670571,0
Maharashtra,2026-11-24 12:00:00,6,Heavy Rain,0.29551012713319125,4.563737140308841,92.1837022611794,73.35244409020139,18.831258170978018,0.050425444083192175,79.11876366491907,13.064938596260333,0
Maharashtra,2026-11-24 18:00:00,2,Normal,0.7831818652564243,12.471488079732389,5.49619470085537,6.928157117466702,1.4319624166113316,0.4111905649403038,0.0,5.49619470085537,0
Maharashtra,2026-11-25 00:00:00,1,Cyclonic,0.8058652343098538,0.3325053020813775,6.438860140745338,4.770178552918759,1.6686815878265788,0.37471686564691203,0.0,6.438860140745338,0
Telangana,2026-11-25 06:00:00,6,Monsoon,0.9304254855589305,4.005707768594159,31.057734952501576,40.25950453060376,9.201769578102187,0.09802221000427926,46.99792368580966,15.940188733308084,0
Karnataka,2026-11-25 12:00:00,2,Heavy Rain,0.43854859938797,15.068785373540338,36.06068989982893,31.41263886661387,4.648051033215058,0.1770522245849409,16.99399802286402,19.06669187696491,0
Coastal Andhra,2026-11-25 18:00:00,6,Normal,0.5556265610475942,1.269325865108356,35.18666633733708,32.47701706488971,2.709649272447372,0.26956726271329384,1.3565374767256486,33.83012886061143,1
Tamil Nadu,2026-11-26 00:00:00,10,Normal,0.4268155985614649,4.427276508964527,22.25794831057337,20.592116888403392,1.6658314221699762,0.3751174930581334,34.200683914941585,11.942735604368217,0
Telangana,2026-11-26 06:00:00,8,Monsoon,0.33137363966623135,16.507097075974116,120.32617026477945,137.83718269428766,17.511012429508213,0.05402189663088932,143.16873161010065,22.8425613453212,0
Maharashtra,2026-11-26 12:00:00,2,Heavy Rain,0.7759296653838477,29.63483792458363,42.36055564043611,45.03008356992647,2.669527929490357,0.2725146174698513,49.30603653682955,6.945480896393441,0
West Bengal,2026-11-26 18:00:00,9,Normal,0.4056866605152599,19.47678268831075,93.30885410404939,96.55533160900349,3.2464775049541004,0.2354892964423719,85.02420926922085,8.28464483482854,0
Karnataka,2026-11-27 00:00:00,8,Normal,0.4853344977931169,6.217799828455938,10.306459550392773,10.098037381879115,0.2084221685136587,0.8275253682493968,33.93058744236068,23.62412789196791,0
Coastal Andhra,2026-11-27 06:00:00,10,Normal,0.4633062918616251,29.491417084772472,23.115897685164942,19.82538506191077,3.2905126232541733,0.23307238267522962,40.067385633292844,16.9514879481279,0
West Bengal,2026-11-27 12:00:00,1,Monsoon,0.7413951030820712,15.381817446699495,18.795885565335656,23.95020634550791,5.154320780172256,0.16248746786513954,0.0,18.795885565335656,0
Rajasthan,2026-11-27 18:00:00,7,Normal,0.9260160634996117,2.641684448682212,8.614698761408103,8.799830655619454,0.18513189421135046,0.8437879402996348,0.0,8.614698761408103,0
West Bengal,2026-11-28 00:00:00,10,Heavy Rain,0.7000804551766395,1.4951097985203115,50.89844974814599,58.20458045328956,7.306130705143566,0.12039300072424224,87.1690396973699,36.270589949223904,1
Rajasthan,2026-11-28 06:00:00,6,Heavy Rain,0.5244243364848094,14.49258760877272,30.312364916032397,31.82899176051211,1.5166268444797133,0.3973572809149382,0.0,30.312364916032397,0
Rajasthan,2026-11-28 12:00:00,6,Heavy Rain,0.8012846032649951,7.207202442796755,15.000003802894469,13.419108972865635,1.580894830028834,0.3874625143050978,29.577309275360243,14.577305472465774,0
Maharashtra,2026-11-28 18:00:00,6,Cyclonic,0.6768741917099238,2.540489356846967,24.7595046320991,39.58661686004629,14.82711222794719,0.06318271998060522,13.129913529716154,11.629591102382948,0
Rajasthan,2026-11-29 00:00:00,6,Cyclonic,0.15454932140603214,6.9141538221686965,66.49601895662704,86.94587515239697,20.449856195769925,0.04662035917038957,65.34046524326936,1.1555537133576763,0
Odisha,2026-11-29 06:00:00,10,Heavy Rain,0.18609722777695747,17.389091613928148,103.8841910771344,89.85702045178434,14.027170625350067,0.06654612667490786,67.96674104669765,35.917450030436754,0
Tamil Nadu,2026-11-29 12:00:00,7,Normal,0.13412524966627,4.611697338863797,31.068650433930877,47.011282925381884,15.942632491451008,0.05902270503149878,49.83793529469192,18.76928486076104,0
Tamil Nadu,2026-11-29 18:00:00,3,Normal,0.5111346935856879,4.495524380525738,26.964451924315306,33.215970200995635,6.251518276680329,0.13790215536184097,34.808619919943375,7.844167995628069,0
Maharashtra,2026-11-30 00:00:00,6,Heavy Rain,0.8432680909050684,6.843229994440939,32.537593130214944,23.64688776175888,8.890705368456064,0.10110502363049358,64.0335243168853,31.49593118667036,1
Odisha,2026-11-30 06:00:00,3,Heavy Rain,0.3817748524162169,7.624129030244582,25.860944290315402,31.56326689579171,5.702322605476308,0.14920200934269023,47.88715110618464,22.026206815869237,0
West Bengal,2026-11-30 12:00:00,7,Monsoon,0.44574416478323353,5.850731684176651,27.186728687947465,30.015317647645894,2.828588959698429,0.26119283384204506,47.25123097189531,20.064502283947846,0
Telangana,2026-11-30 18:00:00,7,Normal,0.9185293975311015,12.598389507046324,110.28022688292032,114.8451055813768,4.564878698456482,0.1796984362439684,135.20805383070385,24.92782694778353,0
West Bengal,2026-12-01 00:00:00,8,Heavy Rain,0.8532131007849894,13.620626982774224,68.59648493903558,85.99842368248684,17.401938743451268,0.05434210025048974,40.71831224048371,27.878172698551865,0
Karnataka,2026-12-01 06:00:00,2,Normal,0.698543301144304,7.428572299911033,75.43682043649787,81.86485247768698,6.4280320411891125,0.13462515972668254,82.05969572565019,6.622875289152319,0
Telangana,2026-12-01 12:00:00,9,Monsoon,0.3401234038830262,4.356003137485804,21.951451959284203,10.921644835595142,11.02980712368906,0.08312685230262777,29.13139215243456,7.179940193150358,0
Rajasthan,2026-12-01 18:00:00,5,Normal,0.20533733441959917,5.178040010854196,66.05562272258061,43.70537576839042,22.35024695419019,0.04282609952527935,92.76264462868014,26.707021906099527,1
Coastal Andhra,2026-12-02 00:00:00,9,Monsoon,0.11445294041210236,20.76700771463552,37.59012204387834,29.549900360407303,8.040221683471035,0.11061675642627,2.5726017370461136,35.017520306832225,0
Telangana,2026-12-02 06:00:00,10,Normal,0.1963096053439788,29.175747210465644,19.672797214647193,29.487488933773925,9.814691719126731,0.09246680589437535,77.80151870813089,58.128721493483695,0
Coastal Andhra,2026-12-02 12:00:00,5,Normal,0.3633367992615485,2.117587339202113,154.0092608626026,179.10059119683098,25.091330334228388,0.03832690733627069,152.5849034022394,1.4243574603631828,0
Tamil Nadu,2026-12-02 18:00:00,7,Monsoon,0.5966110572215462,2.768160348011632,57.456316013219165,65.22891910029836,7.77260308707919,0.11399125095182515,21.10869513087934,36.347620882339825,1
Coastal Andhra,2026-12-03 00:00:00,9,Normal,0.15760007447714822,5.081166514297269,108.45951975953959,111.38387380172551,2.924354042185925,0.2548190069627318,77.8179342157184,30.641585543821193,1
Tamil Nadu,2026-12-03 06:00:00,4,Monsoon,0.22260500048660412,21.115629043418988,85.89819329947288,66.10822888114635,19.789964418326534,0.04810013042246918,124.07761287440974,38.17941957493686,0
Odisha,2026-12-03 12:00:00,2,Heavy Rain,0.26297263207714694,5.837357022315436,9.63962113781604,6.136514033124133,3.5031071046919067,0.22206889082386547,12.417026394531904,2.7774052567158645,0
Odisha,2026-12-03 18:00:00,9,Heavy Rain,0.6687838836849755,12.55731573549654,22.417939950032007,27.99882652499669,5.580886574964683,0.15195520977435575,0.0,22.417939950032007,0
Maharashtra,2026-12-04 00:00:00,2,Normal,0.654210819082112,6.91020631835575,65.9190439543662,93.3315441213969,27.4125001670307,0.03519577629991113,72.52309932775064,6.6040553733844405,0
Maharashtra,2026-12-04 06:00:00,3,Heavy Rain,0.5956891537349377,5.187690476774224,35.03352857746213,40.96768211802198,5.934153540559855,0.14421370887603122,10.456764694920153,24.576763882541975,0
Rajasthan,2026-12-04 12:00:00,10,Heavy Rain,0.3254512822263457,6.565367067828836,58.10256062032402,50.97312223388522,7.1294383864388,0.12300972742079694,127.1046442975979,69.00208367727387,1
Telangana,2026-12-04 18:00:00,2,Heavy Rain,0.4340077220968588,2.5572346625992752,84.29141975199587,75.67297405702448,8.618445694971399,0.10396690190004483,81.84530251233551,2.446117239660367,0
Rajasthan,2026-12-05 00:00:00,3,Monsoon,0.18702074470396873,13.679198714800314,9.260666394956981,10.865372103190927,1.6047057082339453,0.38392053153598865,0.16747902270241077,9.09318737225457,0
Tamil Nadu,2026-12-05 06:00:00,6,Normal,0.3038145433822494,4.293684888444599,55.218091719182574,53.60907939220284,1.6090123269797374,0.3832868053780439,74.46034007195979,19.242248352777217,0
Rajasthan,2026-12-05 12:00:00,3,Normal,0.9079347038253224,4.73956507774694,30.13656327913465,28.95119714797672,1.1853661311579273,0.4575892276092633,14.308481947435638,15.82808133169901,0
Coastal Andhra,2026-12-05 18:00:00,10,Normal,0.9817225717922456,3.8048934278456645,70.58788344382462,61.08487482329314,9.503008620531482,0.09521081398002292,102.0211804100103,31.43329696618568,1
Tamil Nadu,2026-12-06 00:00:00,8,Normal,0.6828936270762652,23.224460426531124,93.24245724280229,77.77955948457011,15.462897758232174,0.06074264778203801,38.35730325820847,54.88515398459382,0
Maharashtra,2026-12-06 06:00:00,6,Normal,0.9251409628210782,5.47794623347503,42.28614535676775,41.01408305566821,1.2720623010995382,0.44012877618543367,50.306289315147076,8.020143958379329,0
Odisha,2026-12-06 12:00:00,7,Monsoon,0.6784677103612826,9.499345572468629,38.66601311221717,23.356989950417184,15.309023161799988,0.06131575080120448,43.92983310056567,5.2638199883485015,0
Maharashtra,2026-12-06 18:00:00,1,Monsoon,0.1298768374949229,0.7736319236684591,57.39671340943482,66.28330183125723,8.886588421822417,0.10114712551325847,64.71368144734674,7.316968037911927,0
Telangana,2026-12-07 00:00:00,3,Normal,0.9970863264877681,0.2955298821344795,69.81404353667347,37.22522498960641,32.588818547067056,0.02977181226540399,76.33017429932988,6.516130762656417,0
Tamil Nadu,2026-12-07 06:00:00,3,Heat Wave,0.18905707151788143,2.6311721661179286,136.1972796176046,172.4717634287319,36.27448381112728,0.026828003978997483,144.75181898218392,8.554539364579313,0
Tamil Nadu,2026-12-07 12:00:00,2,Heavy Rain,0.7143776213005546,16.500370198904484,6.668954314352272,5.789171860271536,0.8797824540807353,0.5319764517586303,0.0,6.668954314352272,0
Coastal Andhra,2026-12-07 18:00:00,7,Heat Wave,0.32755258276731103,9.033056866570329,131.45395197214924,127.54519073798009,3.9087612341691482,0.20371738454890626,124.95091687011188,6.503035102037359,0
Telangana,2026-12-08 00:00:00,9,Monsoon,0.45278300161626417,24.85690301523014,87.29027012482888,99.46804687228136,12.177776747452484,0.07588533476963928,91.11583455563942,3.8255644308105445,0
Odisha,2026-12-08 06:00:00,4,Monsoon,0.6813407663208444,18.2899663140867,107.63559436635802,99.8882070339502,7.7473873324078255,0.11431984911599173,102.04288164305842,5.592712723299599,0
West Bengal,2026-12-08 12:00:00,5,Normal,0.4928386143769363,3.889686034086786,41.77457970463466,34.062765398084146,7.711814306550515,0.1147866523334971,60.76324492268283,18.98866521804817,0
Tamil Nadu,2026-12-08 18:00:00,3,Normal,0.3254914530380154,6.931364351432397,33.63951189100711,36.048391508632534,2.4088796176254235,0.2933515149169702,47.96968839861184,14.330176507604726,0
Tamil Nadu,2026-12-09 00:00:00,9,Normal,0.40100156819049226,20.34716847558496,11.015458503914658,17.06934817933004,6.05388967541538,0.14176575563483182,0.0,11.015458503914658,0
Coastal Andhra,2026-12-09 06:00:00,4,Monsoon,0.4073933052308587,6.378629749159634,27.241640899510333,32.606898301275905,5.365257401765572,0.15710283762014457,42.82854064682832,15.58689974731799,0
Rajasthan,2026-12-09 12:00:00,5,Normal,0.9633915140573923,13.317575875801193,66.30123550493292,53.7383426762065,12.562892828726419,0.07373058333705804,58.06186381991081,8.239371685022107,0
Karnataka,2026-12-09 18:00:00,1,Monsoon,0.8187517143311059,2.1611799512838763,26.78058403305515,24.423735018545464,2.3568490145096845,0.2978984147566924,69.91097299508597,43.13038896203082,1
Odisha,2026-12-10 00:00:00,2,Normal,0.5126938943314601,10.368331266558396,47.610139456747255,41.92926109156195,5.680878365185308,0.14968091699006153,40.65538239325694,6.954757063490312,0
Maharashtra,2026-12-10 06:00:00,9,Monsoon,0.2798388283072277,7.860974658971286,60.3711801965273,44.80095191432502,15.57022828220228,0.06034919875389274,25.93626378573346,34.43491641079384,1
Telangana,2026-12-10 12:00:00,2,Normal,0.8299144992363904,3.93468969066898,71.7074284630589,82.46097983230942,10.753551369250516,0.08508066784105667,69.66095689774545,2.0464715653134533,0
Tamil Nadu,2026-12-10 18:00:00,5,Normal,0.24146422444753618,7.135867600997541,149.42408935570856,137.24440672355925,12.179682632149309,0.07587436115955416,146.70924667773036,2.714842677978197,0
Tamil Nadu,2026-12-11 00:00:00,8,Normal,0.28941599542780305,10.209905171145747,47.07157789327459,50.81096082112725,3.7393829278526596,0.2109979326893268,11.664725508462482,35.40685238481211,0
Maharashtra,2026-12-11 06:00:00,3,Normal,0.429412052656136,16.074197479505447,68.80423484235556,23.826342310165412,44.97789253219014,0.021749583221977342,63.213096822988945,5.5911380193666105,0
Odisha,2026-12-11 12:00:00,6,Normal,0.8923133762667911,23.582567341799525,35.850026405000996,42.03436637629296,6.184339971291962,0.13919163124182857,58.77392556996388,22.923899164962883,0
Karnataka,2026-12-11 18:00:00,4,Monsoon,0.21860800177069922,14.592991816949823,19.754094669805713,16.83046457696319,2.9236300928425223,0.2548660236407601,29.978944196284353,10.22484952647864,0
Rajasthan,2026-12-12 00:00:00,7,Normal,0.2100107735690735,19.005195923092103,29.391899071019573,22.00528797742966,7.386611093589913,0.11923767405458015,44.29754106947143,14.905641998451856,0
Tamil Nadu,2026-12-12 06:00:00,10,Normal,0.5445774894747394,3.4346759605687693,40.245463786730866,26.786623300606095,13.458840486124771,0.06916183915021654,15.62911522720351,24.616348559527356,1
Karnataka,2026-12-12 12:00:00,3,Monsoon,0.3487694869843072,2.89867854141,60.2314698693477,46.38043541105022,13.851034458297477,0.06733537672463526,39.89841183613487,20.33305803321283,0
Odisha,2026-12-12 18:00:00,6,Normal,0.6118551474833439,12.143932244183615,132.96784758636826,118.74485127304465,14.22299631332362,0.0656900901384815,106.91076552254047,26.057082063827792,0
Maharashtra,2026-12-13 00:00:00,10,Heat Wave,0.5064730162149012,2.3278577199719224,44.44851547867315,54.32391537647242,9.87539989779927,0.09195064176006609,65.63881549968704,21.19030002101389,1
Coastal Andhra,2026-12-13 06:00:00,9,Heat Wave,0.4914631957160952,6.59600556005704,31.751553524245576,28.22942583113092,3.522127693114655,0.22113484356547244,29.611738226380883,2.1398152978646934,0
Rajasthan,2026-12-13 12:00:00,10,Normal,0.20077567343829394,14.36837535374585,31.591257025252514,39.352658105564004,7.76140108031149,0.11413699599339053,12.952477700544506,18.638779324708008,0
Telangana,2026-12-13 18:00:00,1,Normal,0.22694472122485615,21.190985376421793,54.80235969120309,58.805013463411505,4.002653772208419,0.19989390542183186,74.43904779928491,19.63668810808182,0
Tamil Nadu,2026-12-14 00:00:00,3,Normal,0.8389707197021651,10.577784361948165,53.89858607322811,78.41335490139919,24.51476882817108,0.03919298688279281,34.03058218119649,19.868003892031616,0
Odisha,2026-12-14 06:00:00,2,Monsoon,0.89729446381457,3.146989626597096,51.229613281355306,44.814085454789094,6.415527826566212,0.13485216742326672,32.036529596086254,19.193083685269052,0
Coastal Andhra,2026-12-14 12:00:00,8,Heavy Rain,0.31121517959672523,8.153999466970927,41.60018768027517,45.902982402907085,4.302794722631916,0.1885798059902409,23.27490376607863,18.32528391419654,0
Telangana,2026-12-14 18:00:00,7,Heavy Rain,0.20211445137229217,8.917775015482992,73.9330025542484,97.01514710028763,23.08214454603923,0.0415245410593829,51.639466418551045,22.29353613569736,0
West Bengal,2026-12-15 00:00:00,2,Monsoon,0.14807500474105956,4.381203114821647,8.525085611333049,9.868521484613504,1.3434358732804554,0.42672385935619883,9.48706002392963,0.9619744125965806,0
Odisha,2026-12-15 06:00:00,6,Normal,0.6474678523677071,1.6402167892457058,65.68792192702479,62.89145481460748,2.796467112417311,0.26340278221540386,82.05815987086788,16.370237943843094,0
Odisha,2026-12-15 12:00:00,3,Monsoon,0.743817891250185,14.602774067476208,33.69431749382886,29.58701911577452,4.107298378054342,0.19579823342550753,0.0,33.69431749382886,0
Telangana,2026-12-15 18:00:00,8,Monsoon,0.43552899028288494,6.751169884754892,58.50714148748309,30.077612178048703,28.429529309434386,0.03397947651440774,57.16231824853523,1.3448232389478605,0
Coastal Andhra,2026-12-16 00:00:00,10,Heavy Rain,0.7117082807415757,13.17534818201825,64.5844684357685,60.716600798862686,3.867867636905814,0.20542875743343647,88.05986439891664,23.475395963148145,0
West Bengal,2026-12-16 06:00:00,3,Cyclonic,0.7416629340035735,9.81703806603475,31.20850831768805,24.011574188018514,7.196934129669536,0.12199683249623912,26.77160069276912,4.4369076249189305,0
Karnataka,2026-12-16 12:00:00,10,Monsoon,0.9418080532572148,6.782671282205954,162.54233910304902,140.5281400860836,22.01419901696542,0.04345143618784334,157.54127562584947,5.001063477199551,0
Karnataka,2026-12-16 18:00:00,9,Normal,0.15838627405159653,6.00977888901636,22.130871407653512,22.416737251829563,0.2858658441760511,0.7776861050701395,31.58169591987943,9.450824512225918,0
Maharashtra,2026-12-17 00:00:00,1,Normal,0.2730625509079718,7.67080511975604,100.53361873011566,61.29786906856722,39.23574966154844,0.024853519778100634,94.75940130229418,5.774217427821483,0
Coastal Andhra,2026-12-17 06:00:00,5,Heavy Rain,0.16167338883728932,12.077328732778623,41.328336706169736,31.07044416444187,10.257892541727866,0.088826571784502,0.0,41.328336706169736,1
Rajasthan,2026-12-17 12:00:00,3,Normal,0.8811945400024994,0.518782682532749,81.23912541609938,89.10615751523557,7.867032099136182,0.11277730686205806,102.78848572335143,21.549360307252044,1
Tamil Nadu,2026-12-17 18:00:00,6,Heat Wave,0.8133284440302117,11.840313818494913,11.811747332437665,8.076242970646833,3.7355043617908326,0.2111707483723716,50.8509352075414,39.039187875103735,1
Telangana,2026-12-18 00:00:00,10,Normal,0.6171778635596551,11.169704206091449,62.637610448934765,61.92965203431105,0.7079584146237181,0.5854943489477822,25.594701748280805,37.04290870065396,0
Maharashtra,2026-12-18 06:00:00,2,Monsoon,0.17529706904606485,14.507155797150233,43.65724282657261,28.358874458322806,15.298368368249808,0.06135583497720297,28.94315303703676,14.714089789535855,0
West Bengal,2026-12-18 12:00:00,9,Heavy Rain,0.3459811227883477,21.962368799651827,66.30496616919875,75.02947246404177,8.724506294843025,0.10283298397681198,0.0,66.30496616919875,1
Telangana,2026-12-18 18:00:00,6,Normal,0.36794786325266526,4.4892769409340785,66.09514794046889,76.95291846367644,10.857770523207549,0.084332885177938,32.71287586433107,33.38227207613782,1
Telangana,2026-12-19 00:00:00,7,Heat Wave,0.6046688764138753,1.9610817808266332,77.51849933997262,101.45075406313647,23.93225472316385,0.040108686964076636,58.25181923027819,19.266680109694434,1
Coastal Andhra,2026-12-19 06:00:00,5,Cyclonic,0.3322395046330439,9.392017962716801,99.30600941829488,130.21980352790646,30.913794109611587,0.03133441284246509,134.73894896253657,35.43293954424169,1
Tamil Nadu,2026-12-19 12:00:00,9,Heavy Rain,0.16566387752165934,8.82396808281014,116.13547955613164,124.09516273617885,7.959683180047207,0.11161108935491747,105.22999921974233,10.905480336389317,0
Rajasthan,2026-12-19 18:00:00,1,Normal,0.7576860716679694,6.135749955893973,14.6296915610919,8.186468317833452,6.443223243258448,0.13435039731016132,20.07494262374401,5.445251062652112,0
Karnataka,2026-12-20 00:00:00,5,Normal,0.36917219048987016,11.42916155674866,10.602254076632203,10.607793572192316,0.005539495560112684,0.9944910214023697,0.7439647162903231,9.85828936034188,0
Odisha,2026-12-20 06:00:00,10,Normal,0.5071367593209706,4.785895849055954,33.0424870319873,36.82517350953688,3.782686477549582,0.20908750859879735,51.64685025470181,18.60436322271451,0
Odisha,2026-12-20 12:00:00,6,Normal,0.2148999714840748,6.811471401228891,52.10474088311158,53.680015193800216,1.5752743106886342,0.3883081487084759,42.73301461576011,9.37172626735147,0
Telangana,2026-12-20 18:00:00,7,Heavy Rain,0.8222934730551217,11.81375024817016,33.986228833771534,48.11392064887708,14.127691815105543,0.06610393787910619,4.890508024804014,29.09572080896752,0
Karnataka,2026-12-21 00:00:00,4,Heat Wave,0.6089786892316519,6.2379010972651585,81.91986093270916,108.49608997183137,26.57622903912221,0.0362631162723992,75.30800370659806,6.611857226111098,0
Karnataka,2026-12-21 06:00:00,1,Heavy Rain,0.9114270635888765,8.844331660934753,109.72601601319596,110.4448092972843,0.7187932840883349,0.5818035299866848,98.16224975638417,11.563766256811789,0
Tamil Nadu,2026-12-21 12:00:00,8,Cyclonic,0.5459244067588,6.27493411397961,74.60608722304484,88.5160146411596,13.909927418114762,0.06706940764748819,44.38905784942701,30.217029373617827,1
West Bengal,2026-12-21 18:00:00,10,Monsoon,0.9472831046360918,3.209306223455285,16.24190518715173,10.287641709839168,5.954263477312562,0.14379668001685272,44.920702294575506,28.678797107423776,1
West Bengal,2026-12-22 00:00:00,4,Heavy Rain,0.9026813839431934,14.364581787538386,101.29096925458657,106.08166975914048,4.790700504553911,0.17269067865167298,89.44145790974088,11.849511344845695,0
Maharashtra,2026-12-22 06:00:00,3,Cyclonic,0.6188138708133105,13.473708142367826,30.18585202435817,20.648565851711954,9.537286172646215,0.09490109536892945,32.305821018233274,2.119968993875105,0
Coastal Andhra,2026-12-22 12:00:00,7,Heavy Rain,0.940504094334877,13.1717879037985,7.268287805349795,6.942925607164894,0.32536219818490064,0.754510730251332,0.0,7.268287805349795,0
Tamil Nadu,2026-12-22 18:00:00,2,Cyclonic,0.39077987256509705,7.252171831371806,19.104467252554052,15.862750020791125,3.2417172317629266,0.23575357463995397,0.8084020927052364,18.296065159848816,0
Tamil Nadu,2026-12-23 00:00:00,8,Normal,0.42907794643379027,15.15332113680818,81.0171796558106,67.82741454294258,13.189765112868017,0.07047333004075931,95.76180213738286,14.744622481572264,0
Coastal Andhra,2026-12-23 06:00:00,6,Normal,0.14093015617543325,15.623992485208376,67.14861454189231,53.51052438772012,13.638090154172197,0.06831492288049454,52.31328376158876,14.835330780303558,0
Karnataka,2026-12-23 12:00:00,7,Cyclonic,0.6302808160874678,20.175610584113702,45.620882187599186,41.05720931963021,4.563672867968975,0.17973738279207113,0.0,45.620882187599186,0
West Bengal,2026-12-23 18:00:00,5,Heavy Rain,0.74973157293604,7.360757230978797,36.06344309295939,30.907699932940428,5.155743160018961,0.16244992261777857,22.895265816427752,13.168177276531637,0
West Bengal,2026-12-24 00:00:00,9,Cyclonic,0.7961672712178928,9.282406871963856,17.485570620589378,20.254004477923992,2.768433857334614,0.265362226818356,32.932480367380315,15.446909746790936,0
Karnataka,2026-12-24 06:00:00,5,Heat Wave,0.23483465744149298,3.190394879620158,32.520586492255916,30.3709206395243,2.1496658527316157,0.3174939967465845,50.30123747031424,17.780650978058326,0
West Bengal,2026-12-24 12:00:00,5,Normal,0.4997431650812503,21.93413546176213,14.182808442159473,14.02118356354916,0.16162487861031316,0.8608631051328121,66.21590272024424,52.033094278084775,0
Telangana,2026-12-24 18:00:00,3,Heavy Rain,0.2591768908845241,6.3838353347603505,66.86133268613439,71.72673007761205,4.865397391477657,0.17049143191098806,46.81037479323854,20.050957892895852,0
Tamil Nadu,2026-12-25 00:00:00,1,Normal,0.6959146139688239,2.42004904817327,79.96672067328481,85.72156101792264,5.754840344637827,0.14804198900035095,97.59997720357745,17.63325653029264,0
Odisha,2026-12-25 06:00:00,2,Heavy Rain,0.24215173517959132,20.574726057300694,69.1013300281951,50.63625390552049,18.465076122674603,0.05137406058407928,94.95579401179238,25.854463983597284,0
Coastal Andhra,2026-12-25 12:00:00,8,Monsoon,0.9137473155604674,7.144050948717167,84.32588632583267,78.7535700154987,5.572316310333974,0.15215335853930997,80.46343233889914,3.862453986933531,0
West Bengal,2026-12-25 18:00:00,1,Normal,0.30757118109527204,27.769263929320292,50.528790397366876,53.525709137350134,2.9969187399832578,0.25019272721170926,43.923252162445,6.605538234921873,0
Maharashtra,2026-12-26 00:00:00,7,Heavy Rain,0.3622620396594204,8.393814830652424,81.93810780423861,63.89340297810205,18.04470482613656,0.052508033552067485,38.58697352688869,43.35113427734992,1
West Bengal,2026-12-26 06:00:00,5,Monsoon,0.8658156899358997,4.357525694406444,4.190552018160257,3.1493772366420316,1.041174781518225,0.48991395007153693,0.0,4.190552018160257,0
West Bengal,2026-12-26 12:00:00,3,Normal,0.5126208491311515,14.736602324078575,42.57856524595866,30.090668329859337,12.48789691609932,0.07414054290453448,47.94820001041701,5.369634764458354,0
Rajasthan,2026-12-26 18:00:00,7,Monsoon,0.12159635122006573,6.798830515226585,67.92759594720334,71.35836049815734,3.4307645509539952,0.22569468282504163,73.95269583016294,6.025099882959594,0
Telangana,2026-12-27 00:00:00,9,Heavy Rain,0.5451276260823812,12.830954598902853,29.62632662129614,27.449970284330686,2.176356336965455,0.31482613847895735,90.02906186610832,60.40273524481218,1
Coastal Andhra,2026-12-27 06:00:00,2,Heat Wave,0.17608900184211074,4.584530272453746,40.581325512885755,39.04585053831213,1.5354749745736243,0.3944034194887544,24.316482894119712,16.264842618766043,0
Rajasthan,2026-12-27 12:00:00,8,Normal,0.9868102468185795,11.835903207716425,41.30238744989764,22.92105422278143,18.381333227116208,0.05159603770709185,13.139145099817547,28.16324235008009,0
Rajasthan,2026-12-27 18:00:00,9,Normal,0.6293004134100422,5.946472881072186,47.02372048994735,47.8573632493828,0.833642759435449,0.545362500331245,39.82367073986533,7.200049750082023,0
Maharashtra,2026-12-28 00:00:00,3,Heavy Rain,0.3308793558498806,14.068063847402232,23.446457923477727,24.153298358399766,0.7068404349220394,0.5858778474776849,0.0,23.446457923477727,0
Tamil Nadu,2026-12-28 06:00:00,2,Normal,0.607345911592856,7.655556486263343,41.50441880141272,44.23783308412157,2.73341428270885,0.2678513350718825,24.177766552791223,17.326652248621496,0
Maharashtra,2026-12-28 12:00:00,7,Heat Wave,0.16918039304357935,9.271337408006843,79.80690920591505,108.58017059740287,28.77326139148782,0.03358718370994117,67.3988446982282,12.408064507686845,0
Tamil Nadu,2026-12-28 18:00:00,5,Normal,0.8199021738419353,6.696761262800711,17.130416947210293,13.87689176551019,3.253525181700102,0.23509911362516198,17.888416958575583,0.75800001136529,0
Tamil Nadu,2026-12-29 00:00:00,5,Monsoon,0.9327952484777473,7.909717427101778,24.432253892028932,27.411485090095145,2.9792311980662127,0.25130482503403423,23.21917912235648,1.2130747696724526,0
Coastal Andhra,2026-12-29 06:00:00,10,Heavy Rain,0.8869999493855436,13.891041475005647,44.274623423107954,47.97678666114718,3.702163238039226,0.2126680741132658,115.86386728218834,71.58924385908038,1
West Bengal,2026-12-29 12:00:00,5,Normal,0.4075818420687065,3.129763227473723,66.97977425469146,74.60343993886794,7.623665684176473,0.11595996837341407,49.85607038202385,17.123703872667612,0
Coastal Andhra,2026-12-29 18:00:00,4,Normal,0.39319130767903165,10.127214685752739,17.214752733782717,15.878812023236845,1.3359407105458718,0.4280930571077363,20.707965376929888,3.493212643147171,0
Telangana,2026-12-30 00:00:00,5,Heavy Rain,0.13157885009467002,37.367710143921904,29.03057991134213,34.5717987365009,5.541218825158772,0.15287670795445793,0.0,29.03057991134213,0
Tamil Nadu,2026-12-30 06:00:00,4,Heavy Rain,0.686260322830825,18.62641709047576,114.77818311056964,93.84968870550674,20.928494405062906,0.04560276604166301,88.54653204513383,26.231651065435813,0
Rajasthan,2026-12-30 12:00:00,6,Normal,0.5814143057708154,7.253485005783194,47.93054569277439,42.30200308543878,5.628542607335611,0.15086272492136202,45.73459729051841,2.195948402255979,0
West Bengal,2026-12-30 18:00:00,4,Heat Wave,0.5134117341946073,8.88606438539568,64.268760323087,61.29300964206361,2.975750681023385,0.2515248264367003,45.490819015576136,18.777941307510858,0
Odisha,2026-12-31 00:00:00,2,Normal,0.9168678580012363,5.622433803743286,84.7820441329786,79.91942378424646,4.862620348732136,0.17057219136085833,99.44999512902223,14.66795099604363,0
Telangana,2026-12-31 06:00:00,9,Normal,0.25109101097456166,12.518905486516246,48.105951306498646,52.599176503433725,4.493225196935079,0.1820424184608244,84.62405214478929,36.51810083829064,0
Coastal Andhra,2026-12-31 12:00:00,2,Heavy Rain,0.10869964002116411,2.4650220721957177,17.698520673179104,18.85021410308766,1.1516934299085548,0.4647502223597435,19.297880634169484,1.5993599609903804,0
Maharashtra,2026-12-31 18:00:00,9,Normal,0.1659848069086889,5.9385123965503075,38.34087998814809,40.9177594898753,2.5768795017272126,0.2795732983224952,29.37489650850594,8.965983479642148,0
Telangana,2027-01-01 00:00:00,10,Heat Wave,0.301034294044632,4.355536009912256,66.86271975011638,88.9566850943696,22.09396534425322,0.043301355358136596,43.35619051487056,23.50652923524582,0
Telangana,2027-01-01 06:00:00,6,Normal,0.12995699433711125,5.799578840107244,71.28655817359497,67.58088433054819,3.7056738430467817,0.21250941594212364,69.85024297190937,1.436315201685602,0
West Bengal,2027-01-01 12:00:00,9,Normal,0.552559339578822,9.752642271813796,30.29122972338245,38.28983481364316,7.99860509026071,0.11112833488851634,54.632611932682636,24.341382209300185,0
Telangana,2027-01-01 18:00:00,9,Normal,0.38268140971022024,0.6284938999583735,28.05123966902724,20.58593479389516,7.46530487513208,0.11812923630637667,1.4347324665837071,26.616507202443533,1
Telangana,2027-01-02 00:00:00,3,Heavy Rain,0.2624347072613194,6.474171548879102,27.980409616953693,27.083055106326796,0.8973545106268972,0.5270496337922606,34.43534052662392,6.4549309096702245,0
Odisha,2027-01-02 06:00:00,1,Heavy Rain,0.775075667453796,5.395835794959888,71.76184858564699,70.55913575725795,1.2027128283890391,0.4539856431177881,63.35562901945576,8.406219566191226,0
Karnataka,2027-01-02 12:00:00,1,Monsoon,0.28400619360927704,16.098994619662147,32.01224150454946,21.542016209620463,10.470225294928994,0.08718224570899245,22.20855675922305,9.803684745326407,0
Maharashtra,2027-01-02 18:00:00,3,Normal,0.7188445908944139,3.6710257139322677,9.062855979674735,9.164873245426216,0.10201726575148129,0.9074267990874768,7.887675710549739,1.1751802691249962,0
Maharashtra,2027-01-03 00:00:00,5,Normal,0.41433841526287507,9.868752904184873,35.88240297236359,36.92119195866318,1.0387889862995863,0.4904872484204487,73.58124080443463,37.698837832071035,1
Maharashtra,2027-01-03 06:00:00,3,Monsoon,0.5606449845962991,7.268564455214914,65.97512476880766,75.82759158599742,9.852466817189764,0.09214494887153675,80.7030959482085,14.72797117940084,0
Tamil Nadu,2027-01-03 12:00:00,9,Normal,0.9404803358661878,16.91740183877829,81.45642056395099,91.27446170358945,9.818041139638467,0.09243817684662821,65.0106812995365,16.445739264414485,0
Rajasthan,2027-01-03 18:00:00,9,Cyclonic,0.13361647133423155,15.349571924638969,29.560304164857804,20.11964307306282,9.440661091794983,0.09577937557860886,0.0,29.560304164857804,0
Karnataka,2027-01-04 00:00:00,3,Normal,0.5502380567297157,24.451335259448385,43.89720844906406,57.021841550974386,13.124633101910327,0.07079829916890033,26.716159271187728,17.181049177876332,0
Maharashtra,2027-01-04 06:00:00,3,Monsoon,0.8689806642948564,17.33332352062148,42.38195650076422,37.48201951287473,4.89993698788949,0.1694933356157279,26.199932807881083,16.182023692883135,0
Telangana,2027-01-04 12:00:00,5,Normal,0.6291768235333136,10.399530820569609,38.59275656742147,32.75722150298843,5.835535064433039,0.1462943267167547,82.84087743168186,44.24812086426039,1
Telangana,2027-01-04 18:00:00,2,Heavy Rain,0.34918346526864097,14.623969771152005,38.44008702141213,43.151481742743236,4.711394721331104,0.17508858147470832,14.022137918434343,24.41794910297779,0
Maharashtra,2027-01-05 00:00:00,6,Normal,0.45791302163053094,6.744428197082568,9.314076017057069,11.295789699563839,1.9817136825067703,0.3353776071347284,0.0,9.314076017057069,0
West Bengal,2027-01-05 06:00:00,7,Normal,0.7122390658557171,9.024787401559063,60.46354576056479,53.3269008941261,7.136644866438694,0.12290077991786402,45.902442334596415,14.561103425968376,0
Maharashtra,2027-01-05 12:00:00,9,Normal,0.9017307048824227,9.325424388589592,82.94010210184098,82.02053866257768,0.9195634392632996,0.5209517849453235,74.57809358112789,8.36200852071309,0
Telangana,2027-01-05 18:00:00,6,Normal,0.13695973637195044,3.8496625117788303,39.26160818312502,48.20477295618926,8.94316477306424,0.10057160097647909,31.89760654494287,7.364001638182149,0
Tamil Nadu,2027-01-06 00:00:00,3,Normal,0.16438493970133877,16.5072230910575,21.02868125146671,16.136184588851577,4.892496662615134,0.16970735110373275,0.4888152593939843,20.539865992072727,0
Coastal Andhra,2027-01-06 06:00:00,5,Heavy Rain,0.3925463712486288,20.90846857862056,57.221350991344025,17.186561433964584,40.03478955737944,0.024369565697459905,59.0433945913112,1.8220435999671736,0
Coastal Andhra,2027-01-06 12:00:00,4,Heavy Rain,0.3095017159937311,7.353025477476108,132.46863262666005,150.27707806970596,17.808445443045912,0.05316760510740308,124.35051664218223,8.118115984477825,0
Karnataka,2027-01-06 18:00:00,5,Monsoon,0.33843779760016546,7.800092486307903,55.9804315812129,68.78607333908768,12.805641757874781,0.07243415536475128,62.940206430570875,6.959774849357977,0
Karnataka,2027-01-07 00:00:00,8,Monsoon,0.29914299876329287,4.79015363542436,49.884347915696175,30.00128549450803,19.883062421188146,0.04788569702235774,49.47522185723021,0.40912605846596506,0
Maharashtra,2027-01-07 06:00:00,8,Heavy Rain,0.276242543969642,2.8327627187686524,22.45064751196168,22.33724980346208,0.11339770849960118,0.898151659884037,19.446136975200822,3.0045105367608578,0
Odisha,2027-01-07 12:00:00,6,Normal,0.2175615701823626,13.520323853551606,10.08119014903709,8.825978699363434,1.2552114496736557,0.4434174011242745,0.0,10.08119014903709,0
Maharashtra,2027-01-07 18:00:00,1,Heavy Rain,0.9405587186157142,3.024472582803927,41.23251340835332,42.55844207895826,1.325928670604938,0.42993579839226775,52.58218982962278,11.349676421269457,0
West Bengal,2027-01-08 00:00:00,8,Normal,0.22977051751553776,2.863150108549044,56.25911177570928,27.166751396212636,29.092360379496643,0.033231025661959956,58.4282952162672,2.169183440557923,0
Maharashtra,2027-01-08 06:00:00,8,Monsoon,0.28396339728898257,12.928162412078347,100.35501304794224,68.55961966472385,31.795393383218382,0.030492087358577214,90.06617130255266,10.288841745389576,0
Karnataka,2027-01-08 12:00:00,2,Normal,0.3216391515827072,9.427834656081872,48.53651760334991,53.981464148647106,5.444946545297199,0.15516032491063686,50.28759758368194,1.7510799803320367,0
Coastal Andhra,2027-01-08 18:00:00,4,Normal,0.9397133858173785,13.574948783740508,12.23846411634164,11.830861896056902,0.4076022202847387,0.7104279785788585,8.16311015809855,4.07535395824309,0
Telangana,2027-01-09 00:00:00,2,Monsoon,0.7801427202409763,4.295345378610274,22.77289899801392,31.338445944038522,8.565546946024604,0.1045418527181653,48.322034451006004,25.549135452992086,1
Maharashtra,2027-01-09 06:00:00,4,Normal,0.8107294872839632,26.553662625023318,51.06684416681708,58.580685125539205,7.5138409587221275,0.11745579989670062,33.99909284026255,17.06775132655453,0
Telangana,2027-01-09 12:00:00,10,Cyclonic,0.19428243358464825,3.7402363167453423,50.916777561565524,38.65842138795755,12.258356173607972,0.07542413153680362,72.85791621888674,21.94113865732122,0
Telangana,2027-01-09 18:00:00,7,Cyclonic,0.8526788875141045,5.39233842509764,70.56765898578887,83.25929883080684,12.691639845017974,0.0730372702846017,130.21118987897614,59.643530893187275,1
Odisha,2027-01-10 00:00:00,9,Normal,0.4673737736356762,4.45543427555787,25.228252095968923,36.003427355311736,10.775175259342813,0.08492442600432354,18.481042906600692,6.747209189368231,0
Telangana,2027-01-10 06:00:00,8,Normal,0.33654072359114984,26.041967355972638,102.30467109962342,100.45610718873166,1.8485639108917553,0.35105408594709947,91.81892796572353,10.485743133899888,0
Coastal Andhra,2027-01-10 12:00:00,9,Heavy Rain,0.6181750751682795,6.014042709116917,59.62174812893806,65.62577301812247,6.004024889184414,0.14277504946394404,43.82140213161232,15.800345997325742,0
Tamil Nadu,2027-01-10 18:00:00,8,Heavy Rain,0.8399646152350605,3.4673263213636756,24.672941486619607,29.764085798080306,5.091144311460699,0.1641727644046235,8.404421563747597,16.26851992287201,0
Tamil Nadu,2027-01-11 00:00:00,2,Normal,0.8007869359674185,35.79155811771095,37.47285023051129,35.91003194472611,1.562818285785184,0.39019543662012884,23.727679998315608,13.745170232195683,0
Rajasthan,2027-01-11 06:00:00,7,Monsoon,0.9009977343230189,23.282657955362428,17.78435500984731,8.3801010529592,9.40425395688811,0.09611453201197116,0.0,17.78435500984731,0
West Bengal,2027-01-11 12:00:00,2,Heavy Rain,0.9353189674138995,18.861568792550173,70.08303965349161,79.8226249718648,9.739585318373187,0.09311346484572443,40.07572110843415,30.00731854505746,0
Maharashtra,2027-01-11 18:00:00,2,Normal,0.3143098642849746,22.40090057239064,89.38469881556568,107.25621095974479,17.871512144179107,0.052989924302830636,70.63993992794299,18.744758887622694,0
West Bengal,2027-01-12 00:00:00,4,Normal,0.4814721047523445,3.5964518851197136,123.10694360303602,168.13821952585096,45.03127592281494,0.02172435979564842,114.18114271252533,8.925800890510686,0
Coastal Andhra,2027-01-12 06:00:00,1,Monsoon,0.11316568528456301,24.478218091339848,42.98078086559074,31.15848135234519,11.822299513245547,0.07798913127610156,23.737518811675706,19.243262053915032,0
Telangana,2027-01-12 12:00:00,5,Normal,0.891389493338554,6.963061075767273,52.43873459314506,38.620319259963686,13.81841533318137,0.06748359912417908,62.61359734796696,10.174862754821902,0
Tamil Nadu,2027-01-12 18:00:00,6,Monsoon,0.2391149363272908,10.708055068786317,49.4999114485657,40.972584803984006,8.527326644581692,0.10496123805818208,33.29028571898032,16.209625729585376,0
West Bengal,2027-01-13 00:00:00,9,Normal,0.8753273311084249,8.113829823442057,86.24890119557864,82.62830419719273,3.6205969983859063,0.21642225027400697,51.3021522055272,34.94674899005144,1
Coastal Andhra,2027-01-13 06:00:00,10,Heavy Rain,0.39644858978793673,20.78162588232211,26.913143479432946,30.535648269779895,3.622504790346948,0.21633292886754232,36.370613486591644,9.457470007158697,0
Tamil Nadu,2027-01-13 12:00:00,8,Cyclonic,0.4313202309830244,0.54333695077479,37.49489282194566,26.986008989474414,10.508883832471248,0.0868893990552405,0.0,37.49489282194566,1
Telangana,2027-01-13 18:00:00,2,Cyclonic,0.13521902903547345,3.1308250769825374,53.89065906408759,66.67966332478407,12.78900426069648,0.07252155276000256,58.56792727489105,4.6772682108034545,0
West Bengal,2027-01-14 00:00:00,1,Normal,0.39419091078878765,22.374123910712484,83.04358419671354,101.70348493340141,18.659900736687874,0.050864956715364944,73.84084234873153,9.202741847982011,0
Tamil Nadu,2027-01-14 06:00:00,2,Normal,0.8995273145211377,4.85709862639845,96.50306067404527,118.8766406124657,22.373579938420434,0.042783347806993194,114.95445570289212,18.451395028846846,0
Maharashtra,2027-01-14 12:00:00,7,Monsoon,0.12299266100944373,20.262993319307938,77.7861336388453,71.75145452495723,6.034679113888075,0.14215289479597867,52.648501977105965,25.137631661739334,0
Karnataka,2027-01-14 18:00:00,4,Normal,0.46569472574205284,4.649232716239505,39.79360898210554,17.558779539612686,22.234829442492853,0.043038835403334495,20.298222248218003,19.495386733887536,0
Maharashtra,2027-01-15 00:00:00,10,Normal,0.12825966683146703,6.753759839818122,64.11734577495255,89.78481307225582,25.66746729730326,0.03749887414696951,64.67189092135017,0.554545146397615,0
Rajasthan,2027-01-15 06:00:00,5,Heat Wave,0.4338310825981585,27.96006497428074,45.34510131227254,38.623961188910755,6.721140123361785,0.1295145514811095,91.16382205614028,45.818720743867736,0
Rajasthan,2027-01-15 12:00:00,7,Normal,0.2553765767022621,14.533311123346502,31.814540266775595,37.52219036729837,5.707650100522777,0.14908350689342942,30.97569807679782,0.8388421899777754,0
Tamil Nadu,2027-01-15 18:00:00,3,Normal,0.3269965539415348,9.556695855070474,49.17526388183529,50.671199093279235,1.4959352114439426,0.40065142533146214,62.627449195301296,13.452185313466003,0
Karnataka,2027-01-16 00:00:00,10,Normal,0.8898385358452771,12.169299839611323,181.81935653700992,233.12577988434785,51.306423347337926,0.019118110855325644,178.7118500860992,3.1075064509107335,0
Coastal Andhra,2027-01-16 06:00:00,2,Heavy Rain,0.49244429855970195,17.381938539470575,26.490386103334075,26.15068590247694,0.33970020085713415,0.7464356572912392,3.5596230032655853,22.93076310006849,0
Maharashtra,2027-01-16 12:00:00,7,Monsoon,0.346418192261721,9.142817382694785,28.777535681741924,29.272306032464822,0.49477035072289866,0.6689990870613546,15.742122168573646,13.035413513168278,0
Coastal Andhra,2027-01-16 18:00:00,5,Normal,0.630404540155493,12.894784092806415,43.160945572451325,45.10222921680953,1.941283644358208,0.33998761116362897,79.65518769812701,36.49424212567568,0
Karnataka,2027-01-17 00:00:00,1,Normal,0.22789626384932415,36.26952619253935,81.11257199260069,89.5802144369745,8.467642444373809,0.10562291572325429,89.04091776716858,7.928345774567887,0
Coastal Andhra,2027-01-17 06:00:00,1,Normal,0.3334524466787703,3.3476883785885203,12.0464533637497,8.326182588325846,3.720270775423854,0.21185225330854152,10.154194173581708,1.8922591901679926,0
Karnataka,2027-01-17 12:00:00,9,Monsoon,0.5916231708425996,9.482694955026874,72.63926643377256,106.70029469087048,34.06102825709792,0.028521696302433897,23.396306933010813,49.24295950076175,1
Tamil Nadu,2027-01-17 18:00:00,5,Normal,0.31377073766326197,5.603297090477346,31.01031578297456,30.462387655227175,0.5479281277473831,0.6460248263950384,33.38345634443541,2.3731405614608505,0
Coastal Andhra,2027-01-18 00:00:00,1,Heat Wave,0.711214963660786,3.922865312204486,69.1596753434363,79.10283045263002,9.943155109193711,0.09138132376099344,60.79862539510072,8.361049948335584,0
Maharashtra,2027-01-18 06:00:00,7,Normal,0.5423421720335703,9.402639223178038,54.423748727356774,75.04836745478066,20.624618727423886,0.0462435898919143,50.248922158946456,4.174826568410317,0
Telangana,2027-01-18 12:00:00,9,Heat Wave,0.7947901632292218,3.9952763321375033,36.72853683444333,36.656492580541475,0.07204425390185776,0.932797313506749,55.77176947268656,19.043232638243225,0
Rajasthan,2027-01-18 18:00:00,1,Normal,0.9534200821502217,3.4829647641331847,16.342412245624274,12.273012862456714,4.069399383167561,0.19726202739527707,23.912560543708718,7.570148298084444,0
Telangana,2027-01-19 00:00:00,10,Monsoon,0.20422440041266698,7.691880175132633,82.98837631904073,61.66420170719187,21.324174611848854,0.044794489264979885,88.78076562480408,5.792389305763351,0
Coastal Andhra,2027-01-19 06:00:00,4,Normal,0.40119850898609033,12.6217768172292,42.227302391039245,37.479497381825375,4.74780500921387,0.1739794579664717,17.8986876423544,24.328614748684846,0
Telangana,2027-01-19 12:00:00,3,Normal,0.38759415659056595,11.915421435752913,36.613288171247746,39.664520668864434,3.051232497616688,0.2468384622675428,49.91568475351076,13.302396582263015,0
Maharashtra,2027-01-19 18:00:00,5,Cyclonic,0.23606462740352885,7.817931637231069,27.556495531575468,30.57333615394907,3.0168406223736035,0.24895187387571452,32.52307187676423,4.966576345188759,0
Maharashtra,2027-01-20 00:00:00,7,Cyclonic,0.8292728236001238,2.451342649940496,57.50715648603717,73.75095004448573,16.243793558448566,0.05799187960644842,81.6363575318243,24.129201045787134,1
Coastal Andhra,2027-01-20 06:00:00,8,Normal,0.783890833634911,2.3109804537260166,81.63209803131801,50.27262861867932,31.35946941263869,0.030902855273931915,49.575655991491885,32.05644203982612,1
Tamil Nadu,2027-01-20 12:00:00,2,Monsoon,0.5359829237509591,10.962572681613942,45.5726610372865,48.09855189508532,2.525890857798821,0.283616266166642,37.13674712557409,8.435913911712412,0
Telangana,2027-01-20 18:00:00,7,Heavy Rain,0.5839937000151486,4.975485489120236,27.480232709252345,31.70994691153296,4.229714202280615,0.19121503801563614,0.0,27.480232709252345,1
Tamil Nadu,2027-01-21 00:00:00,1,Cyclonic,0.15358972420224665,9.891626302338071,93.8961945057097,107.4677714799882,13.5715769742785,0.06862675205059707,140.5274722944043,46.631277788694604,1
Tamil Nadu,2027-01-21 06:00:00,7,Normal,0.5999566170943411,8.942229676836439,21.29483257848659,8.428177580561117,12.866654997925474,0.072115445300226,0.0,21.29483257848659,0
Karnataka,2027-01-21 12:00:00,8,Heavy Rain,0.8122073716176728,1.258641165901401,40.60330252049167,36.82738144019693,3.7759210802947365,0.20938369440943252,71.31120948592907,30.707906965437402,1
Odisha,2027-01-21 18:00:00,2,Heavy Rain,0.6164448162254714,22.656532434655624,86.59145826187444,104.20683411567717,17.615375853802732,0.0537190335480506,106.18069750744925,19.589239245574817,0
Coastal Andhra,2027-01-22 00:00:00,9,Normal,0.33877573310837705,2.2789489236008014,38.35638484353392,30.56566148055717,7.790723362976745,0.11375628133307297,42.27869265317452,3.9223078096406,0
Rajasthan,2027-01-22 06:00:00,1,Cyclonic,0.7007934451009035,6.909312411692946,15.437840719859404,10.85939778248785,4.578442937371554,0.179261491284731,15.9268920947615,0.4890513749020968,0
Maharashtra,2027-01-22 12:00:00,6,Normal,0.42533958696872287,2.7475047016735203,52.078820110209875,59.42062294375373,7.341802833543852,0.11987816302476302,52.37344829103652,0.294628180826642,0
Maharashtra,2027-01-22 18:00:00,1,Normal,0.5903859558571617,4.877926643480079,95.47983983438799,102.62096469145574,7.1411248570677515,0.12283314868114888,104.73472133076729,9.254881496379298,0
Coastal Andhra,2027-01-23 00:00:00,3,Heavy Rain,0.5388088269510323,5.383445576127067,31.29633608627797,33.09972728377222,1.8033911974942463,0.35671082968863904,33.593648589822564,2.2973125035445925,0
Karnataka,2027-01-23 06:00:00,6,Monsoon,0.44305750086866214,5.8269081920667265,34.14318197799591,28.626510417522102,5.516671560473807,0.15345257018404856,36.52257010745817,2.3793881294622636,0
West Bengal,2027-01-23 12:00:00,3,Normal,0.7469901823547216,7.0671581954038505,82.35921134117673,55.29048973601019,27.068721605166544,0.03562684521463679,113.755620245279,31.396408904102273,1
West Bengal,2027-01-23 18:00:00,8,Normal,0.8954885007872936,25.966702631485198,3.7383461699532488,4.625682517398724,0.8873363474454754,0.5298472640308697,0.0,3.7383461699532488,0
West Bengal,2027-01-24 00:00:00,5,Heat Wave,0.10469126662923245,3.7846369453125717,96.99796602730763,177.92778036908504,80.92981434177742,0.012205568974298076,96.79254909041906,0.2054169368885681,0
Karnataka,2027-01-24 06:00:00,2,Normal,0.9402548673073305,12.942298383576816,29.568299043430258,17.591513209691147,11.976785833739111,0.07706068458030964,25.194404376938962,4.373894666491296,0
Rajasthan,2027-01-24 12:00:00,4,Monsoon,0.5603636224749025,18.76260290328394,12.571393046480797,15.7778267898684,3.2064337433876027,0.2377310712600602,28.157377131768904,15.585984085288107,0
Maharashtra,2027-01-24 18:00:00,9,Monsoon,0.7306586923269387,11.993702785988843,39.358514111310164,37.673756986913645,1.6847571243965191,0.37247317119040346,38.35924694323299,0.999267168077175,0
Coastal Andhra,2027-01-25 00:00:00,4,Normal,0.8700621095582894,21.43698335583909,66.4002656416204,71.6650715303917,5.264805888771306,0.15962186502734985,129.64021069044557,63.23994504882518,1
Karnataka,2027-01-25 06:00:00,10,Heat Wave,0.520393323082843,12.075112303489863,36.82422388315379,36.27436154238719,0.5498623407666017,0.6452185937399927,55.75855977049713,18.934335887343337,0
Maharashtra,2027-01-25 12:00:00,10,Monsoon,0.8514766660284012,11.81862085326233,19.233979713119005,29.789662736428816,10.555683023309811,0.08653750695504775,38.560510639517716,19.32653092639871,0
Tamil Nadu,2027-01-25 18:00:00,8,Heavy Rain,0.259857837509682,19.13226842926569,81.64358417817883,65.27317228300831,16.37041189517052,0.057569158753111034,83.51371154180511,1.8701273636262812,0
Telangana,2027-01-26 00:00:00,5,Heavy Rain,0.24325078103183304,10.63651978852029,41.372046350281096,35.151275628968364,6.220770721312732,0.13848937164677078,42.11555294052389,0.7435065902427951,0
Telangana,2027-01-26 06:00:00,10,Monsoon,0.6917242319705382,18.830126699311105,11.017479912440397,11.227303936637187,0.2098240241967897,0.8265664923160265,0.0,11.017479912440397,0
Karnataka,2027-01-26 12:00:00,1,Heavy Rain,0.8831287049965635,10.610218659175983,12.06507603569662,13.776678528011923,1.7116024923153024,0.3687856176685211,42.27133853230646,30.20626249660984,0
Maharashtra,2027-01-26 18:00:00,7,Cyclonic,0.9031835597824355,18.601194418690724,57.535912320738774,76.73729853117257,19.201386210433796,0.04950155348663701,17.545078893100353,39.99083342763842,0
Odisha,2027-01-27 00:00:00,3,Normal,0.6793664125395219,24.329206182659643,15.580806320595928,17.495888311241465,1.9150819906455379,0.34304352440479813,0.0,15.580806320595928,0
Rajasthan,2027-01-27 06:00:00,10,Normal,0.5729403071883857,6.225724164138054,124.3715309383966,131.38284707352608,7.011316135129476,0.12482343514257514,137.54033481329162,13.16880387489502,0
West Bengal,2027-01-27 12:00:00,8,Normal,0.39825377892686464,5.503755559329795,48.188267355328406,42.86640305870082,5.321864296627588,0.1581811872383044,32.40736684190395,15.780900513424456,0
Rajasthan,2027-01-27 18:00:00,3,Normal,0.9820003740393982,21.40391312210211,25.21238018439572,28.442377100743496,3.229996916347776,0.23640679172490048,0.0,25.21238018439572,0
Rajasthan,2027-01-28 00:00:00,1,Normal,0.3877261179996254,18.35191332291821,24.725953054209434,20.315091035213374,4.41086201899606,0.18481343573154757,0.3600636183499546,24.36588943585948,0
Karnataka,2027-01-28 06:00:00,5,Cyclonic,0.7697674965084339,1.4962812474622913,46.855469600639395,49.22246572033787,2.3669961196984772,0.29700063927889303,56.50688107290603,9.651411472266638,0
Tamil Nadu,2027-01-28 12:00:00,2,Monsoon,0.5787836199145007,9.98387868909812,107.49383212231675,101.63603889856223,5.857793223754513,0.1458195030634824,83.66326486692175,23.830567255394996,0
Rajasthan,2027-01-28 18:00:00,4,Monsoon,0.647661108272812,27.812638286656632,29.160918859098647,21.997823903011387,7.16309495608726,0.12250255636856154,0.0,29.160918859098647,0
Telangana,2027-01-29 00:00:00,1,Heavy Rain,0.45413249552976354,3.1170781924415616,37.83750990602198,52.581568050865,14.744058144843024,0.06351602558883782,20.098161825952452,17.739348080069526,0
Tamil Nadu,2027-01-29 06:00:00,9,Monsoon,0.968340812925023,2.7138965422667773,56.55418558233979,42.70327634428813,13.850909238051663,0.06733594448464847,31.00256101899509,25.5516245633447,1
Coastal Andhra,2027-01-29 12:00:00,6,Heavy Rain,0.6145140934893439,4.738819547534614,38.31487100905201,34.541434632622774,3.7734363764292382,0.20949268433489596,4.3403911170565905,33.97447989199542,1
Rajasthan,2027-01-29 18:00:00,8,Cyclonic,0.944008867412911,5.896838567344586,15.190237924421714,9.17143399316837,6.018803931253345,0.14247441726462795,26.077584630307275,10.88734670588556,0
Rajasthan,2027-01-30 00:00:00,4,Normal,0.10683227455652272,1.8031456331609599,47.048619893416934,45.07302297593137,1.9755969174855608,0.33606702377048436,51.72126810169437,4.672648208277437,0
Coastal Andhra,2027-01-30 06:00:00,9,Heat Wave,0.6154035248720089,3.154837829798317,28.693954468220277,31.80419593927415,3.1102414710538717,0.24329470836262052,92.68842904973147,63.99447458151119,1
Rajasthan,2027-01-30 12:00:00,2,Monsoon,0.7454682007527443,1.6345178934094773,36.89299364606975,28.530222904697602,8.362770741372145,0.1068059901948904,45.0049284821654,8.11193483609565,0
Coastal Andhra,2027-01-30 18:00:00,9,Normal,0.7705721540459962,9.743068681051241,116.49545052932899,63.51816038388931,52.97729014543968,0.018526309811136118,125.68015450210827,9.184703972779275,0
Tamil Nadu,2027-01-31 00:00:00,5,Heavy Rain,0.9144791936035132,9.59287948748087,38.31562288830211,34.72329402896812,3.592328859333989,0.2177544402046649,102.12002571169498,63.80440282339287,1
Telangana,2027-01-31 06:00:00,6,Heavy Rain,0.10396144810340766,21.532817230337876,6.868879817808471,6.599797373500201,0.2690824443082702,0.7879708717782027,5.427994939327046,1.440884878481425,0
Coastal Andhra,2027-01-31 12:00:00,3,Normal,0.1002971433335288,10.338574880853866,35.73165769540511,33.63075509611633,2.10090259928878,0.3224867495771583,21.925050716479447,13.806606978925664,0
Odisha,2027-01-31 18:00:00,4,Heavy Rain,0.5250371147156938,12.772156745651333,42.35865662165697,59.1456810093353,16.78702438767833,0.05622075835757743,68.7916542030551,26.432997581398133,0
Karnataka,2027-02-01 00:00:00,6,Normal,0.1263643345048336,13.751973610881647,65.6593316977482,71.15719553545924,5.497863837711037,0.153896730521867,29.348298044514053,36.31103365323415,0
Karnataka,2027-02-01 06:00:00,7,Normal,0.9770792982961372,3.6450549577256957,51.88216630753293,55.20808437593092,3.3259180683979963,0.23116480344490825,42.21730114498425,9.66486516254868,0
Coastal Andhra,2027-02-01 12:00:00,1,Heat Wave,0.2998586570872528,3.2501671627870508,51.353449075540674,55.58942411474693,4.235975039206259,0.1909863955637943,42.51464361009103,8.838805465449646,0
Karnataka,2027-02-01 18:00:00,7,Heavy Rain,0.5253982564283602,2.808207753339078,54.26448330342055,58.65425624145429,4.389772938033744,0.18553657296828768,55.64788631220161,1.383403008781059,0
Rajasthan,2027-02-02 00:00:00,1,Cyclonic,0.15502386701100127,5.881308048464686,71.5641497252243,63.635112651627644,7.929037073596653,0.11199415925341162,84.11898791375,12.554838188525707,0
West Bengal,2027-02-02 06:00:00,5,Monsoon,0.5698435745541327,5.483499141860381,14.940799783747334,11.446243922162612,3.494555861584722,0.22249139421028644,1.4834691313035524,13.457330652443781,0
West Bengal,2027-02-02 12:00:00,6,Normal,0.44196051263266767,8.804315691488897,142.54593963000963,230.61738000985088,88.07144037984125,0.011226943178818529,126.8128997582105,15.733039871799122,0
Karnataka,2027-02-02 18:00:00,2,Heavy Rain,0.1401940259895014,14.514291307304907,34.3315749069137,33.0767343091374,1.254840597776301,0.4434903296428976,37.68037109058088,3.348796183667176,0
Tamil Nadu,2027-02-03 00:00:00,10,Monsoon,0.40161184002660233,12.755271234377961,20.367703872817824,20.47782117804674,0.11011730522891483,0.9008057034060848,11.006109386961354,9.36159448585647,0
Maharashtra,2027-02-03 06:00:00,9,Heat Wave,0.4522924182005701,5.442062149777964,57.56052572151441,58.21193305879818,0.6514073372837714,0.6055441182941552,57.738045714283246,0.17751999276883623,0
Tamil Nadu,2027-02-03 12:00:00,10,Normal,0.990929342147446,4.657977614693554,37.16708017596328,30.1332357987538,7.033844377209476,0.1244734093725806,57.467785027955685,20.300704851992407,0
Maharashtra,2027-02-03 18:00:00,6,Cyclonic,0.2870972847274379,5.1728330583620625,77.70106967840745,81.1676763448178,3.4666066664103568,0.2238836044194736,68.19748405266705,9.5035856257404,0
West Bengal,2027-02-04 00:00:00,7,Heat Wave,0.5903016538330897,5.761664636207385,29.707620777255688,20.208839835916972,9.498780941338715,0.09524915374341437,48.72382485634044,19.016204079084755,0
West Bengal,2027-02-04 06:00:00,10,Monsoon,0.9885839942787658,2.136481354969915,84.17280117599516,99.23789055418437,15.065089378189214,0.06224677475854265,54.4487381770593,29.724062998935864,1
Coastal Andhra,2027-02-04 12:00:00,8,Heat Wave,0.8128172871461217,10.446317528821096,20.68932229447434,19.364280874582853,1.3250414198914875,0.43009986464958166,0.0,20.68932229447434,0
Telangana,2027-02-04 18:00:00,10,Normal,0.99403075079388,27.91558588217115,125.1918892594517,160.50363414705365,35.31174488760195,0.02753929900904965,78.04275118906259,47.149138070389114,0
Odisha,2027-02-05 00:00:00,1,Heat Wave,0.9714684831941524,8.44759670912153,43.69487435487537,49.34641941097633,5.651545056100964,0.15034100973017914,47.99915265384271,4.30427829896734,0
Tamil Nadu,2027-02-05 06:00:00,8,Monsoon,0.5405855878847389,8.744355280885765,104.63888714945854,114.93961310252847,10.300725953069929,0.08848989030906836,93.34271218704602,11.296174962412522,0
Rajasthan,2027-02-05 12:00:00,4,Normal,0.7267382648835092,11.580341108428389,18.29061308205944,14.661026013825843,3.6295870682335973,0.21600198576274893,0.0,18.29061308205944,0
Maharashtra,2027-02-05 18:00:00,10,Heat Wave,0.19939881424703598,3.07524604794367,69.49466248505064,70.71416995712171,1.2195074720710721,0.45055040930629425,71.91927687086651,2.4246143858158717,0
Karnataka,2027-02-06 00:00:00,8,Heavy Rain,0.49703394254212174,4.786303502566697,68.40418968706278,81.32571026110091,12.921520574038126,0.07183123385708838,50.92551353942358,17.478676147639206,0
Rajasthan,2027-02-06 06:00:00,6,Heavy Rain,0.8281166880400277,5.2265391053320105,39.24301759156304,40.38653600487949,1.1435184133164498,0.46652270108228316,15.57126412180515,23.67175346975789,0
Telangana,2027-02-06 12:00:00,9,Heavy Rain,0.5548017888794291,2.9443305536011706,7.216713972175077,4.767384993914147,2.4493289782609295,0.2899114599687086,0.0,7.216713972175077,0
Maharashtra,2027-02-06 18:00:00,4,Normal,0.7324291295355086,24.145074143931158,69.90835107028333,87.1310960311032,17.222744960819867,0.05487647454596262,64.42076042091085,5.487590649372478,0
Tamil Nadu,2027-02-07 00:00:00,2,Heavy Rain,0.7711761969858493,14.222868815685239,35.40574957486285,42.096428728017294,6.690679153154441,0.13002752813967486,3.962195163543303,31.44355441131955,0
Coastal Andhra,2027-02-07 06:00:00,2,Monsoon,0.3281222271186045,14.950960874851454,94.44294669453717,59.011137946562215,35.431808747974955,0.027448541106419387,57.471285826239914,36.971660868297256,0
Rajasthan,2027-02-07 12:00:00,5,Normal,0.8881294356483089,6.33751602607993,79.43672945293213,81.9359755960577,2.499246143125575,0.2857758383086439,81.51469265174687,2.077963198814743,0
Telangana,2027-02-07 18:00:00,10,Normal,0.5138401878182611,9.276403610992078,94.15245144937637,113.34267654569815,19.190225096321782,0.04952891784164299,59.66539401746855,34.48705743190782,1
Tamil Nadu,2027-02-08 00:00:00,9,Normal,0.28916659325938937,5.9024403211279965,62.617510183505416,53.23160521832594,9.385904965179478,0.09628433953061105,95.22068705067386,32.60317686716844,1
West Bengal,2027-02-08 06:00:00,3,Normal,0.8788742936095993,6.99750706053968,47.85189304614537,32.00057884154863,15.85131420459674,0.059342552625789725,37.90342694091545,9.948466105229919,0
West Bengal,2027-02-08 12:00:00,8,Monsoon,0.47603692549562826,8.78114010020522,106.89766354356378,78.1759763606754,28.721687182888374,0.03364546547598848,175.24716105908942,68.34949751552564,1
Tamil Nadu,2027-02-08 18:00:00,4,Monsoon,0.7752811945417477,7.331769853730975,174.41661164576402,169.66872945079862,4.747882194965399,0.1739771216737715,195.50525026447988,21.088638618715862,0
Tamil Nadu,2027-02-09 00:00:00,6,Heat Wave,0.5932297649994337,8.696999857470496,45.01028296637894,55.48212947599312,10.471846509614181,0.08716992501267626,72.93612503458203,27.925842068203096,0
Tamil Nadu,2027-02-09 06:00:00,10,Heavy Rain,0.44368457701105035,1.8710900978725242,93.19221261806165,67.86027243406393,25.331940183997716,0.037976692678639526,39.873843643391076,53.31836897467057,1
Maharashtra,2027-02-09 12:00:00,6,Normal,0.8288887735347124,3.1340386112462015,27.682817001432905,20.21014816715291,7.472668834279997,0.11802656513069999,34.04651720526905,6.363700203836142,0
Tamil Nadu,2027-02-09 18:00:00,3,Heat Wave,0.6260229384801517,5.884725686570112,19.894239859690636,18.385121147665682,1.5091187120249536,0.39854630839405847,20.881628398094012,0.9873885384033763,0
Rajasthan,2027-02-10 00:00:00,5,Monsoon,0.45150589218432857,6.745547156941213,28.056048626772736,32.879153823842934,4.823105197070198,0.1717296813568015,33.29347722570335,5.237428598930613,0
Telangana,2027-02-10 06:00:00,3,Heavy Rain,0.1986380833016143,6.744393217993054,26.33294199195312,37.87863384034942,11.545691848396302,0.07970863720264487,51.1475204553397,24.81457846338658,0
Maharashtra,2027-02-10 12:00:00,1,Monsoon,0.9059007823900371,12.47854426127615,71.33132627446761,72.89911098219335,1.5677847077257354,0.3894407490594067,63.645027189022706,7.686299085444908,0
Tamil Nadu,2027-02-10 18:00:00,7,Heat Wave,0.13192262680749992,10.02511151331512,31.97380773868344,26.580080129514606,5.393727609168835,0.156403284770212,30.226618525442873,1.747189213240567,0
Odisha,2027-02-11 00:00:00,4,Monsoon,0.8768686135312506,11.161871335094917,21.201454611066403,16.980451382846617,4.221003228219786,0.19153407042442525,46.64963930177734,25.44818469071094,0
Karnataka,2027-02-11 06:00:00,7,Normal,0.4239653723948399,5.156286836392118,21.38047964108573,28.714884291348522,7.33440465026279,0.11998457501922098,0.0,21.38047964108573,0
Odisha,2027-02-11 12:00:00,3,Monsoon,0.6754048871512652,3.6125145453797614,61.75015300918828,42.254659810676834,19.495493198511447,0.04879121425936841,32.979941960170905,28.770211049017377,1
Telangana,2027-02-11 18:00:00,5,Normal,0.9299797514521168,7.1984903763566574,71.04094997656793,74.48360659089711,3.442656614329181,0.22509054532250747,101.55094707959995,30.50999710303202,1
West Bengal,2027-02-12 00:00:00,5,Normal,0.23653595395350857,13.51922591777238,64.66094289098722,85.96132756247489,21.300384671487677,0.044842275805159426,77.77679982362686,13.115856932639645,0
Coastal Andhra,2027-02-12 06:00:00,2,Normal,0.6102554280749292,23.465128674433533,69.34276404018983,66.59829394291995,2.7444700972698826,0.267060484934599,58.04046895595223,11.302295084237606,0
Coastal Andhra,2027-02-12 12:00:00,10,Normal,0.7879895761331728,5.289444010099768,35.432874954690064,25.856536381358303,9.57633857333176,0.09455067962002466,48.96433287113128,13.53145791644122,0
Karnataka,2027-02-12 18:00:00,2,Normal,0.7818254494471516,23.426752900798355,139.76745564265502,158.25929031659848,18.49183467394346,0.05130353385034569,145.446045885819,5.678590243163967,0
West Bengal,2027-02-13 00:00:00,4,Normal,0.5730687231395536,3.26801643804163,36.017173055041226,36.953238127023845,0.9360650719826182,0.5165115648597259,52.81883831508472,16.801665260043492,0
Maharashtra,2027-02-13 06:00:00,4,Monsoon,0.6622655139158122,2.044640253372017,30.691409473080583,34.300768871577944,3.609359398497361,0.21694988685976568,52.92176670652019,22.230357233439605,1
Maharashtra,2027-02-13 12:00:00,4,Monsoon,0.7817742947195601,6.584945665853253,70.12050924701893,80.2638061294814,10.143296882462465,0.08974004825930998,84.09747913078745,13.976969883768518,0
Maharashtra,2027-02-13 18:00:00,6,Heat Wave,0.8569248739816706,3.6273836226473763,35.05995096202826,39.59818927056287,4.538238308534609,0.1805628332134005,31.43167015645647,3.628280805571791,0
Coastal Andhra,2027-02-14 00:00:00,2,Normal,0.7856317871882773,4.618683832861988,30.270844489479423,32.51112858240413,2.2402840929247105,0.308614915026599,26.956918528402046,3.313925961077377,0
Odisha,2027-02-14 06:00:00,6,Heavy Rain,0.41860444886311843,15.907930195137263,37.119754043046214,43.402136509871525,6.282382466825311,0.13731769850807368,64.53682551888039,27.417071475834177,0
Coastal Andhra,2027-02-14 12:00:00,7,Heat Wave,0.9970537609519599,14.870373192553147,50.69168815244869,67.78827007270426,17.096581920255574,0.05525905413556005,94.66811133905597,43.97642318660728,0
Rajasthan,2027-02-14 18:00:00,10,Normal,0.49105242434737395,10.045692855725502,84.21076807262344,67.71749181589759,16.49327625672585,0.05716482066162524,118.88286195092046,34.67209387829702,0
Tamil Nadu,2027-02-15 00:00:00,3,Monsoon,0.12201823248304008,9.468656794943964,11.761619724688268,10.98047014188213,0.7811495828061386,0.5614351594348046,0.0,11.761619724688268,0
Maharashtra,2027-02-15 06:00:00,8,Monsoon,0.42635525642691585,4.554949403836815,84.49707450281814,101.26455226006212,16.76747775724398,0.05628260880148224,25.39158598636083,59.10548851645731,1
Odisha,2027-02-15 12:00:00,2,Normal,0.21500465911645894,7.274850492915248,14.798990081892766,14.529599337737144,0.26939074415562203,0.7877794954816562,9.973452831197783,4.825537250694984,0
Telangana,2027-02-15 18:00:00,8,Cyclonic,0.2092983541555375,6.351039632516806,16.510911065503485,11.294749447249295,5.216161618254191,0.16087097817138965,102.42232439533339,85.91141332982991,1
Karnataka,2027-02-16 00:00:00,5,Monsoon,0.35338153609620493,2.533145981422134,52.454931130689324,56.81983941879936,4.364908288110037,0.18639647619256552,41.36870205340163,11.086229077287697,0
Telangana,2027-02-16 06:00:00,2,Normal,0.14803794475953477,26.24573542634603,12.56157519904921,11.018339975977886,1.5432352230713242,0.3931999647253845,0.0,12.56157519904921,0
Tamil Nadu,2027-02-16 12:00:00,7,Normal,0.7196609695686068,6.489923847406921,29.706193353194852,45.45309037255114,15.746897019356286,0.05971255444182804,45.53510686956985,15.828913516375,0
Odisha,2027-02-16 18:00:00,2,Normal,0.16658999578171457,3.3722368644321916,78.69745247567126,98.23982307753681,19.542370601865557,0.048679873388574976,71.05674912598114,7.6407033496901136,0
Coastal Andhra,2027-02-17 00:00:00,6,Normal,0.28296059989236055,2.2914188779225433,70.0015488965181,90.29530374141342,20.293754844895318,0.04696212609208877,53.349252809093315,16.652296087424787,0
Coastal Andhra,2027-02-17 06:00:00,10,Heavy Rain,0.18360974304470745,11.671180096206024,84.13638386928872,85.01319971847983,0.8768158491911038,0.5328173248488891,38.947387795709204,45.18899607357952,1
Rajasthan,2027-02-17 12:00:00,3,Heavy Rain,0.15685095781272798,24.769598697567456,28.266983896332643,30.461364758385013,2.1943808620523697,0.3130497092189271,45.301399889789245,17.0344159934566,0
Rajasthan,2027-02-17 18:00:00,9,Normal,0.3409764989855875,30.158461251429788,36.18446684611414,33.08722140730583,3.097245438808308,0.2440664136271153,33.58063061067734,2.603836235436802,0
Coastal Andhra,2027-02-18 00:00:00,3,Heat Wave,0.6147090708943329,7.647107375885209,15.422294069798859,12.191016323764858,3.231277746034001,0.23633523016476649,11.558859085669638,3.8634349841292206,0
Telangana,2027-02-18 06:00:00,3,Normal,0.9682170008021576,6.493320425091666,37.0411505218415,28.598048705443635,8.443101816397867,0.10589740738191644,8.870722800245932,28.17042772159557,1
Karnataka,2027-02-18 12:00:00,5,Normal,0.8880009889146456,8.873231332689846,15.987972744718302,24.527958455063402,8.5399857103451,0.10482195994440603,26.06090736693497,10.072934622216668,0
Maharashtra,2027-02-18 18:00:00,7,Normal,0.8883405329007923,8.724412233439324,178.42428802602547,196.1268101177742,17.702522091748733,0.053468724436966965,152.5020211460992,25.92226687992627,0
Telangana,2027-02-19 00:00:00,8,Heavy Rain,0.2584603324338919,1.2515418586108589,58.50933673278554,39.161889276549594,19.347447456235948,0.04914621365411251,51.74435391140051,6.764982821385033,0
Karnataka,2027-02-19 06:00:00,7,Normal,0.3384164741480381,5.870986158871283,50.38625668757361,62.497684174925176,12.111427487351563,0.07626934603152007,31.670029760687097,18.716226926886517,0
Rajasthan,2027-02-19 12:00:00,9,Normal,0.16875398511577513,10.509324803269175,27.08130608278106,44.84112282645146,17.7598167436704,0.05330542476313912,9.80994703848642,17.27135904429464,0
Tamil Nadu,2027-02-19 18:00:00,5,Normal,0.8006215059236665,12.099264401576624,25.30734355439801,15.591513798777743,9.715829755620266,0.09331988495576064,41.80090082122556,16.49355726682755,0
Karnataka,2027-02-20 00:00:00,10,Monsoon,0.16283467133700574,12.743022194850779,32.66680325439127,37.56915112460501,4.902347870213738,0.1694241041004226,23.808155625876054,8.858647628515214,0
Coastal Andhra,2027-02-20 06:00:00,3,Heat Wave,0.601026103738768,8.63207864741417,54.581378647920815,39.2621266894172,15.319251958503614,0.061277318503494355,69.51923145499919,14.937852807078372,0
Rajasthan,2027-02-20 12:00:00,6,Normal,0.3230880150915557,3.234381165886217,20.107753050613514,25.916433070986397,5.808680020372883,0.14687134613578656,20.489929480582816,0.38217642996930223,0
Rajasthan,2027-02-20 18:00:00,5,Normal,0.3191010706258703,7.494246722591241,15.666129842723373,7.28694942523315,8.379180417490224,0.10661912400524973,0.0,15.666129842723373,0
Maharashtra,2027-02-21 00:00:00,4,Heavy Rain,0.9916525497228446,19.330818962390705,3.662823442399067,3.7350375093989117,0.07221406699984456,0.9326495806924953,21.19810782680062,17.535284384401553,0
Coastal Andhra,2027-02-21 06:00:00,2,Monsoon,0.7811018262806837,11.077838369929074,59.435489677482344,66.02902239195164,6.593532714469298,0.1316910109697063,75.25203089157341,15.816541214091068,0
Maharashtra,2027-02-21 12:00:00,7,Normal,0.8532454224619451,6.709100456884403,40.15127207096348,26.252754648863014,13.898517422100465,0.0671207726022859,44.97276577155176,4.821493700588277,0
Coastal Andhra,2027-02-21 18:00:00,5,Heat Wave,0.6147844168096114,31.982306478365672,32.52926117516004,36.1405285248888,3.611267349728763,0.21686012199202037,5.893811365681145,26.635449809478892,0
Maharashtra,2027-02-22 00:00:00,4,Heavy Rain,0.8839128586543743,8.975553776142391,19.840271972031115,17.53469612119998,2.3055758508311364,0.30251915101224053,0.0,19.840271972031115,0
Karnataka,2027-02-22 06:00:00,8,Heavy Rain,0.6809414852497176,7.402329896484209,32.61944323324162,46.671453422177954,14.052010188936336,0.06643630900110797,19.571654057005937,13.047789176235682,0
Telangana,2027-02-22 12:00:00,9,Heavy Rain,0.9515563343167108,13.53127913564803,95.51147271309766,61.51473616398894,33.99673654910872,0.028574092861394746,133.095242571056,37.58376985795833,0
Tamil Nadu,2027-02-22 18:00:00,9,Heat Wave,0.3532047274410731,2.9437306601252624,24.363199356156585,29.896671345900383,5.5334719897437985,0.1530579761526174,30.685263548399973,6.3220641922433884,0
Tamil Nadu,2027-02-23 00:00:00,3,Monsoon,0.6357875912046055,6.483602087188837,63.91975137458245,62.32222291230246,1.597528462279989,0.38498134458255245,32.13234140493913,31.787409969643313,1
Coastal Andhra,2027-02-23 06:00:00,3,Normal,0.7211182131432029,7.533793851660424,69.91726811047702,92.52918027031292,22.611912159835896,0.042351504326744456,98.62349739394696,28.706229283469938,0
Odisha,2027-02-23 12:00:00,5,Normal,0.453643574525026,1.7424909254096423,18.687762703901566,24.838970860716394,6.151208156814828,0.139836511267965,14.597494632563842,4.090268071337723,0
West Bengal,2027-02-23 18:00:00,5,Heavy Rain,0.8917371841636479,9.607434542227644,21.393897592605477,20.04812529095918,1.3457723016462957,0.42629883526981116,29.064619228821062,7.6707216362155854,0
Rajasthan,2027-02-24 00:00:00,10,Normal,0.981822846793739,12.057347968431262,41.662933843145325,41.197511903093286,0.46542194005203896,0.6823973168877824,25.36042502566876,16.302508817476564,0
Rajasthan,2027-02-24 06:00:00,2,Monsoon,0.5443925422353955,5.4130525570986485,135.40457887449944,166.16654196268487,30.76196308818544,0.031484200054749514,132.9028849482591,2.5016939262403355,0
Coastal Andhra,2027-02-24 12:00:00,1,Monsoon,0.4515765893239052,14.01011733029786,79.05268582452547,89.36828472726613,10.31559890274066,0.0883735813362736,110.130096529104,31.077410704578526,0
Karnataka,2027-02-24 18:00:00,8,Monsoon,0.5247441357008128,17.402141699791503,41.707792241091084,40.48463796200464,1.2231542790864438,0.4498113376148271,19.522783375779696,22.18500886531139,0
Maharashtra,2027-02-25 00:00:00,3,Heat Wave,0.8674630711587384,18.897413998669585,80.75250439206548,63.92791817005123,16.824586222014247,0.05610228408920654,111.61015088398892,30.857646491923447,0
Odisha,2027-02-25 06:00:00,1,Normal,0.6809215829663509,3.333943807680604,6.695816643449594,7.307351899739852,0.6115352562902583,0.6205262938534726,22.451839017757987,15.756022374308394,0
Telangana,2027-02-25 12:00:00,1,Cyclonic,0.14029513526628556,9.336696137413794,39.36139425986828,28.427858562817786,10.933535697050491,0.08379746165649476,38.51229093041537,0.8491033294529089,0
Maharashtra,2027-02-25 18:00:00,2,Monsoon,0.5879529194011434,12.990207373590838,6.361814345619004,7.392813817661872,1.0309994720428675,0.4923684194728798,16.275797734728343,9.913983389109339,0
Maharashtra,2027-02-26 00:00:00,6,Normal,0.11557011046687284,9.31410226213815,48.259185503295896,61.658122810009296,13.3989373067134,0.06944956969385215,61.86372787373037,13.604542370434473,0
Coastal Andhra,2027-02-26 06:00:00,6,Monsoon,0.8006818339030649,16.571358108375275,67.84845903065849,53.83422309193993,14.014235938718556,0.0666034558189678,82.44582422663538,14.597365195976892,0
Coastal Andhra,2027-02-26 12:00:00,3,Normal,0.39548104618821733,9.889219260475917,29.61757975823759,26.528122552760298,3.0894572054772915,0.24453122988073606,41.489837373046214,11.872257614808625,0
Karnataka,2027-02-26 18:00:00,4,Monsoon,0.5248067339055964,3.237845671335131,28.568653012340842,24.064653978529236,4.503999033811606,0.181686078405338,0.0,28.568653012340842,1
Rajasthan,2027-02-27 00:00:00,2,Heavy Rain,0.8188102953168688,16.77707902007407,42.387273882548946,53.55512165968845,11.167847777139507,0.0821838026178107,32.18868327015329,10.198590612395655,0
Coastal Andhra,2027-02-27 06:00:00,2,Normal,0.1418039355571854,9.097317680799225,31.445089191979744,31.87516192403995,0.43007273206020713,0.6992651335707722,33.226796104835486,1.7817069128557428,0
Coastal Andhra,2027-02-27 12:00:00,7,Monsoon,0.2426873820324494,23.951070415683958,34.89824538165792,31.704750161258456,3.193495220399466,0.23846456176591074,7.883269137681918,27.014976243976005,0
Coastal Andhra,2027-02-27 18:00:00,1,Heavy Rain,0.45816433880060337,3.2567133572064275,85.93449070391337,99.8458486070053,13.911357903091925,0.0670629735064334,88.74287373748797,2.8083830335746,0
Karnataka,2027-02-28 00:00:00,7,Normal,0.30693264719100455,9.223704977783845,70.1078588396855,61.68176767818251,8.426091161502995,0.10608851355947946,75.50895743445354,5.40109859476803,0
Rajasthan,2027-02-28 06:00:00,1,Normal,0.40411128319755685,22.769071831744117,55.00056969762384,52.19870444411897,2.8018652535048716,0.2630287854305509,36.58296709666747,18.41760260095637,0
Telangana,2027-02-28 12:00:00,6,Normal,0.9983572641032186,10.051342348268937,13.119096792560661,9.46230949419482,3.656787298365842,0.2147403211546552,32.55619229439044,19.43709550182978,0
Telangana,2027-02-28 18:00:00,3,Heavy Rain,0.8428729938164297,14.590784165604934,61.45630590429613,74.34134598001522,12.88504007571909,0.07201995777806289,95.68841769282406,34.23211178852793,0
West Bengal,2027-03-01 00:00:00,8,Cyclonic,0.8955116334640977,17.83546563751821,41.28059038340025,30.011440924879906,11.269149458520346,0.08150524234632639,3.742785521485935,37.53780486191432,0
West Bengal,2027-03-01 06:00:00,6,Heat Wave,0.9433491702091978,8.81776543432055,31.773853976777808,43.15637546713338,11.382521490355572,0.0807589957165731,26.519582361664476,5.254271615113332,0
Coastal Andhra,2027-03-01 12:00:00,2,Heavy Rain,0.40684229228277613,4.226123248521373,35.0698714429283,37.16517295310545,2.095301510177144,0.32307030404374726,32.475259605875266,2.594611837053037,0
West Bengal,2027-03-01 18:00:00,8,Monsoon,0.3673692620168254,15.89623358922978,96.75723262459228,92.96638482775788,3.7908477968343988,0.20873132322441137,108.76559159403696,12.008358969444686,0
Rajasthan,2027-03-02 00:00:00,5,Normal,0.3106562433148674,7.621182653196797,77.25298389459647,77.00001720626736,0.25296668832910996,0.7981058150345138,67.1028968758929,10.150087018703573,0
Karnataka,2027-03-02 06:00:00,8,Monsoon,0.8471052201773104,1.162970861734075,34.62451166330036,49.426074046987154,14.801562383686793,0.06328488131226691,78.70611627673506,44.0816046134347,1
Telangana,2027-03-02 12:00:00,8,Normal,0.7115966760566664,20.001010808062883,110.27422399546445,73.16257732251317,37.11164667295128,0.02623869833233218,173.30617228576878,63.03194829030433,1
Maharashtra,2027-03-02 18:00:00,6,Normal,0.3125547842345896,25.957280311793202,73.63116608725517,50.21547285702291,23.415693230232257,0.040957264271397766,84.64164362560295,11.010477538347786,0
Telangana,2027-03-03 00:00:00,2,Heavy Rain,0.4392944462894094,5.202790142168693,25.150216746235156,31.182436668531494,6.032219922296338,0.14220260615419641,13.804711655574167,11.345505090660989,0
Telangana,2027-03-03 06:00:00,8,Normal,0.5560405875395185,8.524768061422028,24.69603494180664,19.00760376727973,5.688431174526912,0.1495118920874195,0.0,24.69603494180664,0
Rajasthan,2027-03-03 12:00:00,6,Monsoon,0.5753260515463783,27.420177116008976,47.761604946227585,38.935257256404675,8.82634768982291,0.10176721113132339,25.241335842477863,22.520269103749722,0
West Bengal,2027-03-03 18:00:00,6,Monsoon,0.8998549556965432,23.07767622050524,21.102433950796225,18.764935263558844,2.3374986872373817,0.2996255860186573,61.0856502004965,39.98321624970028,0
Maharashtra,2027-03-04 00:00:00,8,Normal,0.44250951965249474,13.017875742499609,118.22826953724325,151.49392015439986,33.26565061715661,0.029183744711950864,141.8426018068812,23.61433226963794,0
Rajasthan,2027-03-04 06:00:00,1,Normal,0.917671627450461,21.627369019490178,48.64325320852483,58.48799394283742,9.844740734312587,0.09221059539358242,17.987168172990998,30.656085035533835,0
Coastal Andhra,2027-03-04 12:00:00,2,Cyclonic,0.49723080428781063,7.23505927053648,22.19692100785693,21.413479936718396,0.7834410711385331,0.5607137887441432,0.0,22.19692100785693,0
Karnataka,2027-03-04 18:00:00,9,Monsoon,0.7717354073131184,2.4709323445300417,101.13299663001003,111.25933818442755,10.126341554417522,0.08987680228124646,82.55511138871927,18.57788524129076,0
Tamil Nadu,2027-03-05 00:00:00,8,Normal,0.9372288879865505,18.770115151532274,6.132999768678031,6.710008572968059,0.5770088042900277,0.6341118687984763,0.0,6.132999768678031,0
Telangana,2027-03-05 06:00:00,7,Normal,0.9168181335669398,8.317413582832758,48.858862990158585,36.61330199303899,12.245560997119597,0.07549699104609173,44.19133075132148,4.667532238837104,0
Tamil Nadu,2027-03-05 12:00:00,7,Monsoon,0.15125758056611305,1.9017314698407044,40.08247016206738,30.718211343857547,9.364258818209834,0.09648543301938932,44.21395980427178,4.1314896422044,0
Karnataka,2027-03-05 18:00:00,5,Heavy Rain,0.28513386547891284,5.3632777047574685,15.363291794310337,7.54070952222962,7.822582272080717,0.113345500122399,18.858591339304457,3.49529954499412,0
Karnataka,2027-03-06 00:00:00,2,Normal,0.5292148829790476,7.005519725274654,106.44137412664556,146.10671205363582,39.66533792699026,0.02459096741788744,96.97406656544685,9.467307561198709,0
Rajasthan,2027-03-06 06:00:00,6,Normal,0.4883988609577966,7.675871732144373,30.488851207332925,25.381293162032158,5.107558045300767,0.16373155892794383,25.58050619929035,4.9083450080425735,0
Rajasthan,2027-03-06 12:00:00,10,Cyclonic,0.6768024983534864,4.65869270933186,27.75409554383213,27.848382461677076,0.09428691784494703,0.9138371150130967,119.47572374479995,91.72162820096781,1
Rajasthan,2027-03-06 18:00:00,3,Monsoon,0.950238145742871,3.516814321018065,70.60391201943703,80.11617014207268,9.512258122635643,0.09512704010251977,48.04564311437152,22.55826890506551,1
Tamil Nadu,2027-03-07 00:00:00,4,Heat Wave,0.20116424015015394,1.6571730271767835,47.52116138922357,35.98221526019747,11.538946129026101,0.07975151896419144,39.617242533259876,7.9039188559636955,0
Rajasthan,2027-03-07 06:00:00,10,Monsoon,0.5066727986208164,1.5893376432285287,22.755756869224868,17.933835000828218,4.82192186839665,0.1717645860945569,12.641365326959392,10.114391542265476,0
Karnataka,2027-03-07 12:00:00,2,Heat Wave,0.2731699340984254,8.179067124767595,30.227791915411665,23.268434542910207,6.959357372501458,0.12563828374572922,9.313934230525174,20.91385768488649,0
Coastal Andhra,2027-03-07 18:00:00,2,Normal,0.9046968385581527,10.283028714496833,97.92008375328423,27.006028478763717,70.9140552745205,0.013905487545969401,114.87729503694935,16.957211283665117,0
Rajasthan,2027-03-08 00:00:00,8,Monsoon,0.9681221672214876,3.43872841483753,36.93140667226602,36.329987729296434,0.6014189429695875,0.6244462165194901,74.81913431206982,37.8877276398038,1
Odisha,2027-03-08 06:00:00,8,Normal,0.5308315137013151,21.296613762241595,133.6196709614634,211.6923070855315,78.07263612406808,0.012646599999916033,118.08105341286894,15.538617548594473,0
West Bengal,2027-03-08 12:00:00,10,Monsoon,0.19360926795532668,6.083280338345331,20.810045394438752,18.05562785671711,2.7544175377216433,0.2663529002708758,42.812992311634574,22.00294691719582,0
Tamil Nadu,2027-03-08 18:00:00,6,Heavy Rain,0.8067652000504059,7.696645129217458,33.57537235682108,29.36061620651606,4.214756150305018,0.19176352089665952,0.0,33.57537235682108,1
Odisha,2027-03-09 00:00:00,5,Normal,0.7274272154431591,7.335087960313862,25.804847305600592,23.419109613814864,2.385737691785728,0.29535660793396357,40.983689650851446,15.178842345250853,0
Rajasthan,2027-03-09 06:00:00,8,Cyclonic,0.4192037439492794,1.3326297096848083,67.17377775404073,72.40677360176055,5.23299584771982,0.16043649385164022,91.2351957573315,24.06141800329077,1
Karnataka,2027-03-09 12:00:00,4,Cyclonic,0.8986667265720671,16.688011038997843,137.53775547454813,167.84577924885494,30.308023774306804,0.03194069377258677,156.11567253159106,18.577917057042924,0
Coastal Andhra,2027-03-09 18:00:00,4,Normal,0.9782487008044365,12.817172549854291,45.32491673780277,35.86918571062317,9.455731027179603,0.09564132793780815,53.096916352548355,7.771999614745582,0
Telangana,2027-03-10 00:00:00,5,Heavy Rain,0.6020684642171759,21.767735021439574,50.84066367292132,56.720064207772595,5.879400534851271,0.1453615027841404,65.08904134564034,14.248377672719016,0
Maharashtra,2027-03-10 06:00:00,1,Normal,0.6091551202098631,20.820908973358833,32.37183162121545,31.677883911905816,0.6939477093096329,0.5903369947632854,37.955450072516996,5.583618451301547,0
West Bengal,2027-03-10 12:00:00,1,Normal,0.3677621546024,11.699280987825329,14.203582506027852,15.264870655857864,1.0612881498300126,0.4851335317104824,19.189888736703463,4.986306230675611,0
Maharashtra,2027-03-10 18:00:00,2,Monsoon,0.6260554323849827,13.459880085437913,37.10519383652868,41.291508872505375,4.186315035976698,0.1928151284800766,76.02437497180516,38.91918113527648,0
Rajasthan,2027-03-11 00:00:00,8,Normal,0.49567808847236194,3.223178683216984,58.04673962035182,43.90070878044514,14.146030839906679,0.06602389831170853,47.16685647718208,10.879883143169742,0
West Bengal,2027-03-11 06:00:00,7,Heat Wave,0.3719719242352467,6.1173907569846016,29.123636596537587,25.29332032999635,3.830316266541235,0.20702578150561837,39.59300045744122,10.469363860903634,0
West Bengal,2027-03-11 12:00:00,10,Normal,0.1604666768715112,7.296230002066641,15.499393466660777,17.290971428605577,1.7915779619447996,0.358220337612686,18.953282680831098,3.453889214170321,0
Coastal Andhra,2027-03-11 18:00:00,9,Monsoon,0.3274370737382124,5.453343445200362,4.211799562802095,4.064192187631104,0.14760737517099098,0.8713781574042274,39.18096154839423,34.96916198559214,1
West Bengal,2027-03-12 00:00:00,5,Monsoon,0.278069184709898,20.48835306448923,110.1128287113132,131.9217344973445,21.80890578603129,0.04384252402903183,155.85590936972602,45.74308065841282,0
Tamil Nadu,2027-03-12 06:00:00,2,Normal,0.5878377860985541,9.543145499325515,32.05995474778821,30.277468476607865,1.7824862711803462,0.35939081186402205,33.641981786741795,1.5820270389535835,0
Odisha,2027-03-12 12:00:00,7,Normal,0.6415030195872344,4.307650205383115,56.39346045116962,70.63954711823992,14.246086667070301,0.06559060182701694,21.642061870586794,34.75139858058282,1
Odisha,2027-03-12 18:00:00,8,Monsoon,0.6477145518754148,19.599993743916148,82.99127935004645,42.27177749250524,40.71950185754122,0.023969605471673195,20.578568189368468,62.412711160677986,1
Odisha,2027-03-13 00:00:00,7,Monsoon,0.4493629009411112,9.780403063323812,93.74352093236982,101.32138701902473,7.5778660866549075,0.11657911068998372,120.65485879222163,26.911337859851812,0
Tamil Nadu,2027-03-13 06:00:00,7,Normal,0.47910676031694643,16.211506783857782,28.549458785950357,19.344707676635462,9.204751109314895,0.09799357076795338,48.05320913010415,19.503750344153794,0
Maharashtra,2027-03-13 12:00:00,5,Heavy Rain,0.850814586676576,3.1646106545903354,54.85964310367276,70.239175815376,15.379532711703241,0.061051802734610125,49.78664710052978,5.072996003142983,0
Coastal Andhra,2027-03-13 18:00:00,2,Normal,0.5286095321654461,10.347203901559451,58.883345232006256,56.68464196678993,2.1987032652163236,0.3126266855929731,102.91817456713356,44.034829335127306,1
West Bengal,2027-03-14 00:00:00,6,Normal,0.9889959989234102,4.1345128781498754,75.6314159866457,69.19321880203954,6.438197184606167,0.13444117911656941,90.24549556848444,14.614079581838737,0
Tamil Nadu,2027-03-14 06:00:00,4,Heavy Rain,0.49565550700797845,9.941032854560932,58.448255463800194,46.37550907919048,12.072746384609715,0.07649502029483875,52.55233932005941,5.895916143740784,0
Odisha,2027-03-14 12:00:00,10,Normal,0.6846228501560551,12.846625060769064,50.88000231427284,59.32220235605177,8.442200041778925,0.10590752108357138,58.1517204917363,7.271718177463455,0
Rajasthan,2027-03-14 18:00:00,2,Monsoon,0.14532669909405624,2.879956907872953,21.07465530845151,24.068009971394975,2.9933546629434638,0.2504160247221592,41.281257748480826,20.206602440029314,0
Telangana,2027-03-15 00:00:00,9,Monsoon,0.6880059319769297,8.093362427169614,66.0718544067612,61.421567744880456,4.650286661880749,0.17698217096601981,132.16861323310025,66.09675882633904,1
West Bengal,2027-03-15 06:00:00,7,Heat Wave,0.8662837549735055,3.1437702177176035,42.405014380311485,49.45945084266035,7.054436462348868,0.12415517890973293,84.42358662589217,42.018572245580685,1
Tamil Nadu,2027-03-15 12:00:00,6,Monsoon,0.9482120546799666,16.807563397324174,101.84347625317005,107.46071385678792,5.617237603617866,0.1511204614223413,104.94369381144512,3.1002175582750624,0
Karnataka,2027-03-15 18:00:00,5,Heat Wave,0.9975885504757934,8.731563604716445,66.40547080327416,67.83253820192222,1.427067398648063,0.412019872442366,92.32303738944054,25.917566586166387,0
Tamil Nadu,2027-03-16 00:00:00,3,Heavy Rain,0.35396078108430984,4.295858518940909,8.767346634425698,10.483286271377889,1.715939636952191,0.36819669568289565,0.0,8.767346634425698,0
Coastal Andhra,2027-03-16 06:00:00,10,Heavy Rain,0.6178330583431452,5.298350922603899,19.931381816914644,28.95704890861845,9.025667091703806,0.09974398619594056,70.56903750538612,50.637655688471476,1
Coastal Andhra,2027-03-16 12:00:00,10,Heat Wave,0.5056461869789326,5.96566301116988,32.53327017673385,34.826004527806724,2.2927343510728733,0.30369896061435064,0.0,32.53327017673385,1
Tamil Nadu,2027-03-16 18:00:00,4,Heavy Rain,0.6074357325176539,21.54854801366714,41.61288254177634,44.56151817489588,2.948635633119544,0.2532520325786477,85.50922350729729,43.896340965520956,0
Odisha,2027-03-17 00:00:00,3,Normal,0.24170766147086198,7.877965169832341,147.52538650760312,181.40500686759316,33.87962035999004,0.02867003682032867,113.96422518768723,33.56116131991588,1
Telangana,2027-03-17 06:00:00,8,Monsoon,0.8705346153363474,14.88586318172099,71.29663989599413,54.319716170641115,16.976923725353018,0.05562687005172587,43.84426284529775,27.452377050696384,0
West Bengal,2027-03-17 12:00:00,3,Heat Wave,0.9186120490101288,8.170377525392134,25.871813618723472,24.687679432983366,1.1841341857401062,0.45784732757211266,83.36149932195833,57.48968570323486,1
Coastal Andhra,2027-03-17 18:00:00,7,Monsoon,0.5046954968016303,3.2300471835703446,72.57923167611482,65.57379277211933,7.005438903995483,0.12491507486252927,40.66784808607207,31.911383590042746,1
West Bengal,2027-03-18 00:00:00,7,Heavy Rain,0.35238687541621916,5.256594276151633,49.316799577586714,53.02044982332419,3.703650245737478,0.21260084142230085,61.83940290598005,12.522603328393338,0
Odisha,2027-03-18 06:00:00,7,Monsoon,0.2267500848877111,10.698525108175058,73.04131484248191,77.00271314465166,3.961398302169755,0.2015560813899325,48.227655942342444,24.813658900139465,0
West Bengal,2027-03-18 12:00:00,7,Heat Wave,0.715388342300024,1.3501871925264015,34.70170963409734,49.9580156723373,15.256306038239956,0.06151458994729091,34.987947109834806,0.2862374757374653,0
Rajasthan,2027-03-18 18:00:00,2,Normal,0.3810086556586617,12.034806516705675,155.65828229160158,213.9985073653311,58.34022507372953,0.01685197517800972,161.19430059931642,5.536018307714841,0
Coastal Andhra,2027-03-19 00:00:00,10,Monsoon,0.9185847129220498,4.687621711162368,109.7755397305659,68.20316891986852,41.57237081069738,0.023489412991505865,119.79401072777434,10.01847099720844,0
Odisha,2027-03-19 06:00:00,3,Normal,0.703911227360383,9.48097677616725,64.7441611483342,70.52691169371644,5.7827505453822425,0.14743281406402436,87.80496233505269,23.060801186718493,0
Odisha,2027-03-19 12:00:00,10,Heavy Rain,0.6811167926568167,5.439348126219948,31.84683508650089,37.485236321512616,5.638401235011727,0.15063868009753306,49.05843771947331,17.211602632972422,0
Telangana,2027-03-19 18:00:00,9,Heavy Rain,0.6034619043084167,13.702078994357583,72.9751872659947,74.50860297582862,1.5334157098339176,0.39472400684906017,126.51406842418234,53.538881158187635,1
Telangana,2027-03-20 00:00:00,3,Normal,0.14119870548585306,8.61936426940252,14.233022472441261,12.397011352989486,1.8360111194517756,0.35260792637276694,20.135719642112562,5.902697169671301,0
Rajasthan,2027-03-20 06:00:00,2,Normal,0.9387301921170282,13.349281504546704,114.7319510076511,154.27762945558234,39.54567844793124,0.024663540931598914,110.25732453497653,4.474626472674572,0
Odisha,2027-03-20 12:00:00,9,Heavy Rain,0.665143743969514,1.6647300453336213,99.76949558126219,108.00444891050013,8.234953329237939,0.10828425053692385,63.764314109643884,36.00518147161831,1
Maharashtra,2027-03-20 18:00:00,10,Normal,0.9946557850447993,7.206992446299212,60.04130268724605,44.379245990892386,15.662056696353666,0.06001660048479133,11.669842916713357,48.371459770532695,1
Odisha,2027-03-21 00:00:00,9,Normal,0.5836207642955984,4.611511174238358,21.625649627240612,26.902428532835145,5.276778905594533,0.15931738476700105,21.93463256918585,0.30898294194523857,0
Telangana,2027-03-21 06:00:00,4,Monsoon,0.7390998027155918,11.792893348804153,34.54134232142845,38.58045131793874,4.039108996510286,0.19844778128286686,67.86329746364734,33.32195514221889,0
Maharashtra,2027-03-21 12:00:00,9,Normal,0.15058860207959995,16.671222030392528,6.592418735931842,5.531596710764874,1.060822025166968,0.4852432610812086,7.918277402549991,1.3258586666181493,0
Coastal Andhra,2027-03-21 18:00:00,3,Heavy Rain,0.6685625591410698,16.2605057104973,6.867622745985677,5.55682297501831,1.3107997709673667,0.43275060546737526,11.999633572530005,5.132010826544328,0
Coastal Andhra,2027-03-22 00:00:00,7,Heat Wave,0.7881846504313216,22.32822182739423,37.98077479591087,30.421359051679715,7.559415744231153,0.11683040406980777,0.0,37.98077479591087,0
West Bengal,2027-03-22 06:00:00,7,Normal,0.8006628653673016,16.950628342555834,20.086273322767813,26.0305651309557,5.944291808187888,0.14400316513498443,0.0,20.086273322767813,0
Tamil Nadu,2027-03-22 12:00:00,8,Normal,0.7931004870072569,7.152780709538763,9.158508488031508,10.508170771704231,1.349662283672723,0.4255930764811505,2.855282040459361,6.303226447572147,0
Telangana,2027-03-22 18:00:00,10,Heavy Rain,0.3036543645643009,3.729802400528104,31.77433743104205,39.370221096513454,7.595883665471405,0.1163347526464179,0.0,31.77433743104205,1
Tamil Nadu,2027-03-23 00:00:00,4,Monsoon,0.9778586298447033,1.7981280463329345,33.799897623502865,35.5279011141658,1.7280034906629353,0.36656844590656623,47.37718759585944,13.577289972356574,0
Maharashtra,2027-03-23 06:00:00,3,Heat Wave,0.9956639085624448,3.5870673790493317,16.316172548135377,13.536094981500572,2.780077566634805,0.2645448360178082,1.0893992879179901,15.226773260217387,0
Telangana,2027-03-23 12:00:00,3,Heat Wave,0.16803628764544115,1.4944744411607687,53.32125662604902,42.732502140674214,10.588754485374807,0.08629055014169262,58.933786798046086,5.612530171997065,0
Rajasthan,2027-03-23 18:00:00,5,Monsoon,0.9428017805305815,2.556263780435212,80.42287104875142,101.99929568189948,21.576424633148065,0.04429399323627798,93.9653062542546,13.542435205503182,0
Odisha,2027-03-24 00:00:00,1,Normal,0.36050427487393244,10.110135059346685,55.378837716120096,61.55674788381936,6.177910167699267,0.13931631584078874,82.01914777903569,26.640310062915596,0
Rajasthan,2027-03-24 06:00:00,10,Normal,0.7203556735758683,1.6608336918224709,41.60078399822524,38.83751976446587,2.7632642337593722,0.26572675684827857,38.92948531696781,2.6712986812574258,0
Maharashtra,2027-03-24 12:00:00,3,Normal,0.4042998286625189,11.083180519112297,43.96818154095051,44.20291028308971,0.2347287421391968,0.8098944860289526,41.786141923100615,2.1820396178498953,0
Telangana,2027-03-24 18:00:00,6,Normal,0.9709788910358094,5.278442928301244,36.00841234464754,44.993300223323125,8.984887878675586,0.10015134993510232,39.47314837445272,3.464736029805181,0
Karnataka,2027-03-25 00:00:00,3,Monsoon,0.19135347247318193,8.906190957455278,31.546475175684115,35.988096274790344,4.441621099106229,0.18376876702500422,23.725643129681156,7.820832046002959,0
Maharashtra,2027-03-25 06:00:00,5,Monsoon,0.5479721352607384,9.079667865595598,54.64860143438677,53.38800953945006,1.2605918949367094,0.44236202130946656,27.86092872338951,26.78767271099726,0
Karnataka,2027-03-25 12:00:00,9,Normal,0.4852430127478672,22.388610874375857,56.58584577140302,55.93157996426189,0.6542658071411296,0.6044977751962248,57.15722797096156,0.5713821995585349,0
Odisha,2027-03-25 18:00:00,2,Monsoon,0.3934211070501864,9.329450976714016,44.20571567240799,37.67972778868157,6.5259878837264225,0.13287292186083874,32.92045109059071,11.28526458181728,0
Coastal Andhra,2027-03-26 00:00:00,2,Normal,0.6809805917921338,2.673205980972975,32.36615903383379,32.55350875199214,0.18734971815835166,0.8422118477031839,26.94519634749749,5.420962686336299,0
Coastal Andhra,2027-03-26 06:00:00,6,Normal,0.21795016907950074,3.9130784414405344,21.371394052978026,19.833430257396447,1.5379637955815788,0.3940166529329266,4.61008202367416,16.761312029303866,0
Maharashtra,2027-03-26 12:00:00,6,Monsoon,0.7449961763203272,9.062666733737611,11.857965635942735,11.709336134201724,0.14862950174101108,0.8706027474344608,0.0,11.857965635942735,0
Tamil Nadu,2027-03-26 18:00:00,8,Normal,0.9825329114243085,6.89779027494434,21.395679523230577,18.49890435985045,2.896775163380127,0.25662245268792555,0.0,21.395679523230577,0
Telangana,2027-03-27 00:00:00,2,Normal,0.8241028430217672,9.379439065517655,32.166963341862925,21.393212694240976,10.773750647621949,0.08493470177253831,26.97933358523633,5.187629756626595,0
Telangana,2027-03-27 06:00:00,9,Normal,0.8740150776185909,11.22851266441649,34.373032522682344,42.56927817371623,8.196245651033884,0.1087400269573677,63.9948700734372,29.621837550754854,0
Coastal Andhra,2027-03-27 12:00:00,2,Normal,0.42367306886110223,4.050255957174812,176.27937693636585,201.53668170746062,25.257304771094766,0.03808464001609356,161.00005902152301,15.279317914842835,0
West Bengal,2027-03-27 18:00:00,1,Monsoon,0.39239794583309684,11.4712889174338,75.33677997133198,70.33682521570748,4.9999547556245005,0.16666792346435216,63.70894852283832,11.627831448493659,0
Rajasthan,2027-03-28 00:00:00,10,Heat Wave,0.5653435192211199,12.414156850203838,54.854656437418654,50.441453330390516,4.413203107028139,0.18473350809646646,37.74901367776951,17.105642759649143,0
West Bengal,2027-03-28 06:00:00,2,Normal,0.14115395328604544,9.491187522741916,64.83188672569084,42.323129889669815,22.50875683602102,0.042537340743929154,82.4818682350689,17.649981509378065,0
Odisha,2027-03-28 12:00:00,7,Normal,0.9508223210108794,26.944184307807593,153.63417364049445,194.57300457451518,40.93883093402073,0.023844250727284848,97.97903660070071,55.65513703979374,0
Rajasthan,2027-03-28 18:00:00,8,Monsoon,0.229406655714573,1.8583285624028751,26.318609863077043,34.56916455583074,8.250554692753695,0.10810162560125582,3.2957888638507846,23.02282099922626,1
Rajasthan,2027-03-29 00:00:00,5,Heat Wave,0.9127117352512831,24.76956302638903,118.09614617178119,115.4983780675748,2.5977681042063807,0.27795009879342586,105.72163774799895,12.374508423782231,0
Maharashtra,2027-03-29 06:00:00,6,Normal,0.17522399980032013,6.4030119766416576,4.407060420309456,4.7670975859390285,0.36003716562957244,0.7352740243220425,50.823785779494116,46.41672535918466,1
Coastal Andhra,2027-03-29 12:00:00,1,Normal,0.8403624349107041,4.571315401304333,37.55151147657209,28.269701892407085,9.281809584165003,0.09725914410437032,42.91972307526435,5.3682115986922625,0
West Bengal,2027-03-29 18:00:00,6,Monsoon,0.23676627329039363,11.774661302055371,19.114301696376447,19.523341417615498,0.40903972123905064,0.7097032006455019,0.0,19.114301696376447,0
West Bengal,2027-03-30 00:00:00,8,Heavy Rain,0.13431845268232545,5.300953075122345,11.122236714692086,9.209207669738172,1.9130290449539142,0.34328528297108707,0.0,11.122236714692086,0
Coastal Andhra,2027-03-30 06:00:00,3,Normal,0.7475405052334678,15.92654026973033,99.64404874883833,82.59156055681106,17.05248819202727,0.05539402598483026,127.99852488402811,28.354476135189785,0
West Bengal,2027-03-30 12:00:00,1,Heavy Rain,0.35223877015698546,6.256290858706387,37.1375915008956,34.4581416214845,2.679449879411102,0.2717797585980572,45.606349318483026,8.468757817587424,0
Karnataka,2027-03-30 18:00:00,4,Normal,0.7430465375059145,17.44425424845472,32.81033959223423,29.330084421465667,3.4802551707685616,0.22320157265249155,43.02848527321758,10.218145680983355,0
Coastal Andhra,2027-03-31 00:00:00,1,Heavy Rain,0.5995767254255377,3.435066305985659,37.51791088321398,36.31483983532254,1.2030710478914415,0.4539118250213036,17.894899570437964,19.623011312776015,0
Maharashtra,2027-03-31 06:00:00,8,Heavy Rain,0.19792665120705905,10.568213187660822,47.74076458800974,60.35204051997205,12.611275931962311,0.07346849810397106,93.49693292590013,45.75616833789039,1
Tamil Nadu,2027-03-31 12:00:00,5,Cyclonic,0.9389170659710473,4.284385534373122,23.550728995235385,11.116130871376804,12.434598123858581,0.07443467908608997,0.0,23.550728995235385,0
Rajasthan,2027-03-31 18:00:00,1,Heavy Rain,0.5070827572871298,10.856734091104387,10.984905236059712,9.520426160076344,1.464479075983368,0.405765262827798,0.0,10.984905236059712,0
Maharashtra,2027-04-01 00:00:00,8,Normal,0.7610025500188192,2.2668156329576643,41.84145274698758,48.44989793322566,6.608445186238079,0.13143289798667002,0.0,41.84145274698758,1
Telangana,2027-04-01 06:00:00,9,Normal,0.5509185148140626,2.4615952268605747,48.025725516808,50.36359772123847,2.337872204430468,0.29959205708135467,35.58685008649776,12.43887543031024,0
Odisha,2027-04-01 12:00:00,10,Cyclonic,0.6439253274650842,6.210824568421222,104.48180006035798,84.1142608718131,20.36753918854488,0.046799960967714015,163.11770359572563,58.635903535367646,1
Tamil Nadu,2027-04-01 18:00:00,2,Normal,0.3724962331210232,17.980679109359883,40.744080847764515,62.18770169371583,21.443620845951315,0.04455609043049725,41.63085389062577,0.8867730428612575,0
Telangana,2027-04-02 00:00:00,9,Normal,0.2803242736031053,1.9402317971346177,45.91761909120443,76.87005904270212,30.952439951497695,0.03129651449209992,65.58209125203939,19.66447216083496,1
Rajasthan,2027-04-02 06:00:00,8,Normal,0.5883131830672611,20.236740731330343,20.174854727350905,20.096646370234343,0.07820835711656215,0.927464523345271,8.049535408753725,12.12531931859718,0
West Bengal,2027-04-02 12:00:00,7,Monsoon,0.4961970756739018,10.871413166980178,20.247307588041508,15.22880741721112,5.018500170830388,0.16615435268186218,0.0,20.247307588041508,0
Coastal Andhra,2027-04-02 18:00:00,3,Heavy Rain,0.45110189209053986,17.039071393725283,55.1011956177826,51.6419774542318,3.4592181635508013,0.22425455838287953,79.6464590403768,24.545263422594196,0
Rajasthan,2027-04-03 00:00:00,2,Normal,0.7053104755851607,8.62354870722597,69.69268597139079,50.05119529067719,19.641490680713595,0.048446113484156034,53.13372062000862,16.55896535138217,0
Maharashtra,2027-04-03 06:00:00,7,Normal,0.7214559688100224,9.561487268549055,84.14594447890117,92.57413586559765,8.428191386696483,0.10606488126779394,100.20493408372728,16.05898960482611,0
Odisha,2027-04-03 12:00:00,5,Cyclonic,0.14132805048213676,7.04129177230623,53.02630859075438,60.6562736890542,7.62996509829982,0.11587532378282837,91.8239462365571,38.79763764580272,1
Maharashtra,2027-04-03 18:00:00,6,Heavy Rain,0.404870044819305,6.442384790777988,23.448989768437972,29.22519649297101,5.776206724533036,0.1475751907596816,0.0,23.448989768437972,0
Tamil Nadu,2027-04-04 00:00:00,4,Monsoon,0.4705880952037397,13.964640842569631,12.207254809169594,13.426215759738781,1.218960950569187,0.4506613781299258,5.966569224549921,6.240685584619674,0
Tamil Nadu,2027-04-04 06:00:00,2,Cyclonic,0.1872029450477513,3.4482819703009286,18.81601735120178,19.892103066297853,1.0760857150960739,0.48167568069496763,11.321631866813929,7.49438548438785,0
Odisha,2027-04-04 12:00:00,9,Heat Wave,0.3123107800284595,8.483765965933495,52.925290297738066,39.59409319591634,13.33119710182173,0.06977784150864018,28.63589485672551,24.289395441012555,0
Karnataka,2027-04-04 18:00:00,3,Normal,0.146477617500481,1.89908421134191,13.4841608075833,9.363115690289266,4.1210451172940346,0.1952726400755479,29.14345143878346,15.659290631200157,0
Telangana,2027-04-05 00:00:00,7,Heat Wave,0.9966178887553185,2.584115051664853,19.29648533847728,9.548030562512864,9.748454775964415,0.09303662906375992,27.506645319373174,8.210159980895895,0
Telangana,2027-04-05 06:00:00,8,Normal,0.7629014826728601,7.861130864351688,25.60746417400742,26.125271871134615,0.5178076971271963,0.6588449919530204,70.0996325350228,44.49216836101539,1
Tamil Nadu,2027-04-05 12:00:00,2,Normal,0.1787051408524783,4.97089105402933,61.25879904432725,74.47948296993782,13.220683925610572,0.07032010592676642,66.2987536208691,5.039954576541859,0
Tamil Nadu,2027-04-05 18:00:00,6,Cyclonic,0.11822444181108291,7.185858790980719,95.08867615394703,122.46650764394447,27.377831489997433,0.03523877433525808,63.80562753346091,31.283048620486127,1
West Bengal,2027-04-06 00:00:00,8,Normal,0.7473590201370522,3.9578720459275325,44.74389032614585,54.11333806098319,9.369447734837337,0.09643715129016818,33.52947183701713,11.214418489128725,0
Coastal Andhra,2027-04-06 06:00:00,7,Normal,0.49527294911440023,12.905268963740362,50.66342036627983,46.01252345139415,4.650896914885678,0.17696305826527908,66.02670697002347,15.363286603743639,0
West Bengal,2027-04-06 12:00:00,3,Normal,0.8081170381581184,2.7592466787603067,41.48198744218508,60.76231967037092,19.28033222818584,0.049308856913605606,41.04758237172901,0.4344050704560729,0
West Bengal,2027-04-06 18:00:00,1,Heavy Rain,0.9311284340365453,25.283809452710937,37.780259337785864,28.818833543281386,8.961425794504478,0.10038723578623455,43.34231978404557,5.562060446259707,0
Karnataka,2027-04-07 00:00:00,6,Normal,0.6393703501147352,19.597197212026572,57.59520297173961,43.26122675114163,14.333976220597982,0.06521465702136081,48.743248026125826,8.851954945613784,0
Telangana,2027-04-07 06:00:00,8,Monsoon,0.26839758062552777,11.812304769917347,37.9959624888924,45.278882415294866,7.282919926402464,0.1207303715218133,56.797658634195614,18.80169614530321,0
Karnataka,2027-04-07 12:00:00,6,Cyclonic,0.8039746324418073,2.3876148995059574,113.39273462522141,153.2570777700285,39.864343144807094,0.024471211893860496,117.94332212670199,4.550587501480578,0
Karnataka,2027-04-07 18:00:00,5,Monsoon,0.960230568856937,7.19690126803668,48.76173102217366,70.61489896284442,21.853167940670758,0.04375760956188244,43.91996320928282,4.8417678128908435,0
Odisha,2027-04-08 00:00:00,8,Normal,0.6222081583539604,12.317875949681174,52.33318603412086,65.3786277637413,13.04544172962045,0.07119747596767276,40.570475305024786,11.76271072909607,0
Telangana,2027-04-08 06:00:00,2,Heat Wave,0.7137977025526602,16.41632886695729,42.34122881011263,50.11719746020363,7.775968650090995,0.11394753557940654,36.60766576101946,5.733563049093171,0
Coastal Andhra,2027-04-08 12:00:00,1,Normal,0.4037272255330058,16.35249936423034,72.10310994726652,86.7549354681187,14.651825520852185,0.06389031098434796,99.16591931240899,27.06280936514247,0
Maharashtra,2027-04-08 18:00:00,1,Normal,0.4433749251942801,14.18023219614984,25.063083038860604,23.320445282517483,1.7426377563431217,0.3646124967423126,45.10979949464996,20.04671645578936,0
Tamil Nadu,2027-04-09 00:00:00,4,Normal,0.7611890480677576,0.9905782640761889,20.086372721738712,16.062671397821955,4.023701323916757,0.19905641986302328,9.085744323261707,11.000628398477005,0
Tamil Nadu,2027-04-09 06:00:00,6,Heavy Rain,0.9349939885661372,3.575204140360318,65.97170518040676,70.50242522022747,4.530720039820707,0.18080828405706423,74.51814027993845,8.546435099531692,0
Coastal Andhra,2027-04-09 12:00:00,9,Normal,0.666089548501917,14.45235608603622,48.609704233511046,28.00329687512082,20.606407358390225,0.04628256717615198,62.26339611275619,13.653691879245144,0
Karnataka,2027-04-09 18:00:00,1,Normal,0.8108631176368127,5.2489437431618065,66.55706564379824,61.42660193544669,5.130463708351549,0.16311979771411045,70.54151791731014,3.9844522735119057,0
West Bengal,2027-04-10 00:00:00,1,Normal,0.25447151567383575,10.426816426782084,34.18057559643056,29.645505374808675,4.535070221621883,0.18066618126968959,37.15350575275289,2.9729301563223345,0
Odisha,2027-04-10 06:00:00,5,Normal,0.2907631812321762,26.396104727451014,46.476243601450335,53.253312536454644,6.7770689350043085,0.12858314724446326,92.76204198310617,46.28579838165584,0
Karnataka,2027-04-10 12:00:00,10,Heavy Rain,0.5788312181500511,5.04198298878409,31.132342129453537,32.845639003180594,1.7132968737270566,0.36855532090241694,0.0,31.132342129453537,1
Tamil Nadu,2027-04-10 18:00:00,5,Monsoon,0.25889877301855646,17.199284450481077,40.90535116793998,56.10650901177162,15.201157843831638,0.06172398353496296,44.01193810584367,3.1065869379036855,0
Rajasthan,2027-04-11 00:00:00,5,Monsoon,0.6714955631988312,10.840078099100745,12.442616214006888,15.000463007366353,2.557846793359465,0.2810688762277363,12.008140085793794,0.43447612821309356,0
West Bengal,2027-04-11 06:00:00,10,Normal,0.36248786685522905,34.337921800991055,6.5817036147608725,5.530085252203462,1.0516183625574103,0.4874200866254028,3.5477175589043424,3.03398605585653,0
Tamil Nadu,2027-04-11 12:00:00,6,Normal,0.8123793568002028,10.863280078606179,14.168130550615714,16.550187627296147,2.3820570766804323,0.29567803775255125,0.0,14.168130550615714,0
Rajasthan,2027-04-11 18:00:00,8,Heat Wave,0.8272993119529091,5.3113387618916965,70.91810339459927,40.29451841122557,30.623584983373703,0.03162196824065824,49.11007240523799,21.808030989361278,0
Karnataka,2027-04-12 00:00:00,3,Normal,0.5174087101798178,8.510566802845245,69.52699248043824,82.25731745898086,12.730324978542626,0.07283148807932605,70.7967463935603,1.2697539131220594,0
Coastal Andhra,2027-04-12 06:00:00,9,Cyclonic,0.2627295715338718,3.389785669207179,116.37903832915265,94.66949071767341,21.709547611479238,0.04403434260815126,146.56423465607043,30.185196326917776,1
Coastal Andhra,2027-04-12 12:00:00,1,Normal,0.6820974649737392,13.788758279125812,67.37496404841171,57.13770661157309,10.237257436838625,0.08898968503842783,44.397670462824394,22.97729358558732,0
West Bengal,2027-04-12 18:00:00,4,Heat Wave,0.9935083164372277,6.10961378926964,32.61561268532353,43.56610599966179,10.950493314338253,0.08367855398908058,31.07059193139281,1.545020753930725,0
Tamil Nadu,2027-04-13 00:00:00,9,Normal,0.660331808148271,8.50036130457244,41.66987848539482,45.72787372629304,4.057995240898222,0.1977067894240279,25.2058653574423,16.46401312795252,0
Telangana,2027-04-13 06:00:00,8,Normal,0.13219722164260708,18.141760937508614,6.397814539089625,6.088958295184454,0.3088562439051712,0.7640258467319132,33.14076824681034,26.742953707720716,0
Rajasthan,2027-04-13 12:00:00,10,Monsoon,0.11556457819037433,3.062924384010337,32.91583805231979,41.279676971740514,8.363838919420722,0.10679380632295876,16.10853129445509,16.8073067578647,0
Odisha,2027-04-13 18:00:00,9,Heavy Rain,0.3883257734430756,16.454259890288455,46.55223515908653,63.698176418271856,17.145941259185328,0.05510874226454404,103.18991793264887,56.63768277356234,1
Tamil Nadu,2027-04-14 00:00:00,1,Normal,0.2762054261743644,2.135610303610542,79.88063926372804,59.91618187707286,19.964457386655184,0.04769977975373428,83.01245806236881,3.131818798640765,0
Odisha,2027-04-14 06:00:00,9,Heavy Rain,0.8317460864289773,7.709748236595411,44.03352948352718,36.176319259997086,7.857210223530096,0.11290236708432148,38.57512369754048,5.458405785986706,0
Tamil Nadu,2027-04-14 12:00:00,3,Monsoon,0.8603251003324004,11.860102855143541,17.768647449005915,21.372101722677332,3.6034542736714172,0.2172281813939828,0.0,17.768647449005915,0
Telangana,2027-04-14 18:00:00,10,Normal,0.33275689417942855,14.453969222119271,76.80901660071619,82.69629388551539,5.887277284799197,0.14519525766838,58.229959074398494,18.579057526317698,0
Telangana,2027-04-15 00:00:00,9,Normal,0.3930802992549034,3.311915452066029,29.981043706221428,16.03141253710794,13.949631169113488,0.06689128237932976,0.0,29.981043706221428,1
West Bengal,2027-04-15 06:00:00,1,Heavy Rain,0.3126222709436032,26.660093406503968,23.306681464049568,33.693796527276206,10.387115063226638,0.08781855583679694,10.051854012450368,13.2548274515992,0
West Bengal,2027-04-15 12:00:00,1,Normal,0.9175442926341376,11.991309016779192,40.095800373287425,35.26654161453806,4.829258758749361,0.17154839772707997,62.85678611351451,22.760985740227085,0
Telangana,2027-04-15 18:00:00,9,Monsoon,0.552384401160054,14.586218045454158,29.72784224431312,22.25926204225048,7.46858020206264,0.11808354837997946,71.96422123420986,42.236378989896735,0
Maharashtra,2027-04-16 00:00:00,6,Normal,0.6905233396738178,12.048246088135198,46.503540452582435,46.638449797412505,0.13490934483007067,0.881127646499139,27.232517682976667,19.271022769605768,0
Telangana,2027-04-16 06:00:00,4,Normal,0.47393387802964293,3.445609760859277,64.08323585685407,78.53531378750736,14.452077930653289,0.06471621515810733,79.52023997793893,15.437004121084854,0
Coastal Andhra,2027-04-16 12:00:00,7,Normal,0.667912774154078,4.659699309982306,32.993887727837844,42.35313598238769,9.359248254549847,0.0965321011165838,68.26364270705109,35.269754979213246,1
Coastal Andhra,2027-04-16 18:00:00,5,Heavy Rain,0.4472698390495625,19.74351251800169,33.47908801449756,33.95757746033526,0.47848944583769537,0.6763660050568784,67.28208656720835,33.80299855271079,0
Maharashtra,2027-04-17 00:00:00,10,Normal,0.40571059395630293,20.177277415661393,64.299533194185,105.06268473415206,40.763151539967055,0.023944553107851707,55.7291055264036,8.570427667781402,0
Karnataka,2027-04-17 06:00:00,7,Normal,0.6710320658561322,1.249402309445252,64.41639877828096,109.87927116349472,45.46287238521376,0.02152256088924536,81.22597241378996,16.809573635508997,0
Rajasthan,2027-04-17 12:00:00,8,Normal,0.6319558702440903,13.681368551256977,49.42666595925256,54.962072642738384,5.535406683485824,0.15301266599473878,13.74987911664497,35.67678684260759,0
Karnataka,2027-04-17 18:00:00,8,Heat Wave,0.3641751587511547,7.601995028872043,38.626300207545135,38.0268240031021,0.599476204443036,0.6252046746442323,27.265411574304565,11.36088863324057,0
Odisha,2027-04-18 00:00:00,1,Normal,0.23441360528752608,11.462770789259157,88.64776420206438,81.18299498669647,7.464769215367909,0.11813671165239635,86.36931784270496,2.278446359359421,0
Karnataka,2027-04-18 06:00:00,8,Monsoon,0.43171902445432386,9.659553438773603,25.780401651738984,24.795635428027403,0.9847662237115813,0.5038376752149507,13.675330049257212,12.105071602481772,0
Tamil Nadu,2027-04-18 12:00:00,6,Normal,0.4736778752277183,9.545248254233279,64.83000447347891,89.06180235356236,24.231797880083448,0.03963253053756202,51.875188115505786,12.954816357973122,0
Karnataka,2027-04-18 18:00:00,4,Normal,0.6658159000821443,4.130173313052809,24.94522713316411,27.03938881882764,2.0941616856635292,0.32318931639332044,13.782460336900625,11.162766796263485,0
Tamil Nadu,2027-04-19 00:00:00,8,Heavy Rain,0.9230758872731774,16.73048892783286,45.689070493891265,55.629916297658866,9.940845803767601,0.09140061179325266,83.94052789423144,38.25145740034017,0
Maharashtra,2027-04-19 06:00:00,3,Heavy Rain,0.13256631777963263,5.27683697386094,15.758100520940001,18.491674328566116,2.733573807626115,0.26783989055135915,0.0,15.758100520940001,0
Coastal Andhra,2027-04-19 12:00:00,4,Heat Wave,0.3192949112876604,7.475970188226739,46.64009498175203,53.71056666636241,7.070471684610382,0.12390849495289159,34.90525701133161,11.734837970420422,0
West Bengal,2027-04-19 18:00:00,6,Heat Wave,0.27434434805160435,4.218511106588096,91.9282565353891,116.95724075069393,25.02898421530483,0.03841871014743665,99.70166252068363,7.773405985294531,0
Tamil Nadu,2027-04-20 00:00:00,7,Monsoon,0.5520649678244053,8.497357712667092,74.14786301030547,89.48837423354257,15.340511223237101,0.061197595738494724,50.67022201765325,23.47764099265222,0
Coastal Andhra,2027-04-20 06:00:00,4,Heavy Rain,0.48673072633884384,2.7983146608743765,8.58335185460379,9.60622081354765,1.0228689589438584,0.494347394861455,37.012909854392454,28.429557999788663,1
Rajasthan,2027-04-20 12:00:00,4,Heavy Rain,0.7561338614381696,5.499731679811926,89.6177796516128,130.9513991064497,41.33361945483691,0.023621887589055254,65.88602499061115,23.73175466100166,0
Odisha,2027-04-20 18:00:00,7,Normal,0.3181743212903775,16.668856273768444,29.078015951287387,19.487391563033285,9.590624388254103,0.09442313912190904,21.977387080772875,7.100628870514512,0
Rajasthan,2027-04-21 00:00:00,6,Heat Wave,0.6350485291747827,3.2417678447390847,58.216565347328135,62.336046266336055,4.11948091900792,0.19533230337613708,110.30842126252472,52.09185591519658,1
Maharashtra,2027-04-21 06:00:00,8,Heavy Rain,0.8954715372399634,13.578604605872581,41.80535585902821,36.29097585298342,5.514380006044789,0.15350654998205282,0.0,41.80535585902821,0
Karnataka,2027-04-21 12:00:00,1,Heavy Rain,0.9196099659264743,2.5591035115967466,27.382318746598795,33.677745490534605,6.29542674393581,0.13707217344499165,56.32243685114571,28.940118104546915,1
Karnataka,2027-04-21 18:00:00,10,Normal,0.962906144252528,4.995665412954597,53.97051172038754,31.920736152773337,22.049775567614205,0.043384370362592045,36.14570551048472,17.824806209902825,0
Telangana,2027-04-22 00:00:00,7,Normal,0.7959350368719897,5.062890956535405,28.18396333421061,29.826963577693032,1.6430002434824225,0.3783578917429073,0.0,28.18396333421061,1
Telangana,2027-04-22 06:00:00,7,Heat Wave,0.9153891156330235,15.633860412972712,66.62763998502699,74.6625396076778,8.034899622650812,0.11068191587795449,164.8235833966841,98.19594341165713,1
Telangana,2027-04-22 12:00:00,7,Normal,0.3110777847867468,20.305347272791696,27.852182044971066,36.36769771653164,8.515515671560571,0.10509151942114317,21.71435971382564,6.137822331145426,0
Rajasthan,2027-04-22 18:00:00,7,Normal,0.2778228499154293,6.51197779652513,25.533133399935274,22.834395005043746,2.698738394891528,0.27036245693427224,8.615093405647443,16.91803999428783,0
Tamil Nadu,2027-04-23 00:00:00,10,Normal,0.10583927540247381,2.778400092283289,67.64681809769337,114.83438708556007,47.1875689878667,0.020752240069462587,45.70508923933878,21.941728858354587,1
Odisha,2027-04-23 06:00:00,10,Monsoon,0.7361599216861885,5.708934262553776,145.45043928897633,124.1283443558482,21.322094933128128,0.04479866262533917,100.06928445901968,45.38115482995664,1
Telangana,2027-04-23 12:00:00,8,Normal,0.94372046903237,6.091095679804596,78.86678904671408,56.42496258728881,22.441826459425265,0.04265879204126305,52.59799810556524,26.268790941148836,0
Maharashtra,2027-04-23 18:00:00,9,Monsoon,0.2682418105375088,5.552070159018344,71.85269691043496,82.73464589551445,10.88194898507949,0.08416127701404283,81.24111450600458,9.38841759556962,0
Maharashtra,2027-04-24 00:00:00,9,Normal,0.673249217884191,7.606767056262114,42.98392164134894,41.613249007239965,1.3706726341089777,0.4218212104075906,30.406942028429075,12.576979612919867,0
Telangana,2027-04-24 06:00:00,2,Cyclonic,0.7718137832995998,4.220076869748665,64.08637158920742,93.58779457238914,29.501422983181726,0.03278535563902685,8.104000453687796,55.98237113551962,1
Karnataka,2027-04-24 12:00:00,7,Monsoon,0.9348528116332508,2.9283675467983916,32.92564324305191,19.83907149536232,13.08657174768959,0.0709895933454508,0.0,32.92564324305191,1
Telangana,2027-04-24 18:00:00,7,Normal,0.6821742016154995,1.4242025185714566,101.03875513607679,101.94019004446257,0.9014349083857809,0.5259186078838469,115.30853489386351,14.269779757786722,0
Odisha,2027-04-25 00:00:00,4,Heavy Rain,0.973264359473877,15.160381502474022,11.123710318880198,13.398831416645324,2.275121097765126,0.3053322213588923,0.0,11.123710318880198,0
Telangana,2027-04-25 06:00:00,9,Normal,0.41020582691129304,9.599775449570378,41.650447266337764,34.70929950589659,6.941147760441176,0.12592638119410138,7.441603161240408,34.208844105097356,1
Odisha,2027-04-25 12:00:00,8,Normal,0.41493568039426687,12.72248623902943,35.21046863229816,22.953787068909772,12.256681563388387,0.07543365926219031,57.5027651192839,22.29229648698574,0
Maharashtra,2027-04-25 18:00:00,1,Cyclonic,0.588711259012911,11.552323175201042,43.1807464785658,58.813871261876436,15.633124783310635,0.06012099428264864,43.7654833017859,0.5847368232200978,0
Telangana,2027-04-26 00:00:00,2,Normal,0.44515169300431645,8.015876097856209,26.499158267694337,20.938160235514765,5.5609980321795724,0.15241583598948263,30.602525190575367,4.10336692288103,0
Rajasthan,2027-04-26 06:00:00,2,Normal,0.10128315545877936,7.59226458166372,48.02677426306587,60.55981353429509,12.533039271229221,0.07389323122160488,38.77120686425197,9.255567398813895,0
West Bengal,2027-04-26 12:00:00,8,Normal,0.7585948225782886,26.263073011305927,25.90160919734618,19.917487732429404,5.984121464916775,0.14318193133141854,40.747717335195404,14.846108137849225,0
Rajasthan,2027-04-26 18:00:00,1,Normal,0.776545337330635,5.614981459507157,31.38249836073168,28.88056215626595,2.501936204465732,0.2855563155961499,41.21404182923062,9.831543468498936,0
Maharashtra,2027-04-27 00:00:00,4,Cyclonic,0.7722771442180935,8.64829936486736,59.571316921379676,70.84837838617595,11.277061464796276,0.08145271593430065,19.505093382019744,40.06622353935993,1
Odisha,2027-04-27 06:00:00,10,Normal,0.41051859994941997,6.028915737578036,174.7409988258224,190.20187211856154,15.460873292739137,0.06075011830879582,204.79857743763728,30.057578611814876,1
Rajasthan,2027-04-27 12:00:00,5,Heat Wave,0.5700605259800547,3.642800491444669,31.053429126556665,23.82214508123352,7.231284045323147,0.12148772834150709,27.00990577574402,4.043523350812645,0
Odisha,2027-04-27 18:00:00,9,Heat Wave,0.4239761663590025,33.80381071423632,53.96964846718821,61.128521868414694,7.1588734012264865,0.12256594149992259,86.76601118034169,32.796362713153485,0
Rajasthan,2027-04-28 00:00:00,7,Normal,0.1144327600275812,12.320015321885055,86.11146733383846,39.34622805196834,46.76523928187012,0.020935726797030034,64.2578618283539,21.853605505484566,0
Rajasthan,2027-04-28 06:00:00,8,Normal,0.6062040471442769,4.919927768210291,56.16695720444255,39.31248900937158,16.854468195070964,0.056008388996770415,70.67949104058584,14.512533836143298,0
Odisha,2027-04-28 12:00:00,9,Cyclonic,0.21138459947560995,4.073805595341796,37.85973172615814,54.3813802116691,16.52164848551096,0.057072255548724325,36.60701028321202,1.2527214429461182,0
Tamil Nadu,2027-04-28 18:00:00,7,Normal,0.17203719168229653,13.556165413692918,37.41070069755496,35.82357450174261,1.5871261958123455,0.38652927005209525,88.44250636444116,51.0318056668862,1
Rajasthan,2027-04-29 00:00:00,5,Normal,0.7799491618271085,17.55388257226259,90.0617096824967,106.22620211672726,16.164492434230567,0.05825980604038916,90.011806331965,0.049903350531693036,0
Telangana,2027-04-29 06:00:00,5,Normal,0.10855558217629507,3.202072634395328,8.270707370911952,9.695218107610463,1.4245107366985117,0.4124543500111339,10.46183259519169,2.191125224279739,0
West Bengal,2027-04-29 12:00:00,10,Heavy Rain,0.9631075992478535,7.353930122969383,47.74693089253783,43.63958796598215,4.107342926555681,0.1957965255868154,44.51687842683858,3.230052465699252,0
Maharashtra,2027-04-29 18:00:00,6,Monsoon,0.5637298277013192,8.615205665934129,34.30003778244201,35.30596643744805,1.0059286550060378,0.49852221688163184,0.0,34.30003778244201,1
Tamil Nadu,2027-04-30 00:00:00,5,Normal,0.9847147876355336,8.664951327743172,12.267346485600699,8.67089297129125,3.5964535143094487,0.2175590369590055,0.0,12.267346485600699,0
Odisha,2027-04-30 06:00:00,9,Normal,0.1521978152254376,9.964483558589281,44.692205190972594,46.14342393818689,1.4512187472142983,0.4079603263219391,35.86595609969449,8.8262490912781,0
Tamil Nadu,2027-04-30 12:00:00,3,Heat Wave,0.6251765939793219,6.79318946246701,27.913127443105672,24.490378728019422,3.42274871508625,0.22610373422051824,43.33637652373995,15.423249080634278,0
Coastal Andhra,2027-04-30 18:00:00,3,Monsoon,0.41439433237832013,7.803341126162993,19.344837254791756,29.460994705833553,10.116157451041797,0.08995914320251741,0.0,19.344837254791756,0
Coastal Andhra,2027-05-01 00:00:00,7,Heavy Rain,0.8591342435328572,8.139828412676831,96.57893647129367,79.64859820225189,16.930338269041783,0.0557713962221551,165.75731566001338,69.1783791887197,1
Rajasthan,2027-05-01 06:00:00,7,Monsoon,0.4251004617108577,3.032035603124946,22.07717476776002,24.91044906847053,2.83327430071051,0.26087358262221066,51.81049537899577,29.733320611235747,1
Rajasthan,2027-05-01 12:00:00,6,Normal,0.33443882115161416,25.855767617751816,17.971107764231363,16.742142884542908,1.228964879688455,0.4486387421859115,39.3328081358367,21.361700371605338,0
Telangana,2027-05-01 18:00:00,3,Monsoon,0.871797814389922,14.12424062778219,14.199779526046095,17.087392491042166,2.8876129649960713,0.25722725204488317,8.261727219450252,5.938052306595843,0
West Bengal,2027-05-02 00:00:00,7,Normal,0.4371877824879349,16.91014273140092,52.35861035844752,34.60165676460436,17.756953593843164,0.05331356155448627,51.21914373173819,1.1394666267093285,0
Maharashtra,2027-05-02 06:00:00,5,Normal,0.11514998787450532,10.258538660110714,56.2303557948169,54.374480766569874,1.855875028247027,0.3501553779871849,68.3098877779222,12.079531983105298,0
Tamil Nadu,2027-05-02 12:00:00,7,Monsoon,0.45126019075540036,34.47536436295047,143.97945703533878,165.3028870247792,21.323429989440427,0.04479598343413295,135.92902641423973,8.050430621099053,0
Coastal Andhra,2027-05-02 18:00:00,2,Normal,0.6890700421098477,0.4408028958056921,34.76386826433735,36.80870571216445,2.0448374478271063,0.3284247573589297,19.14080150858616,15.623066755751186,0
Rajasthan,2027-05-03 00:00:00,6,Heat Wave,0.3289235849257437,8.871522205794651,30.805961549248863,34.62400804058926,3.8180464913403966,0.20755299929075544,29.511623062195056,1.2943384870538068,0
Karnataka,2027-05-03 06:00:00,8,Normal,0.48878883318264155,3.959834702554998,17.463410656203248,13.843247381182755,3.6201632750204933,0.21644256717216653,44.97079292986257,27.50738227365932,1
Karnataka,2027-05-03 12:00:00,1,Heat Wave,0.151043624454003,9.403541702267217,58.34132600371654,53.286855400918604,5.0544706027979345,0.1651672071110351,59.590144316418474,1.2488183127019354,0
Maharashtra,2027-05-03 18:00:00,4,Heat Wave,0.6292835123625615,22.458587865649143,13.708105706885387,13.643478218968394,0.06462748791699369,0.9392956798030444,39.985948562702006,26.27784285581662,0
Tamil Nadu,2027-05-04 00:00:00,1,Normal,0.7806654314743544,13.342405641040262,27.625403936641856,33.01156021297399,5.386156276332134,0.15658871420139228,54.93975352316208,27.314349586520226,0
Rajasthan,2027-05-04 06:00:00,1,Monsoon,0.47198130526099924,8.199871528196404,50.42115875162285,68.02919149514759,17.60803274352474,0.053740232177309666,49.75389904990947,0.6672597017133768,0
Rajasthan,2027-05-04 12:00:00,10,Normal,0.4782093695213141,24.025685532734915,28.42146035882937,15.217271598333825,13.204188760495546,0.07040176787717602,59.85820525079987,31.4367448919705,0
Coastal Andhra,2027-05-04 18:00:00,8,Heat Wave,0.1794542487264248,15.833594796238025,27.833619155962346,25.610111246987042,2.2235079089753036,0.310221047454443,37.38868917202333,9.55507001606098,0
Coastal Andhra,2027-05-05 00:00:00,7,Heavy Rain,0.2817467780607843,12.374685312887554,24.289220201391068,20.28800275423951,4.001217447151557,0.1999513139684718,11.242773334837697,13.04644686655337,0
Rajasthan,2027-05-05 06:00:00,10,Monsoon,0.2392077728151214,12.136087193933282,100.06983101959327,80.72304182837743,19.346789191215834,0.04914780364617541,89.25461807221592,10.815212947377347,0
Odisha,2027-05-05 12:00:00,1,Heavy Rain,0.5335189917953842,15.194555009109724,26.741800145013073,28.524420663312053,1.7826205182989803,0.35937347310703416,0.0,26.741800145013073,0
Rajasthan,2027-05-05 18:00:00,2,Normal,0.5763299868556752,5.272134284169466,58.84284690943741,59.32192846271491,0.4790815532774957,0.6760952415261354,83.8824269263484,25.03958001691099,0
Maharashtra,2027-05-06 00:00:00,4,Normal,0.9540461181558341,4.7254135737124106,25.448254951589572,18.310373285882697,7.137881665706875,0.12288210139673218,29.90755192047499,4.459296968885418,0
Rajasthan,2027-05-06 06:00:00,1,Normal,0.16590835384951053,3.6160251982879115,30.523635540004648,21.588224756301443,8.935410783703205,0.10065009105011279,23.137738318649628,7.38589722135502,0
Telangana,2027-05-06 12:00:00,3,Monsoon,0.6398811758395424,5.468700393934859,43.46563892223712,48.484423081235434,5.018784158998315,0.16614651291406776,80.3921936130929,36.92655469085578,1
West Bengal,2027-05-06 18:00:00,8,Heavy Rain,0.5738486745954172,23.03218072547913,94.44686161563139,68.67340587899012,25.773455736641267,0.0373504268495095,102.18926294306394,7.742401327432546,0
Telangana,2027-05-07 00:00:00,8,Monsoon,0.5646097881422463,7.357090472213683,6.575924037232528,5.433723226613312,1.142200810619216,0.4668096450355389,0.19573552350348233,6.3801885137290455,0
Telangana,2027-05-07 06:00:00,8,Normal,0.8858433586445438,23.355783019609262,87.56936550956408,107.7850554170829,20.215689907518822,0.04713492723352828,127.3864784383715,39.81711292880742,0
Odisha,2027-05-07 12:00:00,6,Heavy Rain,0.28498462362593785,5.142756164028325,21.864718492486755,22.806936039821423,0.9422175473346677,0.5148753811705151,37.94536288622323,16.080644393736474,0
Odisha,2027-05-07 18:00:00,6,Normal,0.13669594690723433,18.03307305961732,47.28271859530638,65.5767433215335,18.29402472622712,0.05182951790461121,73.03869626454816,25.755977669241787,0
Karnataka,2027-05-08 00:00:00,5,Monsoon,0.7050443568707733,20.368854786185423,40.265222448438365,39.188308902575244,1.0769135458631212,0.4814836910240389,30.058201076766064,10.207021371672301,0
Rajasthan,2027-05-08 06:00:00,9,Heat Wave,0.4106417177223821,9.533540224661602,16.09683220311323,25.082544700199513,8.985712497086283,0.1001430794539487,91.669389158147,75.57255695503378,1
Telangana,2027-05-08 12:00:00,4,Normal,0.11583092459127214,7.268099682618514,28.018803161705087,26.731914742283024,1.2868884194220627,0.43727537885417156,37.98700915052146,9.968205988816372,0
Odisha,2027-05-08 18:00:00,10,Normal,0.32623660656137243,4.430098868043741,40.362971954692185,52.449686647423846,12.086714692731661,0.076413372147205,57.01127752566319,16.648305570971004,0
Coastal Andhra,2027-05-09 00:00:00,7,Normal,0.3783940967951307,16.57207551990259,14.939644386801112,11.8026483383036,3.1369960484975117,0.24172128478662275,0.0,14.939644386801112,0
Rajasthan,2027-05-09 06:00:00,1,Monsoon,0.6551545391058178,7.058667783877908,76.27852703196122,63.88010580894231,12.398421223018907,0.07463565918363342,106.51506480382179,30.23653777186057,1
Maharashtra,2027-05-09 12:00:00,9,Heavy Rain,0.25532721464434494,6.375090051855478,43.63409780479448,62.08859650470691,18.454498699912435,0.051401992692029684,4.152419034803444,39.481678769991035,1
West Bengal,2027-05-09 18:00:00,7,Monsoon,0.4717489131580582,11.104638750921783,28.8775708415831,23.85794631130715,5.0196245302759515,0.1661233179861067,5.8440576690970865,23.033513172486014,0
Tamil Nadu,2027-05-10 00:00:00,10,Normal,0.5342278999760492,13.378012506305026,33.53075345521581,31.708704632743963,1.8220488224718459,0.35435248038129097,2.0742347662246345,31.456518688991174,0
Rajasthan,2027-05-10 06:00:00,9,Monsoon,0.5133136522276819,4.232278925824015,75.98513087054262,63.42001201280287,12.565118857739748,0.07371848418633188,89.1787668215832,13.193635951040577,0
Tamil Nadu,2027-05-10 12:00:00,7,Monsoon,0.9765466900001035,11.072559301837238,87.14419136828178,111.6400039011752,24.495812532893424,0.0392221271124366,103.38627761526455,16.242086246982765,0
Telangana,2027-05-10 18:00:00,2,Normal,0.1409538140112665,20.431786743900474,23.081594144809905,16.103569111292583,6.978025033517323,0.12534430461157925,36.38646304299161,13.304868898181702,0
West Bengal,2027-05-11 00:00:00,6,Heavy Rain,0.9558713678071594,3.558566169946891,17.305259190112718,22.961909497650648,5.65665030753793,0.1502257071950451,0.0,17.305259190112718,0
Tamil Nadu,2027-05-11 06:00:00,10,Normal,0.62374349259463,16.818032775151806,63.78256138385286,67.68478905124533,3.9022276673924736,0.2039888939984516,75.34935523583603,11.56679385198317,0
Telangana,2027-05-11 12:00:00,4,Heavy Rain,0.8161549434728544,16.7203723873581,19.167449609369346,20.060926100944798,0.8934764915754521,0.528129081321711,48.7375191821954,29.570069572826053,0
Coastal Andhra,2027-05-11 18:00:00,3,Cyclonic,0.48735335621446785,17.711995972900095,56.31386817801663,55.50380676605623,0.8100614119603975,0.5524674430338494,69.07916987299906,12.765301694982433,0
Tamil Nadu,2027-05-12 00:00:00,2,Normal,0.5084540931312824,13.780131432969,21.217171729412208,27.85170356329127,6.634531833879063,0.1309838012021106,14.539903318678672,6.677268410733536,0
West Bengal,2027-05-12 06:00:00,6,Monsoon,0.8913938491142412,13.278003941713056,21.10479007380497,19.948065789521927,1.1567242842830439,0.46366612890086145,67.64575950020873,46.540969426403755,1
Karnataka,2027-05-12 12:00:00,8,Heavy Rain,0.9063410466627119,16.434712141838045,12.184474352551158,10.018714005958982,2.165760346592176,0.31587988050847343,56.256051776658225,44.07157742410707,0
Rajasthan,2027-05-12 18:00:00,6,Normal,0.3148199932881679,11.059612389678506,122.22784052065414,138.13077736806326,15.902936847409123,0.059161316700611095,94.81426710798553,27.41357341266861,0
Telangana,2027-05-13 00:00:00,9,Heavy Rain,0.27931769072615636,6.0081244897515775,87.47089630358138,85.602912108144,1.867984195437387,0.3486769563064113,115.21790504967574,27.74700874609435,1
Rajasthan,2027-05-13 06:00:00,5,Heavy Rain,0.546611656482956,5.89654519251334,34.549459750379576,51.48569727099673,16.936237520617155,0.05575305293825032,0.0,34.549459750379576,1
West Bengal,2027-05-13 12:00:00,2,Normal,0.9102493244149225,7.986939535307831,48.88209164062352,60.025130682018705,11.143039041395184,0.08235170755780624,59.381221255430575,10.499129614807053,0
Odisha,2027-05-13 18:00:00,8,Normal,0.3901195840655587,14.440336876160107,47.96123321869673,52.12003092528811,4.158797706591386,0.19384361567857214,83.07437961282572,35.113146394129,0
Telangana,2027-05-14 00:00:00,9,Normal,0.6868131538052181,8.168323671064117,123.45539230634702,167.71851565860217,44.26312335225515,0.022093040116070047,85.32558272373763,38.1298095826094,1
Tamil Nadu,2027-05-14 06:00:00,10,Normal,0.737336518966541,7.192350132356619,54.53082725009167,34.75166791590764,19.77915933418403,0.048125142308086004,3.1423356139612295,51.38849163613044,1
Telangana,2027-05-14 12:00:00,4,Normal,0.8008071984047402,17.605167972537394,71.58636382407624,81.62750024410472,10.04113642002848,0.09057038713750633,86.92595622186563,15.339592397789389,0
Rajasthan,2027-05-14 18:00:00,6,Normal,0.6075320121288669,9.745984659402351,96.23816710275943,98.69387645585107,2.4557093530916347,0.2893761881639017,70.92698201626757,25.31118508649186,0
Coastal Andhra,2027-05-15 00:00:00,10,Normal,0.4622096604510727,2.629149067140981,22.674479495720455,21.521591903814944,1.152887591905511,0.46449243507177473,20.214257581191074,2.460221914529381,0
Telangana,2027-05-15 06:00:00,8,Heat Wave,0.9703143899190756,3.620607201235233,25.419331057909925,23.633887995763974,1.7854430621459514,0.35900931294915195,20.222998751276155,5.196332306633771,0
Tamil Nadu,2027-05-15 12:00:00,9,Normal,0.6501976779725674,3.2297519467554703,87.26115167476712,111.54703749434942,24.285885819582305,0.03954775431381422,79.44113477447675,7.820016900290369,0
Odisha,2027-05-15 18:00:00,5,Monsoon,0.7557086904699437,8.32542824599049,33.71908527001039,18.026429300706564,15.692655969303825,0.05990658417922846,33.12218296798663,0.5969023020237572,0
Karnataka,2027-05-16 00:00:00,6,Heavy Rain,0.4104845611262905,3.749331070358348,20.376167193927657,22.783107730459264,2.4069405365316072,0.29351847773017997,17.825247015012994,2.5509201789146623,0
Maharashtra,2027-05-16 06:00:00,4,Monsoon,0.7029542629027721,7.260970589038331,46.17203938093827,29.660486404524,16.511552976414272,0.05710515802606809,46.01360600568913,0.15843337524914602,0
Coastal Andhra,2027-05-16 12:00:00,5,Normal,0.33201789594771336,5.611178295236357,85.58711196171218,80.35340480475338,5.2337071569588005,0.16041818693450843,94.9703230431119,9.383211081399722,0
Karnataka,2027-05-16 18:00:00,7,Heat Wave,0.3205872257757726,2.1687836777469824,131.3151771415403,129.6636286723389,1.6515484692014013,0.3771381182035047,146.1207747051098,14.805597563569506,0
Odisha,2027-05-17 00:00:00,9,Heavy Rain,0.7432499816284838,3.5470841796965384,108.65894612336646,152.56997220825718,43.91102608489072,0.02226624700379373,150.80026841953492,42.141322296168454,1
Telangana,2027-05-17 06:00:00,10,Monsoon,0.5692552626366416,23.960070582092882,5.075588789998452,4.3985597400995395,0.6770290498989127,0.5962925925822679,92.84458521094264,87.76899642094419,1
Rajasthan,2027-05-17 12:00:00,6,Normal,0.7149489493801507,6.547391278155084,34.45968522822271,34.927933160827465,0.46824793260475417,0.6810838808578766,36.54718138696841,2.087496158745701,0
West Bengal,2027-05-17 18:00:00,6,Normal,0.34249464167328253,6.210817911000014,16.56215969926986,11.474257192233466,5.087902507036393,0.16426018630295094,31.91540024024769,15.35324054097783,0
Rajasthan,2027-05-18 00:00:00,8,Monsoon,0.6388510069510573,5.9679245711043,23.509472213490046,26.482376667115044,2.9729044536249987,0.2517050212691548,75.98900012676695,52.47952791327691,1
Karnataka,2027-05-18 06:00:00,4,Normal,0.4995402847328013,10.207800278246511,47.26595809569082,31.537877691138693,15.728080404552127,0.05977972222849163,62.968938383654795,15.702980287963975,0
Tamil Nadu,2027-05-18 12:00:00,3,Heavy Rain,0.6372642581609751,8.522614559745103,47.07719361936861,26.14955700212332,20.927636617245287,0.04560454997751725,60.76853118131436,13.691337561945751,0
Rajasthan,2027-05-18 18:00:00,7,Normal,0.36179175901979743,27.549350428810115,5.239485892601032,3.2629875473802716,1.9764983452207607,0.33596524641300685,22.06470397386726,16.82521808126623,0
Coastal Andhra,2027-05-19 00:00:00,5,Heavy Rain,0.7439058672842115,18.359458532642307,23.602885497930764,21.928149638781598,1.6747358591491661,0.37386869308212745,0.0,23.602885497930764,0
Rajasthan,2027-05-19 06:00:00,2,Heat Wave,0.8253364295435189,26.97795576411371,113.24385848538188,106.62364473103712,6.620213754344761,0.13122991457160077,133.52281518380562,20.27895669842374,0
Tamil Nadu,2027-05-19 12:00:00,2,Heavy Rain,0.3339248264719513,14.267696982741725,13.710770661947835,17.600224185152257,3.8894535232044216,0.20452183362704832,0.0,13.710770661947835,0
Maharashtra,2027-05-19 18:00:00,6,Monsoon,0.3705585038700778,13.06458919783398,85.79584038320066,118.444575698534,32.64873531533334,0.029718798957187303,107.25794591126565,21.462105528064995,0
Telangana,2027-05-20 00:00:00,8,Heavy Rain,0.6950388427471836,3.420382538696467,29.16232466041339,40.084131685032055,10.921807024618666,0.0838799015900013,12.927056137819076,16.235268522594314,0
West Bengal,2027-05-20 06:00:00,1,Heavy Rain,0.7260266568731898,2.5873523841650874,41.74970298847285,53.76034561151482,12.010642623041974,0.07686015433465142,60.669059371259046,18.919356382786198,0
Karnataka,2027-05-20 12:00:00,6,Heat Wave,0.733689715957705,2.2828511955912685,92.70574368474995,140.8067874945849,48.10104380983496,0.020366165816615482,49.58500344091416,43.12074024383579,1
Telangana,2027-05-20 18:00:00,2,Cyclonic,0.7144286542982531,7.541412389371032,35.716479835065016,39.782455266888604,4.065975431823588,0.19739535129171207,0.0,35.716479835065016,1
Rajasthan,2027-05-21 00:00:00,2,Monsoon,0.453526945257285,15.983735868456472,117.58949841449419,131.40446829319612,13.81496987870193,0.06749929349755916,99.64853462978581,17.940963784708373,0
Odisha,2027-05-21 06:00:00,7,Normal,0.45536830696331054,5.065806824841839,13.301860252612519,19.37758134753188,6.075721094919361,0.14132835178000985,0.0,13.301860252612519,0
Telangana,2027-05-21 12:00:00,10,Heavy Rain,0.3293358612799433,4.1224095690051605,75.17583113817179,54.23289155885923,20.942939579312558,0.04557274545579953,47.143483200490984,28.032347937680804,1
Maharashtra,2027-05-21 18:00:00,1,Normal,0.2411503299067267,15.101511074305654,69.27960491294826,85.55736049283489,16.27775557988663,0.05787788786433114,63.16476680311705,6.1148381098312115,0
Rajasthan,2027-05-22 00:00:00,6,Normal,0.7233196414572151,4.15916265442728,109.53076335841304,108.23929066466233,1.2914726937507055,0.43640057449831093,139.0178628898643,29.48709953145125,1
West Bengal,2027-05-22 06:00:00,7,Heavy Rain,0.18386990737508158,23.06190352225363,61.82985594876422,82.43758440883335,20.607728460069126,0.04627973744894057,148.37843445981548,86.54857851105126,1
Tamil Nadu,2027-05-22 12:00:00,8,Monsoon,0.9440130581081034,3.6766602685243783,38.31076807316076,49.629574579651624,11.318806506490866,0.08117669511840234,84.02529703300246,45.7145289598417,1
Maharashtra,2027-05-22 18:00:00,7,Cyclonic,0.8440176733043062,15.936348494734418,22.32170592802936,21.404621288071837,0.9170846399575225,0.5216253780126042,110.04008444183319,87.71837851380383,1
Rajasthan,2027-05-23 00:00:00,6,Normal,0.8717551659615305,10.383229187183789,33.59316048727575,23.47508041802994,10.118080069245813,0.08994358682180585,54.91340518711279,21.320244699837033,0
Maharashtra,2027-05-23 06:00:00,9,Normal,0.9160019331536712,0.7981317514052468,11.9613228284435,15.996879500107122,4.035556671663622,0.19858777593096275,0.0,11.9613228284435,0
Telangana,2027-05-23 12:00:00,3,Cyclonic,0.4677444736509161,4.477810361273734,72.67032786163954,64.07466316179702,8.595664699842516,0.1042137289370284,98.69486798455947,26.02454012291993,1
West Bengal,2027-05-23 18:00:00,6,Normal,0.8620306510153609,16.563506071535123,41.55266774036734,42.81044207686735,1.2577743365000131,0.4429140609110623,55.25281269327192,13.70014495290458,0
Tamil Nadu,2027-05-24 00:00:00,4,Heavy Rain,0.24225517026248441,2.232612585739299,37.59764746043257,27.08050843864015,10.51713902179242,0.08682711896659638,36.64047883723283,0.9571686231997418,0
Rajasthan,2027-05-24 06:00:00,2,Normal,0.11947761514741212,6.260873458568511,31.84112800684121,28.970625240687262,2.8705027661539475,0.25836436773656746,30.959597851762215,0.8815301550789947,0
Coastal Andhra,2027-05-24 12:00:00,1,Normal,0.8064022551974651,2.3325988496530154,66.81684029950655,83.79352210842754,16.976681808920986,0.05562761863558973,75.32883932635346,8.511999026846908,0
Karnataka,2027-05-24 18:00:00,1,Heat Wave,0.16731698319724536,7.570011481650306,37.41447505137641,41.0171603620094,3.6026853106329924,0.2172644733477278,24.16212329530343,13.252351756072976,0
Tamil Nadu,2027-05-25 00:00:00,10,Normal,0.9896722005933294,11.201248474129926,44.45644344542593,36.106571076867155,8.349872368558778,0.10695333161581365,43.61550112096191,0.8409423244640237,0
Coastal Andhra,2027-05-25 06:00:00,3,Normal,0.7073167866414003,9.249128831020858,43.917931920062,23.29017874323488,20.627753176827124,0.04623688793856968,40.56831645732835,3.3496154627336523,0
Maharashtra,2027-05-25 12:00:00,4,Normal,0.7781047392178949,9.832531456240778,61.29675288628945,71.84271957339875,10.545966687109306,0.08661033130439111,6.2059898217188305,55.090763064570616,1
Odisha,2027-05-25 18:00:00,2,Heat Wave,0.3212234706500794,9.21286352479171,58.376488409010925,52.316191960253185,6.0602964487577395,0.14163711216063032,30.317685250872504,28.05880315813842,0
Tamil Nadu,2027-05-26 00:00:00,1,Cyclonic,0.7064788545277193,7.025234993732859,92.57660377316591,96.623829601407,4.047225828241082,0.19812864215518805,92.07330883039226,0.5032949427736497,0
Maharashtra,2027-05-26 06:00:00,4,Normal,0.1388979435294615,14.734751000981658,85.34127420606592,82.42114099519891,2.9201332108670073,0.25509337214049216,76.03235523738817,9.308918968677744,0
Coastal Andhra,2027-05-26 12:00:00,7,Normal,0.8540431479312408,2.168054480849776,31.487818110953384,28.13926995923245,3.3485481517209337,0.2299618091165096,53.45959446452122,21.971776353567833,1
Telangana,2027-05-26 18:00:00,10,Heavy Rain,0.25266168372841524,22.225701665105962,128.2342898413384,148.10784949196216,19.873559650623747,0.04790749717526583,219.31970884975044,91.08541900841203,1
Telangana,2027-05-27 00:00:00,6,Normal,0.7276222601503934,9.520079264575546,57.86735391793126,45.30470176389683,12.562652154034431,0.0737318917157758,41.17356655574315,16.69378736218811,0
Odisha,2027-05-27 06:00:00,6,Monsoon,0.30203245110945554,2.4620963298054837,145.26057157066026,150.69371677027704,5.433145199616774,0.15544496027535187,167.05232204096066,21.7917504703004,1
Karnataka,2027-05-27 12:00:00,9,Normal,0.16160785248343848,20.266419171657798,52.88559806824758,58.36868514218889,5.483087073941306,0.15424750409715898,37.32430629543023,15.561291772817349,0
Tamil Nadu,2027-05-27 18:00:00,2,Normal,0.5333443106944549,7.210474523546896,33.68156308403854,45.02826860858481,11.346705524546273,0.08099326561339923,1.4543615885641188,32.22720149547442,1
Tamil Nadu,2027-05-28 00:00:00,4,Monsoon,0.25235758924551055,5.503526623265137,28.59688629035333,28.96986968738116,0.3729833970278307,0.7283409268930364,62.20475329178264,33.60786700142931,1
Tamil Nadu,2027-05-28 06:00:00,5,Normal,0.7564995894938948,2.5211396649138966,11.069001154848849,7.770769068510906,3.2982320863379426,0.23265379344650314,56.28413613437274,45.21513497952389,1
Karnataka,2027-05-28 12:00:00,1,Cyclonic,0.31380925904513635,5.008281944787722,49.91134620993098,58.33141942850978,8.4200732185788,0.10615628740844005,65.16554504703099,15.254198837100006,0
Maharashtra,2027-05-28 18:00:00,8,Normal,0.40822530061224593,15.245581955677995,51.698041594906215,40.21984500319212,11.478196591714095,0.08013978563729558,30.21194252343854,21.486099071467674,0
West Bengal,2027-05-29 00:00:00,8,Normal,0.6106953261380256,3.936733420693335,42.0477145413098,35.003695346830085,7.044019194479716,0.12431596392587668,12.919760464121673,29.12795407718813,1
West Bengal,2027-05-29 06:00:00,6,Heat Wave,0.35647144981958045,15.453092659039388,54.98792782210269,48.11622855256547,6.871699269537224,0.12703737347664068,32.664137314971654,22.323790507131037,0
Odisha,2027-05-29 12:00:00,5,Normal,0.44018930458896555,6.303197178685258,15.240206108576988,14.53622063554485,0.7039854730321373,0.5868594631975128,10.077890901041824,5.162315207535164,0
Tamil Nadu,2027-05-29 18:00:00,8,Monsoon,0.834059593936348,3.478910214308339,39.65360511401237,52.46968576557678,12.816080651564405,0.07237942693152774,39.0897404721507,0.5638646418616702,0
Maharashtra,2027-05-30 00:00:00,3,Normal,0.2612888646049232,5.23361919362964,18.439629604065907,21.445086035435924,3.0054564313700176,0.24965943760321022,16.924006995632347,1.51562260843356,0
Telangana,2027-05-30 06:00:00,3,Heavy Rain,0.17398143053374032,11.736511152618212,56.07976968052597,40.65764324491096,15.422126435615013,0.06089345395802573,32.118005815259146,23.961763865266825,0
Coastal Andhra,2027-05-30 12:00:00,2,Monsoon,0.39552200661971737,9.820908840711946,47.53692941286762,65.51341028160573,17.976480868738108,0.05269680964121235,59.811014498807474,12.274085085939852,0
Maharashtra,2027-05-30 18:00:00,5,Normal,0.4819390903124904,23.9335950586258,84.84376897645683,107.35050092661682,22.50673195015999,0.04254100493936138,83.70894100100517,1.1348279754516568,0
Karnataka,2027-05-31 00:00:00,3,Monsoon,0.5883933539229109,6.565124996571198,34.39906675927291,37.98167661189284,3.5826098526199246,0.21821626369268374,59.68022907740643,25.281162318133518,0
West Bengal,2027-05-31 06:00:00,3,Heavy Rain,0.4351813265575063,15.776907577759092,84.51472418952875,35.55086574027605,48.9638584492527,0.020014467077551272,74.65278655859606,9.861937630932687,0
West Bengal,2027-05-31 12:00:00,6,Normal,0.8109205302005246,7.5358699765897335,39.445598135123596,31.121780031562746,8.32381810356085,0.1072521995702695,38.999490659770395,0.4461074753532017,0
Telangana,2027-05-31 18:00:00,8,Heavy Rain,0.13538753890162594,4.252585587322105,66.14736826137799,66.2968355456053,0.14946728422731326,0.8699682137297304,1.871458218449746,64.27591004292825,1
Telangana,2027-06-01 00:00:00,2,Heavy Rain,0.4885907843787022,2.930359635643715,24.395759454972726,34.49210431091214,10.096344855939414,0.090119765831245,49.90285625445951,25.50709679948678,1
Karnataka,2027-06-01 06:00:00,4,Normal,0.4440303231907642,6.636686848022584,44.000442385011034,58.58074324595822,14.580300860947183,0.0641836129433515,28.39498005189364,15.605462333117394,0
Coastal Andhra,2027-06-01 12:00:00,7,Normal,0.6828206417261731,8.275011989656221,40.93869832888453,31.057826164414113,9.880872164470414,0.09190439744943656,53.660051117004684,12.721352788120157,0
Telangana,2027-06-01 18:00:00,1,Normal,0.9696486267076564,19.835819138019094,87.9550485569486,51.008077852435584,36.946970704513014,0.02635256468261564,67.30038095216834,20.654667604780258,0
Odisha,2027-06-02 00:00:00,1,Normal,0.559337865965976,23.749670127660632,40.86312556799453,38.99962692124038,1.8634986467541523,0.34922314390947073,24.32337292998749,16.53975263800704,0
Coastal Andhra,2027-06-02 06:00:00,10,Monsoon,0.9881891622475485,23.705872972607324,41.16553770135836,42.610266318655356,1.4447286172969953,0.40904335676556447,56.481302153743,15.315764452384641,0
Telangana,2027-06-02 12:00:00,7,Heavy Rain,0.3720244554218778,4.665275038612803,138.7289215051989,95.68081922214736,43.04810228305155,0.022702453639751274,166.59665213275758,27.86773062755867,1
Rajasthan,2027-06-02 18:00:00,7,Heat Wave,0.12778131928821493,3.879859506064917,73.04621120098463,57.14209997932023,15.904111221664401,0.05915720660417772,93.29831046739464,20.252099266410013,0
Maharashtra,2027-06-03 00:00:00,1,Normal,0.24909685072877147,5.02240141854781,35.408675336299275,54.14113553117668,18.732460194877405,0.05067791801549421,34.462357372714,0.9463179635852725,0
Telangana,2027-06-03 06:00:00,1,Normal,0.4556123962971106,7.370101583692606,61.96612123562253,56.17194201218419,5.794179223438341,0.14718481322221116,71.11324686570777,9.147125630085235,0
Odisha,2027-06-03 12:00:00,4,Monsoon,0.384700518269697,1.6803770063379804,77.55314017361019,71.72063794388276,5.8325022297274245,0.14635926434814994,81.58044529592149,4.027305122311304,0
Tamil Nadu,2027-06-03 18:00:00,5,Heavy Rain,0.18734871788503993,3.648280402862535,46.51183612560766,79.37600624621004,32.86417012060238,0.02952973589604126,70.10034685105808,23.58851072545042,1
